Failed to import torchada: No module named 'torchada'. MUSA platform compatibility will not work.
Failed to import mooncake: No module named 'mooncake'. MooncakeRelay will not work. Install with: pip install mooncake-transfer-engine
Failed to import nixl: No module named 'nixl'. NixlRelay will not work.
2026-09-16 00:54:41,083 [INFO] sglang_omni.pipeline.control_plane: Coordinator control plane started
2026-09-16 00:54:41,083 [INFO] sglang_omni.pipeline.coordinator: Coordinator started
2026-09-16 00:54:41,089 [INFO] sglang_omni.pipeline.stage_workers: StageGroup generation: spawned 1 process(es) (pids=[2587488])
Failed to import mooncake: No module named 'mooncake'. MooncakeRelay will not work. Install with: pip install mooncake-transfer-engine
Failed to import nixl: No module named 'nixl'. NixlRelay will not work.
Failed to import torchada: No module named 'torchada'. MUSA platform compatibility will not work.
2026-09-16 00:54:46,465 [INFO] stage_workers.generation: Set current device to 0 for stage generation
2026-09-16 00:54:46,465 [INFO] stage_workers.generation: Building scheduler for generation (tp_rank=0/1) ...
2026-09-16 00:54:46,469 [INFO] stage_workers.generation: Acquired GPU startup lock for stage generation: /tmp/sglang_omni_gpu_0_startup.lock
2026-09-16 00:54:53,898 [INFO] sglang.multimodal_gen.runtime.utils.hf_diffusers_utils: Diffusers version: 0.37.1
[09-16 00:54:54] Auto memory policy for Cosmos3Config: 78.7 GiB of free device memory selects layerwise offload for text_encoder, image_encoder, vae. Explicit placement flags always win, and the per-component lines below say where each one's weights landed -- see the model's cookbook page for what to expect from your memory budget.
[93m[09-16 00:54:54] Cosmos3Config keeps its DiT resident with 78.7 GiB of device memory available, below the 120.0 GiB this model declares as its threshold for keeping components resident. The DiT is not in the automatic layerwise selection because the model does not list 'auto' in dit_layerwise_offload_modes. If the DiT does not fit, pass --layerwise-offload-components dit,... explicitly, or add the mode to the model's deployment config.[0;0m
[09-16 00:54:54] Diffusers version: 0.37.1
[09-16 00:54:54] Automatically enabled CFG parallel at degree 2 for 2 GPUs because this model uses classifier-free guidance by default. A request that turns CFG off still runs, but it has one branch, so the other CFG rank(s) recompute it redundantly. Override with --cfg-parallel-size 1, --tp-size, or --sp-degree / --ulysses-degree.
[09-16 00:54:54] Proposed encoder parallel folding (mode=world) for ServerArgs (tp=1 sp=1 cfg=2 replica=2); the loader keeps it for encoders wide enough to benefit.
[09-16 00:54:54] Using layerwise offload components: text_encoder, image_encoder, vae, transformer. This reduces peak GPU memory and can increase latency; use --performance-mode speed for GPU-resident defaults when memory allows.
[09-16 00:54:54] server_args: {"model_path": "/mnt/localssd/models/Cosmos3-Super-fe77b66696d645f663b8f27e942b3b43e4629e23", "model_subfolder": null, "model_variant": null, "model_id": null, "served_model_name": "/mnt/localssd/models/Cosmos3-Super-fe77b66696d645f663b8f27e942b3b43e4629e23", "backend": "auto", "attention_backend": null, "enable_attention_backend_autotune": false, "attention_backend_config": {}, "component_attention_backends": {}, "cache_dit_config": null, "nccl_port": null, "enable_nccl_nvls": false, "trust_remote_code": false, "revision": null, "num_gpus": 2, "performance_mode": "auto", "base_gpu_id": 0, "gpu_ids": [0, 1], "nnodes": 1, "node_rank": 0, "dist_init_addr": null, "tp_size": 1, "sp_degree": 1, "ulysses_degree": 1, "ring_degree": 1, "kv_gather_degree": 1, "sp_split_auto": false, "dp_size": 1, "enable_cfg_parallel": true, "cfg_parallel_degree": 2, "encoder_parallel": "auto", "hsdp_replicate_dim": 1, "hsdp_shard_dim": 2, "dist_timeout": 3600, "scheduler_rpc_timeout": null, "pipeline_class_name": null, "lora_path": null, "lora_nickname": "default", "lora_scale": 1.0, "lora_alpha": null, "lora_merge_mode": "auto", "lora_weight_name": null, "component_paths": {}, "component_weights_paths": {}, "component_direct_gpu_weight_loading": {}, "component_quantizations": {}, "component_precisions": {}, "component_quantization_ignored_layers": {}, "load_diffusion_decoder": false, "transformer_weights_path": null, "minimax_h3_adaln_cache_path": null, "minimax_h3_adaln_online": false, "minimax_h3_adaln_plan_width": 4, "minimax_h3_adaln_host_cache_gb": 8.0, "quantization": null, "quantization_ignored_layers": null, "lora_target_modules": null, "component_residency": {"transformer": "layerwise-offload"}, "cpu_offload_components": null, "dit_cpu_offload": true, "direct_gpu_weight_loading": false, "dit_layerwise_offload": false, "layerwise_offload_components": ["text_encoder", "image_encoder", "vae"], "dit_offload_prefetch_size": 0.0, "dit_layerwise_resident_layers": 0.0, "dit_layerwise_residency_policy": "leading", "layerwise_prefetch_size": {}, "layerwise_resident_layers": {"transformer": 1}, "layerwise_residency_policy": {}, "offload_during_compile": true, "text_encoder_cpu_offload": false, "image_encoder_cpu_offload": false, "vae_cpu_offload": false, "use_fsdp_inference": true, "pin_cpu_memory": true, "ltx2_two_stage_device_mode": null, "comfyui_mode": false, "enable_torch_compile": false, "regional_compile": false, "enable_breakable_cuda_graph": false, "bcg_text_buckets": null, "enable_layerwise_nvtx_marker": false, "warmup_mode": "off", "warmup_resolutions": null, "warmup_num_frames": null, "warmup_steps": 1, "warmup_sampling_params": null, "disable_autocast": false, "master_port": 30005, "host": "127.0.0.1", "port": 30000, "webui": false, "webui_port": 12312, "scheduler_port": 5620, "scheduler_ports": [5620], "batching_mode": "dynamic", "batching_max_size": 1, "batching_delay_ms": 0.0, "batching_config": null, "enable_batching_metrics": false, "strict_ports": false, "output_path": "outputs/", "input_save_path": "inputs/uploads", "prompt_file_path": null, "model_paths": {}, "model_loaded": {"transformer": true, "vae": true, "video_vae": true, "audio_vae": true, "video_dit": true, "audio_dit": true, "dual_tower_bridge": true}, "boundary_ratio": null, "disagg_role": "monolithic", "disagg_timeout": 3600, "disagg_downstream_wait_timeout": 1800, "disagg_dispatch_policy": "round_robin", "disagg_mode": false, "disagg_instance_id": 0, "disagg_max_slots_per_instance": 8, "disagg_transfer_redundancy": 1.25, "disagg_role_device": "auto", "disagg_transfer_backend": "auto", "disagg_transfer_pool_size": 268435456, "disagg_transfer_pin_memory": "auto", "disagg_p2p_hostname": "127.0.0.1", "disagg_ib_device": null, "disagg_server_addr": null, "encoder_urls": null, "denoiser_urls": null, "decoder_urls": null, "encoder_tp": null, "denoiser_tp": null, "denoiser_sp": null, "denoiser_ulysses": null, "denoiser_ring": null, "decoder_sp": null, "pool_work_endpoint": null, "pool_result_endpoint": null, "pool_control_endpoint": null, "pool_control_advertised_endpoint": null, "log_level": "info", "log_requests": false, "log_requests_level": 2, "log_requests_format": "text", "log_requests_target": null, "uvicorn_access_log_exclude_prefixes": [], "enable_cache_report": false, "enable_trace": false, "otlp_traces_endpoint": "localhost:4317", "srt_encoder_url": null, "srt_encoder_connect_timeout": 3.05, "srt_encoder_timeout": 100, "pe_server_url": null}
[09-16 00:54:54] Local mode: True
[09-16 00:54:54] Starting server...
[09-16 00:55:06] Scheduler (dp replica 0) bind at endpoint: tcp://127.0.0.1:5620
[09-16 00:55:06] torch.compile cache: TORCHINDUCTOR_CACHE_DIR=/mnt/localssd/.cache/sgl_diffusion/torch_compile_cache/inductor TRITON_CACHE_DIR=/mnt/localssd/.cache/sgl_diffusion/torch_compile_cache/triton
[09-16 00:55:06] Initializing distributed environment with world_size=2, device=cuda:0, timeout=3600
[09-16 00:55:06] Setting distributed timeout to 3600 seconds
libfabric:2587797:1789545306::core:core:cuda_gdrcopy_hmem_init():192<warn> gdrcopy_dl_hmem_init failed!
libfabric:2587797:1789545306::core:core:fi_getinfo_():1392<warn> fi_getinfo: provider efa output empty list
libfabric:2587798:1789545306::core:core:cuda_gdrcopy_hmem_init():192<warn> gdrcopy_dl_hmem_init failed!
libfabric:2587798:1789545306::core:core:fi_getinfo_():1392<warn> fi_getinfo: provider efa output empty list
pluto-prod-yutengl-dev-202-3-0:2587798:2587798 [1] NCCL INFO ENV/Plugin: Could not find: libnccl-env.so
pluto-prod-yutengl-dev-202-3-0:2587798:2587798 [1] NCCL INFO cudaDriverVersion 13000
pluto-prod-yutengl-dev-202-3-0:2587798:2587798 [1] NCCL INFO Bootstrap: Using eth0:10.91.207.160<0>
pluto-prod-yutengl-dev-202-3-0:2587798:2587798 [1] NCCL INFO NCCL version 2.29.7+cuda13.2
pluto-prod-yutengl-dev-202-3-0:2587798:2587798 [1] NCCL INFO NCCL git version stable b81d6a5a3
pluto-prod-yutengl-dev-202-3-0:2587798:2587798 [1] NCCL INFO Comm config Blocking set to 1
pluto-prod-yutengl-dev-202-3-0:2587798:2587798 [1] NCCL INFO NET/Plugin: Loaded net plugin Libfabric (v10)
pluto-prod-yutengl-dev-202-3-0:2587798:2587798 [1] NCCL INFO Successfully loaded external network plugin /opt/aws-ofi-nccl/install/lib/libnccl-net.so
pluto-prod-yutengl-dev-202-3-0:2587798:2587798 [1] NCCL INFO NET/OFI Initializing aws-ofi-nccl 1.16.1
pluto-prod-yutengl-dev-202-3-0:2587798:2587798 [1] NCCL INFO NET/OFI Using Libfabric version 2.1
pluto-prod-yutengl-dev-202-3-0:2587798:2587798 [1] NCCL INFO NET/OFI Using CUDA driver version 13000 with runtime 12080
pluto-prod-yutengl-dev-202-3-0:2587798:2587798 [1] NCCL INFO NET/OFI Configuring AWS-specific options
pluto-prod-yutengl-dev-202-3-0:2587798:2587798 [1] NCCL INFO NET/OFI Internode latency set at 75.0 us
pluto-prod-yutengl-dev-202-3-0:2587798:2587798 [1] NCCL INFO NET/OFI Using transport protocol RDMA (platform set)
pluto-prod-yutengl-dev-202-3-0:2587798:2587798 [1] NCCL INFO NET/OFI No eligible providers were found

[2026-09-16 00:55:06] pluto-prod-yutengl-dev-202-3-0:2587798:2587798 [1] int nccl_net_ofi_create_plugin(nccl_net_ofi_plugin_t**):215 NCCL WARN NET/OFI Failed to initialize rdma protocol

[2026-09-16 00:55:06] pluto-prod-yutengl-dev-202-3-0:2587798:2587798 [1] int nccl_net_ofi_create_plugin(nccl_net_ofi_plugin_t**):352 NCCL WARN NET/OFI aws-ofi-nccl initialization failed

[2026-09-16 00:55:06] pluto-prod-yutengl-dev-202-3-0:2587798:2587798 [1] ncclResult_t nccl_net_ofi_init_v6(ncclDebugLogger_t):166 NCCL WARN NET/OFI Initializing plugin failed
pluto-prod-yutengl-dev-202-3-0:2587798:2587798 [1] NCCL INFO plugin/net/net_v10.cc:82 -> 2
pluto-prod-yutengl-dev-202-3-0:2587798:2587798 [1] NCCL INFO Failed to initialize NET plugin Libfabric
pluto-prod-yutengl-dev-202-3-0:2587798:2587798 [1] NCCL INFO NET/IB : No device found.
pluto-prod-yutengl-dev-202-3-0:2587798:2587798 [1] NCCL INFO NET/IB : Using [RO]; OOB eth0:10.91.207.160<0>
pluto-prod-yutengl-dev-202-3-0:2587798:2587798 [1] NCCL INFO Failed to initialize NET plugin IB
pluto-prod-yutengl-dev-202-3-0:2587798:2587798 [1] NCCL INFO NET/Socket : Using [0]eth0:10.91.207.160<0>
pluto-prod-yutengl-dev-202-3-0:2587798:2587798 [1] NCCL INFO Initialized NET plugin Socket
pluto-prod-yutengl-dev-202-3-0:2587798:2587798 [1] NCCL INFO Assigned NET plugin Socket to comm
pluto-prod-yutengl-dev-202-3-0:2587798:2587798 [1] NCCL INFO GIN/Plugin: Could not find: libnccl-gin.so
pluto-prod-yutengl-dev-202-3-0:2587798:2587798 [1] NCCL INFO Successfully loaded external gin plugin /opt/aws-ofi-nccl/install/lib/libnccl-net.so
pluto-prod-yutengl-dev-202-3-0:2587798:2587798 [1] NCCL INFO Failed to initialize any GIN plugin
pluto-prod-yutengl-dev-202-3-0:2587798:2587798 [1] NCCL INFO Using network Socket
pluto-prod-yutengl-dev-202-3-0:2587798:2587798 [1] NCCL INFO [Rank 1] ncclCommInitRankConfig comm 0x5652831d4fe0 rank 1 nranks 2 cudaDev 1 nvmlDev 1 busId 75000 commId 0x1c968a43959b3017 - Init START
pluto-prod-yutengl-dev-202-3-0:2587798:2587798 [1] NCCL INFO RAS client listening socket at ::1<28028>
pluto-prod-yutengl-dev-202-3-0:2587798:2587798 [1] NCCL INFO Bootstrap timings total 0.001121 (create 0.000060, send 0.000105, recv 0.000348, ring 0.000081, delay 0.000001)
pluto-prod-yutengl-dev-202-3-0:2587798:2587798 [1] NCCL INFO MNNVL busId 0x75000 fabric UUID 0.0 cliqueId 0x0 state 3 healthMask 0x0
pluto-prod-yutengl-dev-202-3-0:2587798:2587798 [1] NCCL INFO ncclTopoGetCpuAffinity: Affinity for GPU 1 is 0-47,96-143. (GPU affinity = 0-47,96-143 ; CPU affinity = 0-191pluto-prod-yutengl-dev-202-3-0:2587797:2587797 [0] NCCL INFO ENV/Plugin: Could not find: libnccl-env.so
pluto-prod-yutengl-dev-202-3-0:2587797:2587797 [0] NCCL INFO Bootstrap: Using eth0:10.91.207.160<0>
pluto-prod-yutengl-dev-202-3-0:2587797:2587797 [0] NCCL INFO cudaDriverVersion 13000
pluto-prod-yutengl-dev-202-3-0:2587797:2587797 [0] NCCL INFO NCCL version 2.29.7+cuda13.2
pluto-prod-yutengl-dev-202-3-0:2587797:2587797 [0] NCCL INFO NCCL git version stable b81d6a5a3
pluto-prod-yutengl-dev-202-3-0:2587797:2587797 [0] NCCL INFO Comm config Blocking set to 1
pluto-prod-yutengl-dev-202-3-0:2587797:2587797 [0] NCCL INFO NET/Plugin: Loaded net plugin Libfabric (v10)
pluto-prod-yutengl-dev-202-3-0:2587797:2587797 [0] NCCL INFO Successfully loaded external network plugin /opt/aws-ofi-nccl/install/lib/libnccl-net.so
pluto-prod-yutengl-dev-202-3-0:2587797:2587797 [0] NCCL INFO NET/OFI Initializing aws-ofi-nccl 1.16.1
pluto-prod-yutengl-dev-202-3-0:2587797:2587797 [0] NCCL INFO NET/OFI Using Libfabric version 2.1
pluto-prod-yutengl-dev-202-3-0:2587797:2587797 [0] NCCL INFO NET/OFI Using CUDA driver version 13000 with runtime 12080
pluto-prod-yutengl-dev-202-3-0:2587797:2587797 [0] NCCL INFO NET/OFI Configuring AWS-specific options
pluto-prod-yutengl-dev-202-3-0:2587797:2587797 [0] NCCL INFO NET/OFI Internode latency set at 75.0 us
pluto-prod-yutengl-dev-202-3-0:2587797:2587797 [0] NCCL INFO NET/OFI Using transport protocol RDMA (platform set)
pluto-prod-yutengl-dev-202-3-0:2587797:2587797 [0] NCCL INFO NET/OFI No eligible providers were found

[2026-09-16 00:55:06] pluto-prod-yutengl-dev-202-3-0:2587797:2587797 [0] int nccl_net_ofi_create_plugin(nccl_net_ofi_plugin_t**):215 NCCL WARN NET/OFI Failed to initialize rdma protocol

[2026-09-16 00:55:06] pluto-prod-yutengl-dev-202-3-0:2587797:2587797 [0] int nccl_net_ofi_create_plugin(nccl_net_ofi_plugin_t**):352 NCCL WARN NET/OFI aws-ofi-nccl initialization failed

[2026-09-16 00:55:06] pluto-prod-yutengl-dev-202-3-0:2587797:2587797 [0] ncclResult_t nccl_net_ofi_init_v6(ncclDebugLogger_t):166 NCCL WARN NET/OFI Initializing plugin failed
pluto-prod-yutengl-dev-202-3-0:2587797:2587797 [0] NCCL INFO plugin/net/net_v10.cc:82 -> 2
pluto-prod-yutengl-dev-202-3-0:2587797:2587797 [0] NCCL INFO Failed to initialize NET plugin Libfabric
pluto-prod-yutengl-dev-202-3-0:2587797:2587797 [0] NCCL INFO NET/IB : No device found.
pluto-prod-yutengl-dev-202-3-0:2587797:2587797 [0] NCCL INFO NET/IB : Using [RO]; OOB eth0:10.91.207.160<0>
pluto-prod-yutengl-dev-202-3-0:2587797:2587797 [0] NCCL INFO Failed to initialize NET plugin IB
pluto-prod-yutengl-dev-202-3-0:2587797:2587797 [0] NCCL INFO NET/Socket : Using [0]eth0:10.91.207.160<0>
pluto-prod-yutengl-dev-202-3-0:2587797:2587797 [0] NCCL INFO Initialized NET plugin Socket
pluto-prod-yutengl-dev-202-3-0:2587797:2587797 [0] NCCL INFO Assigned NET plugin Socket to comm
pluto-prod-yutengl-dev-202-3-0:2587797:2587797 [0] NCCL INFO GIN/Plugin: Could not find: libnccl-gin.so
pluto-prod-yutengl-dev-202-3-0:2587797:2587797 [0] NCCL INFO Successfully loaded external gin plugin /opt/aws-ofi-nccl/install/lib/libnccl-net.so
pluto-prod-yutengl-dev-202-3-0:2587797:2587797 [0] NCCL INFO Failed to initialize any GIN plugin
pluto-prod-yutengl-dev-202-3-0:2587797:2587797 [0] NCCL INFO Using network Socket
pluto-prod-yutengl-dev-202-3-0:2587797:2587797 [0] NCCL INFO [Rank 0] ncclCommInitRankConfig comm 0x560c2d4b2c20 rank 0 nranks 2 cudaDev 0 nvmlDev 0 busId 64000 commId 0x1c968a43959b3017 - Init START
pluto-prod-yutengl-dev-202-3-0:2587797:2587797 [0] NCCL INFO RAS client listening socket at ::1<28028>
pluto-prod-yutengl-dev-202-3-0:2587797:2587797 [0] NCCL INFO Bootstrap timings total 0.012888 (create 0.000071, send 0.000236, recv 0.011850, ring 0.000080, delay 0.000001)
pluto-prod-yutengl-dev-202-3-0:2587797:2587797 [0] NCCL INFO MNNVL busId 0x64000 fabric UUID 0.0 cliqueId 0x0 state 3 healthMask 0x0
pluto-prod-yutengl-dev-202-3-0:2587797:2587797 [0] NCCL INFO ncclTopoGetCpuAffinity: Affinity for GPU 0 is 0-47,96-143. (GPU affinity = 0-47,96-143 ; CPU affinity = 0-191).
pluto-prod-yutengl-dev-202-3-0:2587797:2587797 [0] NCCL INFO NVLS multicast support is available on dev 0 (NVLS_NCHANNELS 16)
pluto-prod-yutengl-dev-202-3-0:2587797:2587797 [0] NCCL INFO comm 0x560c2d4b2c20 rank 0 nRanks 2 nNodes 1 localRanks 2 localRank 0 MNNVL 0
pluto-prod-yutengl-dev-202-3-0:2587797:2587797 [0] NCCL INFO Channel 00/24 : 0 1
pluto-prod-yutengl-dev-202-3-0:2587797:2587797 [0] NCCL INFO Channel 01/24 : 0 1
pluto-prod-yutengl-dev-202-3-0:2587797:2587797 [0] NCCL INFO Channel 02/24 : 0 1
pluto-prod-yutengl-dev-202-3-0:2587797:2587797 [0] NCCL INFO Channel 03/24 : 0 1
pluto-prod-yutengl-dev-202-3-0:2587797:2587797 [0] NCCL INFO Channel 04/24 : 0 1
pluto-prod-yutengl-dev-202-3-0:2587797:2587797 [0] NCCL INFO Channel 05/24 : 0 1
pluto-prod-yutengl-dev-202-3-0:2587797:2587797 [0] NCCL INFO Channel 06/24 : 0 1
pluto-prod-yutengl-dev-202-3-0:2587797:2587797 [0] NCCL INFO Channel 07/24 : 0 1
pluto-prod-yutengl-dev-202-3-0:2587797:2587797 [0] NCCL INFO Channel 08/24 : 0 1
pluto-prod-yutengl-dev-202-3-0:2587797:2587797 [0] NCCL INFO Channel 09/24 : 0 1
pluto-prod-yutengl-dev-202-3-0:2587797:2587797 [0] NCCL INFO Channel 10/24 : 0 1
pluto-prod-yutengl-dev-202-3-0:2587797:2587797 [0] NCCL INFO Channel 11/24 : 0 1
pluto-prod-yutengl-dev-202-3-0:2587797:2587797 [0] NCCL INFO Channel 12/24 : 0 1
pluto-prod-yutengl-dev-202-3-0:2587797:2587797 [0] NCCL INFO Channel 13/24 : 0 1
pluto-prod-yutengl-dev-202-3-0:2587797:2587797 [0] NCCL INFO Channel 14/24 : 0 1
pluto-prod-yutengl-dev-202-3-0:2587797:2587797 [0] NCCL INFO Channel 15/24 : 0 1
pluto-prod-yutengl-dev-202-3-0:2587797:2587797 [0] NCCL INFO Channel 16/24 : 0 1
pluto-prod-yutengl-dev-202-3-0:2587797:2587797 [0] NCCL INFO Channel 17/24 : 0 1
pluto-prod-yutengl-dev-202-3-0:2587797:2587797 [0] NCCL INFO Channel 18/24 : 0 1
pluto-prod-yutengl-dev-202-3-0:2587797:2587797 [0] NCCL INFO Channel 19/24 : 0 1
pluto-prod-yutengl-dev-202-3-0:2587797:2587797 [0] NCCL INFO Channel 20/24 : 0 1
pluto-prod-yutengl-dev-202-3-0:2587797:2587797 [0] NCCL INFO Channel 21/24 : 0 1
pluto-prod-yutengl-dev-202-3-0:2587797:2587797 [0] NCCL INFO Channel 22/24 : 0 1
pluto-prod-yutengl-dev-202-3-0:2587797:2587797 [0] NCCL INFO Channel 23/24 : 0 1
pluto-prod-yutengl-dev-202-3-0:2587797:2587797 [0] NCCL INFO Trees [0] 1/-1/-1->0->-1 [1] 1/-1/-1->0->-1 [2] 1/-1/-1->0->-1 [3] 1/-1/-1->0->-1 [4] 1/-1/-1->0->-1 [5] 1/-1/-1->0->-1 [6] -1/-1/-1->0->1 [7] -1/-1/-1->0->1 [8] -1/-1/-1->0->1 [9] -1/-1/-1->0->1 [10] -1/-1/-1->0->1 [11] -1/-1/-1->0->1 [12] 1/-1/-1->0->-1 [13] 1/-1/-1->0->-1 [14] 1/-1/-1->0->-1 [15] 1/-1/-1->0->-1 [16] 1/-1/-1->0->-1 [17] 1/-1/-1->0->-1 [18] -1/-1/-1->0->1 [19] -1/-1/-1->0->1 [20] -1/-1/-1->0->1 [21] -1/-1/-1->0->1 [22] -1/-1/-1->0->1 [23] -1/-1/-1->0->1
pluto-prod-yutengl-dev-202-3-0:2587797:2587797 [0] NCCL INFO P2P Chunksize set to 524288
pluto-prod-yutengl-dev-202-3-0:2587797:2587797 [0] NCCL INFO PROFILER/Plugin: Could not find: libnccl-profiler.so
pluto-prod-yutengl-dev-202-3-0:2587797:2587797 [0] NCCL INFO Check P2P Type isAllDirectP2p 1 directMode 0 isAllCudaP2p 1
pluto-prod-yutengl-dev-202-3-0:2587797:2588345 [0] NCCL INFO [Proxy Service UDS] Device 0 CPU core 137
pluto-prod-yutengl-dev-202-3-0:2587797:2588343 [0] NCCL INFO [Proxy Service] Device 0 CPU core 121
pluto-prod-yutengl-dev-202-3-0:2587797:2587797 [0] NCCL INFO TUNER/Plugin: Could not find: libnccl-tuner.so
pluto-prod-yutengl-dev-202-3-0:2587797:2587797 [0] NCCL INFO TUNER/Plugin: Using nccl_ofi_tuner (v3)
pluto-prod-yutengl-dev-202-3-0:2587797:2587797 [0] NCCL INFO NET/OFI Region base Tuner is chosen for platform: p5.48xlarge
pluto-prod-yutengl-dev-202-3-0:2587797:2587797 [0] NCCL INFO NET/OFI Region Tuner init (platform 0): comm with 2 ranks and 1 nodes.
pluto-prod-yutengl-dev-202-3-0:2587797:2587797 [0] NCCL INFO NET/OFI Tuner init: comm with 2 ranks and 1 nodes.
pluto-prod-yutengl-dev-202-3-0:2587797:2587797 [0] NCCL INFO threadThresholds 8/8/64 | 16/8/64 | 512 | 512
pluto-prod-yutengl-dev-202-3-0:2587797:2587797 [0] NCCL INFO 24 coll channels, 24 collnet channels, 16 nvls channels, 32 p2p channels, 32 ).
pluto-prod-yutengl-dev-202-3-0:2587798:2587798 [1] NCCL INFO NVLS multicast support is available on dev 1 (NVLS_NCHANNELS 16)
pluto-prod-yutengl-dev-202-3-0:2587798:2587798 [1] NCCL INFO comm 0x5652831d4fe0 rank 1 nRanks 2 nNodes 1 localRanks 2 localRank 1 MNNVL 0
pluto-prod-yutengl-dev-202-3-0:2587798:2587798 [1] NCCL INFO Trees [0] -1/-1/-1->1->0 [1] -1/-1/-1->1->0 [2] -1/-1/-1->1->0 [3] -1/-1/-1->1->0 [4] -1/-1/-1->1->0 [5] -1/-1/-1->1->0 [6] 0/-1/-1->1->-1 [7] 0/-1/-1->1->-1 [8] 0/-1/-1->1->-1 [9] 0/-1/-1->1->-1 [10] 0/-1/-1->1->-1 [11] 0/-1/-1->1->-1 [12] -1/-1/-1->1->0 [13] -1/-1/-1->1->0 [14] -1/-1/-1->1->0 [15] -1/-1/-1->1->0 [16] -1/-1/-1->1->0 [17] -1/-1/-1->1->0 [18] 0/-1/-1->1->-1 [19] 0/-1/-1->1->-1 [20] 0/-1/-1->1->-1 [21] 0/-1/-1->1->-1 [22] 0/-1/-1->1->-1 [23] 0/-1/-1->1->-1
pluto-prod-yutengl-dev-202-3-0:2587798:2587798 [1] NCCL INFO P2P Chunksize set to 524288
pluto-prod-yutengl-dev-202-3-0:2587798:2587798 [1] NCCL INFO PROFILER/Plugin: Could not find: libnccl-profiler.so
pluto-prod-yutengl-dev-202-3-0:2587798:2587798 [1] NCCL INFO Check P2P Type isAllDirectP2p 1 directMode 0 isAllCudaP2p 1
pluto-prod-yutengl-dev-202-3-0:2587798:2588344 [0] NCCL INFO [Proxy Service] Device 1 CPU core 121
pluto-prod-yutengl-dev-202-3-0:2587798:2588346 [0] NCCL INFO [Proxy Service UDS] Device 1 CPU core 137
pluto-prod-yutengl-dev-202-3-0:2587798:2587798 [1] NCCL INFO TUNER/Plugin: Could not find: libnccl-tuner.so
pluto-prod-yutengl-dev-202-3-0:2587798:2587798 [1] NCCL INFO TUNER/Plugin: Using nccl_ofi_tuner (v3)
pluto-prod-yutengl-dev-202-3-0:2587798:2587798 [1] NCCL INFO NET/OFI Region base Tuner is chosen for platform: p5.48xlarge
pluto-prod-yutengl-dev-202-3-0:2587798:2587798 [1] NCCL INFO NET/OFI Region Tuner init (platform 0): comm with 2 ranks and 1 nodes.
pluto-prod-yutengl-dev-202-3-0:2587798:2587798 [1] NCCL INFO NET/OFI Tuner init: comm with 2 ranks and 1 nodes.
pluto-prod-yutengl-dev-202-3-0:2587798:2587798 [1] NCCL INFO threadThresholds 8/8/64 | 16/8/64 | 512 | 512
pluto-prod-yutengl-dev-202-3-0:2587798:2587798 [1] NCCL INFO 24 coll channels, 24 collnet channels, 16 nvls channels, 32 p2p channels, 32 p2p channels per peer
pluto-prod-yutengl-dev-202-3-0:2587798:2587798 [1] NCCL INFO Symmetric VA size=80GB
pluto-prod-yutengl-dev-202-3-0:2587798:2587798 [1] NCCL INFO ncclCommInitRankConfig comm 0x5652831d4fe0 rank 1 nranks 2 cudaDev 1 nvmlDev 1 busId 75000 commId 0x1c968a43959b3017 - Init COMPLETE
pluto-prod-yutengl-dev-202-3-0:2587798:2587798 [1] NCCL INFO Init timings - ncclCommInitRankConfig: rank 1 nranks 2 total 0.55 (kernels 0.34, alloc 0.08, bootstrap 0.00, allgathers 0.00, topo 0.02, graphs 0.00, connections 0.10, rest 0.01)
pluto-prod-yutengl-dev-202-3-0:2587798:2587798 [1] NCCL INFO Comm config Blocking set to 1
pluto-prod-yutengl-dev-202-3-0:2587798:2587798 [1] NCCL INFO Initialized NET plugin Socket
pluto-prod-yutengl-dev-202-3-0:2587798:2587798 [1] NCCL INFO Assigned NET plugin Socket to comm
pluto-prod-yutengl-dev-202-3-0:2587798:2587798 [1] NCCL INFO Failed to initialize any GIN plugin
pluto-prod-yutengl-dev-202-3-0:2587798:2587798 [1] NCCL INFO Using network Socket
pluto-prod-yutengl-dev-202-3-0:2587798:2587798 [1] NCCL INFO ncclCommSplit comm 0x56528b0140e0 rank 1 nranks 2 cudaDev 1 nvmlDev 1 busId 75000 parent 0x5652831d4fe0 childCount 1 color 2130503744 key 1- Init START
pluto-prod-yutengl-dev-202-3-0:2587798:2587798 [1] NCCL INFO MNNVL busId 0x75000 fabric UUID 0.0 cliqueId 0x0 state 3 healthMask 0x0
pluto-prod-yutengl-dev-202-3-0:2587798:2587798 [1] NCCL INFO ncclTopoGetCpuAffinity: Affinity for GPU 1 is 0-47,96-143. (GPU affinity = 0-47,96-143 ; CPU affinity = 0-47,96-143).
pluto-prod-yutengl-dev-202-3-0:2587798:2587798 [1] NCCL INFO NVLS multicast support is available on dev 1 (NVLS_NCHANNELS 16)
pluto-prod-yutengl-dev-202-3-0:2587798:2587798 [1] NCCL INFO comm 0x56528b0140e0 rank 1 nRanks 2 nNodes 1 localRanks 2 localRank 1 MNNVL 0
pluto-prod-yutengl-dev-202-3-0:2587798:2587798 [1] NCCL INFO Trees [0] -1/-1/-1->1->0 [1] -1/-1/-1->1->0 [2] -1/-1/-1->1->0 [3] -1/-1/-1->1->0 [4] -1/-1/-1->p2p channels per peer
pluto-prod-yutengl-dev-202-3-0:2587797:2587797 [0] NCCL INFO Symmetric VA size=80GB
pluto-prod-yutengl-dev-202-3-0:2587797:2587797 [0] NCCL INFO CC Off, workFifoBytes 1048576
pluto-prod-yutengl-dev-202-3-0:2587797:2587797 [0] NCCL INFO ncclCommInitRankConfig comm 0x560c2d4b2c20 rank 0 nranks 2 cudaDev 0 nvmlDev 0 busId 64000 commId 0x1c968a43959b3017 - Init COMPLETE
pluto-prod-yutengl-dev-202-3-0:2587797:2587797 [0] NCCL INFO Init timings - ncclCommInitRankConfig: rank 0 nranks 2 total 0.55 (kernels 0.34, alloc 0.07, bootstrap 0.01, allgathers 0.00, topo 0.02, graphs 0.00, connections 0.10, rest 0.01)
pluto-prod-yutengl-dev-202-3-0:2587797:2587797 [0] NCCL INFO Comm config Blocking set to 1
pluto-prod-yutengl-dev-202-3-0:2587797:2587797 [0] NCCL INFO Initialized NET plugin Socket
pluto-prod-yutengl-dev-202-3-0:2587797:2587797 [0] NCCL INFO Assigned NET plugin Socket to comm
pluto-prod-yutengl-dev-202-3-0:2587797:2587797 [0] NCCL INFO Failed to initialize any GIN plugin
pluto-prod-yutengl-dev-202-3-0:2587797:2587797 [0] NCCL INFO Using network Socket
pluto-prod-yutengl-dev-202-3-0:2587797:2587797 [0] NCCL INFO ncclCommSplit comm 0x560c352f2f30 rank 0 nranks 2 cudaDev 0 nvmlDev 0 busId 64000 parent 0x560c2d4b2c20 childCount 1 color 2130503744 key 0- Init START
pluto-prod-yutengl-dev-202-3-0:2587797:2587797 [0] NCCL INFO MNNVL busId 0x64000 fabric UUID 0.0 cliqueId 0x0 state 3 healthMask 0x0
pluto-prod-yutengl-dev-202-3-0:2587797:2587797 [0] NCCL INFO ncclTopoGetCpuAffinity: Affinity for GPU 0 is 0-47,96-143. (GPU affinity = 0-47,96-143 ; CPU affinity = 0-47,96-143).
pluto-prod-yutengl-dev-202-3-0:2587797:2587797 [0] NCCL INFO NVLS multicast support is available on dev 0 (NVLS_NCHANNELS 16)
pluto-prod-yutengl-dev-202-3-0:2587797:2587797 [0] NCCL INFO comm 0x560c352f2f30 rank 0 nRanks 2 nNodes 1 localRanks 2 localRank 0 MNNVL 0
pluto-prod-yutengl-dev-202-3-0:2587797:2587797 [0] NCCL INFO Channel 00/24 : 0 1
pluto-prod-yutengl-dev-202-3-0:2587797:2587797 [0] NCCL INFO Channel 01/24 : 0 1
pluto-prod-yutengl-dev-202-3-0:2587797:2587797 [0] NCCL INFO Channel 02/24 : 0 1
pluto-prod-yutengl-dev-202-3-0:2587797:2587797 [0] NCCL INFO Channel 03/24 : 0 1
pluto-prod-yutengl-dev-202-3-0:2587797:2587797 [0] NCCL INFO Channel 04/24 : 0 1
pluto-prod-yutengl-dev-202-3-0:2587797:2587797 [0] NCCL INFO Channel 05/24 : 0 1
pluto-prod-yutengl-dev-202-3-0:2587797:2587797 [0] NCCL INFO Channel 06/24 : 0 1
pluto-prod-yutengl-dev-202-3-0:2587797:2587797 [0] NCCL INFO Channel 07/24 : 0 1
pluto-prod-yutengl-dev-202-3-0:2587797:2587797 [0] NCCL INFO Channel 08/24 : 0 1
pluto-prod-yutengl-dev-202-3-0:2587797:2587797 [0] NCCL INFO Channel 09/24 : 0 1
pluto-prod-yutengl-dev-202-3-0:2587797:2587797 [0] NCCL INFO Channel 10/24 : 0 1
pluto-prod-yutengl-dev-202-3-0:2587797:2587797 [0] NCCL INFO Channel 11/24 : 0 1
pluto-prod-yutengl-dev-202-3-0:2587797:2587797 [0] NCCL INFO Channel 12/24 : 0 1
pluto-prod-yutengl-dev-202-3-0:2587797:2587797 [0] NCCL INFO Channel 13/24 : 0 1
pluto-prod-yutengl-dev-202-3-0:2587797:2587797 [0] NCCL INFO Channel 14/24 : 0 1
pluto-prod-yutengl-dev-202-3-0:2587797:2587797 [0] NCCL INFO Channel 15/24 : 0 1
pluto-prod-yutengl-dev-202-3-0:2587797:2587797 [0] NCCL INFO Channel 16/24 : 0 1
pluto-prod-yutengl-dev-202-3-0:2587797:2587797 [0] NCCL INFO Channel 17/24 : 0 1
pluto-prod-yutengl-dev-202-3-0:2587797:2587797 [0] NCCL INFO Channel 18/24 : 0 1
pluto-prod-yutengl-dev-202-3-0:2587797:2587797 [0] NCCL INFO Channel 19/24 : 0 1
pluto-prod-yutengl-dev-202-3-0:2587797:2587797 [0] NCCL INFO Channel 20/24 : 0 1
pluto-prod-yutengl-dev-202-3-0:2587797:2587797 [0] NCCL INFO Channel 21/24 : 0 1
pluto-prod-yutengl-dev-202-3-0:2587797:2587797 [0] NCCL INFO Channel 22/24 : 0 1
pluto-prod-yutengl-dev-202-3-0:2587797:2587797 [0] NCCL INFO Channel 23/24 : 0 1
pluto-prod-yutengl-dev-202-3-0:2587797:2587797 [0] NCCL INFO Trees [0] 1/-1/-1->0->-1 [1] 1/-1/-1->0->-1 [2] 1/-1/-1->0->-1 [3] 1/-1/-1->0->-1 [4] 1/-1/-1->0->-1 [5] 1/-1/-1->0->-1 [6] -1/-1/-1->0->1 [7] -1/-1/-1->0->1 [8] -1/-1/-1->0->1 [9] -1/-1/-1->0->1 [10] -1/-1/-1->0-[09-16 00:55:07] Found nccl from library libnccl.so.2
[09-16 00:55:07] sglang-diffusion is using nccl==2.29.7
>1 [11] -1/-1/-1->0->1 [12] 1/-1/-1->0->-1 [13] 1/-1/-1->0->-1 [14] 1/-1/-1->0->-1 [15] 1/-1/-1->0->-1 [16] 1/-1/-1->0->-1 [17] 1/-1/-1->0->-1 [18] -1/-1/-1->0->1 [19] -1/-1/-1->0->1 [20] -1/-1/-1->0->1 [21] -1/-1/-1->0->1 [22] -1/-1/-1->0->1 [23] -1/-1/-1->0->1
pluto-prod-yutengl-dev-202-3-0:2587797:2587797 [0] NCCL INFO P2P Chunksize set to 524288
pluto-prod-yutengl-dev-202-3-0:2587797:2587797 [0] NCCL INFO Check P2P Type isAllDirectP2p 1 directMode 0 isAllCudaP2p 1
pluto-prod-yutengl-dev-202-3-0:2587797:2588351 [0] NCCL INFO [Proxy Service] Device 0 CPU core 122
pluto-prod-yutengl-dev-202-3-0:2587797:2588353 [0] NCCL INFO [Proxy Service UDS] Device 0 CPU core 119
pluto-prod-yutengl-dev-202-3-0:2587797:2587797 [0] NCCL INFO NET/OFI Region base Tuner is chosen for platform: p5.48xlarge
pluto-prod-yutengl-dev-202-3-0:2587797:2587797 [0] NCCL INFO NET/OFI Region Tuner init (platform 0): comm with 2 ranks and 1 nodes.
pluto-prod-yutengl-dev-202-3-0:2587797:2587797 [0] NCCL INFO NET/OFI Tuner init: comm with 2 ranks and 1 nodes.
pluto-prod-yutengl-dev-202-3-0:2587797:2587797 [0] NCCL INFO threadThresholds 8/8/64 | 16/8/64 | 512 | 512
pluto-prod-yutengl-dev-202-3-0:2587797:2587797 [0] NCCL INFO 24 coll channels, 24 collnet channels, 16 nvls channels, 32 p2p channels, 32 p2p channels per peer
pluto-prod-yutengl-dev-202-3-0:2587797:2587797 [0] NCCL INFO Symmetric VA size=80GB
pluto-prod-yutengl-dev-202-3-0:2587797:2587797 [0] NCCL INFO CC Off, workFifoBytes 1048576
pluto-prod-yutengl-dev-202-3-0:2587797:2587797 [0] NCCL INFO ncclCommSplit comm 0x560c352f2f30 rank 0 nranks 2 cudaDev 0 nvmlDev 0 busId 64000 parent 0x560c2d4b2c20 childCount 1 color 2130503744 key 0 - Init COMPLETE
pluto-prod-yutengl-dev-202-3-0:2587797:2587797 [0] NCCL INFO Init timings - ncclCommSplit: rank 0 nranks 2 total 0.11 (kernels 0.00, alloc 0.00, bootstrap 0.00, allgathers 0.00, topo 0.02, graphs 0.00, connections 0.08, rest 0.01)
pluto-prod-yutengl-dev-202-3-0:2587797:2587797 [0] NCCL INFO Initialized NET plugin Socket
pluto-prod-yutengl-dev-202-3-0:2587797:2587797 [0] NCCL INFO Assigned NET plugin Socket to comm
pluto-prod-yutengl-dev-202-3-0:2587797:2587797 [0] NCCL INFO Failed to initialize any GIN plugin
pluto-prod-yutengl-dev-202-3-0:2587797:2587797 [0] NCCL INFO Using network Socket
pluto-prod-yutengl-dev-202-3-0:2587797:2587797 [0] NCCL INFO [Rank 0] ncclCommInitRank comm 0x560c3569fa30 rank 0 nranks 2 cudaDev 0 nvmlDev 0 busId 64000 commId 0xa03b5df30b89fc75 - Init START
pluto-prod-yutengl-dev-202-3-0:2587797:2587797 [0] NCCL INFO Bootstrap timings total 0.000783 (create 0.000055, send 0.000133, recv 0.000254, ring 0.000034, delay 0.000000)
pluto-prod-yutengl-dev-202-3-0:2587797:2587797 [0] NCCL INFO MNNVL busId 0x64000 fabric UUID 0.0 cliqueId 0x0 state 3 healthMask 0x0
pluto-prod-yutengl-dev-202-3-0:2587797:2587797 [0] NCCL INFO ncclTopoGetCpuAffinity: Affinity for GPU 0 is 0-47,96-143. (GPU affinity = 0-47,96-143 ; CPU affinity = 0-47,96-143).
pluto-prod-yutengl-dev-202-3-0:2587797:2587797 [0] NCCL INFO NVLS multicast support is available on dev 0 (NVLS_NCHANNELS 16)
pluto-prod-yutengl-dev-202-3-0:2587797:2587797 [0] NCCL INFO comm 0x560c3569fa30 rank 0 nRanks 2 nNodes 1 localRanks 2 localRank 0 MNNVL 0
pluto-prod-yutengl-dev-202-3-0:2587797:2587797 [0] NCCL INFO Channel 00/24 : 0 1
pluto-prod-yutengl-dev-202-3-0:2587797:2587797 [0] NCCL INFO Channel 01/24 : 0 1
pluto-prod-yutengl-dev-202-3-0:2587797:2587797 [0] NCCL INFO Channel 02/24 : 0 1
pluto-prod-yutengl-dev-202-3-0:2587797:2587797 [0] NCCL INFO Channel 03/24 : 0 1
pluto-prod-yutengl-dev-202-3-0:2587797:2587797 [0] NCCL INFO Channel 04/24 : 0 1
pluto-prod-yutengl-dev-202-3-0:2587797:2587797 [0] NCCL INFO Channel 05/24 : 0 1
pluto-prod-yutengl-dev-202-3-0:2587797:2587797 [0] NCCL INFO Channel 06/24 : 0 1
pluto-prod-yutengl-dev-202-3-0:2587797:2587797 [0] NCCL INFO Channel 07/24 : 0 1
pluto-prod-yutengl-dev-202-3-0:2587797:2587797 [0] NCCL INFO Channel 08/24 : 0 1
pluto-prod-yutengl-dev-202-3-0:2587797:2587797 [0] NCCL INFO Channel 09/24 : 0 1
pluto-prod-yutengl-dev-202-3-0:2587797:258771->0 [5] -1/-1/-1->1->0 [6] 0/-1/-1->1->-1 [7] 0/-1/-1->1->-1 [8] 0/-1/-1->1->-1 [9] 0/-1/-1->1->-1 [10] 0/-1/-1->1->-1 [11] 0/-1/-1->1->-1 [12] -1/-1/-1->1->0 [13] -1/-1/-1->1->0 [14] -1/-1/-1->1->0 [15] -1/-1/-1->1->0 [16] -1/-1/-1->1->0 [17] -1/-1/-1->1->0 [18] 0/-1/-1->1->-1 [19] 0/-1/-1->1->-1 [20] 0/-1/-1->1->-1 [21] 0/-1/-1->1->-1 [22] 0/-1/-1->1->-1 [23] 0/-1/-1->1->-1
pluto-prod-yutengl-dev-202-3-0:2587798:2587798 [1] NCCL INFO P2P Chunksize set to 524288
pluto-prod-yutengl-dev-202-3-0:2587798:2587798 [1] NCCL INFO Check P2P Type isAllDirectP2p 1 directMode 0 isAllCudaP2p 1
pluto-prod-yutengl-dev-202-3-0:2587798:2588352 [0] NCCL INFO [Proxy Service] Device 1 CPU core 119
pluto-prod-yutengl-dev-202-3-0:2587798:2588354 [0] NCCL INFO [Proxy Service UDS] Device 1 CPU core 101
pluto-prod-yutengl-dev-202-3-0:2587798:2587798 [1] NCCL INFO NET/OFI Region base Tuner is chosen for platform: p5.48xlarge
pluto-prod-yutengl-dev-202-3-0:2587798:2587798 [1] NCCL INFO NET/OFI Region Tuner init (platform 0): comm with 2 ranks and 1 nodes.
pluto-prod-yutengl-dev-202-3-0:2587798:2587798 [1] NCCL INFO NET/OFI Tuner init: comm with 2 ranks and 1 nodes.
pluto-prod-yutengl-dev-202-3-0:2587798:2587798 [1] NCCL INFO threadThresholds 8/8/64 | 16/8/64 | 512 | 512
pluto-prod-yutengl-dev-202-3-0:2587798:2587798 [1] NCCL INFO 24 coll channels, 24 collnet channels, 16 nvls channels, 32 p2p channels, 32 p2p channels per peer
pluto-prod-yutengl-dev-202-3-0:2587798:2587798 [1] NCCL INFO Symmetric VA size=80GB
pluto-prod-yutengl-dev-202-3-0:2587798:2587798 [1] NCCL INFO ncclCommSplit comm 0x56528b0140e0 rank 1 nranks 2 cudaDev 1 nvmlDev 1 busId 75000 parent 0x5652831d4fe0 childCount 1 color 2130503744 key 1 - Init COMPLETE
pluto-prod-yutengl-dev-202-3-0:2587798:2587798 [1] NCCL INFO Init timings - ncclCommSplit: rank 1 nranks 2 total 0.11 (kernels 0.00, alloc 0.00, bootstrap 0.00, allgathers 0.00, topo 0.02, graphs 0.00, connections 0.08, rest 0.01)
pluto-prod-yutengl-dev-202-3-0:2587798:2587798 [1] NCCL INFO Initialized NET plugin Socket
pluto-prod-yutengl-dev-202-3-0:2587798:2587798 [1] NCCL INFO Assigned NET plugin Socket to comm
pluto-prod-yutengl-dev-202-3-0:2587798:2587798 [1] NCCL INFO Failed to initialize any GIN plugin
pluto-prod-yutengl-dev-202-3-0:2587798:2587798 [1] NCCL INFO Using network Socket
pluto-prod-yutengl-dev-202-3-0:2587798:2587798 [1] NCCL INFO [Rank 1] ncclCommInitRank comm 0x56528b3c0970 rank 1 nranks 2 cudaDev 1 nvmlDev 1 busId 75000 commId 0xa03b5df30b89fc75 - Init START
pluto-prod-yutengl-dev-202-3-0:2587798:2587798 [1] NCCL INFO Bootstrap timings total 0.000744 (create 0.000055, send 0.000092, recv 0.000380, ring 0.000028, delay 0.000000)
pluto-prod-yutengl-dev-202-3-0:2587798:2587798 [1] NCCL INFO MNNVL busId 0x75000 fabric UUID 0.0 cliqueId 0x0 state 3 healthMask 0x0
pluto-prod-yutengl-dev-202-3-0:2587798:2587798 [1] NCCL INFO ncclTopoGetCpuAffinity: Affinity for GPU 1 is 0-47,96-143. (GPU affinity = 0-47,96-143 ; CPU affinity = 0-47,96-143).
pluto-prod-yutengl-dev-202-3-0:2587798:2587798 [1] NCCL INFO NVLS multicast support is available on dev 1 (NVLS_NCHANNELS 16)
pluto-prod-yutengl-dev-202-3-0:2587798:2587798 [1] NCCL INFO comm 0x56528b3c0970 rank 1 nRanks 2 nNodes 1 localRanks 2 localRank 1 MNNVL 0
pluto-prod-yutengl-dev-202-3-0:2587798:2587798 [1] NCCL INFO Trees [0] -1/-1/-1->1->0 [1] -1/-1/-1->1->0 [2] -1/-1/-1->1->0 [3] -1/-1/-1->1->0 [4] -1/-1/-1->1->0 [5] -1/-1/-1->1->0 [6] 0/-1/-1->1->-1 [7] 0/-1/-1->1->-1 [8] 0/-1/-1->1->-1 [9] 0/-1/-1->1->-1 [10] 0/-1/-1->1->-1 [11] 0/-1/-1->1->-1 [12] -1/-1/-1->1->0 [13] -1/-1/-1->1->0 [14] -1/-1/-1->1->0 [15] -1/-1/-1->1->0 [16] -1/-1/-1->1->0 [17] -1/-1/-1->1->0 [18] 0/-1/-1->1->-1 [19] 0/-1/-1->1->-1 [20] 0/-1/-1->1->-1 [21] 0/-1/-1->1->-1 [22] 0/-1/-1->1->-1 [23] 0/-1/-1->1->-1
pluto-prod-yutengl-dev-202-3-0:2587798:2587798 [1] NCCL INFO P2P Chunksize set to 524288
pluto-prod-yutengl-dev-202-3-0:2587798:2587798 [1] NCCL INFO Check P2P Type isAllDirectP2p 1 directMode 0 isAllCudaP2p 1
pluto-prod-yutengl-dev-202-3-0:2587798:2588362 [0] NCCL INFO [Proxy Service] Devi97 [0] NCCL INFO Channel 10/24 : 0 1
pluto-prod-yutengl-dev-202-3-0:2587797:2587797 [0] NCCL INFO Channel 11/24 : 0 1
pluto-prod-yutengl-dev-202-3-0:2587797:2587797 [0] NCCL INFO Channel 12/24 : 0 1
pluto-prod-yutengl-dev-202-3-0:2587797:2587797 [0] NCCL INFO Channel 13/24 : 0 1
pluto-prod-yutengl-dev-202-3-0:2587797:2587797 [0] NCCL INFO Channel 14/24 : 0 1
pluto-prod-yutengl-dev-202-3-0:2587797:2587797 [0] NCCL INFO Channel 15/24 : 0 1
pluto-prod-yutengl-dev-202-3-0:2587797:2587797 [0] NCCL INFO Channel 16/24 : 0 1
pluto-prod-yutengl-dev-202-3-0:2587797:2587797 [0] NCCL INFO Channel 17/24 : 0 1
pluto-prod-yutengl-dev-202-3-0:2587797:2587797 [0] NCCL INFO Channel 18/24 : 0 1
pluto-prod-yutengl-dev-202-3-0:2587797:2587797 [0] NCCL INFO Channel 19/24 : 0 1
pluto-prod-yutengl-dev-202-3-0:2587797:2587797 [0] NCCL INFO Channel 20/24 : 0 1
pluto-prod-yutengl-dev-202-3-0:2587797:2587797 [0] NCCL INFO Channel 21/24 : 0 1
pluto-prod-yutengl-dev-202-3-0:2587797:2587797 [0] NCCL INFO Channel 22/24 : 0 1
pluto-prod-yutengl-dev-202-3-0:2587797:2587797 [0] NCCL INFO Channel 23/24 : 0 1
pluto-prod-yutengl-dev-202-3-0:2587797:2587797 [0] NCCL INFO Trees [0] 1/-1/-1->0->-1 [1] 1/-1/-1->0->-1 [2] 1/-1/-1->0->-1 [3] 1/-1/-1->0->-1 [4] 1/-1/-1->0->-1 [5] 1/-1/-1->0->-1 [6] -1/-1/-1->0->1 [7] -1/-1/-1->0->1 [8] -1/-1/-1->0->1 [9] -1/-1/-1->0->1 [10] -1/-1/-1->0->1 [11] -1/-1/-1->0->1 [12] 1/-1/-1->0->-1 [13] 1/-1/-1->0->-1 [14] 1/-1/-1->0->-1 [15] 1/-1/-1->0->-1 [16] 1/-1/-1->0->-1 [17] 1/-1/-1->0->-1 [18] -1/-1/-1->0->1 [19] -1/-1/-1->0->1 [20] -1/-1/-1->0->1 [21] -1/-1/-1->0->1 [22] -1/-1/-1->0->1 [23] -1/-1/-1->0->1
pluto-prod-yutengl-dev-202-3-0:2587797:2587797 [0] NCCL INFO P2P Chunksize set to 524288
pluto-prod-yutengl-dev-202-3-0:2587797:2587797 [0] NCCL INFO Check P2P Type isAllDirectP2p 1 directMode 0 isAllCudaP2p 1
pluto-prod-yutengl-dev-202-3-0:2587797:2588363 [0] NCCL INFO [Proxy Service] Device 0 CPU core 20
pluto-prod-yutengl-dev-202-3-0:2587797:2588365 [0] NCCL INFO [Proxy Service UDS] Device 0 CPU core 138
pluto-prod-yutengl-dev-202-3-0:2587797:2587797 [0] NCCL INFO NET/OFI Region base Tuner is chosen for platform: p5.48xlarge
pluto-prod-yutengl-dev-202-3-0:2587797:2587797 [0] NCCL INFO NET/OFI Region Tuner init (platform 0): comm with 2 ranks and 1 nodes.
pluto-prod-yutengl-dev-202-3-0:2587797:2587797 [0] NCCL INFO NET/OFI Tuner init: comm with 2 ranks and 1 nodes.
pluto-prod-yutengl-dev-202-3-0:2587797:2587797 [0] NCCL INFO threadThresholds 8/8/64 | 16/8/64 | 512 | 512
pluto-prod-yutengl-dev-202-3-0:2587797:2587797 [0] NCCL INFO 24 coll channels, 24 collnet channels, 16 nvls channels, 32 p2p channels, 32 p2p channels per peer
pluto-prod-yutengl-dev-202-3-0:2587797:2587797 [0] NCCL INFO Symmetric VA size=80GB
pluto-prod-yutengl-dev-202-3-0:2587797:2587797 [0] NCCL INFO CC Off, workFifoBytes 1048576
pluto-prod-yutengl-dev-202-3-0:2587797:2587797 [0] NCCL INFO ncclCommInitRank comm 0x560c3569fa30 rank 0 nranks 2 cudaDev 0 nvmlDev 0 busId 64000 commId 0xa03b5df30b89fc75 - Init COMPLETE
pluto-prod-yutengl-dev-202-3-0:2587797:2587797 [0] NCCL INFO Init timings - ncclCommInitRank: rank 0 nranks 2 total 0.11 (kernels 0.00, alloc 0.00, bootstrap 0.00, allgathers 0.00, topo 0.02, graphs 0.00, connections 0.08, rest 0.01)
pluto-prod-yutengl-dev-202-3-0:2587797:2587797 [0] NCCL INFO Symmetric VA size=80GB
pluto-prod-yutengl-dev-202-3-0:2587797:2587797 [0] NCCL INFO Channel 00/0 : 0[0] -> 1[1] via P2P/CUMEM
pluto-prod-yutengl-dev-202-3-0:2587797:2587797 [0] NCCL INFO Channel 01/0 : 0[0] -> 1[1] via P2P/CUMEM
pluto-prod-yutengl-dev-202-3-0:2587797:2587797 [0] NCCL INFO Channel 02/0 : 0[0] -> 1[1] via P2P/CUMEM
pluto-prod-yutengl-dev-202-3-0:2587797:2587797 [0] NCCL INFO Channel 03/0 : 0[0] -> 1[1] via P2P/CUMEM
pluto-prod-yutengl-dev-202-3-0:2587797:2587797 [0] NCCL INFO Channel 04/0 : 0[0] -> 1[1] via P2P/CUMEM
pluto-prod-yutengl-dev-202-3-0:2587797:2587797 [0] NCCL INFO Channel 05/0 : 0[0] -> 1[1] via P2P/CUMEM
pluto-prod-yutengl-dev-202-3-0:2587797:2587797 [0] NCCL INFO Channel 06/0 : 0[0] -> 1[1] via P2P/CUMEM
pluto-prod-yutengl-dev-202-3-0:2587797:2587797 [0] NCCL INFO Channel 07/0 : 0[0] -> 1[1] via P2P/CUMEM
pluto-prod-yutengl-dev-202-3-0:2587797:2587797 [0] NCCL INFO Channel 08/0 : 0[0] -> 1[1] via P2P/CUMEM
pluto-prod-yutengl-dev-202-3-0:2587797:2587797 [0] NCCL INFO Channel 09/0 : 0[0] -> 1[1] via P2P/CUMEM
pluto-prod-yutengl-dev-202-3-0:2587797:2587797 [0] NCCL INFO Channel 10/0 : 0[0] -> 1[1] via P2P/CUMEM
pluto-prod-yutengl-dev-202-3-0:2587797:2587797 [0] NCCL INFO Channel 11/0 : 0[0] -> 1[1] via P2P/CUMEM
pluto-prod-yutengl-dev-202-3-0:2587797:2587797 [0] NCCL INFO Channel 12/0 : 0[0] -> 1[1] via P2P/CUMEM
pluto-prod-yutengl-dev-202-3-0:2587797:2587797 [0] NCCL INFO Channel 13/0 : 0[0] -> 1[1] via P2P/CUMEM
pluto-prod-yutengl-dev-202-3-0:2587797:2587797 [0] NCCL INFO Channel 14/0 : 0[0] -> 1[1] via P2P/CUMEM
pluto-prod-yutengl-dev-202-3-0:2587797:2587797 [0] NCCL INFO Channel 15/0 : 0[0] -> 1[1] via P2P/CUMEM
pluto-prod-yutengl-dev-202-3-0:2587797:2587797 [0] NCCL INFO Channel 16/0 : 0[0] -> 1[1] via P2P/CUMEM
pluto-prod-yutengl-dev-202-3-0:2587797:2587797 [0] NCCL INFO Channel 17/0 : 0[0] -> 1[1] via P2P/CUMEM
pluto-prod-yutengl-dev-202-3-0:2587797:2587797 [0] NCCL INFO Channel 18/0 : 0[0] -> 1[1] via P2P/CUMEM
pluto-prod-yutengl-dev-202-3-0:2587797:2587797 [0] NCCL INFO Channel 19/0 : 0[0] -> 1[1] via P2P/CUMEM
pluto-prod-yutengl-dev-202-3-0:2587797:2587797 [0] NCCL INFO Channel 20/0 : 0[0] -> 1[1] via P2P/CUMEM
pluto-prod-yutengl-dev-202-3-0:2587797:2587797 [0] NCCL INFO Channel 21/0 : 0[0] -> 1[1] via P2P/CUMEM
pluto-prod-yutengl-dev-202-3-0:2587797:2587797 [0] NCCL INFO Channel 22/0 : 0[0] -> 1[1] via P2P/CUMEM
pluto-prod-yutengl-dev-202-3-0:2587797:2587797 [0] NCCL INFO Channel 23/0 : 0[0] -> 1[1] via P2P/CUMEM
pluto-prod-yutengl-dev-202-3-0:2587797:2587797 [0] NCCL INFO Connected all rings, use ring PXN 0 GDR 1
pluto-prod-yutengl-dev-202-3-0:2587797:2587797 [0] NCCL INFO Rank 0 has color with NCCL_SPLIT_NOCOLOR, not creating a new communicator
pluto-prod-yutengl-dev-202-3-0:2587797:2587797 [0] NCCL INFO Rank 0 has color with NCCL_SPLIT_NOCOLOR, not creating a new communicator
pluto-prod-yutengl-dev-202-3-0:2587797:2587797 [0] NCCL INFO Comm config Blocking set to 1
pluto-prod-yutengl-dev-202-3-0:2587797:2587797 [0] NCCL INFO Initialized NET plugin Socket
pluto-prod-yutengl-dev-202-3-0:2587797:2587797 [0] NCCL INFO Assigned NET plugin Socket to comm
pluto-prod-yutengl-dev-202-3-0:2587797:2587797 [0] NCCL INFO Failed to initialize any GIN plugin
pluto-prod-yutengl-dev-202-3-0:2587797:2587797 [0] NCCL INFO Using network Socket
pluto-prod-yutengl-dev-202-3-0:2587797:2587797 [0] NCCL INFO ncclCommSplit comm 0x560c365eef40 rank 0 nranks 2 cudaDev 0 nvmlDev 0 busId 64000 parent 0x560c2d4b2c20 childCount 4 color 2130503744 key 0- Init START
pluto-prod-yutengl-dev-202-3-0:2587797:2587797 [0] NCCL INFO MNNVL busId 0x64000 fabric UUID 0.0 cliqueId 0x0 state 3 healthMask 0x0
pluto-prod-yutengl-dev-202-3-0:2587797:2587797 [0] NCCL INFO ncclTopoGetCpuAffinity: Affinity for GPU 0 is 0-47,96-143. (GPU affinity = 0-47,96-143 ; CPU affinity = 0-47,96-143).
pluto-prod-yutengl-dev-202-3-0:2587797:2587797 [0] NCCL INFO NVLS multicast support is available on dev 0 (NVLS_NCHANNELS 16)
pluto-prod-yutengl-dev-202-3-0:2587797:2587797 [0] NCCL INFO comm 0x560c365eef40 rank 0 nRanks 2 nNodes 1 localRanks 2 localRank 0 MNNVL 0
pluto-prod-yutengl-dev-202-3-0:2587797:2587797 [0] NCCL INFO Channel 00/24 : 0 1
pluto-prod-yutengl-dev-202-3-0:2587797:2587797 [0] NCCL INFO Channel 01/24 : 0 1
pluto-prod-yutengl-dev-202-3-0:2587797:2587797 [0] NCCL INFO Channel 02/24 : 0 1
pluto-prod-yutengl-dev-202-3-0:2587797:2587797 [0] NCCL INFO Channel 03/24 : 0 1
pluto-prod-yutengl-dev-202-3-0:2587797:2587797 [0] NCCL INFO Channel 04/24 : 0 1
pluto-prod-yutengl-dev-202-3-0:2587797:2587797 [0] NCCL INFO Channel 05/24 : 0 1
pluto-prod-yutengl-dev-202-3-0:2587797:2587797 [0] NCCL INFO Channel 06/24 : 0 1
pluto-prod-yutengl-dev-202-3-0:2587797:2587797 [0] NCCL INFO Channel 07/24 : 0 1
pluto-prod-yutengl-dev-202-3-0:2587797:2587797 [0] NCCL INFO Channel 08/24 : 0 1
pluto-prod-yutengl[09-16 00:55:07] Found nccl from library libnccl.so.2
[09-16 00:55:07] sglang-diffusion is using nccl==2.29.7
87798 [1] NCCL INFO Rank 1 has color with NCCL_SPLIT_NOCOLOR, not creating a new communicator
pluto-prod-yutengl-dev-202-3-0:2587798:2587798 [1] NCCL INFO Comm config Blocking set to 1
pluto-prod-yutengl-dev-202-3-0:2587798:2587798 [1] NCCL INFO Initialized NET plugin Socket
pluto-prod-yutengl-dev-202-3-0:2587798:2587798 [1] NCCL INFO Assigned NET plugin Socket to comm
pluto-prod-yutengl-dev-202-3-0:2587798:2587798 [1] NCCL INFO Failed to initialize any GIN plugin
pluto-prod-yutengl-dev-202-3-0:2587798:2587798 [1] NCCL INFO Using network Socket
pluto-prod-yutengl-dev-202-3-0:2587798:2587798 [1] NCCL INFO ncclCommSplit comm 0x56528c30fc90 rank 1 nranks 2 cudaDev 1 nvmlDev 1 busId 75000 parent 0x5652831d4fe0 childCount 4 color 2130503744 key 1- Init START
pluto-prod-yutengl-dev-202-3-0:2587798:2587798 [1] NCCL INFO MNNVL busId 0x75000 fabric UUID 0.0 cliqueId 0x0 state 3 healthMask 0x0
pluto-prod-yutengl-dev-202-3-0:2587798:2587798 [1] NCCL INFO ncclTopoGetCpuAffinity: Affinity for GPU 1 is 0-47,96-143. (GPU affinity = 0-47,96-143 ; CPU affinity = 0-47,96-143).
pluto-prod-yutengl-dev-202-3-0:2587798:2587798 [1] NCCL INFO NVLS multicast support is available on dev 1 (NVLS_NCHANNELS 16)
pluto-prod-yutengl-dev-202-3-0:2587798:2587798 [1] NCCL INFO comm 0x56528c30fc90 rank 1 nRanks 2 nNodes 1 localRanks 2 localRank 1 MNNVL 0
pluto-prod-yutengl-dev-202-3-0:2587798:2587798 [1] NCCL INFO Trees [0] -1/-1/-1->1->0 [1] -1/-1/-1->1->0 [2] -1/-1/-1->1->0 [3] -1/-1/-1->1->0 [4] -1/-1/-1->1->0 [5] -1/-1/-1->1->0 [6] 0/-1/-1->1->-1 [7] 0/-1/-1->1->-1 [8] 0/-1/-1->1->-1 [9] 0/-1/-1->1->-1 [10] 0/-1/-1->1->-1 [11] 0/-1/-1->1->-1 [12] -1/-1/-1->1->0 [13] -1/-1/-1->1->0 [14] -1/-1/-1->1->0 [15] -1/-1/-1->1->0 [16] -1/-1/-1->1->0 [17] -1/-1/-1->1->0 [18] 0/-1/-1->1->-1 [19] 0/-1/-1->1->-1 [20] 0/-1/-1->1->-1 [21] 0/-1/-1->1->-1 [22] 0/-1/-1->1->-1 [23] 0/-1/-1->1->-1
pluto-prod-yutengl-dev-202-3-0:2587798:2587798 [1] NCCL INFO P2P Chunksize set to 524288
pluto-prod-yutengl-dev-202-3-0:2587798:2587798 [1] NCCL INFO Check P2P Type isAllDirectP2p 1 directMode 0 isAllCudaP2p 1
pluto-prod-yutengl-dev-202-3-0:2587798:2588385 [0] NCCL INFO [Proxy Service UDS] Device 1 CPU core 4
pluto-prod-yutengl-dev-202-3-0:2587798:2588384 [0] NCCL INFO [Proxy Service] Device 1 CPU core 125
pluto-prod-yutengl-dev-202-3-0:2587798:2587798 [1] NCCL INFO NET/OFI Region base Tuner is chosen for platform: p5.48xlarge
pluto-prod-yutengl-dev-202-3-0:2587798:2587798 [1] NCCL INFO NET/OFI Region Tuner init (platform 0): comm with 2 ranks and 1 nodes.
pluto-prod-yutengl-dev-202-3-0:2587798:2587798 [1] NCCL INFO NET/OFI Tuner init: comm with 2 ranks and 1 nodes.
pluto-prod-yutengl-dev-202-3-0:2587798:2587798 [1] NCCL INFO threadThresholds 8/8/64 | 16/8/64 | 512 | 512
pluto-prod-yutengl-dev-202-3-0:2587798:2587798 [1] NCCL INFO 24 coll channels, 24 collnet channels, 16 nvls channels, 32 p2p channels, 32 p2p channels per peer
pluto-prod-yutengl-dev-202-3-0:2587798:2587798 [1] NCCL INFO Symmetric VA size=80GB
pluto-prod-yutengl-dev-202-3-0:2587798:2587798 [1] NCCL INFO ncclCommSplit comm 0x56528c30fc90 rank 1 nranks 2 cudaDev 1 nvmlDev 1 busId 75000 parent 0x5652831d4fe0 childCount 4 color 2130503744 key 1 - Init COMPLETE
pluto-prod-yutengl-dev-202-3-0:2587798:2587798 [1] NCCL INFO Init timings - ncclCommSplit: rank 1 nranks 2 total 0.12 (kernels 0.00, alloc 0.00, bootstrap 0.00, allgathers 0.00, topo 0.02, graphs 0.00, connections 0.08, rest 0.01)
pluto-prod-yutengl-dev-202-3-0:2587798:2587798 [1] NCCL INFO Initialized NET plugin Socket
pluto-prod-yutengl-dev-202-3-0:2587798:2587798 [1] NCCL INFO Assigned NET plugin Socket to comm
pluto-prod-yutengl-dev-202-3-0:2587798:2587798 [1] NCCL INFO Failed to initialize any GIN plugin
pluto-prod-yutengl-dev-202-3-0:2587798:2587798 [1] NCCL INFO Using network Socket
pluto-prod-yutengl-dev-202-3-0:2587798:2587798 [1] NCCL INFO [Rank 1] ncclCommInitRank comm 0x56528c6bb080 rank 1 nranks 2 cudaDev 1 nvmlDev 1 busId 75000 commId 0x4fd4205ece9154b3 - Init START
pluto-prod-yutengl-dev-202-3-0:2587798:2587798 [1] NCCL INFO Bootstrap timings tot-dev-202-3-0:2587797:2587797 [0] NCCL INFO Channel 09/24 : 0 1
pluto-prod-yutengl-dev-202-3-0:2587797:2587797 [0] NCCL INFO Channel 10/24 : 0 1
pluto-prod-yutengl-dev-202-3-0:2587797:2587797 [0] NCCL INFO Channel 11/24 : 0 1
pluto-prod-yutengl-dev-202-3-0:2587797:2587797 [0] NCCL INFO Channel 12/24 : 0 1
pluto-prod-yutengl-dev-202-3-0:2587797:2587797 [0] NCCL INFO Channel 13/24 : 0 1
pluto-prod-yutengl-dev-202-3-0:2587797:2587797 [0] NCCL INFO Channel 14/24 : 0 1
pluto-prod-yutengl-dev-202-3-0:2587797:2587797 [0] NCCL INFO Channel 15/24 : 0 1
pluto-prod-yutengl-dev-202-3-0:2587797:2587797 [0] NCCL INFO Channel 16/24 : 0 1
pluto-prod-yutengl-dev-202-3-0:2587797:2587797 [0] NCCL INFO Channel 17/24 : 0 1
pluto-prod-yutengl-dev-202-3-0:2587797:2587797 [0] NCCL INFO Channel 18/24 : 0 1
pluto-prod-yutengl-dev-202-3-0:2587797:2587797 [0] NCCL INFO Channel 19/24 : 0 1
pluto-prod-yutengl-dev-202-3-0:2587797:2587797 [0] NCCL INFO Channel 20/24 : 0 1
pluto-prod-yutengl-dev-202-3-0:2587797:2587797 [0] NCCL INFO Channel 21/24 : 0 1
pluto-prod-yutengl-dev-202-3-0:2587797:2587797 [0] NCCL INFO Channel 22/24 : 0 1
pluto-prod-yutengl-dev-202-3-0:2587797:2587797 [0] NCCL INFO Channel 23/24 : 0 1
pluto-prod-yutengl-dev-202-3-0:2587797:2587797 [0] NCCL INFO Trees [0] 1/-1/-1->0->-1 [1] 1/-1/-1->0->-1 [2] 1/-1/-1->0->-1 [3] 1/-1/-1->0->-1 [4] 1/-1/-1->0->-1 [5] 1/-1/-1->0->-1 [6] -1/-1/-1->0->1 [7] -1/-1/-1->0->1 [8] -1/-1/-1->0->1 [9] -1/-1/-1->0->1 [10] -1/-1/-1->0->1 [11] -1/-1/-1->0->1 [12] 1/-1/-1->0->-1 [13] 1/-1/-1->0->-1 [14] 1/-1/-1->0->-1 [15] 1/-1/-1->0->-1 [16] 1/-1/-1->0->-1 [17] 1/-1/-1->0->-1 [18] -1/-1/-1->0->1 [19] -1/-1/-1->0->1 [20] -1/-1/-1->0->1 [21] -1/-1/-1->0->1 [22] -1/-1/-1->0->1 [23] -1/-1/-1->0->1
pluto-prod-yutengl-dev-202-3-0:2587797:2587797 [0] NCCL INFO P2P Chunksize set to 524288
pluto-prod-yutengl-dev-202-3-0:2587797:2587797 [0] NCCL INFO Check P2P Type isAllDirectP2p 1 directMode 0 isAllCudaP2p 1
pluto-prod-yutengl-dev-202-3-0:2587797:2588382 [0] NCCL INFO [Proxy Service] Device 0 CPU core 0
pluto-prod-yutengl-dev-202-3-0:2587797:2588383 [0] NCCL INFO [Proxy Service UDS] Device 0 CPU core 125
pluto-prod-yutengl-dev-202-3-0:2587797:2587797 [0] NCCL INFO NET/OFI Region base Tuner is chosen for platform: p5.48xlarge
pluto-prod-yutengl-dev-202-3-0:2587797:2587797 [0] NCCL INFO NET/OFI Region Tuner init (platform 0): comm with 2 ranks and 1 nodes.
pluto-prod-yutengl-dev-202-3-0:2587797:2587797 [0] NCCL INFO NET/OFI Tuner init: comm with 2 ranks and 1 nodes.
pluto-prod-yutengl-dev-202-3-0:2587797:2587797 [0] NCCL INFO threadThresholds 8/8/64 | 16/8/64 | 512 | 512
pluto-prod-yutengl-dev-202-3-0:2587797:2587797 [0] NCCL INFO 24 coll channels, 24 collnet channels, 16 nvls channels, 32 p2p channels, 32 p2p channels per peer
pluto-prod-yutengl-dev-202-3-0:2587797:2587797 [0] NCCL INFO Symmetric VA size=80GB
pluto-prod-yutengl-dev-202-3-0:2587797:2587797 [0] NCCL INFO CC Off, workFifoBytes 1048576
pluto-prod-yutengl-dev-202-3-0:2587797:2587797 [0] NCCL INFO ncclCommSplit comm 0x560c365eef40 rank 0 nranks 2 cudaDev 0 nvmlDev 0 busId 64000 parent 0x560c2d4b2c20 childCount 4 color 2130503744 key 0 - Init COMPLETE
pluto-prod-yutengl-dev-202-3-0:2587797:2587797 [0] NCCL INFO Init timings - ncclCommSplit: rank 0 nranks 2 total 0.12 (kernels 0.00, alloc 0.00, bootstrap 0.00, allgathers 0.00, topo 0.02, graphs 0.00, connections 0.08, rest 0.01)
pluto-prod-yutengl-dev-202-3-0:2587797:2587797 [0] NCCL INFO Initialized NET plugin Socket
pluto-prod-yutengl-dev-202-3-0:2587797:2587797 [0] NCCL INFO Assigned NET plugin Socket to comm
pluto-prod-yutengl-dev-202-3-0:2587797:2587797 [0] NCCL INFO Failed to initialize any GIN plugin
pluto-prod-yutengl-dev-202-3-0:2587797:2587797 [0] NCCL INFO Using network Socket
pluto-prod-yutengl-dev-202-3-0:2587797:2587797 [0] NCCL INFO [Rank 0] ncclCommInitRank comm 0x560c3699abc0 rank 0 nranks 2 cudaDev 0 nvmlDev 0 busId 64000 commId 0x4fd4205ece9154b3 - Init START
pluto-prod-yutengl-dev-202-3-0:2587797:2587797 [0] NCCL INFO Bootstrap timings total 0.000825 (create 0.000055, send 0.000106, recv 0.000232, ring 0.000035, delay 0.000000)
pluto-prod-yutengl-dev-202-3-0:2587797:2587797 [0] NCCL INFO MNNVL busId 0x64000 fabric UUID 0.0 cliqueId 0x0 state 3 healthMask 0x0
pluto-prod-yutengl-dev-202-3-0:2587797:2587797 [0] NCCL INFO ncclTopoGetCpuAffinity: Affinity for GPU 0 is 0-47,96-143. (GPU affinity = 0-47,96-143 ; CPU affinity = 0-47,96-143).
pluto-prod-yutengl-dev-202-3-0:2587797:2587797 [0] NCCL INFO NVLS multicast support is available on dev 0 (NVLS_NCHANNELS 16)
pluto-prod-yutengl-dev-202-3-0:2587797:2587797 [0] NCCL INFO comm 0x560c3699abc0 rank 0 nRanks 2 nNodes 1 localRanks 2 localRank 0 MNNVL 0
pluto-prod-yutengl-dev-202-3-0:2587797:2587797 [0] NCCL INFO Channel 00/24 : 0 1
pluto-prod-yutengl-dev-202-3-0:2587797:2587797 [0] NCCL INFO Channel 01/24 : 0 1
pluto-prod-yutengl-dev-202-3-0:2587797:2587797 [0] NCCL INFO Channel 02/24 : 0 1
pluto-prod-yutengl-dev-202-3-0:2587797:2587797 [0] NCCL INFO Channel 03/24 : 0 1
pluto-prod-yutengl-dev-202-3-0:2587797:2587797 [0] NCCL INFO Channel 04/24 : 0 1
pluto-prod-yutengl-dev-202-3-0:2587797:2587797 [0] NCCL INFO Channel 05/24 : 0 1
pluto-prod-yutengl-dev-202-3-0:2587797:2587797 [0] NCCL INFO Channel 06/24 : 0 1
pluto-prod-yutengl-dev-202-3-0:2587797:2587797 [0] NCCL INFO Channel 07/24 : 0 1
pluto-prod-yutengl-dev-202-3-0:2587797:2587797 [0] NCCL INFO Channel 08/24 : 0 1
pluto-prod-yutengl-dev-202-3-0:2587797:2587797 [0] NCCL INFO Channel 09/24 : 0 1
pluto-prod-yutengl-dev-202-3-0:2587797:2587797 [0] NCCL INFO Channel 10/24 : 0 1
pluto-prod-yutengl-dev-202-3-0:2587797:2587797 [0] NCCL INFO Channel 11/24 : 0 1
pluto-prod-yutengl-dev-202-3-0:2587797:2587797 [0] NCCL INFO Channel 12/24 : 0 1
pluto-prod-yutengl-dev-202-3-0:2587797:2587797 [0] NCCL INFO Channel 13/24 : 0 1
pluto-prod-yutengl-dev-202-3-0:2587797:2587797 [0] NCCL INFO Channel 14/24 : 0 1
pluto-prod-yutengl-dev-202-3-0:2587797:2587797 [0] NCCL INFO Channel 15/24 : 0 1
pluto-prod-yutengl-dev-202-3-0:2587797:2587797 [0] NCCL INFO Channel 16/24 : 0 1
pluto-prod-yutengl-dev-202-3-0:2587797:2587797 [0] NCCL INFO Channel 17/24 : 0 1
pluto-prod-yutengl-dev-202-3-0:2587797:2587797 [0] NCCL INFO Channel 18/24 : 0 1
pluto-prod-yutengl-dev-202-3-0:2587797:2587797 [0] NCCL INFO Channel 19/24 : 0 1
pluto-prod-yutengl-dev-202-3-0:2587797:2587797 [0] NCCL INFO Channel 20/24 : 0 1
pluto-prod-yutengl-dev-202-3-0:2587797:2587797 [0] NCCL INFO Channel 21/24 : 0 1
pluto-prod-yutengl-dev-202-3-0:2587797:2587797 [0] NCCL INFO Channel 22/24 : 0 1
pluto-prod-yutengl-dev-202-3-0:2587797:2587797 [0] NCCL INFO Channel 23/24 : 0 1
pluto-prod-yutengl-dev-202-3-0:2587797:2587797 [0] NCCL INFO Trees [0] 1/-1/-1->0->-1 [1] 1/-1/-1->0->-1 [2] 1/-1/-1->0->-1 [3] 1/-1/-1->0->-1 [4] 1/-1/-1->0->-1 [5] 1/-1/-1->0->-1 [6] -1/-1/-1->0->1 [7] -1/-1/-1->0->1 [8] -1/-1/-1->0->1 [9] -1/-1/-1->0->1 [10] -1/-1/-1->0->1 [11] -1/-1/-1->0->1 [12] 1/-1/-1->0->-1 [13] 1/-1/-1->0->-1 [14] 1/-1/-1->0->-1 [15] 1/-1/-1->0->-1 [16] 1/-1/-1->0->-1 [17] 1/-1/-1->0->-1 [18] -1/-1/-1->0->1 [19] -1/-1/-1->0->1 [20] -1/-1/-1->0->1 [21] -1/-1/-1->0->1 [22] -1/-1/-1->0->1 [23] -1/-1/-1->0->1
pluto-prod-yutengl-dev-202-3-0:2587797:2587797 [0] NCCL INFO P2P Chunksize set to 524288
pluto-prod-yutengl-dev-202-3-0:2587797:2587797 [0] NCCL INFO Check P2P Type isAllDirectP2p 1 directMode 0 isAllCudaP2p 1
pluto-prod-yutengl-dev-202-3-0:2587797:2588408 [0] NCCL INFO [Proxy Service] Device 0 CPU core 128
pluto-prod-yutengl-dev-202-3-0:2587797:2588409 [0] NCCL INFO [Proxy Service UDS] Device 0 CPU core 126
pluto-prod-yutengl-dev-202-3-0:2587797:2587797 [0] NCCL INFO NET/OFI Region base Tuner is chosen for platform: p5.48xlarge
pluto-prod-yutengl-dev-202-3-0:2587797:2587797 [0] NCCL INFO NET/OFI Region Tuner init (platform 0): comm with 2 ranks and 1 nodes.
pluto-prod-yutengl-dev-202-3-0:2587797:2587797 [0] NCCL INFO NET/OFI Tuner init: comm with 2 ranks and 1 nodes.
pluto-prod-yutengl-dev-202-3-0:2587797:2587797 [0] NCCL INFO threadThresholds 8/8/64 | 16/8/64 | 512 | 512
pluto-prod-yutengl-dev-202-3-0:2587797:2587797 [0] NCCL INFO 24 coll channels, 24 collnet channels, 16 nvls channeal 0.000803 (create 0.000057, send 0.000092, recv 0.000419, ring 0.000027, delay 0.000000)
pluto-prod-yutengl-dev-202-3-0:2587798:2587798 [1] NCCL INFO MNNVL busId 0x75000 fabric UUID 0.0 cliqueId 0x0 state 3 healthMask 0x0
pluto-prod-yutengl-dev-202-3-0:2587798:2587798 [1] NCCL INFO ncclTopoGetCpuAffinity: Affinity for GPU 1 is 0-47,96-143. (GPU affinity = 0-47,96-143 ; CPU affinity = 0-47,96-143).
pluto-prod-yutengl-dev-202-3-0:2587798:2587798 [1] NCCL INFO NVLS multicast support is available on dev 1 (NVLS_NCHANNELS 16)
pluto-prod-yutengl-dev-202-3-0:2587798:2587798 [1] NCCL INFO comm 0x56528c6bb080 rank 1 nRanks 2 nNodes 1 localRanks 2 localRank 1 MNNVL 0
pluto-prod-yutengl-dev-202-3-0:2587798:2587798 [1] NCCL INFO Trees [0] -1/-1/-1->1->0 [1] -1/-1/-1->1->0 [2] -1/-1/-1->1->0 [3] -1/-1/-1->1->0 [4] -1/-1/-1->1->0 [5] -1/-1/-1->1->0 [6] 0/-1/-1->1->-1 [7] 0/-1/-1->1->-1 [8] 0/-1/-1->1->-1 [9] 0/-1/-1->1->-1 [10] 0/-1/-1->1->-1 [11] 0/-1/-1->1->-1 [12] -1/-1/-1->1->0 [13] -1/-1/-1->1->0 [14] -1/-1/-1->1->0 [15] -1/-1/-1->1->0 [16] -1/-1/-1->1->0 [17] -1/-1/-1->1->0 [18] 0/-1/-1->1->-1 [19] 0/-1/-1->1->-1 [20] 0/-1/-1->1->-1 [21] 0/-1/-1->1->-1 [22] 0/-1/-1->1->-1 [23] 0/-1/-1->1->-1
pluto-prod-yutengl-dev-202-3-0:2587798:2587798 [1] NCCL INFO P2P Chunksize set to 524288
pluto-prod-yutengl-dev-202-3-0:2587798:2587798 [1] NCCL INFO Check P2P Type isAllDirectP2p 1 directMode 0 isAllCudaP2p 1
pluto-prod-yutengl-dev-202-3-0:2587798:2588411 [0] NCCL INFO [Proxy Service UDS] Device 1 CPU core 0
pluto-prod-yutengl-dev-202-3-0:2587798:2588410 [0] NCCL INFO [Proxy Service] Device 1 CPU core 30
pluto-prod-yutengl-dev-202-3-0:2587798:2587798 [1] NCCL INFO NET/OFI Region base Tuner is chosen for platform: p5.48xlarge
pluto-prod-yutengl-dev-202-3-0:2587798:2587798 [1] NCCL INFO NET/OFI Region Tuner init (platform 0): comm with 2 ranks and 1 nodes.
pluto-prod-yutengl-dev-202-3-0:2587798:2587798 [1] NCCL INFO NET/OFI Tuner init: comm with 2 ranks and 1 nodes.
pluto-prod-yutengl-dev-202-3-0:2587798:2587798 [1] NCCL INFO threadThresholds 8/8/64 | 16/8/64 | 512 | 512
pluto-prod-yutengl-dev-202-3-0:2587798:2587798 [1] NCCL INFO 24 coll channels, 24 collnet channels, 16 nvls channels, 32 p2p channels, 32 p2p channels per peer
pluto-prod-yutengl-dev-202-3-0:2587798:2587798 [1] NCCL INFO Symmetric VA size=80GB
pluto-prod-yutengl-dev-202-3-0:2587798:2587798 [1] NCCL INFO ncclCommInitRank comm 0x56528c6bb080 rank 1 nranks 2 cudaDev 1 nvmlDev 1 busId 75000 commId 0x4fd4205ece9154b3 - Init COMPLETE
pluto-prod-yutengl-dev-202-3-0:2587798:2587798 [1] NCCL INFO Init timings - ncclCommInitRank: rank 1 nranks 2 total 0.21 (kernels 0.00, alloc 0.00, bootstrap 0.00, allgathers 0.00, topo 0.01, graphs 0.00, connections 0.18, rest 0.01)
pluto-prod-yutengl-dev-202-3-0:2587798:2587798 [1] NCCL INFO Symmetric VA size=80GB
pluto-prod-yutengl-dev-202-3-0:2587798:2587798 [1] NCCL INFO Channel 00/0 : 1[1] -> 0[0] via P2P/CUMEM
pluto-prod-yutengl-dev-202-3-0:2587798:2587798 [1] NCCL INFO Channel 01/0 : 1[1] -> 0[0] via P2P/CUMEM
pluto-prod-yutengl-dev-202-3-0:2587798:2587798 [1] NCCL INFO Channel 02/0 : 1[1] -> 0[0] via P2P/CUMEM
pluto-prod-yutengl-dev-202-3-0:2587798:2587798 [1] NCCL INFO Channel 03/0 : 1[1] -> 0[0] via P2P/CUMEM
pluto-prod-yutengl-dev-202-3-0:2587798:2587798 [1] NCCL INFO Channel 04/0 : 1[1] -> 0[0] via P2P/CUMEM
pluto-prod-yutengl-dev-202-3-0:2587798:2587798 [1] NCCL INFO Channel 05/0 : 1[1] -> 0[0] via P2P/CUMEM
pluto-prod-yutengl-dev-202-3-0:2587798:2587798 [1] NCCL INFO Channel 06/0 : 1[1] -> 0[0] via P2P/CUMEM
pluto-prod-yutengl-dev-202-3-0:2587798:2587798 [1] NCCL INFO Channel 07/0 : 1[1] -> 0[0] via P2P/CUMEM
pluto-prod-yutengl-dev-202-3-0:2587798:2587798 [1] NCCL INFO Channel 08/0 : 1[1] -> 0[0] via P2P/CUMEM
pluto-prod-yutengl-dev-202-3-0:2587798:2587798 [1] NCCL INFO Channel 09/0 : 1[1] -> 0[0] via P2P/CUMEM
pluto-prod-yutengl-dev-202-3-0:2587798:2587798 [1] NCCL INFO Channel 10/0 : 1[1] -> 0[0] via P2P/CUMEM
pluto-prod-yutengl-dev-202-3-0:2587798:2587798 [1] NCCL INFO Channel 11/0 : 1[1] -> 0[0] via P2P/CUMEM
pluto-prod-yutengl-devls, 32 p2p channels, 32 p2p channels per peer
pluto-prod-yutengl-dev-202-3-0:2587797:2587797 [0] NCCL INFO Symmetric VA size=80GB
pluto-prod-yutengl-dev-202-3-0:2587797:2587797 [0] NCCL INFO CC Off, workFifoBytes 1048576
pluto-prod-yutengl-dev-202-3-0:2587797:2587797 [0] NCCL INFO ncclCommInitRank comm 0x560c3699abc0 rank 0 nranks 2 cudaDev 0 nvmlDev 0 busId 64000 commId 0x4fd4205ece9154b3 - Init COMPLETE
pluto-prod-yutengl-dev-202-3-0:2587797:2587797 [0] NCCL INFO Init timings - ncclCommInitRank: rank 0 nranks 2 total 0.21 (kernels 0.00, alloc 0.00, bootstrap 0.00, allgathers 0.00, topo 0.02, graphs 0.00, connections 0.18, rest 0.01)
pluto-prod-yutengl-dev-202-3-0:2587797:2587797 [0] NCCL INFO Symmetric VA size=80GB
pluto-prod-yutengl-dev-202-3-0:2587797:2587797 [0] NCCL INFO Channel 00/0 : 0[0] -> 1[1] via P2P/CUMEM
pluto-prod-yutengl-dev-202-3-0:2587797:2587797 [0] NCCL INFO Channel 01/0 : 0[0] -> 1[1] via P2P/CUMEM
pluto-prod-yutengl-dev-202-3-0:2587797:2587797 [0] NCCL INFO Channel 02/0 : 0[0] -> 1[1] via P2P/CUMEM
pluto-prod-yutengl-dev-202-3-0:2587797:2587797 [0] NCCL INFO Channel 03/0 : 0[0] -> 1[1] via P2P/CUMEM
pluto-prod-yutengl-dev-202-3-0:2587797:2587797 [0] NCCL INFO Channel 04/0 : 0[0] -> 1[1] via P2P/CUMEM
pluto-prod-yutengl-dev-202-3-0:2587797:2587797 [0] NCCL INFO Channel 05/0 : 0[0] -> 1[1] via P2P/CUMEM
pluto-prod-yutengl-dev-202-3-0:2587797:2587797 [0] NCCL INFO Channel 06/0 : 0[0] -> 1[1] via P2P/CUMEM
pluto-prod-yutengl-dev-202-3-0:2587797:2587797 [0] NCCL INFO Channel 07/0 : 0[0] -> 1[1] via P2P/CUMEM
pluto-prod-yutengl-dev-202-3-0:2587797:2587797 [0] NCCL INFO Channel 08/0 : 0[0] -> 1[1] via P2P/CUMEM
pluto-prod-yutengl-dev-202-3-0:2587797:2587797 [0] NCCL INFO Channel 09/0 : 0[0] -> 1[1] via P2P/CUMEM
pluto-prod-yutengl-dev-202-3-0:2587797:2587797 [0] NCCL INFO Channel 10/0 : 0[0] -> 1[1] via P2P/CUMEM
pluto-prod-yutengl-dev-202-3-0:2587797:2587797 [0] NCCL INFO Channel 11/0 : 0[0] -> 1[1] via P2P/CUMEM
pluto-prod-yutengl-dev-202-3-0:2587797:2587797 [0] NCCL INFO Channel 12/0 : 0[0] -> 1[1] via P2P/CUMEM
pluto-prod-yutengl-dev-202-3-0:2587797:2587797 [0] NCCL INFO Channel 13/0 : 0[0] -> 1[1] via P2P/CUMEM
pluto-prod-yutengl-dev-202-3-0:2587797:2587797 [0] NCCL INFO Channel 14/0 : 0[0] -> 1[1] via P2P/CUMEM
pluto-prod-yutengl-dev-202-3-0:2587797:2587797 [0] NCCL INFO Channel 15/0 : 0[0] -> 1[1] via P2P/CUMEM
pluto-prod-yutengl-dev-202-3-0:2587797:2587797 [0] NCCL INFO Channel 16/0 : 0[0] -> 1[1] via P2P/CUMEM
pluto-prod-yutengl-dev-202-3-0:2587797:2587797 [0] NCCL INFO Channel 17/0 : 0[0] -> 1[1] via P2P/CUMEM
pluto-prod-yutengl-dev-202-3-0:2587797:2587797 [0] NCCL INFO Channel 18/0 : 0[0] -> 1[1] via P2P/CUMEM
pluto-prod-yutengl-dev-202-3-0:2587797:2587797 [0] NCCL INFO Channel 19/0 : 0[0] -> 1[1] via P2P/CUMEM
pluto-prod-yutengl-dev-202-3-0:2587797:2587797 [0] NCCL INFO Channel 20/0 : 0[0] -> 1[1] via P2P/CUMEM
pluto-prod-yutengl-dev-202-3-0:2587797:2587797 [0] NCCL INFO Channel 21/0 : 0[0] -> 1[1] via P2P/CUMEM
pluto-prod-yutengl-dev-202-3-0:2587797:2587797 [0] NCCL INFO Channel 22/0 : 0[0] -> 1[1] via P2P/CUMEM
pluto-prod-yutengl-dev-202-3-0:2587797:2587797 [0] NCCL INFO Channel 23/0 : 0[0] -> 1[1] via P2P/CUMEM
pluto-prod-yutengl-dev-202-3-0:2587797:2587797 [0] NCCL INFO Connected all rings, use ring PXN 0 GDR 1
pluto-prod-yutengl-dev-202-3-0:2587797:2587797 [0] NCCL INFO Rank 0 has color with NCCL_SPLIT_NOCOLOR, not creating a new communicator
pluto-prod-yutengl-dev-202-3-0:2587797:2587797 [0] NCCL INFO Rank 0 has color with NCCL_SPLIT_NOCOLOR, not creating a new communicator
pluto-prod-yutengl-dev-202-3-0:2587797:2587797 [0] NCCL INFO Rank 0 has color with NCCL_SPLIT_NOCOLOR, not creating a new communicator
pluto-prod-yutengl-dev-202-3-0:2587797:2587797 [0] NCCL INFO Rank 0 has color with NCCL_SPLIT_NOCOLOR, not creating a new communicator
pluto-prod-yutengl-dev-202-3-0:2587797:2587797 [0] NCCL INFO Rank 0 has color with NCCL_SPLIT_NOCOLOR, not creating a new communicator
pluto-prod-yutengl-dev-202-3-0:2587797:2587797 [0] NCCL INFO Rank 0 has color with NCCL_SPLIT_NOCOLOR, not creating a n-202-3-0:2587798:2587798 [1] NCCL INFO Channel 12/0 : 1[1] -> 0[0] via P2P/CUMEM
pluto-prod-yutengl-dev-202-3-0:2587798:2587798 [1] NCCL INFO Channel 13/0 : 1[1] -> 0[0] via P2P/CUMEM
pluto-prod-yutengl-dev-202-3-0:2587798:2587798 [1] NCCL INFO Channel 14/0 : 1[1] -> 0[0] via P2P/CUMEM
pluto-prod-yutengl-dev-202-3-0:2587798:2587798 [1] NCCL INFO Channel 15/0 : 1[1] -> 0[0] via P2P/CUMEM
pluto-prod-yutengl-dev-202-3-0:2587798:2587798 [1] NCCL INFO Channel 16/0 : 1[1] -> 0[0] via P2P/CUMEM
pluto-prod-yutengl-dev-202-3-0:2587798:2587798 [1] NCCL INFO Channel 17/0 : 1[1] -> 0[0] via P2P/CUMEM
pluto-prod-yutengl-dev-202-3-0:2587798:2587798 [1] NCCL INFO Channel 18/0 : 1[1] -> 0[0] via P2P/CUMEM
pluto-prod-yutengl-dev-202-3-0:2587798:2587798 [1] NCCL INFO Channel 19/0 : 1[1] -> 0[0] via P2P/CUMEM
pluto-prod-yutengl-dev-202-3-0:2587798:2587798 [1] NCCL INFO Channel 20/0 : 1[1] -> 0[0] via P2P/CUMEM
pluto-prod-yutengl-dev-202-3-0:2587798:2587798 [1] NCCL INFO Channel 21/0 : 1[1] -> 0[0] via P2P/CUMEM
pluto-prod-yutengl-dev-202-3-0:2587798:2587798 [1] NCCL INFO Channel 22/0 : 1[1] -> 0[0] via P2P/CUMEM
pluto-prod-yutengl-dev-202-3-0:2587798:2587798 [1] NCCL INFO Channel 23/0 : 1[1] -> 0[0] via P2P/CUMEM
pluto-prod-yutengl-dev-202-3-0:2587798:2587798 [1] NCCL INFO Connected all rings, use ring PXN 0 GDR 1
pluto-prod-yutengl-dev-202-3-0:2587798:2587798 [1] NCCL INFO Rank 1 has color with NCCL_SPLIT_NOCOLOR, not creating a new communicator
pluto-prod-yutengl-dev-202-3-0:2587798:2587798 [1] NCCL INFO Rank 1 has color with NCCL_SPLIT_NOCOLOR, not creating a new communicator
pluto-prod-yutengl-dev-202-3-0:2587798:2587798 [1] NCCL INFO Rank 1 has color with NCCL_SPLIT_NOCOLOR, not creating a new communicator
pluto-prod-yutengl-dev-202-3-0:2587798:2587798 [1] NCCL INFO Rank 1 has color with NCCL_SPLIT_NOCOLOR, not creating a new communicator
pluto-prod-yutengl-dev-202-3-0:2587798:2587798 [1] NCCL INFO Rank 1 has color with NCCL_SPLIT_NOCOLOR, not creating a new communicator
pluto-prod-yutengl-dev-202-3-0:2587798:2587798 [1] NCCL INFO Rank 1 has color with NCCL_SPLIT_NOCOLOR, not creating a new communicator
pluto-prod-yutengl-dev-202-3-0:2587798:2587798 [1] NCCL INFO Rank 1 has color with NCCL_SPLIT_NOCOLOR, not creating a new communicator
pluto-prod-yutengl-dev-202-3-0:2587798:2587798 [1] NCCL INFO Rank 1 has color with NCCL_SPLIT_NOCOLOR, not creating a new communicator
pluto-prod-yutengl-dev-202-3-0:2587798:2587798 [1] NCCL INFO Rank 1 has color with NCCL_SPLIT_NOCOLOR, not creating a new communicator
pluto-prod-yutengl-dev-202-3-0:2587798:2587798 [1] NCCL INFO Rank 1 has color with NCCL_SPLIT_NOCOLOR, not creating a new communicator
pluto-prod-yutengl-dev-202-3-0:2587798:2587798 [1] NCCL INFO Rank 1 has color with NCCL_SPLIT_NOCOLOR, not creating a new communicator
pluto-prod-yutengl-dev-202-3-0:2587798:2587798 [1] NCCL INFO Comm config Blocking set to 1
pluto-prod-yutengl-dev-202-3-0:2587798:2587798 [1] NCCL INFO Initialized NET plugin Socket
pluto-prod-yutengl-dev-202-3-0:2587798:2587798 [1] NCCL INFO Assigned NET plugin Socket to comm
pluto-prod-yutengl-dev-202-3-0:2587798:2587798 [1] NCCL INFO Failed to initialize any GIN plugin
pluto-prod-yutengl-dev-202-3-0:2587798:2587798 [1] NCCL INFO Using network Socket
pluto-prod-yutengl-dev-202-3-0:2587798:2587798 [1] NCCL INFO ncclCommSplit comm 0x56528cad8df0 rank 1 nranks 2 cudaDev 1 nvmlDev 1 busId 75000 parent 0x5652831d4fe0 childCount 16 color 2130503744 key 1- Init START
pluto-prod-yutengl-dev-202-3-0:2587798:2587798 [1] NCCL INFO MNNVL busId 0x75000 fabric UUID 0.0 cliqueId 0x0 state 3 healthMask 0x0
pluto-prod-yutengl-dev-202-3-0:2587798:2587798 [1] NCCL INFO ncclTopoGetCpuAffinity: Affinity for GPU 1 is 0-47,96-143. (GPU affinity = 0-47,96-143 ; CPU affinity = 0-47,96-143).
pluto-prod-yutengl-dev-202-3-0:2587798:2587798 [1] NCCL INFO NVLS multicast support is available on dev 1 (NVLS_NCHANNELS 16)
pluto-prod-yutengl-dev-202-3-0:2587798:2587798 [1] NCCL INFO comm 0x56528cad8df0 rank 1 nRanks 2 nNodes 1 localRanks 2 localRank 1 MNNVL 0
pluto-prod-yutengl-dev-202-3-0:2587798:2587798ew communicator
pluto-prod-yutengl-dev-202-3-0:2587797:2587797 [0] NCCL INFO Rank 0 has color with NCCL_SPLIT_NOCOLOR, not creating a new communicator
pluto-prod-yutengl-dev-202-3-0:2587797:2587797 [0] NCCL INFO Rank 0 has color with NCCL_SPLIT_NOCOLOR, not creating a new communicator
pluto-prod-yutengl-dev-202-3-0:2587797:2587797 [0] NCCL INFO Rank 0 has color with NCCL_SPLIT_NOCOLOR, not creating a new communicator
pluto-prod-yutengl-dev-202-3-0:2587797:2587797 [0] NCCL INFO Rank 0 has color with NCCL_SPLIT_NOCOLOR, not creating a new communicator
pluto-prod-yutengl-dev-202-3-0:2587797:2587797 [0] NCCL INFO Rank 0 has color with NCCL_SPLIT_NOCOLOR, not creating a new communicator
pluto-prod-yutengl-dev-202-3-0:2587797:2587797 [0] NCCL INFO Comm config Blocking set to 1
pluto-prod-yutengl-dev-202-3-0:2587797:2587797 [0] NCCL INFO Initialized NET plugin Socket
pluto-prod-yutengl-dev-202-3-0:2587797:2587797 [0] NCCL INFO Assigned NET plugin Socket to comm
pluto-prod-yutengl-dev-202-3-0:2587797:2587797 [0] NCCL INFO Failed to initialize any GIN plugin
pluto-prod-yutengl-dev-202-3-0:2587797:2587797 [0] NCCL INFO Using network Socket
pluto-prod-yutengl-dev-202-3-0:2587797:2587797 [0] NCCL INFO ncclCommSplit comm 0x560c36db8230 rank 0 nranks 2 cudaDev 0 nvmlDev 0 busId 64000 parent 0x560c2d4b2c20 childCount 16 color 2130503744 key 0- Init START
pluto-prod-yutengl-dev-202-3-0:2587797:2587797 [0] NCCL INFO MNNVL busId 0x64000 fabric UUID 0.0 cliqueId 0x0 state 3 healthMask 0x0
pluto-prod-yutengl-dev-202-3-0:2587797:2587797 [0] NCCL INFO ncclTopoGetCpuAffinity: Affinity for GPU 0 is 0-47,96-143. (GPU affinity = 0-47,96-143 ; CPU affinity = 0-47,96-143).
pluto-prod-yutengl-dev-202-3-0:2587797:2587797 [0] NCCL INFO NVLS multicast support is available on dev 0 (NVLS_NCHANNELS 16)
pluto-prod-yutengl-dev-202-3-0:2587797:2587797 [0] NCCL INFO comm 0x560c36db8230 rank 0 nRanks 2 nNodes 1 localRanks 2 localRank 0 MNNVL 0
pluto-prod-yutengl-dev-202-3-0:2587797:2587797 [0] NCCL INFO Channel 00/24 : 0 1
pluto-prod-yutengl-dev-202-3-0:2587797:2587797 [0] NCCL INFO Channel 01/24 : 0 1
pluto-prod-yutengl-dev-202-3-0:2587797:2587797 [0] NCCL INFO Channel 02/24 : 0 1
pluto-prod-yutengl-dev-202-3-0:2587797:2587797 [0] NCCL INFO Channel 03/24 : 0 1
pluto-prod-yutengl-dev-202-3-0:2587797:2587797 [0] NCCL INFO Channel 04/24 : 0 1
pluto-prod-yutengl-dev-202-3-0:2587797:2587797 [0] NCCL INFO Channel 05/24 : 0 1
pluto-prod-yutengl-dev-202-3-0:2587797:2587797 [0] NCCL INFO Channel 06/24 : 0 1
pluto-prod-yutengl-dev-202-3-0:2587797:2587797 [0] NCCL INFO Channel 07/24 : 0 1
pluto-prod-yutengl-dev-202-3-0:2587797:2587797 [0] NCCL INFO Channel 08/24 : 0 1
pluto-prod-yutengl-dev-202-3-0:2587797:2587797 [0] NCCL INFO Channel 09/24 : 0 1
pluto-prod-yutengl-dev-202-3-0:2587797:2587797 [0] NCCL INFO Channel 10/24 : 0 1
pluto-prod-yutengl-dev-202-3-0:2587797:2587797 [0] NCCL INFO Channel 11/24 : 0 1
pluto-prod-yutengl-dev-202-3-0:2587797:2587797 [0] NCCL INFO Channel 12/24 : 0 1
pluto-prod-yutengl-dev-202-3-0:2587797:2587797 [0] NCCL INFO Channel 13/24 : 0 1
pluto-prod-yutengl-dev-202-3-0:2587797:2587797 [0] NCCL INFO Channel 14/24 : 0 1
pluto-prod-yutengl-dev-202-3-0:2587797:2587797 [0] NCCL INFO Channel 15/24 : 0 1
pluto-prod-yutengl-dev-202-3-0:2587797:2587797 [0] NCCL INFO Channel 16/24 : 0 1
pluto-prod-yutengl-dev-202-3-0:2587797:2587797 [0] NCCL INFO Channel 17/24 : 0 1
pluto-prod-yutengl-dev-202-3-0:2587797:2587797 [0] NCCL INFO Channel 18/24 : 0 1
pluto-prod-yutengl-dev-202-3-0:2587797:2587797 [0] NCCL INFO Channel 19/24 : 0 1
pluto-prod-yutengl-dev-202-3-0:2587797:2587797 [0] NCCL INFO Channel 20/24 : 0 1
pluto-prod-yutengl-dev-202-3-0:2587797:2587797 [0] NCCL INFO Channel 21/24 : 0 1
pluto-prod-yutengl-dev-202-3-0:2587797:2587797 [0] NCCL INFO Channel 22/24 : 0 1
pluto-prod-yutengl-dev-202-3-0:2587797:2587797 [0] NCCL INFO Channel 23/24 : 0 1
pluto-prod-yutengl-dev-202-3-0:2587797:2587797 [0] NCCL INFO Trees [0] 1/-1/-1->0->-1 [1] 1/-1/-1->0->-1 [2] 1/-1/-1->0->-1 [3] 1/-1/-1->0->-1 [4] 1/-1/-1->0->-1 [5] 1/-1/-1->0->-1 [6] -1/-1/-1->0->1 [7] -1/-1/-1-[09-16 00:55:08] Found nccl from library libnccl.so.2
[09-16 00:55:08] sglang-diffusion is using nccl==2.29.7
>0->1 [8] -1/-1/-1->0->1 [9] -1/-1/-1->0->1 [10] -1/-1/-1->0->1 [11] -1/-1/-1->0->1 [12] 1/-1/-1->0->-1 [13] 1/-1/-1->0->-1 [14] 1/-1/-1->0->-1 [15] 1/-1/-1->0->-1 [16] 1/-1/-1->0->-1 [17] 1/-1/-1->0->-1 [18] -1/-1/-1->0->1 [19] -1/-1/-1->0->1 [20] -1/-1/-1->0->1 [21] -1/-1/-1->0->1 [22] -1/-1/-1->0->1 [23] -1/-1/-1->0->1
pluto-prod-yutengl-dev-202-3-0:2587797:2587797 [0] NCCL INFO P2P Chunksize set to 524288
pluto-prod-yutengl-dev-202-3-0:2587797:2587797 [0] NCCL INFO Check P2P Type isAllDirectP2p 1 directMode 0 isAllCudaP2p 1
pluto-prod-yutengl-dev-202-3-0:2587797:2588483 [0] NCCL INFO [Proxy Service] Device 0 CPU core 4
pluto-prod-yutengl-dev-202-3-0:2587797:2588485 [0] NCCL INFO [Proxy Service UDS] Device 0 CPU core 128
pluto-prod-yutengl-dev-202-3-0:2587797:2587797 [0] NCCL INFO NET/OFI Region base Tuner is chosen for platform: p5.48xlarge
pluto-prod-yutengl-dev-202-3-0:2587797:2587797 [0] NCCL INFO NET/OFI Region Tuner init (platform 0): comm with 2 ranks and 1 nodes.
pluto-prod-yutengl-dev-202-3-0:2587797:2587797 [0] NCCL INFO NET/OFI Tuner init: comm with 2 ranks and 1 nodes.
pluto-prod-yutengl-dev-202-3-0:2587797:2587797 [0] NCCL INFO threadThresholds 8/8/64 | 16/8/64 | 512 | 512
pluto-prod-yutengl-dev-202-3-0:2587797:2587797 [0] NCCL INFO 24 coll channels, 24 collnet channels, 16 nvls channels, 32 p2p channels, 32 p2p channels per peer
pluto-prod-yutengl-dev-202-3-0:2587797:2587797 [0] NCCL INFO Symmetric VA size=80GB
pluto-prod-yutengl-dev-202-3-0:2587797:2587797 [0] NCCL INFO CC Off, workFifoBytes 1048576
pluto-prod-yutengl-dev-202-3-0:2587797:2587797 [0] NCCL INFO ncclCommSplit comm 0x560c36db8230 rank 0 nranks 2 cudaDev 0 nvmlDev 0 busId 64000 parent 0x560c2d4b2c20 childCount 16 color 2130503744 key 0 - Init COMPLETE
pluto-prod-yutengl-dev-202-3-0:2587797:2587797 [0] NCCL INFO Init timings - ncclCommSplit: rank 0 nranks 2 total 0.11 (kernels 0.00, alloc 0.00, bootstrap 0.00, allgathers 0.00, topo 0.02, graphs 0.00, connections 0.08, rest 0.01)
pluto-prod-yutengl-dev-202-3-0:2587797:2587797 [0] NCCL INFO Initialized NET plugin Socket
pluto-prod-yutengl-dev-202-3-0:2587797:2587797 [0] NCCL INFO Assigned NET plugin Socket to comm
pluto-prod-yutengl-dev-202-3-0:2587797:2587797 [0] NCCL INFO Failed to initialize any GIN plugin
pluto-prod-yutengl-dev-202-3-0:2587797:2587797 [0] NCCL INFO Using network Socket
pluto-prod-yutengl-dev-202-3-0:2587797:2587797 [0] NCCL INFO [Rank 0] ncclCommInitRank comm 0x560c3715d7c0 rank 0 nranks 2 cudaDev 0 nvmlDev 0 busId 64000 commId 0xba6969ea991b76d1 - Init START
pluto-prod-yutengl-dev-202-3-0:2587797:2587797 [0] NCCL INFO Bootstrap timings total 0.000841 (create 0.000056, send 0.000214, recv 0.000363, ring 0.000030, delay 0.000000)
pluto-prod-yutengl-dev-202-3-0:2587797:2587797 [0] NCCL INFO MNNVL busId 0x64000 fabric UUID 0.0 cliqueId 0x0 state 3 healthMask 0x0
pluto-prod-yutengl-dev-202-3-0:2587797:2587797 [0] NCCL INFO ncclTopoGetCpuAffinity: Affinity for GPU 0 is 0-47,96-143. (GPU affinity = 0-47,96-143 ; CPU affinity = 0-47,96-143).
pluto-prod-yutengl-dev-202-3-0:2587797:2587797 [0] NCCL INFO NVLS multicast support is available on dev 0 (NVLS_NCHANNELS 16)
pluto-prod-yutengl-dev-202-3-0:2587797:2587797 [0] NCCL INFO comm 0x560c3715d7c0 rank 0 nRanks 2 nNodes 1 localRanks 2 localRank 0 MNNVL 0
pluto-prod-yutengl-dev-202-3-0:2587797:2587797 [0] NCCL INFO Channel 00/24 : 0 1
pluto-prod-yutengl-dev-202-3-0:2587797:2587797 [0] NCCL INFO Channel 01/24 : 0 1
pluto-prod-yutengl-dev-202-3-0:2587797:2587797 [0] NCCL INFO Channel 02/24 : 0 1
pluto-prod-yutengl-dev-202-3-0:2587797:2587797 [0] NCCL INFO Channel 03/24 : 0 1
pluto-prod-yutengl-dev-202-3-0:2587797:2587797 [0] NCCL INFO Channel 04/24 : 0 1
pluto-prod-yutengl-dev-202-3-0:2587797:2587797 [0] NCCL INFO Channel 05/24 : 0 1
pluto-prod-yutengl-dev-202-3-0:2587797:2587797 [0] NCCL INFO Channel 06/24 : 0 1
pluto-prod-yutengl-dev-202-3-0:2587797:2587797 [0] NCCL INFO Channel 07/24 : 0 1
pluto-prod-yutengl-dev-202-3-0:2587797:2587797 [0] NCCL INFO Channel 08/24 : 0 1
pluto-prod-yutengl-dev-202-3-0:2587797:2587797 [0] NCCL INFO Chan [1] NCCL INFO Trees [0] -1/-1/-1->1->0 [1] -1/-1/-1->1->0 [2] -1/-1/-1->1->0 [3] -1/-1/-1->1->0 [4] -1/-1/-1->1->0 [5] -1/-1/-1->1->0 [6] 0/-1/-1->1->-1 [7] 0/-1/-1->1->-1 [8] 0/-1/-1->1->-1 [9] 0/-1/-1->1->-1 [10] 0/-1/-1->1->-1 [11] 0/-1/-1->1->-1 [12] -1/-1/-1->1->0 [13] -1/-1/-1->1->0 [14] -1/-1/-1->1->0 [15] -1/-1/-1->1->0 [16] -1/-1/-1->1->0 [17] -1/-1/-1->1->0 [18] 0/-1/-1->1->-1 [19] 0/-1/-1->1->-1 [20] 0/-1/-1->1->-1 [21] 0/-1/-1->1->-1 [22] 0/-1/-1->1->-1 [23] 0/-1/-1->1->-1
pluto-prod-yutengl-dev-202-3-0:2587798:2587798 [1] NCCL INFO P2P Chunksize set to 524288
pluto-prod-yutengl-dev-202-3-0:2587798:2587798 [1] NCCL INFO Check P2P Type isAllDirectP2p 1 directMode 0 isAllCudaP2p 1
pluto-prod-yutengl-dev-202-3-0:2587798:2588484 [0] NCCL INFO [Proxy Service UDS] Device 1 CPU core 10
pluto-prod-yutengl-dev-202-3-0:2587798:2588482 [0] NCCL INFO [Proxy Service] Device 1 CPU core 42
pluto-prod-yutengl-dev-202-3-0:2587798:2587798 [1] NCCL INFO NET/OFI Region base Tuner is chosen for platform: p5.48xlarge
pluto-prod-yutengl-dev-202-3-0:2587798:2587798 [1] NCCL INFO NET/OFI Region Tuner init (platform 0): comm with 2 ranks and 1 nodes.
pluto-prod-yutengl-dev-202-3-0:2587798:2587798 [1] NCCL INFO NET/OFI Tuner init: comm with 2 ranks and 1 nodes.
pluto-prod-yutengl-dev-202-3-0:2587798:2587798 [1] NCCL INFO threadThresholds 8/8/64 | 16/8/64 | 512 | 512
pluto-prod-yutengl-dev-202-3-0:2587798:2587798 [1] NCCL INFO 24 coll channels, 24 collnet channels, 16 nvls channels, 32 p2p channels, 32 p2p channels per peer
pluto-prod-yutengl-dev-202-3-0:2587798:2587798 [1] NCCL INFO Symmetric VA size=80GB
pluto-prod-yutengl-dev-202-3-0:2587798:2587798 [1] NCCL INFO ncclCommSplit comm 0x56528cad8df0 rank 1 nranks 2 cudaDev 1 nvmlDev 1 busId 75000 parent 0x5652831d4fe0 childCount 16 color 2130503744 key 1 - Init COMPLETE
pluto-prod-yutengl-dev-202-3-0:2587798:2587798 [1] NCCL INFO Init timings - ncclCommSplit: rank 1 nranks 2 total 0.11 (kernels 0.00, alloc 0.00, bootstrap 0.00, allgathers 0.00, topo 0.02, graphs 0.00, connections 0.08, rest 0.01)
pluto-prod-yutengl-dev-202-3-0:2587798:2587798 [1] NCCL INFO Initialized NET plugin Socket
pluto-prod-yutengl-dev-202-3-0:2587798:2587798 [1] NCCL INFO Assigned NET plugin Socket to comm
pluto-prod-yutengl-dev-202-3-0:2587798:2587798 [1] NCCL INFO Failed to initialize any GIN plugin
pluto-prod-yutengl-dev-202-3-0:2587798:2587798 [1] NCCL INFO Using network Socket
pluto-prod-yutengl-dev-202-3-0:2587798:2587798 [1] NCCL INFO [Rank 1] ncclCommInitRank comm 0x56528ce7dd70 rank 1 nranks 2 cudaDev 1 nvmlDev 1 busId 75000 commId 0xba6969ea991b76d1 - Init START
pluto-prod-yutengl-dev-202-3-0:2587798:2587798 [1] NCCL INFO Bootstrap timings total 0.000782 (create 0.000061, send 0.000141, recv 0.000237, ring 0.000033, delay 0.000000)
pluto-prod-yutengl-dev-202-3-0:2587798:2587798 [1] NCCL INFO MNNVL busId 0x75000 fabric UUID 0.0 cliqueId 0x0 state 3 healthMask 0x0
pluto-prod-yutengl-dev-202-3-0:2587798:2587798 [1] NCCL INFO ncclTopoGetCpuAffinity: Affinity for GPU 1 is 0-47,96-143. (GPU affinity = 0-47,96-143 ; CPU affinity = 0-47,96-143).
pluto-prod-yutengl-dev-202-3-0:2587798:2587798 [1] NCCL INFO NVLS multicast support is available on dev 1 (NVLS_NCHANNELS 16)
pluto-prod-yutengl-dev-202-3-0:2587798:2587798 [1] NCCL INFO comm 0x56528ce7dd70 rank 1 nRanks 2 nNodes 1 localRanks 2 localRank 1 MNNVL 0
pluto-prod-yutengl-dev-202-3-0:2587798:2587798 [1] NCCL INFO Trees [0] -1/-1/-1->1->0 [1] -1/-1/-1->1->0 [2] -1/-1/-1->1->0 [3] -1/-1/-1->1->0 [4] -1/-1/-1->1->0 [5] -1/-1/-1->1->0 [6] 0/-1/-1->1->-1 [7] 0/-1/-1->1->-1 [8] 0/-1/-1->1->-1 [9] 0/-1/-1->1->-1 [10] 0/-1/-1->1->-1 [11] 0/-1/-1->1->-1 [12] -1/-1/-1->1->0 [13] -1/-1/-1->1->0 [14] -1/-1/-1->1->0 [15] -1/-1/-1->1->0 [16] -1/-1/-1->1->0 [17] -1/-1/-1->1->0 [18] 0/-1/-1->1->-1 [19] 0/-1/-1->1->-1 [20] 0/-1/-1->1->-1 [21] 0/-1/-1->1->-1 [22] 0/-1/-1->1->-1 [23] 0/-1/-1->1->-1
pluto-prod-yutengl-dev-202-3-0:2587798:2587798 [1] NCCL INFO P2P Chunksize set to 524288
pluto-prod-yutengl-dev-202-3-0:2587798:2587798 [1] NCCL INFO Check P2P Type isAllDirectP2p 1nel 09/24 : 0 1
pluto-prod-yutengl-dev-202-3-0:2587797:2587797 [0] NCCL INFO Channel 10/24 : 0 1
pluto-prod-yutengl-dev-202-3-0:2587797:2587797 [0] NCCL INFO Channel 11/24 : 0 1
pluto-prod-yutengl-dev-202-3-0:2587797:2587797 [0] NCCL INFO Channel 12/24 : 0 1
pluto-prod-yutengl-dev-202-3-0:2587797:2587797 [0] NCCL INFO Channel 13/24 : 0 1
pluto-prod-yutengl-dev-202-3-0:2587797:2587797 [0] NCCL INFO Channel 14/24 : 0 1
pluto-prod-yutengl-dev-202-3-0:2587797:2587797 [0] NCCL INFO Channel 15/24 : 0 1
pluto-prod-yutengl-dev-202-3-0:2587797:2587797 [0] NCCL INFO Channel 16/24 : 0 1
pluto-prod-yutengl-dev-202-3-0:2587797:2587797 [0] NCCL INFO Channel 17/24 : 0 1
pluto-prod-yutengl-dev-202-3-0:2587797:2587797 [0] NCCL INFO Channel 18/24 : 0 1
pluto-prod-yutengl-dev-202-3-0:2587797:2587797 [0] NCCL INFO Channel 19/24 : 0 1
pluto-prod-yutengl-dev-202-3-0:2587797:2587797 [0] NCCL INFO Channel 20/24 : 0 1
pluto-prod-yutengl-dev-202-3-0:2587797:2587797 [0] NCCL INFO Channel 21/24 : 0 1
pluto-prod-yutengl-dev-202-3-0:2587797:2587797 [0] NCCL INFO Channel 22/24 : 0 1
pluto-prod-yutengl-dev-202-3-0:2587797:2587797 [0] NCCL INFO Channel 23/24 : 0 1
pluto-prod-yutengl-dev-202-3-0:2587797:2587797 [0] NCCL INFO Trees [0] 1/-1/-1->0->-1 [1] 1/-1/-1->0->-1 [2] 1/-1/-1->0->-1 [3] 1/-1/-1->0->-1 [4] 1/-1/-1->0->-1 [5] 1/-1/-1->0->-1 [6] -1/-1/-1->0->1 [7] -1/-1/-1->0->1 [8] -1/-1/-1->0->1 [9] -1/-1/-1->0->1 [10] -1/-1/-1->0->1 [11] -1/-1/-1->0->1 [12] 1/-1/-1->0->-1 [13] 1/-1/-1->0->-1 [14] 1/-1/-1->0->-1 [15] 1/-1/-1->0->-1 [16] 1/-1/-1->0->-1 [17] 1/-1/-1->0->-1 [18] -1/-1/-1->0->1 [19] -1/-1/-1->0->1 [20] -1/-1/-1->0->1 [21] -1/-1/-1->0->1 [22] -1/-1/-1->0->1 [23] -1/-1/-1->0->1
pluto-prod-yutengl-dev-202-3-0:2587797:2587797 [0] NCCL INFO P2P Chunksize set to 524288
pluto-prod-yutengl-dev-202-3-0:2587797:2587797 [0] NCCL INFO Check P2P Type isAllDirectP2p 1 directMode 0 isAllCudaP2p 1
pluto-prod-yutengl-dev-202-3-0:2587797:2588494 [0] NCCL INFO [Proxy Service] Device 0 CPU core 34
pluto-prod-yutengl-dev-202-3-0:2587797:2588496 [0] NCCL INFO [Proxy Service UDS] Device 0 CPU core 41
pluto-prod-yutengl-dev-202-3-0:2587797:2587797 [0] NCCL INFO NET/OFI Region base Tuner is chosen for platform: p5.48xlarge
pluto-prod-yutengl-dev-202-3-0:2587797:2587797 [0] NCCL INFO NET/OFI Region Tuner init (platform 0): comm with 2 ranks and 1 nodes.
pluto-prod-yutengl-dev-202-3-0:2587797:2587797 [0] NCCL INFO NET/OFI Tuner init: comm with 2 ranks and 1 nodes.
pluto-prod-yutengl-dev-202-3-0:2587797:2587797 [0] NCCL INFO threadThresholds 8/8/64 | 16/8/64 | 512 | 512
pluto-prod-yutengl-dev-202-3-0:2587797:2587797 [0] NCCL INFO 24 coll channels, 24 collnet channels, 16 nvls channels, 32 p2p channels, 32 p2p channels per peer
pluto-prod-yutengl-dev-202-3-0:2587797:2587797 [0] NCCL INFO Symmetric VA size=80GB
pluto-prod-yutengl-dev-202-3-0:2587797:2587797 [0] NCCL INFO CC Off, workFifoBytes 1048576
pluto-prod-yutengl-dev-202-3-0:2587797:2587797 [0] NCCL INFO ncclCommInitRank comm 0x560c3715d7c0 rank 0 nranks 2 cudaDev 0 nvmlDev 0 busId 64000 commId 0xba6969ea991b76d1 - Init COMPLETE
pluto-prod-yutengl-dev-202-3-0:2587797:2587797 [0] NCCL INFO Init timings - ncclCommInitRank: rank 0 nranks 2 total 0.11 (kernels 0.00, alloc 0.00, bootstrap 0.00, allgathers 0.00, topo 0.02, graphs 0.00, connections 0.08, rest 0.01)
pluto-prod-yutengl-dev-202-3-0:2587797:2587797 [0] NCCL INFO Symmetric VA size=80GB
pluto-prod-yutengl-dev-202-3-0:2587797:2587797 [0] NCCL INFO Channel 00/0 : 0[0] -> 1[1] via P2P/CUMEM
pluto-prod-yutengl-dev-202-3-0:2587797:2587797 [0] NCCL INFO Channel 01/0 : 0[0] -> 1[1] via P2P/CUMEM
pluto-prod-yutengl-dev-202-3-0:2587797:2587797 [0] NCCL INFO Channel 02/0 : 0[0] -> 1[1] via P2P/CUMEM
pluto-prod-yutengl-dev-202-3-0:2587797:2587797 [0] NCCL INFO Channel 03/0 : 0[0] -> 1[1] via P2P/CUMEM
pluto-prod-yutengl-dev-202-3-0:2587797:2587797 [0] NCCL INFO Channel 04/0 : 0[0] -> 1[1] via P2P/CUMEM
pluto-prod-yutengl-dev-202-3-0:2587797:2587797 [0] NCCL INFO Channel 05/0 : 0[0] -> 1[1] via P2P/CUMEM
pluto-prod-yutengl-dev-202-3-0:2587797:2587797 [0] NCCL INFO Chann directMode 0 isAllCudaP2p 1
pluto-prod-yutengl-dev-202-3-0:2587798:2588493 [0] NCCL INFO [Proxy Service] Device 1 CPU core 119
pluto-prod-yutengl-dev-202-3-0:2587798:2588495 [0] NCCL INFO [Proxy Service UDS] Device 1 CPU core 34
pluto-prod-yutengl-dev-202-3-0:2587798:2587798 [1] NCCL INFO NET/OFI Region base Tuner is chosen for platform: p5.48xlarge
pluto-prod-yutengl-dev-202-3-0:2587798:2587798 [1] NCCL INFO NET/OFI Region Tuner init (platform 0): comm with 2 ranks and 1 nodes.
pluto-prod-yutengl-dev-202-3-0:2587798:2587798 [1] NCCL INFO NET/OFI Tuner init: comm with 2 ranks and 1 nodes.
pluto-prod-yutengl-dev-202-3-0:2587798:2587798 [1] NCCL INFO threadThresholds 8/8/64 | 16/8/64 | 512 | 512
pluto-prod-yutengl-dev-202-3-0:2587798:2587798 [1] NCCL INFO 24 coll channels, 24 collnet channels, 16 nvls channels, 32 p2p channels, 32 p2p channels per peer
pluto-prod-yutengl-dev-202-3-0:2587798:2587798 [1] NCCL INFO Symmetric VA size=80GB
pluto-prod-yutengl-dev-202-3-0:2587798:2587798 [1] NCCL INFO ncclCommInitRank comm 0x56528ce7dd70 rank 1 nranks 2 cudaDev 1 nvmlDev 1 busId 75000 commId 0xba6969ea991b76d1 - Init COMPLETE
pluto-prod-yutengl-dev-202-3-0:2587798:2587798 [1] NCCL INFO Init timings - ncclCommInitRank: rank 1 nranks 2 total 0.11 (kernels 0.00, alloc 0.00, bootstrap 0.00, allgathers 0.00, topo 0.02, graphs 0.00, connections 0.08, rest 0.01)
pluto-prod-yutengl-dev-202-3-0:2587798:2587798 [1] NCCL INFO Symmetric VA size=80GB
pluto-prod-yutengl-dev-202-3-0:2587798:2587798 [1] NCCL INFO Channel 00/0 : 1[1] -> 0[0] via P2P/CUMEM
pluto-prod-yutengl-dev-202-3-0:2587798:2587798 [1] NCCL INFO Channel 01/0 : 1[1] -> 0[0] via P2P/CUMEM
pluto-prod-yutengl-dev-202-3-0:2587798:2587798 [1] NCCL INFO Channel 02/0 : 1[1] -> 0[0] via P2P/CUMEM
pluto-prod-yutengl-dev-202-3-0:2587798:2587798 [1] NCCL INFO Channel 03/0 : 1[1] -> 0[0] via P2P/CUMEM
pluto-prod-yutengl-dev-202-3-0:2587798:2587798 [1] NCCL INFO Channel 04/0 : 1[1] -> 0[0] via P2P/CUMEM
pluto-prod-yutengl-dev-202-3-0:2587798:2587798 [1] NCCL INFO Channel 05/0 : 1[1] -> 0[0] via P2P/CUMEM
pluto-prod-yutengl-dev-202-3-0:2587798:2587798 [1] NCCL INFO Channel 06/0 : 1[1] -> 0[0] via P2P/CUMEM
pluto-prod-yutengl-dev-202-3-0:2587798:2587798 [1] NCCL INFO Channel 07/0 : 1[1] -> 0[0] via P2P/CUMEM
pluto-prod-yutengl-dev-202-3-0:2587798:2587798 [1] NCCL INFO Channel 08/0 : 1[1] -> 0[0] via P2P/CUMEM
pluto-prod-yutengl-dev-202-3-0:2587798:2587798 [1] NCCL INFO Channel 09/0 : 1[1] -> 0[0] via P2P/CUMEM
pluto-prod-yutengl-dev-202-3-0:2587798:2587798 [1] NCCL INFO Channel 10/0 : 1[1] -> 0[0] via P2P/CUMEM
pluto-prod-yutengl-dev-202-3-0:2587798:2587798 [1] NCCL INFO Channel 11/0 : 1[1] -> 0[0] via P2P/CUMEM
pluto-prod-yutengl-dev-202-3-0:2587798:2587798 [1] NCCL INFO Channel 12/0 : 1[1] -> 0[0] via P2P/CUMEM
pluto-prod-yutengl-dev-202-3-0:2587798:2587798 [1] NCCL INFO Channel 13/0 : 1[1] -> 0[0] via P2P/CUMEM
pluto-prod-yutengl-dev-202-3-0:2587798:2587798 [1] NCCL INFO Channel 14/0 : 1[1] -> 0[0] via P2P/CUMEM
pluto-prod-yutengl-dev-202-3-0:2587798:2587798 [1] NCCL INFO Channel 15/0 : 1[1] -> 0[0] via P2P/CUMEM
pluto-prod-yutengl-dev-202-3-0:2587798:2587798 [1] NCCL INFO Channel 16/0 : 1[1] -> 0[0] via P2P/CUMEM
pluto-prod-yutengl-dev-202-3-0:2587798:2587798 [1] NCCL INFO Channel 17/0 : 1[1] -> 0[0] via P2P/CUMEM
pluto-prod-yutengl-dev-202-3-0:2587798:2587798 [1] NCCL INFO Channel 18/0 : 1[1] -> 0[0] via P2P/CUMEM
pluto-prod-yutengl-dev-202-3-0:2587798:2587798 [1] NCCL INFO Channel 19/0 : 1[1] -> 0[0] via P2P/CUMEM
pluto-prod-yutengl-dev-202-3-0:2587798:2587798 [1] NCCL INFO Channel 20/0 : 1[1] -> 0[0] via P2P/CUMEM
pluto-prod-yutengl-dev-202-3-0:2587798:2587798 [1] NCCL INFO Channel 21/0 : 1[1] -> 0[0] via P2P/CUMEM
pluto-prod-yutengl-dev-202-3-0:2587798:2587798 [1] NCCL INFO Channel 22/0 : 1[1] -> 0[0] via P2P/CUMEM
pluto-prod-yutengl-dev-202-3-0:2587798:2587798 [1] NCCL INFO Channel 23/0 : 1[1] -> 0[0] via P2P/CUMEM
pluto-prod-yutengl-dev-202-3-0:2587798:2587798 [1] NCCL INFO Connected all rings, use ring PXN 0 GDR 1
pluto-prod-yutengl-dev-202-3-0:2587798:2587798 [1] NCCL INFO Comm cel 06/0 : 0[0] -> 1[1] via P2P/CUMEM
pluto-prod-yutengl-dev-202-3-0:2587797:2587797 [0] NCCL INFO Channel 07/0 : 0[0] -> 1[1] via P2P/CUMEM
pluto-prod-yutengl-dev-202-3-0:2587797:2587797 [0] NCCL INFO Channel 08/0 : 0[0] -> 1[1] via P2P/CUMEM
pluto-prod-yutengl-dev-202-3-0:2587797:2587797 [0] NCCL INFO Channel 09/0 : 0[0] -> 1[1] via P2P/CUMEM
pluto-prod-yutengl-dev-202-3-0:2587797:2587797 [0] NCCL INFO Channel 10/0 : 0[0] -> 1[1] via P2P/CUMEM
pluto-prod-yutengl-dev-202-3-0:2587797:2587797 [0] NCCL INFO Channel 11/0 : 0[0] -> 1[1] via P2P/CUMEM
pluto-prod-yutengl-dev-202-3-0:2587797:2587797 [0] NCCL INFO Channel 12/0 : 0[0] -> 1[1] via P2P/CUMEM
pluto-prod-yutengl-dev-202-3-0:2587797:2587797 [0] NCCL INFO Channel 13/0 : 0[0] -> 1[1] via P2P/CUMEM
pluto-prod-yutengl-dev-202-3-0:2587797:2587797 [0] NCCL INFO Channel 14/0 : 0[0] -> 1[1] via P2P/CUMEM
pluto-prod-yutengl-dev-202-3-0:2587797:2587797 [0] NCCL INFO Channel 15/0 : 0[0] -> 1[1] via P2P/CUMEM
pluto-prod-yutengl-dev-202-3-0:2587797:2587797 [0] NCCL INFO Channel 16/0 : 0[0] -> 1[1] via P2P/CUMEM
pluto-prod-yutengl-dev-202-3-0:2587797:2587797 [0] NCCL INFO Channel 17/0 : 0[0] -> 1[1] via P2P/CUMEM
pluto-prod-yutengl-dev-202-3-0:2587797:2587797 [0] NCCL INFO Channel 18/0 : 0[0] -> 1[1] via P2P/CUMEM
pluto-prod-yutengl-dev-202-3-0:2587797:2587797 [0] NCCL INFO Channel 19/0 : 0[0] -> 1[1] via P2P/CUMEM
pluto-prod-yutengl-dev-202-3-0:2587797:2587797 [0] NCCL INFO Channel 20/0 : 0[0] -> 1[1] via P2P/CUMEM
pluto-prod-yutengl-dev-202-3-0:2587797:2587797 [0] NCCL INFO Channel 21/0 : 0[0] -> 1[1] via P2P/CUMEM
pluto-prod-yutengl-dev-202-3-0:2587797:2587797 [0] NCCL INFO Channel 22/0 : 0[0] -> 1[1] via P2P/CUMEM
pluto-prod-yutengl-dev-202-3-0:2587797:2587797 [0] NCCL INFO Channel 23/0 : 0[0] -> 1[1] via P2P/CUMEM
pluto-prod-yutengl-dev-202-3-0:2587797:2587797 [0] NCCL INFO Connected all rings, use ring PXN 0 GDR 1
pluto-prod-yutengl-dev-202-3-0:2587797:2587797 [0] NCCL INFO Comm config Blocking set to 1
pluto-prod-yutengl-dev-202-3-0:2587797:2587797 [0] NCCL INFO Initialized NET plugin Socket
pluto-prod-yutengl-dev-202-3-0:2587797:2587797 [0] NCCL INFO Assigned NET plugin Socket to comm
pluto-prod-yutengl-dev-202-3-0:2587797:2587797 [0] NCCL INFO Failed to initialize any GIN plugin
pluto-prod-yutengl-dev-202-3-0:2587797:2587797 [0] NCCL INFO Using network Socket
pluto-prod-yutengl-dev-202-3-0:2587797:2587797 [0] NCCL INFO ncclCommSplit comm 0x560c37565150 rank 0 nranks 2 cudaDev 0 nvmlDev 0 busId 64000 parent 0x560c2d4b2c20 childCount 17 color 2130503744 key 0- Init START
pluto-prod-yutengl-dev-202-3-0:2587797:2587797 [0] NCCL INFO MNNVL busId 0x64000 fabric UUID 0.0 cliqueId 0x0 state 3 healthMask 0x0
pluto-prod-yutengl-dev-202-3-0:2587797:2587797 [0] NCCL INFO ncclTopoGetCpuAffinity: Affinity for GPU 0 is 0-47,96-143. (GPU affinity = 0-47,96-143 ; CPU affinity = 0-47,96-143).
pluto-prod-yutengl-dev-202-3-0:2587797:2587797 [0] NCCL INFO NVLS multicast support is available on dev 0 (NVLS_NCHANNELS 16)
pluto-prod-yutengl-dev-202-3-0:2587797:2587797 [0] NCCL INFO comm 0x560c37565150 rank 0 nRanks 2 nNodes 1 localRanks 2 localRank 0 MNNVL 0
pluto-prod-yutengl-dev-202-3-0:2587797:2587797 [0] NCCL INFO Channel 00/24 : 0 1
pluto-prod-yutengl-dev-202-3-0:2587797:2587797 [0] NCCL INFO Channel 01/24 : 0 1
pluto-prod-yutengl-dev-202-3-0:2587797:2587797 [0] NCCL INFO Channel 02/24 : 0 1
pluto-prod-yutengl-dev-202-3-0:2587797:2587797 [0] NCCL INFO Channel 03/24 : 0 1
pluto-prod-yutengl-dev-202-3-0:2587797:2587797 [0] NCCL INFO Channel 04/24 : 0 1
pluto-prod-yutengl-dev-202-3-0:2587797:2587797 [0] NCCL INFO Channel 05/24 : 0 1
pluto-prod-yutengl-dev-202-3-0:2587797:2587797 [0] NCCL INFO Channel 06/24 : 0 1
pluto-prod-yutengl-dev-202-3-0:2587797:2587797 [0] NCCL INFO Channel 07/24 : 0 1
pluto-prod-yutengl-dev-202-3-0:2587797:2587797 [0] NCCL INFO Channel 08/24 : 0 1
pluto-prod-yutengl-dev-202-3-0:2587797:2587797 [0] NCCL INFO Channel 09/24 : 0 1
pluto-prod-yutengl-dev-202-3-0:2587797:2587797 [0] NCCL INFO Channel 10/24 : 0 1
pluto-prod-yutengl-dev-202-3-0:2587797:2587797 [0] NCCL INFO Chann[09-16 00:55:08] No pipeline_class_name specified, using model_index.json
[93m[09-16 00:55:09] Skipping pipeline module sglang.multimodal_gen.runtime.pipelines.hunyuan3d_pipeline during discovery due to import failure: Duplicate NCCL runtime found in the current system: /home/colligo/sglang-wiki/envs/run/lib/python3.10/site-packages/nvidia/nccl/lib/libnccl.so.2 and /opt/aws-ofi-nccl/install/lib/libnccl-net-ofi.so[0;0m
[93m[09-16 00:55:09] Skipping pipeline module sglang.multimodal_gen.runtime.pipelines.pi05 during discovery due to import failure: Duplicate NCCL runtime found in the current system: /home/colligo/sglang-wiki/envs/run/lib/python3.10/site-packages/nvidia/nccl/lib/libnccl.so.2 and /opt/aws-ofi-nccl/install/lib/libnccl-net-ofi.so[0;0m
[09-16 00:55:09] Diffusers version: 0.37.1
[09-16 00:55:09] Using pipeline from model_index.json: Cosmos3OmniDiffusersPipeline
[09-16 00:55:09] Loading pipeline modules...
[09-16 00:55:09] Model already exists locally and is complete
[09-16 00:55:09] Model path: /mnt/localssd/models/Cosmos3-Super-fe77b66696d645f663b8f27e942b3b43e4629e23
[09-16 00:55:09] Diffusers version: 0.37.1
[09-16 00:55:09] Model already exists locally and is complete
[09-16 00:55:09] Model path: /mnt/localssd/models/Cosmos3-Super-fe77b66696d645f663b8f27e942b3b43e4629e23
[09-16 00:55:09] Diffusers version: 0.37.1
[09-16 00:55:09] Loading pipeline modules from config: {'_class_name': 'Cosmos3OmniDiffusersPipeline', '_diffusers_version': '0.37.1', 'scheduler': ['diffusers', 'UniPCMultistepScheduler'], 'text_tokenizer': ['transformers', 'Qwen2TokenizerFast'], 'transformer': ['diffusers', 'Cosmos3OmniTransformer'], 'vae': ['diffusers', 'AutoencoderKLWan'], 'vision_encoder': ['transformers', 'Qwen3VLVisionModel'], 'sound_tokenizer': ['diffusers', 'Cosmos3AVAEAudioTokenizer']}
[09-16 00:55:09] Loading required components: ['text_tokenizer', 'vae', 'transformer', 'scheduler', 'sound_tokenizer']
Loading required modules:   0%|          | 0/5 [00:00<?, ?it/s][09-16 00:55:09] Memory-aware component load order: ['transformer', 'sound_tokenizer', 'vae', 'text_tokenizer', 'scheduler']
Loading required modules:   0%|          | 0/5 [00:00<?, ?it/s][09-16 00:55:09] Loading transformer from /mnt/localssd/models/Cosmos3-Super-fe77b66696d645f663b8f27e942b3b43e4629e23/transformer. avail mem: 75.07 GB
[09-16 00:55:09] Loading Cosmos3OmniTransformer from 27 safetensors file(s) , param_dtype: torch.bfloat16

Loading safetensors checkpoint shards: 0%|          | 0/27[A
Loading safetensors checkpoint shards: 4%|▎         | 1/27[A
Loading safetensors checkpoint shards: 7%|▋         | 2/27[A
Loading safetensors checkpoint shards: 11%|█         | 3/27[A
Loading safetensors checkpoint shards: 15%|█▍        | 4/27[A
Loading safetensors checkpoint shards: 19%|█▊        | 5/27[A
Loading safetensors checkpoint shards: 22%|██▏       | 6/27[A
Loading safetensors checkpoint shards: 26%|██▌       | 7/27[A
Loading safetensors checkpoint shards: 30%|██▉       | 8/27[A
Loading safetensors checkpoint shards: 33%|███▎      | 9/27[A
Loading safetensors checkpoint shards: 37%|███▋      | 10/27[A
Loading safetensors checkpoint shards: 41%|████      | 11/27[A
Loading safetensors checkpoint shards: 44%|████▍     | 12/27[A
Loading safetensors checkpoint shards: 48%|████▊     | 13/27[A
Loading safetensors checkpoint shards: 52%|█████▏    | 14/27[A
Loading safetensors checkpoint shards: 56%|█████▌    | 15/27[A
Loading safetensors checkpoint shards: 59%|█████▉    | 16/27[A
Loading safetensors checkpoint shards: 63%|██████▎   | 17/27[A
Loading safetensors checkpoint shards: 67%|██████▋   | 18/27[A
Loading safetensors checkpoint shards: 70%|███████   | 19/27[A
Loading safetensors checkpoint shards: 74%|███████▍  | 20/27[A
Loading safetensors checkpoint shards: 78%|███████▊  | 21/27[A
Loading safetensors checkpoint shards: 81%|████████▏ | 22/27[A
Loading safetensors checkpoint shards: 85%|████████▌ | 23/27[A
Loading safetensors checkpoint shards: 89%|████████▉ | 24/27[A
Loading safetensors checkpoint shards: 93%|█████████▎| 25/27[A
Loading safetensors checkpoint shards: 96%|█████████▋| 26/27[ALoading safetensors checkpoint shards: 100%|██████████| 27/27
[09-16 00:55:15] Attention backends for transformer: fa
[09-16 00:55:15] Loaded transformer: Cosmos3OmniTransformer (sgl-diffusion version). model size: 117.85 GB, host mmap: 41.30 GB, host pageable: 76.55 GB. avail GPU mem: 75.07 GB
Loading required modules:  20%|██        | 1/5 [00:06<00:26,  6.56s/it][09-16 00:55:15] Loading sound_tokenizer from /mnt/localssd/models/Cosmos3-Super-fe77b66696d645f663b8f27e942b3b43e4629e23/sound_tokenizer. avail mem: 75.07 GB
/home/colligo/sglang-wiki/envs/run/lib/python3.10/site-packages/torch/nn/utils/weight_norm.py:144: FutureWarning: `torch.nn.utils.weight_norm` is deprecated in favor of `torch.nn.utils.parametrizations.weight_norm`.
  WeightNorm.apply(module, name, dim)
Loading required modules:  20%|██        | 1/5 [00:06<00:26,  6.61s/it]/home/colligo/sglang-wiki/envs/run/lib/python3.10/site-packages/torch/nn/utils/weight_norm.py:144: FutureWarning: `torch.nn.utils.weight_norm` is deprecated in favor of `torch.nn.utils.parametrizations.weight_norm`.
  WeightNorm.apply(module, name, dim)

Loading safetensors checkpoint shards: 0%|          | 0/1[ALoading safetensors checkpoint shards: 100%|██████████| 1/1
[09-16 00:55:17] Loaded sound_tokenizer: Cosmos3AVAEAudioTokenizer (sgl-diffusion version). model size: 0.88 GB, vram: 0.88 GB. avail GPU mem: 74.18 GB
Loading required modules:  40%|████      | 2/5 [00:08<00:11,  3.83s/it][09-16 00:55:17] Loading vae from /mnt/localssd/models/Cosmos3-Super-fe77b66696d645f663b8f27e942b3b43e4629e23/vae. avail mem: 74.18 GB
Loading required modules:  40%|████      | 2/5 [00:08<00:11,  3.84s/it][09-16 00:55:18] vae (VAE) stays on its checkpoint mapping: the deployment is 123.52 GiB of weights against 3.31 GiB of host memory, so copies are host memory the streamed components need more.
[09-16 00:55:18] Wan VAE: spatial-parallel decode; skipping fast path.
[09-16 00:55:18] Loaded vae: AutoencoderKLWan (sgl-diffusion version). model size: 1.31 GB, host mmap: 1.31 GB. avail GPU mem: 74.18 GB
Loading required modules:  60%|██████    | 3/5 [00:08<00:04,  2.30s/it][09-16 00:55:18] Loading text_tokenizer from /mnt/localssd/models/Cosmos3-Super-fe77b66696d645f663b8f27e942b3b43e4629e23/text_tokenizer. avail mem: 74.18 GB
Loading required modules:  60%|██████    | 3/5 [00:09<00:04,  2.37s/it][09-16 00:55:18] Loaded text_tokenizer: Qwen2Tokenizer (sgl-diffusion version). model size: NA GB, weights: none. avail GPU mem: 74.18 GB
Loading required modules:  80%|████████  | 4/5 [00:09<00:01,  1.51s/it][09-16 00:55:18] Loading scheduler from /mnt/localssd/models/Cosmos3-Super-fe77b66696d645f663b8f27e942b3b43e4629e23/scheduler. avail mem: 74.18 GB
[09-16 00:55:18] Overriding scheduler class from UniPCMultistepScheduler to FlowUniPCMultistepScheduler
[09-16 00:55:18] Loaded scheduler: FlowUniPCMultistepScheduler (sgl-diffusion version). model size: NA GB, weights: none. avail GPU mem: 74.18 GB
Loading required modules: 100%|██████████| 5/5 [00:09<00:00,  1.85s/it]
[09-16 00:55:18] Creating pipeline stages...
[93m[09-16 00:55:18] Cosmos3 guardrails disabled because cosmos-guardrail is not installed. Install it with: pip install cosmos-guardrail==0.3.1[0;0m
[09-16 00:55:18] Cosmos3 pipeline stages created successfully (guardrails=False)
[09-16 00:55:18] Pipeline instantiated
[09-16 00:55:18] Layerwise offload host memory: 3.1 GiB available (cgroup cap 292.8 GiB, in use 289.7 GiB)
[09-16 00:55:18] Configuring layerwise offload for transformer (Cosmos3OmniTransformer): gen_layers (64 layers), language_model.layers (64 layers)
[09-16 00:55:18] Layerwise offload: transformer.gen_layers pins 0 of 64 layers (0.00 GiB of 1.14 GiB spendable). Of the rest, 0 are copied into pageable host memory and 64 stay on the checkpoint mapping. Pinning every layer would need 58.13 GiB.
Loading required modules:  80%|████████  | 4/5 [00:09<00:01,  1.56s/it]Loading required modules: 100%|██████████| 5/5 [00:09<00:00,  1.89s/it]
[09-16 00:55:24] Layerwise offload: transformer.language_model.layers pins 0 of 64 layers (0.00 GiB of 1.14 GiB spendable). Of the rest, 0 are copied into pageable host memory and 64 stay on the checkpoint mapping. Pinning every layer would need 58.13 GiB.
[09-16 00:55:31] Layerwise offload: gen_layers ships mapped layers through a courier thread with 2 pinned slots, so their device copies overlap compute instead of stalling it.
[09-16 00:55:31] Layerwise offload: language_model.layers ships mapped layers through a courier thread with 2 pinned slots, so their device copies overlap compute instead of stalling it.
[09-16 00:55:31] Layerwise offload ready for transformer (Cosmos3OmniTransformer) in 13.44s: groups=2, layers=128, prefetch/group=1, resident=2/128, policy=leading
[09-16 00:55:31] Configuring layerwise offload for vae (AutoencoderKLWan): encoder.down_blocks (4 layers), decoder.up_blocks (4 layers)
[09-16 00:55:32] Layerwise offload ready for vae (AutoencoderKLWan) in 0.76s: groups=2, layers=8, prefetch/group=1, resident=0/8, policy=leading
[09-16 00:55:32] Layerwise offload summary: transformer (vram: 2.77 GB, host mmap: 41.25 GB, host pageable: 75.00 GB), vae (vram: 0.66 GB, host pinned: 1.00 GB)
[09-16 00:55:32] Worker 0: Initialized device, model, and distributed environment.
[09-16 00:55:32] Worker 0: Scheduler loop started.
[09-16 00:55:32] Stage generation control plane started
[09-16 00:55:32] Scheduler thread for stage generation set cuda device to 0
[09-16 00:55:32] Stage generation started
[09-16 00:55:32] Process generation ready with stages=['generation']
2026-09-16 00:55:32,978 [INFO] sglang_omni.pipeline.stage_workers: Process generation ready
2026-09-16 00:55:32,978 [INFO] sglang_omni.pipeline.coordinator: Coordinator registered stage: generation at ipc:///tmp/sglang_omni/cosmos3-super-generation-l18q0l5z/stage_generation.sock
2026-09-16 00:55:32,978 [INFO] sglang_omni.pipeline.mp_runner: MultiProcessPipelineRunner started: 1 stage(s), 1 process(es)
2026-09-16 00:55:32,986 [INFO] sglang_omni.pipeline.coordinator: Coordinator submitted req=f3302450-e644-4c80-8a32-58b3991b586a to generation at ipc:///tmp/sglang_omni/cosmos3-super-generation-l18q0l5z/stage_generation.sock bindings=None
[09-16 00:55:32] Diffusers version: 0.37.1
[09-16 00:55:32] Sequence dimension shard is enabled, disabling frame adjustment for better performance
[09-16 00:55:32] Adjusting number of frames from 189 to 189 based on model
[09-16 00:55:32] Processing 1 grouped request(s)
[09-16 00:55:32] Sampling params:
                       width: 1280
                      height: 720
                  num_frames: 189
                         fps: 24
                      prompt: <redacted, len=6760>
                  neg_prompt: <redacted, len=14677>
                        seed: 17
                 infer_steps: 35
      num_outputs_per_prompt: 1
              guidance_scale: 6.0
     embedded_guidance_scale: 6.0
                    n_tokens: None
                  flow_shift: 10.0
                  image_path: None
                 save_output: True
            output_file_path: /home/colligo/sglang-wiki/repos/sglang-omni/results/cosmos3-super/2gpu/generation-quality/native-media/request_s3q52rrc/094b3dc182b249099eb7e8f65bfd2a8d.mp4
        
[09-16 00:55:32] Running pipeline stages: ['Cosmos3ImagePreprocessStage', 'Cosmos3TokenizationStage', 'Cosmos3LatentPreparationStage', 'Cosmos3TimestepPreparationStage', 'Cosmos3DenoisingStage', 'Cosmos3DecodingStage']
[09-16 00:55:32] [Cosmos3ImagePreprocessStage] started...
[09-16 00:55:32] [Cosmos3ImagePreprocessStage] finished in 0.0000 seconds
[09-16 00:55:32] [Cosmos3TokenizationStage] started...
[09-16 00:55:33] [Cosmos3TokenizationStage] finished in 0.0292 seconds
[09-16 00:55:33] [Cosmos3LatentPreparationStage] started...
[09-16 00:55:33] [Cosmos3LatentPreparationStage] Prepared latents with shape (1, 48, 48, 45, 80)
[09-16 00:55:33] [Cosmos3LatentPreparationStage] finished in 0.0015 seconds
[09-16 00:55:33] [Cosmos3TimestepPreparationStage] started...
[09-16 00:55:33] [Cosmos3TimestepPreparationStage] Prepared 35 timesteps (flow_shift=10.0)
[09-16 00:55:33] [Cosmos3TimestepPreparationStage] finished in 0.0004 seconds
[09-16 00:55:33] [Cosmos3DenoisingStage] started...
[09-16 00:55:33] [Cosmos3DenoisingStage] CFG parallel enabled: cfg_size=2, cfg_rank=0
[09-16 00:55:33] [Cosmos3DenoisingStage] Starting denoising with 35 steps, CFG=True, CFG_parallel=True, cfg_rank=0
Denoising:   0%|          | 0/35 [00:00<?, ?it/s][09-16 00:55:33] [Cosmos3DenoisingStage] Prompt and negative prompt tokenize to different lengths (1566 vs 2644); running the CFG branches in separate forwards to keep padding out of the cross-attention
el 11/24 : 0 1
pluto-prod-yutengl-dev-202-3-0:2587797:2587797 [0] NCCL INFO Channel 12/24 : 0 1
pluto-prod-yutengl-dev-202-3-0:2587797:2587797 [0] NCCL INFO Channel 13/24 : 0 1
pluto-prod-yutengl-dev-202-3-0:2587797:2587797 [0] NCCL INFO Channel 14/24 : 0 1
pluto-prod-yutengl-dev-202-3-0:2587797:2587797 [0] NCCL INFO Channel 15/24 : 0 1
pluto-prod-yutengl-dev-202-3-0:2587797:2587797 [0] NCCL INFO Channel 16/24 : 0 1
pluto-prod-yutengl-dev-202-3-0:2587797:2587797 [0] NCCL INFO Channel 17/24 : 0 1
pluto-prod-yutengl-dev-202-3-0:2587797:2587797 [0] NCCL INFO Channel 18/24 : 0 1
pluto-prod-yutengl-dev-202-3-0:2587797:2587797 [0] NCCL INFO Channel 19/24 : 0 1
pluto-prod-yutengl-dev-202-3-0:2587797:2587797 [0] NCCL INFO Channel 20/24 : 0 1
pluto-prod-yutengl-dev-202-3-0:2587797:2587797 [0] NCCL INFO Channel 21/24 : 0 1
pluto-prod-yutengl-dev-202-3-0:2587797:2587797 [0] NCCL INFO Channel 22/24 : 0 1
pluto-prod-yutengl-dev-202-3-0:2587797:2587797 [0] NCCL INFO Channel 23/24 : 0 1
pluto-prod-yutengl-dev-202-3-0:2587797:2587797 [0] NCCL INFO Trees [0] 1/-1/-1->0->-1 [1] 1/-1/-1->0->-1 [2] 1/-1/-1->0->-1 [3] 1/-1/-1->0->-1 [4] 1/-1/-1->0->-1 [5] 1/-1/-1->0->-1 [6] -1/-1/-1->0->1 [7] -1/-1/-1->0->1 [8] -1/-1/-1->0->1 [9] -1/-1/-1->0->1 [10] -1/-1/-1->0->1 [11] -1/-1/-1->0->1 [12] 1/-1/-1->0->-1 [13] 1/-1/-1->0->-1 [14] 1/-1/-1->0->-1 [15] 1/-1/-1->0->-1 [16] 1/-1/-1->0->-1 [17] 1/-1/-1->0->-1 [18] -1/-1/-1->0->1 [19] -1/-1/-1->0->1 [20] -1/-1/-1->0->1 [21] -1/-1/-1->0->1 [22] -1/-1/-1->0->1 [23] -1/-1/-1->0->1
pluto-prod-yutengl-dev-202-3-0:2587797:2587797 [0] NCCL INFO P2P Chunksize set to 524288
pluto-prod-yutengl-dev-202-3-0:2587797:2587797 [0] NCCL INFO Check P2P Type isAllDirectP2p 1 directMode 0 isAllCudaP2p 1
pluto-prod-yutengl-dev-202-3-0:2587797:2588504 [0] NCCL INFO [Proxy Service UDS] Device 0 CPU core 130
pluto-prod-yutengl-dev-202-3-0:2587797:2588502 [0] NCCL INFO [Proxy Service] Device 0 CPU core 126
pluto-prod-yutengl-dev-202-3-0:2587797:2587797 [0] NCCL INFO NET/OFI Region base Tuner is chosen for platform: p5.48xlarge
pluto-prod-yutengl-dev-202-3-0:2587797:2587797 [0] NCCL INFO NET/OFI Region Tuner init (platform 0): comm with 2 ranks and 1 nodes.
pluto-prod-yutengl-dev-202-3-0:2587797:2587797 [0] NCCL INFO NET/OFI Tuner init: comm with 2 ranks and 1 nodes.
pluto-prod-yutengl-dev-202-3-0:2587797:2587797 [0] NCCL INFO threadThresholds 8/8/64 | 16/8/64 | 512 | 512
pluto-prod-yutengl-dev-202-3-0:2587797:2587797 [0] NCCL INFO 24 coll channels, 24 collnet channels, 16 nvls channels, 32 p2p channels, 32 p2p channels per peer
pluto-prod-yutengl-dev-202-3-0:2587797:2587797 [0] NCCL INFO Symmetric VA size=80GB
pluto-prod-yutengl-dev-202-3-0:2587797:2587797 [0] NCCL INFO CC Off, workFifoBytes 1048576
pluto-prod-yutengl-dev-202-3-0:2587797:2587797 [0] NCCL INFO ncclCommSplit comm 0x560c37565150 rank 0 nranks 2 cudaDev 0 nvmlDev 0 busId 64000 parent 0x560c2d4b2c20 childCount 17 color 2130503744 key 0 - Init COMPLETE
pluto-prod-yutengl-dev-202-3-0:2587797:2587797 [0] NCCL INFO Init timings - ncclCommSplit: rank 0 nranks 2 total 0.10 (kernels 0.00, alloc 0.00, bootstrap 0.00, allgathers 0.00, topo 0.02, graphs 0.00, connections 0.08, rest 0.01)
pluto-prod-yutengl-dev-202-3-0:2587797:2587797 [0] NCCL INFO Symmetric VA size=80GB
pluto-prod-yutengl-dev-202-3-0:2587797:2587797 [0] NCCL INFO Channel 00/0 : 0[0] -> 1[1] via P2P/CUMEM
pluto-prod-yutengl-dev-202-3-0:2587797:2587797 [0] NCCL INFO Channel 01/0 : 0[0] -> 1[1] via P2P/CUMEM
pluto-prod-yutengl-dev-202-3-0:2587797:2587797 [0] NCCL INFO Channel 02/0 : 0[0] -> 1[1] via P2P/CUMEM
pluto-prod-yutengl-dev-202-3-0:2587797:2587797 [0] NCCL INFO Channel 03/0 : 0[0] -> 1[1] via P2P/CUMEM
pluto-prod-yutengl-dev-202-3-0:2587797:2587797 [0] NCCL INFO Channel 04/0 : 0[0] -> 1[1] via P2P/CUMEM
pluto-prod-yutengl-dev-202-3-0:2587797:2587797 [0] NCCL INFO Channel 05/0 : 0[0] -> 1[1] via P2P/CUMEM
pluto-prod-yutengl-dev-202-3-0:2587797:2587797 [0] NCCL INFO Channel 06/0 : 0[0] -> 1[1] via P2P/CUMEM
pluto-prod-yutengl-dev-202-3-0:2587797:2587797 [0] NCCL INFO Channel 07/0 : 0[0] -> 1[1] via P2P/onfig Blocking set to 1
pluto-prod-yutengl-dev-202-3-0:2587798:2587798 [1] NCCL INFO Initialized NET plugin Socket
pluto-prod-yutengl-dev-202-3-0:2587798:2587798 [1] NCCL INFO Assigned NET plugin Socket to comm
pluto-prod-yutengl-dev-202-3-0:2587798:2587798 [1] NCCL INFO Failed to initialize any GIN plugin
pluto-prod-yutengl-dev-202-3-0:2587798:2587798 [1] NCCL INFO Using network Socket
pluto-prod-yutengl-dev-202-3-0:2587798:2587798 [1] NCCL INFO ncclCommSplit comm 0x56528d285f20 rank 1 nranks 2 cudaDev 1 nvmlDev 1 busId 75000 parent 0x5652831d4fe0 childCount 17 color 2130503744 key 1- Init START
pluto-prod-yutengl-dev-202-3-0:2587798:2587798 [1] NCCL INFO MNNVL busId 0x75000 fabric UUID 0.0 cliqueId 0x0 state 3 healthMask 0x0
pluto-prod-yutengl-dev-202-3-0:2587798:2587798 [1] NCCL INFO ncclTopoGetCpuAffinity: Affinity for GPU 1 is 0-47,96-143. (GPU affinity = 0-47,96-143 ; CPU affinity = 0-47,96-143).
pluto-prod-yutengl-dev-202-3-0:2587798:2587798 [1] NCCL INFO NVLS multicast support is available on dev 1 (NVLS_NCHANNELS 16)
pluto-prod-yutengl-dev-202-3-0:2587798:2587798 [1] NCCL INFO comm 0x56528d285f20 rank 1 nRanks 2 nNodes 1 localRanks 2 localRank 1 MNNVL 0
pluto-prod-yutengl-dev-202-3-0:2587798:2587798 [1] NCCL INFO Trees [0] -1/-1/-1->1->0 [1] -1/-1/-1->1->0 [2] -1/-1/-1->1->0 [3] -1/-1/-1->1->0 [4] -1/-1/-1->1->0 [5] -1/-1/-1->1->0 [6] 0/-1/-1->1->-1 [7] 0/-1/-1->1->-1 [8] 0/-1/-1->1->-1 [9] 0/-1/-1->1->-1 [10] 0/-1/-1->1->-1 [11] 0/-1/-1->1->-1 [12] -1/-1/-1->1->0 [13] -1/-1/-1->1->0 [14] -1/-1/-1->1->0 [15] -1/-1/-1->1->0 [16] -1/-1/-1->1->0 [17] -1/-1/-1->1->0 [18] 0/-1/-1->1->-1 [19] 0/-1/-1->1->-1 [20] 0/-1/-1->1->-1 [21] 0/-1/-1->1->-1 [22] 0/-1/-1->1->-1 [23] 0/-1/-1->1->-1
pluto-prod-yutengl-dev-202-3-0:2587798:2587798 [1] NCCL INFO P2P Chunksize set to 524288
pluto-prod-yutengl-dev-202-3-0:2587798:2587798 [1] NCCL INFO Check P2P Type isAllDirectP2p 1 directMode 0 isAllCudaP2p 1
pluto-prod-yutengl-dev-202-3-0:2587798:2588501 [0] NCCL INFO [Proxy Service] Device 1 CPU core 141
pluto-prod-yutengl-dev-202-3-0:2587798:2588503 [0] NCCL INFO [Proxy Service UDS] Device 1 CPU core 141
pluto-prod-yutengl-dev-202-3-0:2587798:2587798 [1] NCCL INFO NET/OFI Region base Tuner is chosen for platform: p5.48xlarge
pluto-prod-yutengl-dev-202-3-0:2587798:2587798 [1] NCCL INFO NET/OFI Region Tuner init (platform 0): comm with 2 ranks and 1 nodes.
pluto-prod-yutengl-dev-202-3-0:2587798:2587798 [1] NCCL INFO NET/OFI Tuner init: comm with 2 ranks and 1 nodes.
pluto-prod-yutengl-dev-202-3-0:2587798:2587798 [1] NCCL INFO threadThresholds 8/8/64 | 16/8/64 | 512 | 512
pluto-prod-yutengl-dev-202-3-0:2587798:2587798 [1] NCCL INFO 24 coll channels, 24 collnet channels, 16 nvls channels, 32 p2p channels, 32 p2p channels per peer
pluto-prod-yutengl-dev-202-3-0:2587798:2587798 [1] NCCL INFO Symmetric VA size=80GB
pluto-prod-yutengl-dev-202-3-0:2587798:2587798 [1] NCCL INFO ncclCommSplit comm 0x56528d285f20 rank 1 nranks 2 cudaDev 1 nvmlDev 1 busId 75000 parent 0x5652831d4fe0 childCount 17 color 2130503744 key 1 - Init COMPLETE
pluto-prod-yutengl-dev-202-3-0:2587798:2587798 [1] NCCL INFO Init timings - ncclCommSplit: rank 1 nranks 2 total 0.10 (kernels 0.00, alloc 0.00, bootstrap 0.00, allgathers 0.00, topo 0.02, graphs 0.00, connections 0.08, rest 0.01)
pluto-prod-yutengl-dev-202-3-0:2587798:2587798 [1] NCCL INFO Symmetric VA size=80GB
pluto-prod-yutengl-dev-202-3-0:2587798:2587798 [1] NCCL INFO Channel 00/0 : 1[1] -> 0[0] via P2P/CUMEM
pluto-prod-yutengl-dev-202-3-0:2587798:2587798 [1] NCCL INFO Channel 01/0 : 1[1] -> 0[0] via P2P/CUMEM
pluto-prod-yutengl-dev-202-3-0:2587798:2587798 [1] NCCL INFO Channel 02/0 : 1[1] -> 0[0] via P2P/CUMEM
pluto-prod-yutengl-dev-202-3-0:2587798:2587798 [1] NCCL INFO Channel 03/0 : 1[1] -> 0[0] via P2P/CUMEM
pluto-prod-yutengl-dev-202-3-0:2587798:2587798 [1] NCCL INFO Channel 04/0 : 1[1] -> 0[0] via P2P/CUMEM
pluto-prod-yutengl-dev-202-3-0:2587798:2587798 [1] NCCL INFO Channel 05/0 : 1[1] -> 0[0] via P2P/CUMEM
pluto-prod-yutengl-dev-202-3-0:2587798:2587798 [1] NCCL INFO Channel 06/0 : 1[1] -> 0[0] via P2P/Denoising:   3%|▎         | 1/35 [00:19<11:07, 19.62s/it]Denoising:   6%|▌         | 2/35 [00:31<08:25, 15.32s/it]Denoising:   9%|▊         | 3/35 [00:44<07:33, 14.17s/it]Denoising:  11%|█▏        | 4/35 [00:57<07:02, 13.63s/it]Denoising:  14%|█▍        | 5/35 [01:10<06:39, 13.32s/it]Denoising:  17%|█▋        | 6/35 [01:23<06:21, 13.15s/it]Denoising:  20%|██        | 7/35 [01:35<06:04, 13.01s/it]Denoising:  23%|██▎       | 8/35 [01:48<05:49, 12.96s/it]Denoising:  26%|██▌       | 9/35 [02:01<05:35, 12.89s/it]Denoising:  29%|██▊       | 10/35 [02:14<05:21, 12.86s/it]Denoising:  31%|███▏      | 11/35 [02:26<05:07, 12.82s/it]Denoising:  34%|███▍      | 12/35 [02:39<04:54, 12.80s/it]Denoising:  37%|███▋      | 13/35 [02:52<04:41, 12.78s/it]Denoising:  40%|████      | 14/35 [03:05<04:28, 12.78s/it]Denoising:  43%|████▎     | 15/35 [03:18<04:15, 12.78s/it]Denoising:  46%|████▌     | 16/35 [03:30<04:02, 12.77s/it]Denoising:  49%|████▊     | 17/35 [03:43<03:49, 12.74s/it]Denoising:  51%|█████▏    | 18/35 [03:56<03:37, 12.77s/it]Denoising:  54%|█████▍    | 19/35 [04:09<03:24, 12.79s/it]Denoising:  57%|█████▋    | 20/35 [04:21<03:11, 12.79s/it]Denoising:  60%|██████    | 21/35 [04:34<02:58, 12.78s/it]Denoising:  63%|██████▎   | 22/35 [04:47<02:45, 12.77s/it]Denoising:  66%|██████▌   | 23/35 [05:00<02:32, 12.74s/it]Denoising:  69%|██████▊   | 24/35 [05:12<02:20, 12.75s/it]Denoising:  71%|███████▏  | 25/35 [05:25<02:07, 12.74s/it]Denoising:  74%|███████▍  | 26/35 [05:38<01:54, 12.75s/it]Denoising:  77%|███████▋  | 27/35 [05:51<01:41, 12.74s/it]Denoising:  80%|████████  | 28/35 [06:03<01:29, 12.74s/it]Denoising:  83%|████████▎ | 29/35 [06:16<01:16, 12.74s/it]Denoising:  86%|████████▌ | 30/35 [06:29<01:03, 12.75s/it]Denoising:  89%|████████▊ | 31/35 [06:42<00:50, 12.75s/it]Denoising:  91%|█████████▏| 32/35 [06:54<00:38, 12.73s/it]Denoising:  94%|█████████▍| 33/35 [07:07<00:25, 12.73s/it]Denoising:  97%|█████████▋| 34/35 [07:20<00:12, 12.75s/it]Denoising: 100%|██████████| 35/35 [07:32<00:00, 12.72s/it]Denoising: 100%|██████████| 35/35 [07:32<00:00, 12.94s/it]
[09-16 01:03:05] [Cosmos3DenoisingStage] Denoising complete
[09-16 01:03:06] [Cosmos3DenoisingStage] finished in 453.6227 seconds
[09-16 01:03:06] [Cosmos3DecodingStage] started...
[09-16 01:03:06] [Cosmos3DecodingStage] Decoding latents to video...
CUMEM
pluto-prod-yutengl-dev-202-3-0:2587798:2587798 [1] NCCL INFO Channel 07/0 : 1[1] -> 0[0] via P2P/CUMEM
pluto-prod-yutengl-dev-202-3-0:2587798:2587798 [1] NCCL INFO Channel 08/0 : 1[1] -> 0[0] via P2P/CUMEM
pluto-prod-yutengl-dev-202-3-0:2587798:2587798 [1] NCCL INFO Channel 09/0 : 1[1] -> 0[0] via P2P/CUMEM
pluto-prod-yutengl-dev-202-3-0:2587798:2587798 [1] NCCL INFO Channel 10/0 : 1[1] -> 0[0] via P2P/CUMEM
pluto-prod-yutengl-dev-202-3-0:2587798:2587798 [1] NCCL INFO Channel 11/0 : 1[1] -> 0[0] via P2P/CUMEM
pluto-prod-yutengl-dev-202-3-0:2587798:2587798 [1] NCCL INFO Channel 12/0 : 1[1] -> 0[0] via P2P/CUMEM
pluto-prod-yutengl-dev-202-3-0:2587798:2587798 [1] NCCL INFO Channel 13/0 : 1[1] -> 0[0] via P2P/CUMEM
pluto-prod-yutengl-dev-202-3-0:2587798:2587798 [1] NCCL INFO Channel 14/0 : 1[1] -> 0[0] via P2P/CUMEM
pluto-prod-yutengl-dev-202-3-0:2587798:2587798 [1] NCCL INFO Channel 15/0 : 1[1] -> 0[0] via P2P/CUMEM
pluto-prod-yutengl-dev-202-3-0:2587798:2587798 [1] NCCL INFO Channel 16/0 : 1[1] -> 0[0] via P2P/CUMEM
pluto-prod-yutengl-dev-202-3-0:2587798:2587798 [1] NCCL INFO Channel 17/0 : 1[1] -> 0[0] via P2P/CUMEM
pluto-prod-yutengl-dev-202-3-0:2587798:2587798 [1] NCCL INFO Channel 18/0 : 1[1] -> 0[0] via P2P/CUMEM
pluto-prod-yutengl-dev-202-3-0:2587798:2587798 [1] NCCL INFO Channel 19/0 : 1[1] -> 0[0] via P2P/CUMEM
pluto-prod-yutengl-dev-202-3-0:2587798:2587798 [1] NCCL INFO Channel 20/0 : 1[1] -> 0[0] via P2P/CUMEM
pluto-prod-yutengl-dev-202-3-0:2587798:2587798 [1] NCCL INFO Channel 21/0 : 1[1] -> 0[0] via P2P/CUMEM
pluto-prod-yutengl-dev-202-3-0:2587798:2587798 [1] NCCL INFO Channel 22/0 : 1[1] -> 0[0] via P2P/CUMEM
pluto-prod-yutengl-dev-202-3-0:2587798:2587798 [1] NCCL INFO Channel 23/0 : 1[1] -> 0[0] via P2P/CUMEM
pluto-prod-yutengl-dev-202-3-0:2587798:2587798 [1] NCCL INFO Connected all rings, use ring PXN 0 GDR 1
pluto-prod-yutengl-dev-202-3-0:2587798:2587798 [1] NCCL INFO Channel 00/1 : 1[1] -> 0[0] via P2P/CUMEM
pluto-prod-yutengl-dev-202-3-0:2587798:2587798 [1] NCCL INFO Channel 01/1 : 1[1] -> 0[0] via P2P/CUMEM
pluto-prod-yutengl-dev-202-3-0:2587798:2587798 [1] NCCL INFO Channel 02/1 : 1[1] -> 0[0] via P2P/CUMEM
pluto-prod-yutengl-dev-202-3-0:2587798:2587798 [1] NCCL INFO Channel 03/1 : 1[1] -> 0[0] via P2P/CUMEM
pluto-prod-yutengl-dev-202-3-0:2587798:2587798 [1] NCCL INFO Channel 04/1 : 1[1] -> 0[0] via P2P/CUMEM
pluto-prod-yutengl-dev-202-3-0:2587798:2587798 [1] NCCL INFO Channel 05/1 : 1[1] -> 0[0] via P2P/CUMEM
pluto-prod-yutengl-dev-202-3-0:2587798:2587798 [1] NCCL INFO Channel 06/1 : 1[1] -> 0[0] via P2P/CUMEM
pluto-prod-yutengl-dev-202-3-0:2587798:2587798 [1] NCCL INFO Channel 07/1 : 1[1] -> 0[0] via P2P/CUMEM
pluto-prod-yutengl-dev-202-3-0:2587798:2587798 [1] NCCL INFO Channel 08/1 : 1[1] -> 0[0] via P2P/CUMEM
pluto-prod-yutengl-dev-202-3-0:2587798:2587798 [1] NCCL INFO Channel 09/1 : 1[1] -> 0[0] via P2P/CUMEM
pluto-prod-yutengl-dev-202-3-0:2587798:2587798 [1] NCCL INFO Channel 10/1 : 1[1] -> 0[0] via P2P/CUMEM
pluto-prod-yutengl-dev-202-3-0:2587798:2587798 [1] NCCL INFO Channel 11/1 : 1[1] -> 0[0] via P2P/CUMEM
pluto-prod-yutengl-dev-202-3-0:2587798:2587798 [1] NCCL INFO Channel 12/1 : 1[1] -> 0[0] via P2P/CUMEM
pluto-prod-yutengl-dev-202-3-0:2587798:2587798 [1] NCCL INFO Channel 13/1 : 1[1] -> 0[0] via P2P/CUMEM
pluto-prod-yutengl-dev-202-3-0:2587798:2587798 [1] NCCL INFO Channel 14/1 : 1[1] -> 0[0] via P2P/CUMEM
pluto-prod-yutengl-dev-202-3-0:2587798:2587798 [1] NCCL INFO Channel 15/1 : 1[1] -> 0[0] via P2P/CUMEM
pluto-prod-yutengl-dev-202-3-0:2587798:2587798 [1] NCCL INFO Channel 16/1 : 1[1] -> 0[0] via P2P/CUMEM
pluto-prod-yutengl-dev-202-3-0:2587798:2587798 [1] NCCL INFO Channel 17/1 : 1[1] -> 0[0] via P2P/CUMEM
pluto-prod-yutengl-dev-202-3-0:2587798:2587798 [1] NCCL INFO Channel 18/1 : 1[1] -> 0[0] via P2P/CUMEM
pluto-prod-yutengl-dev-202-3-0:2587798:2587798 [1] NCCL INFO Channel 19/1 : 1[1] -> 0[0] via P2P/CUMEM
pluto-prod-yutengl-dev-202-3-0:2587798:2587798 [1] NCCL INFO Channel 20/1 : 1[1] -> 0[0] via P2P/CUMEM
pluto-prod-yutengl-dev-202-3-0:2587798:2587798 [1] NCCL INFO Channel 21/1CUMEM
pluto-prod-yutengl-dev-202-3-0:2587797:2587797 [0] NCCL INFO Channel 08/0 : 0[0] -> 1[1] via P2P/CUMEM
pluto-prod-yutengl-dev-202-3-0:2587797:2587797 [0] NCCL INFO Channel 09/0 : 0[0] -> 1[1] via P2P/CUMEM
pluto-prod-yutengl-dev-202-3-0:2587797:2587797 [0] NCCL INFO Channel 10/0 : 0[0] -> 1[1] via P2P/CUMEM
pluto-prod-yutengl-dev-202-3-0:2587797:2587797 [0] NCCL INFO Channel 11/0 : 0[0] -> 1[1] via P2P/CUMEM
pluto-prod-yutengl-dev-202-3-0:2587797:2587797 [0] NCCL INFO Channel 12/0 : 0[0] -> 1[1] via P2P/CUMEM
pluto-prod-yutengl-dev-202-3-0:2587797:2587797 [0] NCCL INFO Channel 13/0 : 0[0] -> 1[1] via P2P/CUMEM
pluto-prod-yutengl-dev-202-3-0:2587797:2587797 [0] NCCL INFO Channel 14/0 : 0[0] -> 1[1] via P2P/CUMEM
pluto-prod-yutengl-dev-202-3-0:2587797:2587797 [0] NCCL INFO Channel 15/0 : 0[0] -> 1[1] via P2P/CUMEM
pluto-prod-yutengl-dev-202-3-0:2587797:2587797 [0] NCCL INFO Channel 16/0 : 0[0] -> 1[1] via P2P/CUMEM
pluto-prod-yutengl-dev-202-3-0:2587797:2587797 [0] NCCL INFO Channel 17/0 : 0[0] -> 1[1] via P2P/CUMEM
pluto-prod-yutengl-dev-202-3-0:2587797:2587797 [0] NCCL INFO Channel 18/0 : 0[0] -> 1[1] via P2P/CUMEM
pluto-prod-yutengl-dev-202-3-0:2587797:2587797 [0] NCCL INFO Channel 19/0 : 0[0] -> 1[1] via P2P/CUMEM
pluto-prod-yutengl-dev-202-3-0:2587797:2587797 [0] NCCL INFO Channel 20/0 : 0[0] -> 1[1] via P2P/CUMEM
pluto-prod-yutengl-dev-202-3-0:2587797:2587797 [0] NCCL INFO Channel 21/0 : 0[0] -> 1[1] via P2P/CUMEM
pluto-prod-yutengl-dev-202-3-0:2587797:2587797 [0] NCCL INFO Channel 22/0 : 0[0] -> 1[1] via P2P/CUMEM
pluto-prod-yutengl-dev-202-3-0:2587797:2587797 [0] NCCL INFO Channel 23/0 : 0[0] -> 1[1] via P2P/CUMEM
pluto-prod-yutengl-dev-202-3-0:2587797:2587797 [0] NCCL INFO Connected all rings, use ring PXN 0 GDR 1
pluto-prod-yutengl-dev-202-3-0:2587797:2587797 [0] NCCL INFO Channel 00/1 : 0[0] -> 1[1] via P2P/CUMEM
pluto-prod-yutengl-dev-202-3-0:2587797:2587797 [0] NCCL INFO Channel 01/1 : 0[0] -> 1[1] via P2P/CUMEM
pluto-prod-yutengl-dev-202-3-0:2587797:2587797 [0] NCCL INFO Channel 02/1 : 0[0] -> 1[1] via P2P/CUMEM
pluto-prod-yutengl-dev-202-3-0:2587797:2587797 [0] NCCL INFO Channel 03/1 : 0[0] -> 1[1] via P2P/CUMEM
pluto-prod-yutengl-dev-202-3-0:2587797:2587797 [0] NCCL INFO Channel 04/1 : 0[0] -> 1[1] via P2P/CUMEM
pluto-prod-yutengl-dev-202-3-0:2587797:2587797 [0] NCCL INFO Channel 05/1 : 0[0] -> 1[1] via P2P/CUMEM
pluto-prod-yutengl-dev-202-3-0:2587797:2587797 [0] NCCL INFO Channel 06/1 : 0[0] -> 1[1] via P2P/CUMEM
pluto-prod-yutengl-dev-202-3-0:2587797:2587797 [0] NCCL INFO Channel 07/1 : 0[0] -> 1[1] via P2P/CUMEM
pluto-prod-yutengl-dev-202-3-0:2587797:2587797 [0] NCCL INFO Channel 08/1 : 0[0] -> 1[1] via P2P/CUMEM
pluto-prod-yutengl-dev-202-3-0:2587797:2587797 [0] NCCL INFO Channel 09/1 : 0[0] -> 1[1] via P2P/CUMEM
pluto-prod-yutengl-dev-202-3-0:2587797:2587797 [0] NCCL INFO Channel 10/1 : 0[0] -> 1[1] via P2P/CUMEM
pluto-prod-yutengl-dev-202-3-0:2587797:2587797 [0] NCCL INFO Channel 11/1 : 0[0] -> 1[1] via P2P/CUMEM
pluto-prod-yutengl-dev-202-3-0:2587797:2587797 [0] NCCL INFO Channel 12/1 : 0[0] -> 1[1] via P2P/CUMEM
pluto-prod-yutengl-dev-202-3-0:2587797:2587797 [0] NCCL INFO Channel 13/1 : 0[0] -> 1[1] via P2P/CUMEM
pluto-prod-yutengl-dev-202-3-0:2587797:2587797 [0] NCCL INFO Channel 14/1 : 0[0] -> 1[1] via P2P/CUMEM
pluto-prod-yutengl-dev-202-3-0:2587797:2587797 [0] NCCL INFO Channel 15/1 : 0[0] -> 1[1] via P2P/CUMEM
pluto-prod-yutengl-dev-202-3-0:2587797:2587797 [0] NCCL INFO Channel 16/1 : 0[0] -> 1[1] via P2P/CUMEM
pluto-prod-yutengl-dev-202-3-0:2587797:2587797 [0] NCCL INFO Channel 17/1 : 0[0] -> 1[1] via P2P/CUMEM
pluto-prod-yutengl-dev-202-3-0:2587797:2587797 [0] NCCL INFO Channel 18/1 : 0[0] -> 1[1] via P2P/CUMEM
pluto-prod-yutengl-dev-202-3-0:2587797:2587797 [0] NCCL INFO Channel 19/1 : 0[0] -> 1[1] via P2P/CUMEM
pluto-prod-yutengl-dev-202-3-0:2587797:2587797 [0] NCCL INFO Channel 20/1 : 0[0] -> 1[1] via P2P/CUMEM
pluto-prod-yutengl-dev-202-3-0:2587797:2587797 [0] NCCL INFO Channel 21/1 : 0[0] -> 1[1] via P2P/CUMEM
pluto-prod-yutengl-dev-202-3-0:2587797:2587797 [0] NCCL INFO Channel 22/1[09-16 01:03:14] [Cosmos3DecodingStage] finished in 7.5934 seconds
[09-16 01:03:15] Output saved to [1;36m/home/colligo/sglang-wiki/repos/sglang-omni/results/cosmos3-super/2gpu/generation-quality/native-media/request_s3q52rrc/094b3dc182b249099eb7e8f65bfd2a8d.mp4[0;0m
[09-16 01:03:15] Pixel data generated successfully in [92m462.26[0;0m seconds
[09-16 01:03:15] Memory usage - Max peak: 21356.00 MB, Avg peak: 21356.00 MB
RESULT {"bytes": 1212279, "checkpoint_revision": "fe77b66696d645f663b8f27e942b3b43e4629e23", "latency_s": 462.264, "native_revision": "git:sgl-project/sglang@4e9e407d3720045d59cae185c05f33649f4e544e;sglang-kernel==0.4.7;flashinfer-python==0.6.18", "output": "results/cosmos3-super/2gpu/generation-quality/t2v-output.mp4", "peak_memory_mib": [26458, 27431], "request": {"adjust_frames": false, "flow_shift": 10.0, "fps": 24, "guidance_scale": 6.0, "height": 720, "max_sequence_length": 4096, "negative_prompt": "{\"subjects\":[{\"description\":\"Blurry, poorly defined subjects with inconsistent shapes and unrealistic proportions.\",\"appearance_details\":\"Distorted features, visible compression artifacts, muddy textures lacking fine detail, color bleeding between elements, and unnatural skin tones or surface textures that appear artificial or computer-generated.\",\"relationship\":\"Subjects appear disconnected from the environment, floating or improperly grounded in the scene without proper occlusion or spatial coherence.\",\"location\":\"Subjects are poorly placed within the frame, appearing at awkward positions that violate basic compositional rules.\",\"relative_size\":\"Inconsistent scale relationships between subjects and the environment, with objects appearing too large or too small relative to their surroundings.\",\"orientation\":\"Unnatural orientations that defy physics and spatial logic.\",\"pose\":\"Stiff, mannequin-like poses with unnatural joint angles and impossible limb positions that look computer-generated.\",\"action\":\"Incoherent motion with visible frame-to-frame discontinuities. Movement appears as a slideshow rather than smooth animation. Limbs and appendages pop between positions without interpolation.\",\"state_changes\":\"Visual state transitions are abrupt and jarring. Colors shift without motivation. Surface textures flicker between different materials randomly. Outlines shimmer and vibrate.\",\"clothing\":\"Clothing appears painted on with no sense of material weight or drape. Fabric textures are flat and repeat visibly.\",\"expression\":\"Frozen, uncanny valley expressions or expressions that change abruptly without natural transition.\",\"gender\":\"\",\"age\":\"\",\"skin_tone_and_texture\":\"Waxy, plastic-looking skin with visible artifacts and inconsistent texture resolution across the frame.\",\"facial_features\":\"Asymmetric facial features, extra fingers or limbs, teeth that appear blurry or malformed.\",\"number_of_subjects\":0,\"number_of_arms\":0,\"number_of_legs\":0},{\"description\":\"Extremely low-quality subjects with visible rendering artifacts, broken mesh geometry, and completely unrealistic proportions throughout.\",\"appearance_details\":\"Distorted features, visible compression artifacts, muddy textures lacking fine detail, color bleeding between elements, and unnatural skin tones or surface textures that appear artificial or computer-generated.\",\"relationship\":\"Subjects appear disconnected from the environment, floating or improperly grounded in the scene without proper occlusion or spatial coherence.\",\"location\":\"Subjects are poorly placed within the frame, appearing at awkward positions that violate basic compositional rules.\",\"relative_size\":\"Inconsistent scale relationships between subjects and the environment, with objects appearing too large or too small relative to their surroundings.\",\"orientation\":\"Unnatural orientations that defy physics and spatial logic.\",\"pose\":\"Stiff, mannequin-like poses with unnatural joint angles and impossible limb positions that look computer-generated.\",\"action\":\"Incoherent motion with visible frame-to-frame discontinuities. Movement appears as a slideshow rather than smooth animation. Limbs and appendages pop between positions without interpolation.\",\"state_changes\":\"Visual state transitions are abrupt and jarring. Colors shift without motivation. Surface textures flicker between different materials randomly. Outlines shimmer and vibrate.\",\"clothing\":\"Clothing appears painted on with no sense of material weight or drape. Fabric textures are flat and repeat visibly.\",\"expression\":\"Frozen, uncanny valley expressions or expressions that change abruptly without natural transition.\",\"gender\":\"\",\"age\":\"\",\"skin_tone_and_texture\":\"Waxy, plastic-looking skin with visible artifacts and inconsistent texture resolution across the frame.\",\"facial_features\":\"Asymmetric facial features, extra fingers or limbs, teeth that appear blurry or malformed.\",\"number_of_subjects\":0,\"number_of_arms\":0,\"number_of_legs\":0},{\"description\":\"Poorly generated subjects exhibiting all hallmarks of failed neural rendering \\u2014 flickering edges, inconsistent depth, and uncanny spatial relationships.\",\"appearance_details\":\"Distorted features, visible compression artifacts, muddy textures lacking fine detail, color bleeding between elements, and unnatural skin tones or surface textures that appear artificial or computer-generated.\",\"relationship\":\"Subjects appear disconnected from the environment, floating or improperly grounded in the scene without proper occlusion or spatial coherence.\",\"location\":\"Subjects are poorly placed within the frame, appearing at awkward positions that violate basic compositional rules.\",\"relative_size\":\"Inconsistent scale relationships between subjects and the environment, with objects appearing too large or too small relative to their surroundings.\",\"orientation\":\"Unnatural orientations that defy physics and spatial logic.\",\"pose\":\"Stiff, mannequin-like poses with unnatural joint angles and impossible limb positions that look computer-generated.\",\"action\":\"Incoherent motion with visible frame-to-frame discontinuities. Movement appears as a slideshow rather than smooth animation. Limbs and appendages pop between positions without interpolation.\",\"state_changes\":\"Visual state transitions are abrupt and jarring. Colors shift without motivation. Surface textures flicker between different materials randomly. Outlines shimmer and vibrate.\",\"clothing\":\"Clothing appears painted on with no sense of material weight or drape. Fabric textures are flat and repeat visibly.\",\"expression\":\"Frozen, uncanny valley expressions or expressions that change abruptly without natural transition.\",\"gender\":\"\",\"age\":\"\",\"skin_tone_and_texture\":\"Waxy, plastic-looking skin with visible artifacts and inconsistent texture resolution across the frame.\",\"facial_features\":\"Asymmetric facial features, extra fingers or limbs, teeth that appear blurry or malformed.\",\"number_of_subjects\":0,\"number_of_arms\":0,\"number_of_legs\":0}],\"background_setting\":\"A poorly rendered, flat background with visible seams, repeated textures, and inconsistent depth cues. The environment lacks volumetric depth and appears as a painted backdrop rather than a three-dimensional space. Vegetation looks like flat cutouts with no volumetric depth. The background appears to have been composited from multiple source materials at different resolutions, creating visible seams and edge artifacts where elements meet. Textures swim and shift across surfaces in a way that breaks the illusion of solidity \\u2014 patterns drift laterally rather than staying anchored to the geometry they belong to. Background elements flicker in and out of existence between frames, particularly at the edges of the field of view. The rendering resolution is visibly lower for distant elements, creating a jarring transition between near and far objects. Cloud textures repeat obviously in the sky with visible tiling. Water surfaces lack proper reflection and refraction, appearing as flat animated textures. Fog and atmospheric effects pop in and out rather than smoothly transitioning. Trees and vegetation exhibit obvious LOD (level-of-detail) switching. Building facades have inconsistent window spacing and pattern repetition. The overall scene feels like a poorly assembled collage of individually rendered elements rather than a coherent whole.\",\"lighting\":{\"conditions\":\"Harsh, flat lighting with no natural variation. The scene appears uniformly lit as if by a single overhead fluorescent light, removing all sense of depth and atmosphere.\",\"direction\":\"Inconsistent light sources \\u2014 shadows point in multiple contradictory directions, breaking physical plausibility.\",\"shadows\":\"Hard-edged, unrealistic shadows that pop in and out of existence between frames. Some objects cast no shadows while others have impossibly dark ones that don't animate smoothly with the object's motion. Shadow edges exhibit visible staircase aliasing artifacts. Shadow maps appear to have been rendered at extremely low resolution, creating blocky patterns. Self-shadowing on characters shows visible peter-panning artifacts where shadows detach from their source. Contact shadows between objects and the ground appear and disappear as objects move slightly. Shadow color is pure black with no ambient contribution, creating an unnaturally harsh contrast that flattens the image. Multiple shadow cascades have visible boundaries where resolution changes. The shadow rendering appears to be temporally unstable \\u2014 even static objects have shadows that shimmer and crawl frame to frame, breaking the illusion of a stable light source.\",\"illumination_effect\":\"No bounce light, no ambient occlusion, no subtle color interactions between surfaces. The scene looks like a poorly lit 3D render from the early 2000s.\"},\"aesthetics\":{\"composition\":\"Cluttered, poorly framed composition with no clear focal point. Important elements are cut off by the frame edges. The rule of thirds is completely ignored, leading to an unbalanced and visually unpleasant arrangement.\",\"color_scheme\":\"Oversaturated, garish colors that clash violently. Color banding is visible in gradient areas. The overall palette feels artificial and digitally processed rather than natural.\",\"mood_atmosphere\":\"Unsettling, uncanny atmosphere that fails to evoke any intended emotional response. The scene feels lifeless and sterile despite attempting to portray dynamic action.\",\"patterns\":\"Visible tiling artifacts in textures, moir\\u00e9 patterns, and aliasing on edges.\"},\"cinematography\":{\"camera_motion\":\"Extremely shaky, unstable camera with visible rolling shutter artifacts. The motion is jerky and discontinuous, causing motion sickness and making the scene impossible to follow.\",\"framing\":\"Poorly framed shots that cut off important elements and include unnecessary empty space.\",\"camera_angle\":\"Awkward, disorienting camera angles that provide no useful spatial information about the scene. The camera path exhibits visible mathematical artifacts suggesting simple interpolation between keyframes rather than natural camera operation. Camera motion is completely disconnected from the scene content \\u2014 panning away from action, dollying during dialogue, and shaking during still moments. The camera appears to pass through solid objects occasionally. Zoom is applied digitally rather than optically, revealing progressively worse resolution. Camera motion exhibits non-physical acceleration profiles \\u2014 instant starts and stops rather than smooth ease-in/ease-out. Rolling shutter simulation is applied inconsistently, present in some frames but not others. The camera occasionally exhibits impossible motion like teleporting between positions. Virtual camera stabilization creates an uncanny floating sensation disconnected from any physical camera rig.\",\"depth_of_field\":\"Uniform focus throughout, creating a flat, documentary-like appearance with no cinematic depth separation.\",\"focus\":\"Soft, out-of-focus imagery with visible chromatic aberration and lens distortion that was not corrected in post-processing.\",\"lens_focal_length\":\"Inappropriate focal length causing barrel distortion and unnatural perspective compression.\"},\"style_medium\":\"Low quality compressed digital video with visible encoding artifacts\",\"artistic_style\":\"Amateur, unpolished with inconsistent visual style\",\"context\":\"A poorly produced video with numerous technical and artistic flaws that detract from any intended narrative or visual impact.\",\"actions\":[{\"time\":\"0:00-0:08\",\"description\":\"Subjects attempt to move but their motion is jerky, temporally inconsistent, and physically implausible. Background elements flicker and shift between frames.\"}],\"text_and_signage_elements\":[],\"segments\":[{\"segment_index\":0,\"time_range\":\"0:00-0:08\",\"description\":\"A single continuous shot suffering from severe temporal inconsistencies \\u2014 subjects that morph and deform between frames, backgrounds that shift and wobble, and rendering quality that fluctuates visibly over time. Motion blur is applied incorrectly, smearing in directions that don't match actual movement. Frame-to-frame coherence breaks down with individual pixels changing color randomly in flat areas. Texture detail level fluctuates between frames as if the rendering budget varied shot to shot. Color grading drifts over the duration with no creative motivation. Noise patterns change between frames in ways that draw attention rather than being invisible. Overall visual quality degrades progressively from start to finish.\",\"key_changes\":\"No meaningful progression or narrative development. Visual quality degrades over time.\",\"camera\":\"Unstable, poorly controlled camera work with visible mathematical interpolation artifacts.\"}],\"transitions\":[],\"temporal_caption\":\"The scene opens at 0.0 seconds with a poorly rendered establishing shot that immediately reveals low production quality. At 1.0 seconds, subjects begin to move but their motion is jerky and inconsistent, with limbs bending at unnatural angles and objects clipping through each other. From 2.0 to 4.0 seconds, the camera shakes violently while the scene exhibits visible compression artifacts, color banding in the sky, and flickering in the shadows. Between 4.0 and 6.0 seconds, temporal coherence breaks down as elements appear and disappear between frames, textures swim and morph unnaturally, and the lighting shifts abruptly without physical cause. In the final 2 seconds, the overall visual quality deteriorates further with increasing noise, blur, and a general loss of spatial coherence that makes the scene nearly unwatchable. Additionally, the frame rate appears inconsistent with visible judder and stuttering throughout. Color temperature shifts randomly between warm and cool tones with no motivation. The encode quality degrades in complex regions showing macro-blocking and mosquito noise around moving edges. Temporal noise patterns are spatially correlated, creating swimming artifacts on flat surfaces.\",\"audio_description\":\"\",\"physical_realism\":\"No adherence to physical laws. Objects defy gravity, pass through solid surfaces, and change mass and momentum without cause. Fluid dynamics, cloth simulation, and rigid body physics are all fundamentally broken. Furthermore, conservation of energy is violated as objects gain or lose kinetic energy spontaneously. Elastic collisions produce inelastic results and vice versa. Surface friction is inconsistent \\u2014 objects slide on rough surfaces while sticking to smooth ones. Air resistance appears to affect only some objects while others move through the atmosphere unimpeded.\"}", "num_frames": 189, "num_inference_steps": 35, "prompt": "{\"subjects\":[{\"description\":\"A modern industrial robotic arm with a silver and dark gray metallic body, featuring multiple articulated joints and a flat rubber-padded gripper end-effector holding a green sponge. The arm has visible hydraulic cables and a smooth polished finish.\",\"appearance_details\":\"The robotic arm has a sturdy base bolted to the countertop, with branded serial number markings on the shoulder joint. The gripper holds a standard green and yellow kitchen sponge. Small LED indicator lights glow blue near the base.\",\"relationship\":\"Primary subject interacting with the dirty plate\",\"location\":\"Center-right of frame\",\"relative_size\":\"Large within frame\",\"orientation\":\"Angled toward camera at roughly 45 degrees, arm extending downward toward the plate\",\"pose\":\"Extended downward with the end-effector pressing the sponge against the plate surface\",\"action\":\"Wiping a dirty plate with circular and sweeping motions\",\"state_changes\":\"The arm moves fluidly from one side of the plate to the other, rotating its wrist joint to apply even pressure across the plate surface\",\"clothing\":\"\",\"expression\":\"\",\"gender\":\"\",\"age\":\"\",\"skin_tone_and_texture\":\"\",\"facial_features\":\"\",\"number_of_subjects\":1,\"number_of_arms\":0,\"number_of_legs\":0},{\"description\":\"A white ceramic dinner plate with dried food residue, sauce stains, and grease marks covering its surface. Standard 10-inch round plate with a slightly raised rim.\",\"appearance_details\":\"The plate has brownish-orange dried sauce, bits of dried food particles, and oily smears. As the sponge wipes across, clean white ceramic is revealed underneath.\",\"relationship\":\"Object being cleaned by the robotic arm\",\"location\":\"Center-left foreground, resting on the countertop\",\"relative_size\":\"Medium within frame\",\"orientation\":\"Flat, face-up on the counter\",\"pose\":\"Stationary on the kitchen countertop\",\"action\":\"Being wiped clean\",\"state_changes\":\"Progressively becomes cleaner as the robotic arm wipes away the food residue, transitioning from dirty to mostly clean\",\"clothing\":\"\",\"expression\":\"\",\"gender\":\"\",\"age\":\"\",\"skin_tone_and_texture\":\"\",\"facial_features\":\"\",\"number_of_subjects\":1,\"number_of_arms\":0,\"number_of_legs\":0}],\"background_setting\":\"A modern, well-organized residential kitchen with light gray granite countertops, white cabinetry with brushed nickel handles, a stainless steel sink visible to the left, and a tiled backsplash in a subtle herringbone pattern. A dish rack with a few clean plates sits near the sink. A window above the sink lets in natural daylight. Small potted herbs sit on the windowsill.\",\"lighting\":{\"conditions\":\"Bright, mixed natural and artificial lighting \\u2014 daylight from the window supplemented by warm overhead LED kitchen lights\",\"direction\":\"Primary light from the left (window) with soft overhead fill from above\",\"shadows\":\"Soft shadows cast by the robotic arm onto the countertop and plate, with a gentle shadow beneath the plate\",\"illumination_effect\":\"Clean, well-lit domestic atmosphere with slight warm tones from the overhead lights blending with cooler daylight from the window\"},\"aesthetics\":{\"composition\":\"The robotic arm and plate are centered in the frame with the kitchen environment providing context in the background. The diagonal line of the arm creates dynamic visual interest.\",\"color_scheme\":\"Neutral palette of whites, grays, and silver metallics with pops of green from the sponge and herbs, warm wood tones from a cutting board in the background\",\"mood_atmosphere\":\"Futuristic domestic, clean, efficient, slightly whimsical\",\"patterns\":\"Herringbone tile pattern on the backsplash\"},\"cinematography\":{\"camera_motion\":\"Slow, subtle push-in toward the plate as it gets cleaner\",\"framing\":\"Medium close-up shot capturing the robotic arm, plate, and immediate countertop area\",\"camera_angle\":\"Slightly high angle, approximately 30 degrees above eye level, looking down at the plate\",\"depth_of_field\":\"Shallow\",\"focus\":\"Sharp focus on the sponge-plate contact point and the robotic arm's gripper\",\"lens_focal_length\":\"50mm equivalent\"},\"style_medium\":\"Live-action video\",\"artistic_style\":\"Realistic, clean tech-demo aesthetic with cinematic color grading\",\"context\":\"Demonstration of a robotic kitchen assistant performing a household chore, suitable for a technology showcase or smart home advertisement\",\"actions\":[{\"time\":\"0:00-0:02\",\"description\":\"The robotic arm lowers the sponge onto the dirty plate and begins its first wiping pass from the center outward\"},{\"time\":\"0:02-0:05\",\"description\":\"The arm performs circular wiping motions across the plate surface, rotating its wrist joint, progressively removing dried food and sauce stains\"},{\"time\":\"0:05-0:07\",\"description\":\"The arm makes final sweeping passes across the now mostly-clean plate, then lifts the sponge slightly, revealing the cleaned surface\"}],\"text_and_signage_elements\":[],\"segments\":[{\"segment_index\":0,\"time_range\":\"0:00-0:02\",\"description\":\"The robotic arm descends and makes initial contact with the dirty plate, beginning the wiping process\",\"key_changes\":\"Arm transitions from hovering position to active contact with plate; first streak of clean ceramic appears\",\"camera\":\"Static with very subtle push-in beginning\"},{\"segment_index\":1,\"time_range\":\"0:02-0:05\",\"description\":\"Main cleaning action as the robotic arm performs systematic circular wiping motions across the plate\",\"key_changes\":\"Plate progressively becomes cleaner; food residue is visibly displaced by the sponge; water droplets and suds appear\",\"camera\":\"Continuing slow push-in, maintaining focus on the cleaning action\"},{\"segment_index\":2,\"time_range\":\"0:05-0:07\",\"description\":\"Final cleaning passes and the arm lifts away to reveal the clean plate\",\"key_changes\":\"Plate transitions from mostly clean to fully clean; arm lifts sponge and retracts slightly upward\",\"camera\":\"Push-in completes; camera holds steady on the clean plate\"}],\"transitions\":[],\"temporal_caption\":\"The video opens with a robotic arm positioned above a dirty white plate on a kitchen countertop. In the first two seconds, the arm lowers its sponge-equipped gripper onto the plate and begins a sweeping motion from center to edge. From seconds two through five, the arm performs methodical circular wiping motions, its wrist joint rotating smoothly as dried food and sauce stains are progressively removed, revealing clean white ceramic beneath. Small water droplets and light suds form on the plate surface. In the final two seconds, the arm completes its last passes across the now-clean plate and lifts the sponge upward, pausing briefly as if inspecting its work, with the gleaming clean plate fully visible below.\",\"resolution\":{\"W\":1280,\"H\":720},\"aspect_ratio\":\"16,9\",\"duration\":\"7s\",\"fps\":24}", "seed": 17, "use_duration_template": false, "use_resolution_template": false, "width": 1280}, "status": "pass", "task": "t2v"}
2026-09-16 01:03:15,671 [INFO] sglang_omni.pipeline.coordinator: Sent shutdown to stage: generation
 : 1[1] -> 0[0] via P2P/CUMEM
pluto-prod-yutengl-dev-202-3-0:2587798:2587798 [1] NCCL INFO Channel 22/1 : 1[1] -> 0[0] via P2P/CUMEM
pluto-prod-yutengl-dev-202-3-0:2587798:2587798 [1] NCCL INFO Channel 23/1 : 1[1] -> 0[0] via P2P/CUMEM
pluto-prod-yutengl-dev-202-3-0:2587798:2587798 [1] NCCL INFO Channel 24/1 : 1[1] -> 0[0] via P2P/CUMEM
pluto-prod-yutengl-dev-202-3-0:2587798:2587798 [1] NCCL INFO Channel 25/1 : 1[1] -> 0[0] via P2P/CUMEM
pluto-prod-yutengl-dev-202-3-0:2587798:2587798 [1] NCCL INFO Channel 26/1 : 1[1] -> 0[0] via P2P/CUMEM
pluto-prod-yutengl-dev-202-3-0:2587798:2587798 [1] NCCL INFO Channel 27/1 : 1[1] -> 0[0] via P2P/CUMEM
pluto-prod-yutengl-dev-202-3-0:2587798:2587798 [1] NCCL INFO Channel 28/1 : 1[1] -> 0[0] via P2P/CUMEM
pluto-prod-yutengl-dev-202-3-0:2587798:2587798 [1] NCCL INFO Channel 29/1 : 1[1] -> 0[0] via P2P/CUMEM
pluto-prod-yutengl-dev-202-3-0:2587798:2587798 [1] NCCL INFO Channel 30/1 : 1[1] -> 0[0] via P2P/CUMEM
pluto-prod-yutengl-dev-202-3-0:2587798:2587798 [1] NCCL INFO Channel 31/1 : 1[1] -> 0[0] via P2P/CUMEM
pluto-prod-yutengl-dev-202-3-0:2587798:2587798 [1] NCCL INFO Symmetric VA size=80GB
pluto-prod-yutengl-dev-202-3-0:2587798:2587798 [1] NCCL INFO Channel 00/0 : 1[1] -> 0[0] via P2P/CUMEM
pluto-prod-yutengl-dev-202-3-0:2587798:2587798 [1] NCCL INFO Channel 01/0 : 1[1] -> 0[0] via P2P/CUMEM
pluto-prod-yutengl-dev-202-3-0:2587798:2587798 [1] NCCL INFO Channel 02/0 : 1[1] -> 0[0] via P2P/CUMEM
pluto-prod-yutengl-dev-202-3-0:2587798:2587798 [1] NCCL INFO Channel 03/0 : 1[1] -> 0[0] via P2P/CUMEM
pluto-prod-yutengl-dev-202-3-0:2587798:2587798 [1] NCCL INFO Channel 04/0 : 1[1] -> 0[0] via P2P/CUMEM
pluto-prod-yutengl-dev-202-3-0:2587798:2587798 [1] NCCL INFO Channel 05/0 : 1[1] -> 0[0] via P2P/CUMEM
pluto-prod-yutengl-dev-202-3-0:2587798:2587798 [1] NCCL INFO Channel 06/0 : 1[1] -> 0[0] via P2P/CUMEM
pluto-prod-yutengl-dev-202-3-0:2587798:2587798 [1] NCCL INFO Channel 07/0 : 1[1] -> 0[0] via P2P/CUMEM
pluto-prod-yutengl-dev-202-3-0:2587798:2587798 [1] NCCL INFO Channel 08/0 : 1[1] -> 0[0] via P2P/CUMEM
pluto-prod-yutengl-dev-202-3-0:2587798:2587798 [1] NCCL INFO Channel 09/0 : 1[1] -> 0[0] via P2P/CUMEM
pluto-prod-yutengl-dev-202-3-0:2587798:2587798 [1] NCCL INFO Channel 10/0 : 1[1] -> 0[0] via P2P/CUMEM
pluto-prod-yutengl-dev-202-3-0:2587798:2587798 [1] NCCL INFO Channel 11/0 : 1[1] -> 0[0] via P2P/CUMEM
pluto-prod-yutengl-dev-202-3-0:2587798:2587798 [1] NCCL INFO Channel 12/0 : 1[1] -> 0[0] via P2P/CUMEM
pluto-prod-yutengl-dev-202-3-0:2587798:2587798 [1] NCCL INFO Channel 13/0 : 1[1] -> 0[0] via P2P/CUMEM
pluto-prod-yutengl-dev-202-3-0:2587798:2587798 [1] NCCL INFO Channel 14/0 : 1[1] -> 0[0] via P2P/CUMEM
pluto-prod-yutengl-dev-202-3-0:2587798:2587798 [1] NCCL INFO Channel 15/0 : 1[1] -> 0[0] via P2P/CUMEM
pluto-prod-yutengl-dev-202-3-0:2587798:2587798 [1] NCCL INFO Channel 16/0 : 1[1] -> 0[0] via P2P/CUMEM
pluto-prod-yutengl-dev-202-3-0:2587798:2587798 [1] NCCL INFO Channel 17/0 : 1[1] -> 0[0] via P2P/CUMEM
pluto-prod-yutengl-dev-202-3-0:2587798:2587798 [1] NCCL INFO Channel 18/0 : 1[1] -> 0[0] via P2P/CUMEM
pluto-prod-yutengl-dev-202-3-0:2587798:2587798 [1] NCCL INFO Channel 19/0 : 1[1] -> 0[0] via P2P/CUMEM
pluto-prod-yutengl-dev-202-3-0:2587798:2587798 [1] NCCL INFO Channel 20/0 : 1[1] -> 0[0] via P2P/CUMEM
pluto-prod-yutengl-dev-202-3-0:2587798:2587798 [1] NCCL INFO Channel 21/0 : 1[1] -> 0[0] via P2P/CUMEM
pluto-prod-yutengl-dev-202-3-0:2587798:2587798 [1] NCCL INFO Channel 22/0 : 1[1] -> 0[0] via P2P/CUMEM
pluto-prod-yutengl-dev-202-3-0:2587798:2587798 [1] NCCL INFO Channel 23/0 : 1[1] -> 0[0] via P2P/CUMEM
pluto-prod-yutengl-dev-202-3-0:2587798:2587798 [1] NCCL INFO Connected all rings, use ring PXN 0 GDR 1
pluto-prod-yutengl-dev-202-3-0:2587798:2587798 [1] NCCL INFO comm 0x56528c30fc90 rank 1 nranks 2 cudaDev 1 busId 75000 - Destroy COMPLETE
pluto-prod-yutengl-dev-202-3-0:2587798:2587798 [1] NCCL INFO comm 0x56528d285f20 rank 1 nranks 2 cudaDev 1 busId 75000 - Destroy COMPLETE
pluto-prod-yutengl-dev-202-3-0:2587798:2587798 [1] NCCL INFO comm 0x56528cad8df0 rank 1 nranks 2 cuda : 0[0] -> 1[1] via P2P/CUMEM
pluto-prod-yutengl-dev-202-3-0:2587797:2587797 [0] NCCL INFO Channel 23/1 : 0[0] -> 1[1] via P2P/CUMEM
pluto-prod-yutengl-dev-202-3-0:2587797:2587797 [0] NCCL INFO Channel 24/1 : 0[0] -> 1[1] via P2P/CUMEM
pluto-prod-yutengl-dev-202-3-0:2587797:2587797 [0] NCCL INFO Channel 25/1 : 0[0] -> 1[1] via P2P/CUMEM
pluto-prod-yutengl-dev-202-3-0:2587797:2587797 [0] NCCL INFO Channel 26/1 : 0[0] -> 1[1] via P2P/CUMEM
pluto-prod-yutengl-dev-202-3-0:2587797:2587797 [0] NCCL INFO Channel 27/1 : 0[0] -> 1[1] via P2P/CUMEM
pluto-prod-yutengl-dev-202-3-0:2587797:2587797 [0] NCCL INFO Channel 28/1 : 0[0] -> 1[1] via P2P/CUMEM
pluto-prod-yutengl-dev-202-3-0:2587797:2587797 [0] NCCL INFO Channel 29/1 : 0[0] -> 1[1] via P2P/CUMEM
pluto-prod-yutengl-dev-202-3-0:2587797:2587797 [0] NCCL INFO Channel 30/1 : 0[0] -> 1[1] via P2P/CUMEM
pluto-prod-yutengl-dev-202-3-0:2587797:2587797 [0] NCCL INFO Channel 31/1 : 0[0] -> 1[1] via P2P/CUMEM
pluto-prod-yutengl-dev-202-3-0:2587797:2587797 [0] NCCL INFO Symmetric VA size=80GB
pluto-prod-yutengl-dev-202-3-0:2587797:2587797 [0] NCCL INFO Channel 00/0 : 0[0] -> 1[1] via P2P/CUMEM
pluto-prod-yutengl-dev-202-3-0:2587797:2587797 [0] NCCL INFO Channel 01/0 : 0[0] -> 1[1] via P2P/CUMEM
pluto-prod-yutengl-dev-202-3-0:2587797:2587797 [0] NCCL INFO Channel 02/0 : 0[0] -> 1[1] via P2P/CUMEM
pluto-prod-yutengl-dev-202-3-0:2587797:2587797 [0] NCCL INFO Channel 03/0 : 0[0] -> 1[1] via P2P/CUMEM
pluto-prod-yutengl-dev-202-3-0:2587797:2587797 [0] NCCL INFO Channel 04/0 : 0[0] -> 1[1] via P2P/CUMEM
pluto-prod-yutengl-dev-202-3-0:2587797:2587797 [0] NCCL INFO Channel 05/0 : 0[0] -> 1[1] via P2P/CUMEM
pluto-prod-yutengl-dev-202-3-0:2587797:2587797 [0] NCCL INFO Channel 06/0 : 0[0] -> 1[1] via P2P/CUMEM
pluto-prod-yutengl-dev-202-3-0:2587797:2587797 [0] NCCL INFO Channel 07/0 : 0[0] -> 1[1] via P2P/CUMEM
pluto-prod-yutengl-dev-202-3-0:2587797:2587797 [0] NCCL INFO Channel 08/0 : 0[0] -> 1[1] via P2P/CUMEM
pluto-prod-yutengl-dev-202-3-0:2587797:2587797 [0] NCCL INFO Channel 09/0 : 0[0] -> 1[1] via P2P/CUMEM
pluto-prod-yutengl-dev-202-3-0:2587797:2587797 [0] NCCL INFO Channel 10/0 : 0[0] -> 1[1] via P2P/CUMEM
pluto-prod-yutengl-dev-202-3-0:2587797:2587797 [0] NCCL INFO Channel 11/0 : 0[0] -> 1[1] via P2P/CUMEM
pluto-prod-yutengl-dev-202-3-0:2587797:2587797 [0] NCCL INFO Channel 12/0 : 0[0] -> 1[1] via P2P/CUMEM
pluto-prod-yutengl-dev-202-3-0:2587797:2587797 [0] NCCL INFO Channel 13/0 : 0[0] -> 1[1] via P2P/CUMEM
pluto-prod-yutengl-dev-202-3-0:2587797:2587797 [0] NCCL INFO Channel 14/0 : 0[0] -> 1[1] via P2P/CUMEM
pluto-prod-yutengl-dev-202-3-0:2587797:2587797 [0] NCCL INFO Channel 15/0 : 0[0] -> 1[1] via P2P/CUMEM
pluto-prod-yutengl-dev-202-3-0:2587797:2587797 [0] NCCL INFO Channel 16/0 : 0[0] -> 1[1] via P2P/CUMEM
pluto-prod-yutengl-dev-202-3-0:2587797:2587797 [0] NCCL INFO Channel 17/0 : 0[0] -> 1[1] via P2P/CUMEM
pluto-prod-yutengl-dev-202-3-0:2587797:2587797 [0] NCCL INFO Channel 18/0 : 0[0] -> 1[1] via P2P/CUMEM
pluto-prod-yutengl-dev-202-3-0:2587797:2587797 [0] NCCL INFO Channel 19/0 : 0[0] -> 1[1] via P2P/CUMEM
pluto-prod-yutengl-dev-202-3-0:2587797:2587797 [0] NCCL INFO Channel 20/0 : 0[0] -> 1[1] via P2P/CUMEM
pluto-prod-yutengl-dev-202-3-0:2587797:2587797 [0] NCCL INFO Channel 21/0 : 0[0] -> 1[1] via P2P/CUMEM
pluto-prod-yutengl-dev-202-3-0:2587797:2587797 [0] NCCL INFO Channel 22/0 : 0[0] -> 1[1] via P2P/CUMEM
pluto-prod-yutengl-dev-202-3-0:2587797:2587797 [0] NCCL INFO Channel 23/0 : 0[0] -> 1[1] via P2P/CUMEM
pluto-prod-yutengl-dev-202-3-0:2587797:2587797 [0] NCCL INFO Connected all rings, use ring PXN 0 GDR 1
pluto-prod-yutengl-dev-202-3-0:2587797:2587797 [0] NCCL INFO comm 0x560c365eef40 rank 0 nranks 2 cudaDev 0 busId 64000 - Destroy COMPLETE
pluto-prod-yutengl-dev-202-3-0:2587797:2587797 [0] NCCL INFO comm 0x560c37565150 rank 0 nranks 2 cudaDev 0 busId 64000 - Destroy COMPLETE
pluto-prod-yutengl-dev-202-3-0:2587797:2587797 [0] NCCL INFO comm 0x560c36db8230 rank 0 nranks 2 cudaDev 0 busId 64000 - Destroy COMPLETE
pluto-prod-yutengl-dev-202-3-0:2587797:2587797 [0] NCCL INFO comm Dev 1 busId 75000 - Destroy COMPLETE
pluto-prod-yutengl-dev-202-3-0:2587798:2587798 [1] NCCL INFO comm 0x56528b0140e0 rank 1 nranks 2 cudaDev 1 busId 75000 - Destroy COMPLETE
pluto-prod-yutengl-dev-202-3-0:2587798:2587798 [1] NCCL INFO comm 0x5652831d4fe0 rank 1 nranks 2 cudaDev 1 busId 75000 - Destroy COMPLETE
[09-16 01:03:17] Worker 0: Shutdown complete.
0x560c352f2f30 rank 0 nranks 2 cudaDev 0 busId 64000 - Destroy COMPLETE
pluto-prod-yutengl-dev-202-3-0:2587797:2587797 [0] NCCL INFO comm 0x560c2d4b2c20 rank 0 nranks 2 cudaDev 0 busId 64000 - Destroy COMPLETE
pluto-prod-yutengl-dev-202-3-0:2587797:2587797 [0] NCCL INFO ENV/Plugin: Closing env plugin ncclEnvDefault
pluto-prod-yutengl-dev-202-3-0:2587798:2588493 [1] NCCL INFO [Service thread] Connection closed by localRank 0
pluto-prod-yutengl-dev-202-3-0:2587798:2588410 [1] NCCL INFO [Service thread] Connection closed by localRank 0
pluto-prod-yutengl-dev-202-3-0:2587798:2588362 [1] NCCL INFO [Service thread] Connection closed by localRank 0
pluto-prod-yutengl-dev-202-3-0:2587798:2587798 [1] NCCL INFO ENV/Plugin: Closing env plugin ncclEnvDefault
[09-16 01:03:33] Stage generation stopped
2026-09-16 01:03:36,168 [INFO] sglang_omni.pipeline.coordinator: Coordinator completion loop cancelled
2026-09-16 01:03:36,168 [INFO] sglang_omni.pipeline.coordinator: Coordinator stopped
