Failed to import torchada: No module named 'torchada'. MUSA platform compatibility will not work.
Failed to import mooncake: No module named 'mooncake'. MooncakeRelay will not work. Install with: pip install mooncake-transfer-engine
Failed to import nixl: No module named 'nixl'. NixlRelay will not work.
2026-09-16 09:46:59,187 [INFO] sglang_omni.pipeline.control_plane: Coordinator control plane started
2026-09-16 09:46:59,188 [INFO] sglang_omni.pipeline.coordinator: Coordinator started
2026-09-16 09:46:59,193 [INFO] sglang_omni.pipeline.stage_workers: StageGroup generation: spawned 1 process(es) (pids=[2688911])
Failed to import mooncake: No module named 'mooncake'. MooncakeRelay will not work. Install with: pip install mooncake-transfer-engine
Failed to import nixl: No module named 'nixl'. NixlRelay will not work.
Failed to import torchada: No module named 'torchada'. MUSA platform compatibility will not work.
2026-09-16 09:47:04,662 [INFO] stage_workers.generation: Set current device to 0 for stage generation
2026-09-16 09:47:04,662 [INFO] stage_workers.generation: Building scheduler for generation (tp_rank=0/1) ...
2026-09-16 09:47:04,666 [INFO] stage_workers.generation: Acquired GPU startup lock for stage generation: /tmp/sglang_omni_gpu_0_startup.lock
2026-09-16 09:47:11,699 [INFO] sglang.multimodal_gen.runtime.utils.hf_diffusers_utils: Diffusers version: 0.37.1
[09-16 09:47:12] Auto memory policy for Cosmos3Config: 78.7 GiB of free device memory selects layerwise offload for text_encoder, image_encoder, vae. Explicit placement flags always win, and the per-component lines below say where each one's weights landed -- see the model's cookbook page for what to expect from your memory budget.
[93m[09-16 09:47:12] Cosmos3Config keeps its DiT resident with 78.7 GiB of device memory available, below the 120.0 GiB this model declares as its threshold for keeping components resident. The DiT is not in the automatic layerwise selection because the model does not list 'auto' in dit_layerwise_offload_modes. If the DiT does not fit, pass --layerwise-offload-components dit,... explicitly, or add the mode to the model's deployment config.[0;0m
[09-16 09:47:12] Diffusers version: 0.37.1
[09-16 09:47:12] Automatically enabled CFG parallel at degree 2 for 2 GPUs because this model uses classifier-free guidance by default. A request that turns CFG off still runs, but it has one branch, so the other CFG rank(s) recompute it redundantly. Override with --cfg-parallel-size 1, --tp-size, or --sp-degree / --ulysses-degree.
[09-16 09:47:12] Proposed encoder parallel folding (mode=world) for ServerArgs (tp=1 sp=1 cfg=2 replica=2); the loader keeps it for encoders wide enough to benefit.
[09-16 09:47:12] Using layerwise offload components: text_encoder, image_encoder, vae, transformer. This reduces peak GPU memory and can increase latency; use --performance-mode speed for GPU-resident defaults when memory allows.
[09-16 09:47:12] server_args: {"model_path": "/mnt/localssd/models/Cosmos3-Super-fe77b66696d645f663b8f27e942b3b43e4629e23", "model_subfolder": null, "model_variant": null, "model_id": null, "served_model_name": "/mnt/localssd/models/Cosmos3-Super-fe77b66696d645f663b8f27e942b3b43e4629e23", "backend": "auto", "attention_backend": null, "enable_attention_backend_autotune": false, "attention_backend_config": {}, "component_attention_backends": {}, "cache_dit_config": null, "nccl_port": null, "enable_nccl_nvls": false, "trust_remote_code": false, "revision": null, "num_gpus": 2, "performance_mode": "auto", "base_gpu_id": 0, "gpu_ids": [0, 1], "nnodes": 1, "node_rank": 0, "dist_init_addr": null, "tp_size": 1, "sp_degree": 1, "ulysses_degree": 1, "ring_degree": 1, "kv_gather_degree": 1, "sp_split_auto": false, "dp_size": 1, "enable_cfg_parallel": true, "cfg_parallel_degree": 2, "encoder_parallel": "auto", "hsdp_replicate_dim": 1, "hsdp_shard_dim": 2, "dist_timeout": 3600, "scheduler_rpc_timeout": null, "pipeline_class_name": null, "lora_path": null, "lora_nickname": "default", "lora_scale": 1.0, "lora_alpha": null, "lora_merge_mode": "auto", "lora_weight_name": null, "component_paths": {}, "component_weights_paths": {}, "component_direct_gpu_weight_loading": {}, "component_quantizations": {}, "component_precisions": {}, "component_quantization_ignored_layers": {}, "load_diffusion_decoder": false, "transformer_weights_path": null, "minimax_h3_adaln_cache_path": null, "minimax_h3_adaln_online": false, "minimax_h3_adaln_plan_width": 4, "minimax_h3_adaln_host_cache_gb": 8.0, "quantization": null, "quantization_ignored_layers": null, "lora_target_modules": null, "component_residency": {"transformer": "layerwise-offload"}, "cpu_offload_components": null, "dit_cpu_offload": true, "direct_gpu_weight_loading": false, "dit_layerwise_offload": false, "layerwise_offload_components": ["text_encoder", "image_encoder", "vae"], "dit_offload_prefetch_size": 0.0, "dit_layerwise_resident_layers": 0.0, "dit_layerwise_residency_policy": "leading", "layerwise_prefetch_size": {}, "layerwise_resident_layers": {"transformer": 1}, "layerwise_residency_policy": {}, "offload_during_compile": true, "text_encoder_cpu_offload": false, "image_encoder_cpu_offload": false, "vae_cpu_offload": false, "use_fsdp_inference": true, "pin_cpu_memory": true, "ltx2_two_stage_device_mode": null, "comfyui_mode": false, "enable_torch_compile": false, "regional_compile": false, "enable_breakable_cuda_graph": false, "bcg_text_buckets": null, "enable_layerwise_nvtx_marker": false, "warmup_mode": "off", "warmup_resolutions": null, "warmup_num_frames": null, "warmup_steps": 1, "warmup_sampling_params": null, "disable_autocast": false, "master_port": 30005, "host": "127.0.0.1", "port": 30000, "webui": false, "webui_port": 12312, "scheduler_port": 5594, "scheduler_ports": [5594], "batching_mode": "dynamic", "batching_max_size": 1, "batching_delay_ms": 0.0, "batching_config": null, "enable_batching_metrics": false, "strict_ports": false, "output_path": "outputs/", "input_save_path": "inputs/uploads", "prompt_file_path": null, "model_paths": {}, "model_loaded": {"transformer": true, "vae": true, "video_vae": true, "audio_vae": true, "video_dit": true, "audio_dit": true, "dual_tower_bridge": true}, "boundary_ratio": null, "disagg_role": "monolithic", "disagg_timeout": 3600, "disagg_downstream_wait_timeout": 1800, "disagg_dispatch_policy": "round_robin", "disagg_mode": false, "disagg_instance_id": 0, "disagg_max_slots_per_instance": 8, "disagg_transfer_redundancy": 1.25, "disagg_role_device": "auto", "disagg_transfer_backend": "auto", "disagg_transfer_pool_size": 268435456, "disagg_transfer_pin_memory": "auto", "disagg_p2p_hostname": "127.0.0.1", "disagg_ib_device": null, "disagg_server_addr": null, "encoder_urls": null, "denoiser_urls": null, "decoder_urls": null, "encoder_tp": null, "denoiser_tp": null, "denoiser_sp": null, "denoiser_ulysses": null, "denoiser_ring": null, "decoder_sp": null, "pool_work_endpoint": null, "pool_result_endpoint": null, "pool_control_endpoint": null, "pool_control_advertised_endpoint": null, "log_level": "info", "log_requests": false, "log_requests_level": 2, "log_requests_format": "text", "log_requests_target": null, "uvicorn_access_log_exclude_prefixes": [], "enable_cache_report": false, "enable_trace": false, "otlp_traces_endpoint": "localhost:4317", "srt_encoder_url": null, "srt_encoder_connect_timeout": 3.05, "srt_encoder_timeout": 100, "pe_server_url": null}
[09-16 09:47:12] Local mode: True
[09-16 09:47:12] Starting server...
[09-16 09:47:24] Scheduler (dp replica 0) bind at endpoint: tcp://127.0.0.1:5594
[09-16 09:47:24] torch.compile cache: TORCHINDUCTOR_CACHE_DIR=/mnt/localssd/.cache/sgl_diffusion/torch_compile_cache/inductor TRITON_CACHE_DIR=/mnt/localssd/.cache/sgl_diffusion/torch_compile_cache/triton
[09-16 09:47:24] Initializing distributed environment with world_size=2, device=cuda:0, timeout=3600
[09-16 09:47:24] Setting distributed timeout to 3600 seconds
libfabric:2689223:1789577245::core:core:cuda_gdrcopy_hmem_init():192<warn> gdrcopy_dl_hmem_init failed!
libfabric:2689222:1789577245::core:core:cuda_gdrcopy_hmem_init():192<warn> gdrcopy_dl_hmem_init failed!
libfabric:2689223:1789577245::core:core:fi_getinfo_():1392<warn> fi_getinfo: provider efa output empty list
libfabric:2689222:1789577245::core:core:fi_getinfo_():1392<warn> fi_getinfo: provider efa output empty list
pluto-prod-yutengl-dev-202-3-0:2689222:2689222 [0] NCCL INFO ENV/Plugin: Could not find: libnccl-env.so
pluto-prod-yutengl-dev-202-3-0:2689222:2689222 [0] NCCL INFO Bootstrap: Using eth0:10.91.207.160<0>
pluto-prod-yutengl-dev-202-3-0:2689222:2689222 [0] NCCL INFO cudaDriverVersion 13000
pluto-prod-yutengl-dev-202-3-0:2689222:2689222 [0] NCCL INFO NCCL version 2.29.7+cuda13.2
pluto-prod-yutengl-dev-202-3-0:2689222:2689222 [0] NCCL INFO NCCL git version stable b81d6a5a3
pluto-prod-yutengl-dev-202-3-0:2689222:2689222 [0] NCCL INFO Comm config Blocking set to 1
pluto-prod-yutengl-dev-202-3-0:2689222:2689222 [0] NCCL INFO NET/Plugin: Loaded net plugin Libfabric (v10)
pluto-prod-yutengl-dev-202-3-0:2689222:2689222 [0] NCCL INFO Successfully loaded external network plugin /opt/aws-ofi-nccl/install/lib/libnccl-net.so
pluto-prod-yutengl-dev-202-3-0:2689222:2689222 [0] NCCL INFO NET/OFI Initializing aws-ofi-nccl 1.16.1
pluto-prod-yutengl-dev-202-3-0:2689222:2689222 [0] NCCL INFO NET/OFI Using Libfabric version 2.1
pluto-prod-yutengl-dev-202-3-0:2689222:2689222 [0] NCCL INFO NET/OFI Using CUDA driver version 13000 with runtime 12080
pluto-prod-yutengl-dev-202-3-0:2689222:2689222 [0] NCCL INFO NET/OFI Configuring AWS-specific options
pluto-prod-yutengl-dev-202-3-0:2689222:2689222 [0] NCCL INFO NET/OFI Internode latency set at 75.0 us
pluto-prod-yutengl-dev-202-3-0:2689222:2689222 [0] NCCL INFO NET/OFI Using transport protocol RDMA (platform set)
pluto-prod-yutengl-dev-202-3-0:2689222:2689222 [0] NCCL INFO NET/OFI No eligible providers were found

[2026-09-16 09:47:25] pluto-prod-yutengl-dev-202-3-0:2689222:2689222 [0] int nccl_net_ofi_create_plugin(nccl_net_ofi_plugin_t**):215 NCCL WARN NET/OFI Failed to initialize rdma protocol

[2026-09-16 09:47:25] pluto-prod-yutengl-dev-202-3-0:2689222:2689222 [0] int nccl_net_ofi_create_plugin(nccl_net_ofi_plugin_t**):352 NCCL WARN NET/OFI aws-ofi-nccl initialization failed

[2026-09-16 09:47:25] pluto-prod-yutengl-dev-202-3-0:2689222:2689222 [0] ncclResult_t nccl_net_ofi_init_v6(ncclDebugLogger_t):166 NCCL WARN NET/OFI Initializing plugin failed
pluto-prod-yutengl-dev-202-3-0:2689222:2689222 [0] NCCL INFO plugin/net/net_v10.cc:82 -> 2
pluto-prod-yutengl-dev-202-3-0:2689222:2689222 [0] NCCL INFO Failed to initialize NET plugin Libfabric
pluto-prod-yutengl-dev-202-3-0:2689222:2689222 [0] NCCL INFO NET/IB : No device found.
pluto-prod-yutengl-dev-202-3-0:2689222:2689222 [0] NCCL INFO NET/IB : Using [RO]; OOB eth0:10.91.207.160<0>
pluto-prod-yutengl-dev-202-3-0:2689222:2689222 [0] NCCL INFO Failed to initialize NET plugin IB
pluto-prod-yutengl-dev-202-3-0:2689222:2689222 [0] NCCL INFO NET/Socket : Using [0]eth0:10.91.207.160<0>
pluto-prod-yutengl-dev-202-3-0:2689222:2689222 [0] NCCL INFO Initialized NET plugin Socket
pluto-prod-yutengl-dev-202-3-0:2689222:2689222 [0] NCCL INFO Assigned NET plugin Socket to comm
pluto-prod-yutengl-dev-202-3-0:2689222:2689222 [0] NCCL INFO GIN/Plugin: Could not find: libnccl-gin.so
pluto-prod-yutengl-dev-202-3-0:2689222:2689222 [0] NCCL INFO Successfully loaded external gin plugin /opt/aws-ofi-nccl/install/lib/libnccl-net.so
pluto-prod-yutengl-dev-202-3-0:2689222:2689222 [0] NCCL INFO Failed to initialize any GIN plugin
pluto-prod-yutengl-dev-202-3-0:2689222:2689222 [0] NCCL INFO Using network Socket
pluto-prod-yutengl-dev-202-3-0:2689222:2689222 [0] NCCL INFO [Rank 0] ncclCommInitRankConfig comm 0x564f2ed7c860 rank 0 nranks 2 cudaDev 0 nvmlDev 0 busId 64000 commId 0xdbe8f98b6eb7b37f - Init START
pluto-prod-yutengl-dev-202-3-0:2689222:2689222 [0] NCCL INFO RAS client listening socket at ::1<28028>
pluto-prod-yutengl-dev-202-3-0:2689222:2689222 [0] NCCL INFO Bootstrap timings total 0.001107 (create 0.000067, send 0.000107, recv 0.000337, ring 0.000036, delay 0.000001)
pluto-prod-yutengl-dev-202-3-0:2689222:2689222 [0] NCCL INFO MNNVL busId 0x64000 fabric UUID 0.0 cliqueId 0x0 state 3 healthMask 0x0
pluto-prod-yutengl-dev-202-3-0:2689222:2689222 [0] NCCL INFO ncclTopoGetCpuAffinity: Affinity for GPU 0 is 0-47,96-143. (GPU affinity = 0-47,96-143 ; CPU affinity = 0-191pluto-prod-yutengl-dev-202-3-0:2689223:2689223 [1] NCCL INFO ENV/Plugin: Could not find: libnccl-env.so
pluto-prod-yutengl-dev-202-3-0:2689223:2689223 [1] NCCL INFO cudaDriverVersion 13000
pluto-prod-yutengl-dev-202-3-0:2689223:2689223 [1] NCCL INFO Bootstrap: Using eth0:10.91.207.160<0>
pluto-prod-yutengl-dev-202-3-0:2689223:2689223 [1] NCCL INFO NCCL version 2.29.7+cuda13.2
pluto-prod-yutengl-dev-202-3-0:2689223:2689223 [1] NCCL INFO NCCL git version stable b81d6a5a3
pluto-prod-yutengl-dev-202-3-0:2689223:2689223 [1] NCCL INFO Comm config Blocking set to 1
pluto-prod-yutengl-dev-202-3-0:2689223:2689223 [1] NCCL INFO NET/Plugin: Loaded net plugin Libfabric (v10)
pluto-prod-yutengl-dev-202-3-0:2689223:2689223 [1] NCCL INFO Successfully loaded external network plugin /opt/aws-ofi-nccl/install/lib/libnccl-net.so
pluto-prod-yutengl-dev-202-3-0:2689223:2689223 [1] NCCL INFO NET/OFI Initializing aws-ofi-nccl 1.16.1
pluto-prod-yutengl-dev-202-3-0:2689223:2689223 [1] NCCL INFO NET/OFI Using Libfabric version 2.1
pluto-prod-yutengl-dev-202-3-0:2689223:2689223 [1] NCCL INFO NET/OFI Using CUDA driver version 13000 with runtime 12080
pluto-prod-yutengl-dev-202-3-0:2689223:2689223 [1] NCCL INFO NET/OFI Configuring AWS-specific options
pluto-prod-yutengl-dev-202-3-0:2689223:2689223 [1] NCCL INFO NET/OFI Internode latency set at 75.0 us
pluto-prod-yutengl-dev-202-3-0:2689223:2689223 [1] NCCL INFO NET/OFI Using transport protocol RDMA (platform set)
pluto-prod-yutengl-dev-202-3-0:2689223:2689223 [1] NCCL INFO NET/OFI No eligible providers were found

[2026-09-16 09:47:25] pluto-prod-yutengl-dev-202-3-0:2689223:2689223 [1] int nccl_net_ofi_create_plugin(nccl_net_ofi_plugin_t**):215 NCCL WARN NET/OFI Failed to initialize rdma protocol

[2026-09-16 09:47:25] pluto-prod-yutengl-dev-202-3-0:2689223:2689223 [1] int nccl_net_ofi_create_plugin(nccl_net_ofi_plugin_t**):352 NCCL WARN NET/OFI aws-ofi-nccl initialization failed

[2026-09-16 09:47:25] pluto-prod-yutengl-dev-202-3-0:2689223:2689223 [1] ncclResult_t nccl_net_ofi_init_v6(ncclDebugLogger_t):166 NCCL WARN NET/OFI Initializing plugin failed
pluto-prod-yutengl-dev-202-3-0:2689223:2689223 [1] NCCL INFO plugin/net/net_v10.cc:82 -> 2
pluto-prod-yutengl-dev-202-3-0:2689223:2689223 [1] NCCL INFO Failed to initialize NET plugin Libfabric
pluto-prod-yutengl-dev-202-3-0:2689223:2689223 [1] NCCL INFO NET/IB : No device found.
pluto-prod-yutengl-dev-202-3-0:2689223:2689223 [1] NCCL INFO NET/IB : Using [RO]; OOB eth0:10.91.207.160<0>
pluto-prod-yutengl-dev-202-3-0:2689223:2689223 [1] NCCL INFO Failed to initialize NET plugin IB
pluto-prod-yutengl-dev-202-3-0:2689223:2689223 [1] NCCL INFO NET/Socket : Using [0]eth0:10.91.207.160<0>
pluto-prod-yutengl-dev-202-3-0:2689223:2689223 [1] NCCL INFO Initialized NET plugin Socket
pluto-prod-yutengl-dev-202-3-0:2689223:2689223 [1] NCCL INFO Assigned NET plugin Socket to comm
pluto-prod-yutengl-dev-202-3-0:2689223:2689223 [1] NCCL INFO GIN/Plugin: Could not find: libnccl-gin.so
pluto-prod-yutengl-dev-202-3-0:2689223:2689223 [1] NCCL INFO Successfully loaded external gin plugin /opt/aws-ofi-nccl/install/lib/libnccl-net.so
pluto-prod-yutengl-dev-202-3-0:2689223:2689223 [1] NCCL INFO Failed to initialize any GIN plugin
pluto-prod-yutengl-dev-202-3-0:2689223:2689223 [1] NCCL INFO Using network Socket
pluto-prod-yutengl-dev-202-3-0:2689223:2689223 [1] NCCL INFO [Rank 1] ncclCommInitRankConfig comm 0x5566cf97d630 rank 1 nranks 2 cudaDev 1 nvmlDev 1 busId 75000 commId 0xdbe8f98b6eb7b37f - Init START
pluto-prod-yutengl-dev-202-3-0:2689223:2689223 [1] NCCL INFO RAS client listening socket at ::1<28028>
pluto-prod-yutengl-dev-202-3-0:2689223:2689223 [1] NCCL INFO Bootstrap timings total 0.003827 (create 0.000079, send 0.000164, recv 0.002876, ring 0.000035, delay 0.000001)
pluto-prod-yutengl-dev-202-3-0:2689223:2689223 [1] NCCL INFO MNNVL busId 0x75000 fabric UUID 0.0 cliqueId 0x0 state 3 healthMask 0x0
pluto-prod-yutengl-dev-202-3-0:2689223:2689223 [1] NCCL INFO ncclTopoGetCpuAffinity: Affinity for GPU 1 is 0-47,96-143. (GPU affinity = 0-47,96-143 ; CPU affinity = 0-191).
pluto-prod-yutengl-dev-202-3-0:2689222:2689222 [0] NCCL INFO NVLS multicast support is available on dev 0 (NVLS_NCHANNELS 16)
pluto-prod-yutengl-dev-202-3-0:2689222:2689222 [0] NCCL INFO comm 0x564f2ed7c860 rank 0 nRanks 2 nNodes 1 localRanks 2 localRank 0 MNNVL 0
pluto-prod-yutengl-dev-202-3-0:2689222:2689222 [0] NCCL INFO Channel 00/24 : 0 1
pluto-prod-yutengl-dev-202-3-0:2689222:2689222 [0] NCCL INFO Channel 01/24 : 0 1
pluto-prod-yutengl-dev-202-3-0:2689222:2689222 [0] NCCL INFO Channel 02/24 : 0 1
pluto-prod-yutengl-dev-202-3-0:2689222:2689222 [0] NCCL INFO Channel 03/24 : 0 1
pluto-prod-yutengl-dev-202-3-0:2689222:2689222 [0] NCCL INFO Channel 04/24 : 0 1
pluto-prod-yutengl-dev-202-3-0:2689222:2689222 [0] NCCL INFO Channel 05/24 : 0 1
pluto-prod-yutengl-dev-202-3-0:2689222:2689222 [0] NCCL INFO Channel 06/24 : 0 1
pluto-prod-yutengl-dev-202-3-0:2689222:2689222 [0] NCCL INFO Channel 07/24 : 0 1
pluto-prod-yutengl-dev-202-3-0:2689222:2689222 [0] NCCL INFO Channel 08/24 : 0 1
pluto-prod-yutengl-dev-202-3-0:2689222:2689222 [0] NCCL INFO Channel 09/24 : 0 1
pluto-prod-yutengl-dev-202-3-0:2689222:2689222 [0] NCCL INFO Channel 10/24 : 0 1
pluto-prod-yutengl-dev-202-3-0:2689222:2689222 [0] NCCL INFO Channel 11/24 : 0 1
pluto-prod-yutengl-dev-202-3-0:2689222:2689222 [0] NCCL INFO Channel 12/24 : 0 1
pluto-prod-yutengl-dev-202-3-0:2689222:2689222 [0] NCCL INFO Channel 13/24 : 0 1
pluto-prod-yutengl-dev-202-3-0:2689222:2689222 [0] NCCL INFO Channel 14/24 : 0 1
pluto-prod-yutengl-dev-202-3-0:2689222:2689222 [0] NCCL INFO Channel 15/24 : 0 1
pluto-prod-yutengl-dev-202-3-0:2689222:2689222 [0] NCCL INFO Channel 16/24 : 0 1
pluto-prod-yutengl-dev-202-3-0:2689222:2689222 [0] NCCL INFO Channel 17/24 : 0 1
pluto-prod-yutengl-dev-202-3-0:2689222:2689222 [0] NCCL INFO Channel 18/24 : 0 1
pluto-prod-yutengl-dev-202-3-0:2689222:2689222 [0] NCCL INFO Channel 19/24 : 0 1
pluto-prod-yutengl-dev-202-3-0:2689222:2689222 [0] NCCL INFO Channel 20/24 : 0 1
pluto-prod-yutengl-dev-202-3-0:2689222:2689222 [0] NCCL INFO Channel 21/24 : 0 1
pluto-prod-yutengl-dev-202-3-0:2689222:2689222 [0] NCCL INFO Channel 22/24 : 0 1
pluto-prod-yutengl-dev-202-3-0:2689222:2689222 [0] NCCL INFO Channel 23/24 : 0 1
pluto-prod-yutengl-dev-202-3-0:2689222:2689222 [0] NCCL INFO Trees [0] 1/-1/-1->0->-1 [1] 1/-1/-1->0->-1 [2] 1/-1/-1->0->-1 [3] 1/-1/-1->0->-1 [4] 1/-1/-1->0->-1 [5] 1/-1/-1->0->-1 [6] -1/-1/-1->0->1 [7] -1/-1/-1->0->1 [8] -1/-1/-1->0->1 [9] -1/-1/-1->0->1 [10] -1/-1/-1->0->1 [11] -1/-1/-1->0->1 [12] 1/-1/-1->0->-1 [13] 1/-1/-1->0->-1 [14] 1/-1/-1->0->-1 [15] 1/-1/-1->0->-1 [16] 1/-1/-1->0->-1 [17] 1/-1/-1->0->-1 [18] -1/-1/-1->0->1 [19] -1/-1/-1->0->1 [20] -1/-1/-1->0->1 [21] -1/-1/-1->0->1 [22] -1/-1/-1->0->1 [23] -1/-1/-1->0->1
pluto-prod-yutengl-dev-202-3-0:2689222:2689222 [0] NCCL INFO P2P Chunksize set to 524288
pluto-prod-yutengl-dev-202-3-0:2689222:2689222 [0] NCCL INFO PROFILER/Plugin: Could not find: libnccl-profiler.so
pluto-prod-yutengl-dev-202-3-0:2689222:2689222 [0] NCCL INFO Check P2P Type isAllDirectP2p 1 directMode 0 isAllCudaP2p 1
pluto-prod-yutengl-dev-202-3-0:2689222:2689769 [0] NCCL INFO [Proxy Service] Device 0 CPU core 14
pluto-prod-yutengl-dev-202-3-0:2689222:2689771 [0] NCCL INFO [Proxy Service UDS] Device 0 CPU core 31
pluto-prod-yutengl-dev-202-3-0:2689222:2689222 [0] NCCL INFO TUNER/Plugin: Could not find: libnccl-tuner.so
pluto-prod-yutengl-dev-202-3-0:2689222:2689222 [0] NCCL INFO TUNER/Plugin: Using nccl_ofi_tuner (v3)
pluto-prod-yutengl-dev-202-3-0:2689222:2689222 [0] NCCL INFO NET/OFI Region base Tuner is chosen for platform: p5.48xlarge
pluto-prod-yutengl-dev-202-3-0:2689222:2689222 [0] NCCL INFO NET/OFI Region Tuner init (platform 0): comm with 2 ranks and 1 nodes.
pluto-prod-yutengl-dev-202-3-0:2689222:2689222 [0] NCCL INFO NET/OFI Tuner init: comm with 2 ranks and 1 nodes.
pluto-prod-yutengl-dev-202-3-0:2689222:2689222 [0] NCCL INFO threadThresholds 8/8/64 | 16/8/64 | 512 | 512
pluto-prod-yutengl-dev-202-3-0:2689222:2689222 [0] NCCL INFO 24 coll channels, 24 collnet channels, 16 nvls channels, 32 p2p channels, 32 p2).
pluto-prod-yutengl-dev-202-3-0:2689223:2689223 [1] NCCL INFO NVLS multicast support is available on dev 1 (NVLS_NCHANNELS 16)
pluto-prod-yutengl-dev-202-3-0:2689223:2689223 [1] NCCL INFO comm 0x5566cf97d630 rank 1 nRanks 2 nNodes 1 localRanks 2 localRank 1 MNNVL 0
pluto-prod-yutengl-dev-202-3-0:2689223:2689223 [1] NCCL INFO Trees [0] -1/-1/-1->1->0 [1] -1/-1/-1->1->0 [2] -1/-1/-1->1->0 [3] -1/-1/-1->1->0 [4] -1/-1/-1->1->0 [5] -1/-1/-1->1->0 [6] 0/-1/-1->1->-1 [7] 0/-1/-1->1->-1 [8] 0/-1/-1->1->-1 [9] 0/-1/-1->1->-1 [10] 0/-1/-1->1->-1 [11] 0/-1/-1->1->-1 [12] -1/-1/-1->1->0 [13] -1/-1/-1->1->0 [14] -1/-1/-1->1->0 [15] -1/-1/-1->1->0 [16] -1/-1/-1->1->0 [17] -1/-1/-1->1->0 [18] 0/-1/-1->1->-1 [19] 0/-1/-1->1->-1 [20] 0/-1/-1->1->-1 [21] 0/-1/-1->1->-1 [22] 0/-1/-1->1->-1 [23] 0/-1/-1->1->-1
pluto-prod-yutengl-dev-202-3-0:2689223:2689223 [1] NCCL INFO P2P Chunksize set to 524288
pluto-prod-yutengl-dev-202-3-0:2689223:2689223 [1] NCCL INFO PROFILER/Plugin: Could not find: libnccl-profiler.so
pluto-prod-yutengl-dev-202-3-0:2689223:2689223 [1] NCCL INFO Check P2P Type isAllDirectP2p 1 directMode 0 isAllCudaP2p 1
pluto-prod-yutengl-dev-202-3-0:2689223:2689770 [0] NCCL INFO [Proxy Service UDS] Device 1 CPU core 31
pluto-prod-yutengl-dev-202-3-0:2689223:2689768 [0] NCCL INFO [Proxy Service] Device 1 CPU core 142
pluto-prod-yutengl-dev-202-3-0:2689223:2689223 [1] NCCL INFO TUNER/Plugin: Could not find: libnccl-tuner.so
pluto-prod-yutengl-dev-202-3-0:2689223:2689223 [1] NCCL INFO TUNER/Plugin: Using nccl_ofi_tuner (v3)
pluto-prod-yutengl-dev-202-3-0:2689223:2689223 [1] NCCL INFO NET/OFI Region base Tuner is chosen for platform: p5.48xlarge
pluto-prod-yutengl-dev-202-3-0:2689223:2689223 [1] NCCL INFO NET/OFI Region Tuner init (platform 0): comm with 2 ranks and 1 nodes.
pluto-prod-yutengl-dev-202-3-0:2689223:2689223 [1] NCCL INFO NET/OFI Tuner init: comm with 2 ranks and 1 nodes.
pluto-prod-yutengl-dev-202-3-0:2689223:2689223 [1] NCCL INFO threadThresholds 8/8/64 | 16/8/64 | 512 | 512
pluto-prod-yutengl-dev-202-3-0:2689223:2689223 [1] NCCL INFO 24 coll channels, 24 collnet channels, 16 nvls channels, 32 p2p channels, 32 p2p channels per peer
pluto-prod-yutengl-dev-202-3-0:2689223:2689223 [1] NCCL INFO Symmetric VA size=80GB
pluto-prod-yutengl-dev-202-3-0:2689223:2689223 [1] NCCL INFO ncclCommInitRankConfig comm 0x5566cf97d630 rank 1 nranks 2 cudaDev 1 nvmlDev 1 busId 75000 commId 0xdbe8f98b6eb7b37f - Init COMPLETE
pluto-prod-yutengl-dev-202-3-0:2689223:2689223 [1] NCCL INFO Init timings - ncclCommInitRankConfig: rank 1 nranks 2 total 0.57 (kernels 0.33, alloc 0.08, bootstrap 0.00, allgathers 0.00, topo 0.02, graphs 0.01, connections 0.12, rest 0.01)
pluto-prod-yutengl-dev-202-3-0:2689223:2689223 [1] NCCL INFO Comm config Blocking set to 1
pluto-prod-yutengl-dev-202-3-0:2689223:2689223 [1] NCCL INFO Initialized NET plugin Socket
pluto-prod-yutengl-dev-202-3-0:2689223:2689223 [1] NCCL INFO Assigned NET plugin Socket to comm
pluto-prod-yutengl-dev-202-3-0:2689223:2689223 [1] NCCL INFO Failed to initialize any GIN plugin
pluto-prod-yutengl-dev-202-3-0:2689223:2689223 [1] NCCL INFO Using network Socket
pluto-prod-yutengl-dev-202-3-0:2689223:2689223 [1] NCCL INFO ncclCommSplit comm 0x5566d77bb9f0 rank 1 nranks 2 cudaDev 1 nvmlDev 1 busId 75000 parent 0x5566cf97d630 childCount 1 color 2130503744 key 1- Init START
pluto-prod-yutengl-dev-202-3-0:2689223:2689223 [1] NCCL INFO MNNVL busId 0x75000 fabric UUID 0.0 cliqueId 0x0 state 3 healthMask 0x0
pluto-prod-yutengl-dev-202-3-0:2689223:2689223 [1] NCCL INFO ncclTopoGetCpuAffinity: Affinity for GPU 1 is 0-47,96-143. (GPU affinity = 0-47,96-143 ; CPU affinity = 0-47,96-143).
pluto-prod-yutengl-dev-202-3-0:2689223:2689223 [1] NCCL INFO NVLS multicast support is available on dev 1 (NVLS_NCHANNELS 16)
pluto-prod-yutengl-dev-202-3-0:2689223:2689223 [1] NCCL INFO comm 0x5566d77bb9f0 rank 1 nRanks 2 nNodes 1 localRanks 2 localRank 1 MNNVL 0
pluto-prod-yutengl-dev-202-3-0:2689223:2689223 [1] NCCL INFO Trees [0] -1/-1/-1->1->0 [1] -1/-1/-1->1->0 [2] -1/-1/-1->1->0 [3] -1/-1/-1->1->0 [4] -1/-1/-1->1p channels per peer
pluto-prod-yutengl-dev-202-3-0:2689222:2689222 [0] NCCL INFO Symmetric VA size=80GB
pluto-prod-yutengl-dev-202-3-0:2689222:2689222 [0] NCCL INFO CC Off, workFifoBytes 1048576
pluto-prod-yutengl-dev-202-3-0:2689222:2689222 [0] NCCL INFO ncclCommInitRankConfig comm 0x564f2ed7c860 rank 0 nranks 2 cudaDev 0 nvmlDev 0 busId 64000 commId 0xdbe8f98b6eb7b37f - Init COMPLETE
pluto-prod-yutengl-dev-202-3-0:2689222:2689222 [0] NCCL INFO Init timings - ncclCommInitRankConfig: rank 0 nranks 2 total 0.57 (kernels 0.33, alloc 0.08, bootstrap 0.00, allgathers 0.00, topo 0.02, graphs 0.01, connections 0.12, rest 0.01)
pluto-prod-yutengl-dev-202-3-0:2689222:2689222 [0] NCCL INFO Comm config Blocking set to 1
pluto-prod-yutengl-dev-202-3-0:2689222:2689222 [0] NCCL INFO Initialized NET plugin Socket
pluto-prod-yutengl-dev-202-3-0:2689222:2689222 [0] NCCL INFO Assigned NET plugin Socket to comm
pluto-prod-yutengl-dev-202-3-0:2689222:2689222 [0] NCCL INFO Failed to initialize any GIN plugin
pluto-prod-yutengl-dev-202-3-0:2689222:2689222 [0] NCCL INFO Using network Socket
pluto-prod-yutengl-dev-202-3-0:2689222:2689222 [0] NCCL INFO ncclCommSplit comm 0x564f36bbc570 rank 0 nranks 2 cudaDev 0 nvmlDev 0 busId 64000 parent 0x564f2ed7c860 childCount 1 color 2130503744 key 0- Init START
pluto-prod-yutengl-dev-202-3-0:2689222:2689222 [0] NCCL INFO MNNVL busId 0x64000 fabric UUID 0.0 cliqueId 0x0 state 3 healthMask 0x0
pluto-prod-yutengl-dev-202-3-0:2689222:2689222 [0] NCCL INFO ncclTopoGetCpuAffinity: Affinity for GPU 0 is 0-47,96-143. (GPU affinity = 0-47,96-143 ; CPU affinity = 0-47,96-143).
pluto-prod-yutengl-dev-202-3-0:2689222:2689222 [0] NCCL INFO NVLS multicast support is available on dev 0 (NVLS_NCHANNELS 16)
pluto-prod-yutengl-dev-202-3-0:2689222:2689222 [0] NCCL INFO comm 0x564f36bbc570 rank 0 nRanks 2 nNodes 1 localRanks 2 localRank 0 MNNVL 0
pluto-prod-yutengl-dev-202-3-0:2689222:2689222 [0] NCCL INFO Channel 00/24 : 0 1
pluto-prod-yutengl-dev-202-3-0:2689222:2689222 [0] NCCL INFO Channel 01/24 : 0 1
pluto-prod-yutengl-dev-202-3-0:2689222:2689222 [0] NCCL INFO Channel 02/24 : 0 1
pluto-prod-yutengl-dev-202-3-0:2689222:2689222 [0] NCCL INFO Channel 03/24 : 0 1
pluto-prod-yutengl-dev-202-3-0:2689222:2689222 [0] NCCL INFO Channel 04/24 : 0 1
pluto-prod-yutengl-dev-202-3-0:2689222:2689222 [0] NCCL INFO Channel 05/24 : 0 1
pluto-prod-yutengl-dev-202-3-0:2689222:2689222 [0] NCCL INFO Channel 06/24 : 0 1
pluto-prod-yutengl-dev-202-3-0:2689222:2689222 [0] NCCL INFO Channel 07/24 : 0 1
pluto-prod-yutengl-dev-202-3-0:2689222:2689222 [0] NCCL INFO Channel 08/24 : 0 1
pluto-prod-yutengl-dev-202-3-0:2689222:2689222 [0] NCCL INFO Channel 09/24 : 0 1
pluto-prod-yutengl-dev-202-3-0:2689222:2689222 [0] NCCL INFO Channel 10/24 : 0 1
pluto-prod-yutengl-dev-202-3-0:2689222:2689222 [0] NCCL INFO Channel 11/24 : 0 1
pluto-prod-yutengl-dev-202-3-0:2689222:2689222 [0] NCCL INFO Channel 12/24 : 0 1
pluto-prod-yutengl-dev-202-3-0:2689222:2689222 [0] NCCL INFO Channel 13/24 : 0 1
pluto-prod-yutengl-dev-202-3-0:2689222:2689222 [0] NCCL INFO Channel 14/24 : 0 1
pluto-prod-yutengl-dev-202-3-0:2689222:2689222 [0] NCCL INFO Channel 15/24 : 0 1
pluto-prod-yutengl-dev-202-3-0:2689222:2689222 [0] NCCL INFO Channel 16/24 : 0 1
pluto-prod-yutengl-dev-202-3-0:2689222:2689222 [0] NCCL INFO Channel 17/24 : 0 1
pluto-prod-yutengl-dev-202-3-0:2689222:2689222 [0] NCCL INFO Channel 18/24 : 0 1
pluto-prod-yutengl-dev-202-3-0:2689222:2689222 [0] NCCL INFO Channel 19/24 : 0 1
pluto-prod-yutengl-dev-202-3-0:2689222:2689222 [0] NCCL INFO Channel 20/24 : 0 1
pluto-prod-yutengl-dev-202-3-0:2689222:2689222 [0] NCCL INFO Channel 21/24 : 0 1
pluto-prod-yutengl-dev-202-3-0:2689222:2689222 [0] NCCL INFO Channel 22/24 : 0 1
pluto-prod-yutengl-dev-202-3-0:2689222:2689222 [0] NCCL INFO Channel 23/24 : 0 1
pluto-prod-yutengl-dev-202-3-0:2689222:2689222 [0] NCCL INFO Trees [0] 1/-1/-1->0->-1 [1] 1/-1/-1->0->-1 [2] 1/-1/-1->0->-1 [3] 1/-1/-1->0->-1 [4] 1/-1/-1->0->-1 [5] 1/-1/-1->0->-1 [6] -1/-1/-1->0->1 [7] -1/-1/-1->0->1 [8] -1/-1/-1->0->1 [9] -1/-1/-1->0->1 [10] -1/-1/-1->0->1[09-16 09:47:26] Found nccl from library libnccl.so.2
[09-16 09:47:26] sglang-diffusion is using nccl==2.29.7
 [11] -1/-1/-1->0->1 [12] 1/-1/-1->0->-1 [13] 1/-1/-1->0->-1 [14] 1/-1/-1->0->-1 [15] 1/-1/-1->0->-1 [16] 1/-1/-1->0->-1 [17] 1/-1/-1->0->-1 [18] -1/-1/-1->0->1 [19] -1/-1/-1->0->1 [20] -1/-1/-1->0->1 [21] -1/-1/-1->0->1 [22] -1/-1/-1->0->1 [23] -1/-1/-1->0->1
pluto-prod-yutengl-dev-202-3-0:2689222:2689222 [0] NCCL INFO P2P Chunksize set to 524288
pluto-prod-yutengl-dev-202-3-0:2689222:2689222 [0] NCCL INFO Check P2P Type isAllDirectP2p 1 directMode 0 isAllCudaP2p 1
pluto-prod-yutengl-dev-202-3-0:2689222:2689776 [0] NCCL INFO [Proxy Service] Device 0 CPU core 106
pluto-prod-yutengl-dev-202-3-0:2689222:2689778 [0] NCCL INFO [Proxy Service UDS] Device 0 CPU core 120
pluto-prod-yutengl-dev-202-3-0:2689222:2689222 [0] NCCL INFO NET/OFI Region base Tuner is chosen for platform: p5.48xlarge
pluto-prod-yutengl-dev-202-3-0:2689222:2689222 [0] NCCL INFO NET/OFI Region Tuner init (platform 0): comm with 2 ranks and 1 nodes.
pluto-prod-yutengl-dev-202-3-0:2689222:2689222 [0] NCCL INFO NET/OFI Tuner init: comm with 2 ranks and 1 nodes.
pluto-prod-yutengl-dev-202-3-0:2689222:2689222 [0] NCCL INFO threadThresholds 8/8/64 | 16/8/64 | 512 | 512
pluto-prod-yutengl-dev-202-3-0:2689222:2689222 [0] NCCL INFO 24 coll channels, 24 collnet channels, 16 nvls channels, 32 p2p channels, 32 p2p channels per peer
pluto-prod-yutengl-dev-202-3-0:2689222:2689222 [0] NCCL INFO Symmetric VA size=80GB
pluto-prod-yutengl-dev-202-3-0:2689222:2689222 [0] NCCL INFO CC Off, workFifoBytes 1048576
pluto-prod-yutengl-dev-202-3-0:2689222:2689222 [0] NCCL INFO ncclCommSplit comm 0x564f36bbc570 rank 0 nranks 2 cudaDev 0 nvmlDev 0 busId 64000 parent 0x564f2ed7c860 childCount 1 color 2130503744 key 0 - Init COMPLETE
pluto-prod-yutengl-dev-202-3-0:2689222:2689222 [0] NCCL INFO Init timings - ncclCommSplit: rank 0 nranks 2 total 0.11 (kernels 0.00, alloc 0.00, bootstrap 0.00, allgathers 0.00, topo 0.02, graphs 0.00, connections 0.08, rest 0.01)
pluto-prod-yutengl-dev-202-3-0:2689222:2689222 [0] NCCL INFO Initialized NET plugin Socket
pluto-prod-yutengl-dev-202-3-0:2689222:2689222 [0] NCCL INFO Assigned NET plugin Socket to comm
pluto-prod-yutengl-dev-202-3-0:2689222:2689222 [0] NCCL INFO Failed to initialize any GIN plugin
pluto-prod-yutengl-dev-202-3-0:2689222:2689222 [0] NCCL INFO Using network Socket
pluto-prod-yutengl-dev-202-3-0:2689222:2689222 [0] NCCL INFO [Rank 0] ncclCommInitRank comm 0x564f36f69070 rank 0 nranks 2 cudaDev 0 nvmlDev 0 busId 64000 commId 0xa2c18091d411c532 - Init START
pluto-prod-yutengl-dev-202-3-0:2689222:2689222 [0] NCCL INFO Bootstrap timings total 0.000833 (create 0.000050, send 0.000143, recv 0.000283, ring 0.000038, delay 0.000000)
pluto-prod-yutengl-dev-202-3-0:2689222:2689222 [0] NCCL INFO MNNVL busId 0x64000 fabric UUID 0.0 cliqueId 0x0 state 3 healthMask 0x0
pluto-prod-yutengl-dev-202-3-0:2689222:2689222 [0] NCCL INFO ncclTopoGetCpuAffinity: Affinity for GPU 0 is 0-47,96-143. (GPU affinity = 0-47,96-143 ; CPU affinity = 0-47,96-143).
pluto-prod-yutengl-dev-202-3-0:2689222:2689222 [0] NCCL INFO NVLS multicast support is available on dev 0 (NVLS_NCHANNELS 16)
pluto-prod-yutengl-dev-202-3-0:2689222:2689222 [0] NCCL INFO comm 0x564f36f69070 rank 0 nRanks 2 nNodes 1 localRanks 2 localRank 0 MNNVL 0
pluto-prod-yutengl-dev-202-3-0:2689222:2689222 [0] NCCL INFO Channel 00/24 : 0 1
pluto-prod-yutengl-dev-202-3-0:2689222:2689222 [0] NCCL INFO Channel 01/24 : 0 1
pluto-prod-yutengl-dev-202-3-0:2689222:2689222 [0] NCCL INFO Channel 02/24 : 0 1
pluto-prod-yutengl-dev-202-3-0:2689222:2689222 [0] NCCL INFO Channel 03/24 : 0 1
pluto-prod-yutengl-dev-202-3-0:2689222:2689222 [0] NCCL INFO Channel 04/24 : 0 1
pluto-prod-yutengl-dev-202-3-0:2689222:2689222 [0] NCCL INFO Channel 05/24 : 0 1
pluto-prod-yutengl-dev-202-3-0:2689222:2689222 [0] NCCL INFO Channel 06/24 : 0 1
pluto-prod-yutengl-dev-202-3-0:2689222:2689222 [0] NCCL INFO Channel 07/24 : 0 1
pluto-prod-yutengl-dev-202-3-0:2689222:2689222 [0] NCCL INFO Channel 08/24 : 0 1
pluto-prod-yutengl-dev-202-3-0:2689222:2689222 [0] NCCL INFO Channel 09/24 : 0 1
pluto-prod-yutengl-dev-202-3-0:2689222:2689222->0 [5] -1/-1/-1->1->0 [6] 0/-1/-1->1->-1 [7] 0/-1/-1->1->-1 [8] 0/-1/-1->1->-1 [9] 0/-1/-1->1->-1 [10] 0/-1/-1->1->-1 [11] 0/-1/-1->1->-1 [12] -1/-1/-1->1->0 [13] -1/-1/-1->1->0 [14] -1/-1/-1->1->0 [15] -1/-1/-1->1->0 [16] -1/-1/-1->1->0 [17] -1/-1/-1->1->0 [18] 0/-1/-1->1->-1 [19] 0/-1/-1->1->-1 [20] 0/-1/-1->1->-1 [21] 0/-1/-1->1->-1 [22] 0/-1/-1->1->-1 [23] 0/-1/-1->1->-1
pluto-prod-yutengl-dev-202-3-0:2689223:2689223 [1] NCCL INFO P2P Chunksize set to 524288
pluto-prod-yutengl-dev-202-3-0:2689223:2689223 [1] NCCL INFO Check P2P Type isAllDirectP2p 1 directMode 0 isAllCudaP2p 1
pluto-prod-yutengl-dev-202-3-0:2689223:2689777 [0] NCCL INFO [Proxy Service] Device 1 CPU core 47
pluto-prod-yutengl-dev-202-3-0:2689223:2689779 [0] NCCL INFO [Proxy Service UDS] Device 1 CPU core 22
pluto-prod-yutengl-dev-202-3-0:2689223:2689223 [1] NCCL INFO NET/OFI Region base Tuner is chosen for platform: p5.48xlarge
pluto-prod-yutengl-dev-202-3-0:2689223:2689223 [1] NCCL INFO NET/OFI Region Tuner init (platform 0): comm with 2 ranks and 1 nodes.
pluto-prod-yutengl-dev-202-3-0:2689223:2689223 [1] NCCL INFO NET/OFI Tuner init: comm with 2 ranks and 1 nodes.
pluto-prod-yutengl-dev-202-3-0:2689223:2689223 [1] NCCL INFO threadThresholds 8/8/64 | 16/8/64 | 512 | 512
pluto-prod-yutengl-dev-202-3-0:2689223:2689223 [1] NCCL INFO 24 coll channels, 24 collnet channels, 16 nvls channels, 32 p2p channels, 32 p2p channels per peer
pluto-prod-yutengl-dev-202-3-0:2689223:2689223 [1] NCCL INFO Symmetric VA size=80GB
pluto-prod-yutengl-dev-202-3-0:2689223:2689223 [1] NCCL INFO ncclCommSplit comm 0x5566d77bb9f0 rank 1 nranks 2 cudaDev 1 nvmlDev 1 busId 75000 parent 0x5566cf97d630 childCount 1 color 2130503744 key 1 - Init COMPLETE
pluto-prod-yutengl-dev-202-3-0:2689223:2689223 [1] NCCL INFO Init timings - ncclCommSplit: rank 1 nranks 2 total 0.11 (kernels 0.00, alloc 0.00, bootstrap 0.00, allgathers 0.00, topo 0.02, graphs 0.00, connections 0.08, rest 0.01)
pluto-prod-yutengl-dev-202-3-0:2689223:2689223 [1] NCCL INFO Initialized NET plugin Socket
pluto-prod-yutengl-dev-202-3-0:2689223:2689223 [1] NCCL INFO Assigned NET plugin Socket to comm
pluto-prod-yutengl-dev-202-3-0:2689223:2689223 [1] NCCL INFO Failed to initialize any GIN plugin
pluto-prod-yutengl-dev-202-3-0:2689223:2689223 [1] NCCL INFO Using network Socket
pluto-prod-yutengl-dev-202-3-0:2689223:2689223 [1] NCCL INFO [Rank 1] ncclCommInitRank comm 0x5566d7b68270 rank 1 nranks 2 cudaDev 1 nvmlDev 1 busId 75000 commId 0xa2c18091d411c532 - Init START
pluto-prod-yutengl-dev-202-3-0:2689223:2689223 [1] NCCL INFO Bootstrap timings total 0.000661 (create 0.000057, send 0.000095, recv 0.000274, ring 0.000031, delay 0.000000)
pluto-prod-yutengl-dev-202-3-0:2689223:2689223 [1] NCCL INFO MNNVL busId 0x75000 fabric UUID 0.0 cliqueId 0x0 state 3 healthMask 0x0
pluto-prod-yutengl-dev-202-3-0:2689223:2689223 [1] NCCL INFO ncclTopoGetCpuAffinity: Affinity for GPU 1 is 0-47,96-143. (GPU affinity = 0-47,96-143 ; CPU affinity = 0-47,96-143).
pluto-prod-yutengl-dev-202-3-0:2689223:2689223 [1] NCCL INFO NVLS multicast support is available on dev 1 (NVLS_NCHANNELS 16)
pluto-prod-yutengl-dev-202-3-0:2689223:2689223 [1] NCCL INFO comm 0x5566d7b68270 rank 1 nRanks 2 nNodes 1 localRanks 2 localRank 1 MNNVL 0
pluto-prod-yutengl-dev-202-3-0:2689223:2689223 [1] NCCL INFO Trees [0] -1/-1/-1->1->0 [1] -1/-1/-1->1->0 [2] -1/-1/-1->1->0 [3] -1/-1/-1->1->0 [4] -1/-1/-1->1->0 [5] -1/-1/-1->1->0 [6] 0/-1/-1->1->-1 [7] 0/-1/-1->1->-1 [8] 0/-1/-1->1->-1 [9] 0/-1/-1->1->-1 [10] 0/-1/-1->1->-1 [11] 0/-1/-1->1->-1 [12] -1/-1/-1->1->0 [13] -1/-1/-1->1->0 [14] -1/-1/-1->1->0 [15] -1/-1/-1->1->0 [16] -1/-1/-1->1->0 [17] -1/-1/-1->1->0 [18] 0/-1/-1->1->-1 [19] 0/-1/-1->1->-1 [20] 0/-1/-1->1->-1 [21] 0/-1/-1->1->-1 [22] 0/-1/-1->1->-1 [23] 0/-1/-1->1->-1
pluto-prod-yutengl-dev-202-3-0:2689223:2689223 [1] NCCL INFO P2P Chunksize set to 524288
pluto-prod-yutengl-dev-202-3-0:2689223:2689223 [1] NCCL INFO Check P2P Type isAllDirectP2p 1 directMode 0 isAllCudaP2p 1
pluto-prod-yutengl-dev-202-3-0:2689223:2689788 [0] NCCL INFO [Proxy Service] Device  [0] NCCL INFO Channel 10/24 : 0 1
pluto-prod-yutengl-dev-202-3-0:2689222:2689222 [0] NCCL INFO Channel 11/24 : 0 1
pluto-prod-yutengl-dev-202-3-0:2689222:2689222 [0] NCCL INFO Channel 12/24 : 0 1
pluto-prod-yutengl-dev-202-3-0:2689222:2689222 [0] NCCL INFO Channel 13/24 : 0 1
pluto-prod-yutengl-dev-202-3-0:2689222:2689222 [0] NCCL INFO Channel 14/24 : 0 1
pluto-prod-yutengl-dev-202-3-0:2689222:2689222 [0] NCCL INFO Channel 15/24 : 0 1
pluto-prod-yutengl-dev-202-3-0:2689222:2689222 [0] NCCL INFO Channel 16/24 : 0 1
pluto-prod-yutengl-dev-202-3-0:2689222:2689222 [0] NCCL INFO Channel 17/24 : 0 1
pluto-prod-yutengl-dev-202-3-0:2689222:2689222 [0] NCCL INFO Channel 18/24 : 0 1
pluto-prod-yutengl-dev-202-3-0:2689222:2689222 [0] NCCL INFO Channel 19/24 : 0 1
pluto-prod-yutengl-dev-202-3-0:2689222:2689222 [0] NCCL INFO Channel 20/24 : 0 1
pluto-prod-yutengl-dev-202-3-0:2689222:2689222 [0] NCCL INFO Channel 21/24 : 0 1
pluto-prod-yutengl-dev-202-3-0:2689222:2689222 [0] NCCL INFO Channel 22/24 : 0 1
pluto-prod-yutengl-dev-202-3-0:2689222:2689222 [0] NCCL INFO Channel 23/24 : 0 1
pluto-prod-yutengl-dev-202-3-0:2689222:2689222 [0] NCCL INFO Trees [0] 1/-1/-1->0->-1 [1] 1/-1/-1->0->-1 [2] 1/-1/-1->0->-1 [3] 1/-1/-1->0->-1 [4] 1/-1/-1->0->-1 [5] 1/-1/-1->0->-1 [6] -1/-1/-1->0->1 [7] -1/-1/-1->0->1 [8] -1/-1/-1->0->1 [9] -1/-1/-1->0->1 [10] -1/-1/-1->0->1 [11] -1/-1/-1->0->1 [12] 1/-1/-1->0->-1 [13] 1/-1/-1->0->-1 [14] 1/-1/-1->0->-1 [15] 1/-1/-1->0->-1 [16] 1/-1/-1->0->-1 [17] 1/-1/-1->0->-1 [18] -1/-1/-1->0->1 [19] -1/-1/-1->0->1 [20] -1/-1/-1->0->1 [21] -1/-1/-1->0->1 [22] -1/-1/-1->0->1 [23] -1/-1/-1->0->1
pluto-prod-yutengl-dev-202-3-0:2689222:2689222 [0] NCCL INFO P2P Chunksize set to 524288
pluto-prod-yutengl-dev-202-3-0:2689222:2689222 [0] NCCL INFO Check P2P Type isAllDirectP2p 1 directMode 0 isAllCudaP2p 1
pluto-prod-yutengl-dev-202-3-0:2689222:2689787 [0] NCCL INFO [Proxy Service] Device 0 CPU core 124
pluto-prod-yutengl-dev-202-3-0:2689222:2689789 [0] NCCL INFO [Proxy Service UDS] Device 0 CPU core 143
pluto-prod-yutengl-dev-202-3-0:2689222:2689222 [0] NCCL INFO NET/OFI Region base Tuner is chosen for platform: p5.48xlarge
pluto-prod-yutengl-dev-202-3-0:2689222:2689222 [0] NCCL INFO NET/OFI Region Tuner init (platform 0): comm with 2 ranks and 1 nodes.
pluto-prod-yutengl-dev-202-3-0:2689222:2689222 [0] NCCL INFO NET/OFI Tuner init: comm with 2 ranks and 1 nodes.
pluto-prod-yutengl-dev-202-3-0:2689222:2689222 [0] NCCL INFO threadThresholds 8/8/64 | 16/8/64 | 512 | 512
pluto-prod-yutengl-dev-202-3-0:2689222:2689222 [0] NCCL INFO 24 coll channels, 24 collnet channels, 16 nvls channels, 32 p2p channels, 32 p2p channels per peer
pluto-prod-yutengl-dev-202-3-0:2689222:2689222 [0] NCCL INFO Symmetric VA size=80GB
pluto-prod-yutengl-dev-202-3-0:2689222:2689222 [0] NCCL INFO CC Off, workFifoBytes 1048576
pluto-prod-yutengl-dev-202-3-0:2689222:2689222 [0] NCCL INFO ncclCommInitRank comm 0x564f36f69070 rank 0 nranks 2 cudaDev 0 nvmlDev 0 busId 64000 commId 0xa2c18091d411c532 - Init COMPLETE
pluto-prod-yutengl-dev-202-3-0:2689222:2689222 [0] NCCL INFO Init timings - ncclCommInitRank: rank 0 nranks 2 total 0.11 (kernels 0.00, alloc 0.00, bootstrap 0.00, allgathers 0.00, topo 0.02, graphs 0.00, connections 0.08, rest 0.01)
pluto-prod-yutengl-dev-202-3-0:2689222:2689222 [0] NCCL INFO Symmetric VA size=80GB
pluto-prod-yutengl-dev-202-3-0:2689222:2689222 [0] NCCL INFO Channel 00/0 : 0[0] -> 1[1] via P2P/CUMEM
pluto-prod-yutengl-dev-202-3-0:2689222:2689222 [0] NCCL INFO Channel 01/0 : 0[0] -> 1[1] via P2P/CUMEM
pluto-prod-yutengl-dev-202-3-0:2689222:2689222 [0] NCCL INFO Channel 02/0 : 0[0] -> 1[1] via P2P/CUMEM
pluto-prod-yutengl-dev-202-3-0:2689222:2689222 [0] NCCL INFO Channel 03/0 : 0[0] -> 1[1] via P2P/CUMEM
pluto-prod-yutengl-dev-202-3-0:2689222:2689222 [0] NCCL INFO Channel 04/0 : 0[0] -> 1[1] via P2P/CUMEM
pluto-prod-yutengl-dev-202-3-0:2689222:2689222 [0] NCCL INFO Channel 05/0 : 0[0] -> 1[1] via P2P/CUMEM
pluto-prod-yutengl-dev-202-3-0:2689222:2689222 [0] NCCL INFO Channel 06/0 : 0[0] -> 1[1] via P2P/CUMEM
pluto-prod-yutengl-dev-202-3-0:2689222:2689222 [0] NCCL INFO Channel 07/0 : 0[0] -> 1[1] via P2P/CUMEM
pluto-prod-yutengl-dev-202-3-0:2689222:2689222 [0] NCCL INFO Channel 08/0 : 0[0] -> 1[1] via P2P/CUMEM
pluto-prod-yutengl-dev-202-3-0:2689222:2689222 [0] NCCL INFO Channel 09/0 : 0[0] -> 1[1] via P2P/CUMEM
pluto-prod-yutengl-dev-202-3-0:2689222:2689222 [0] NCCL INFO Channel 10/0 : 0[0] -> 1[1] via P2P/CUMEM
pluto-prod-yutengl-dev-202-3-0:2689222:2689222 [0] NCCL INFO Channel 11/0 : 0[0] -> 1[1] via P2P/CUMEM
pluto-prod-yutengl-dev-202-3-0:2689222:2689222 [0] NCCL INFO Channel 12/0 : 0[0] -> 1[1] via P2P/CUMEM
pluto-prod-yutengl-dev-202-3-0:2689222:2689222 [0] NCCL INFO Channel 13/0 : 0[0] -> 1[1] via P2P/CUMEM
pluto-prod-yutengl-dev-202-3-0:2689222:2689222 [0] NCCL INFO Channel 14/0 : 0[0] -> 1[1] via P2P/CUMEM
pluto-prod-yutengl-dev-202-3-0:2689222:2689222 [0] NCCL INFO Channel 15/0 : 0[0] -> 1[1] via P2P/CUMEM
pluto-prod-yutengl-dev-202-3-0:2689222:2689222 [0] NCCL INFO Channel 16/0 : 0[0] -> 1[1] via P2P/CUMEM
pluto-prod-yutengl-dev-202-3-0:2689222:2689222 [0] NCCL INFO Channel 17/0 : 0[0] -> 1[1] via P2P/CUMEM
pluto-prod-yutengl-dev-202-3-0:2689222:2689222 [0] NCCL INFO Channel 18/0 : 0[0] -> 1[1] via P2P/CUMEM
pluto-prod-yutengl-dev-202-3-0:2689222:2689222 [0] NCCL INFO Channel 19/0 : 0[0] -> 1[1] via P2P/CUMEM
pluto-prod-yutengl-dev-202-3-0:2689222:2689222 [0] NCCL INFO Channel 20/0 : 0[0] -> 1[1] via P2P/CUMEM
pluto-prod-yutengl-dev-202-3-0:2689222:2689222 [0] NCCL INFO Channel 21/0 : 0[0] -> 1[1] via P2P/CUMEM
pluto-prod-yutengl-dev-202-3-0:2689222:2689222 [0] NCCL INFO Channel 22/0 : 0[0] -> 1[1] via P2P/CUMEM
pluto-prod-yutengl-dev-202-3-0:2689222:2689222 [0] NCCL INFO Channel 23/0 : 0[0] -> 1[1] via P2P/CUMEM
pluto-prod-yutengl-dev-202-3-0:2689222:2689222 [0] NCCL INFO Connected all rings, use ring PXN 0 GDR 1
pluto-prod-yutengl-dev-202-3-0:2689222:2689222 [0] NCCL INFO Rank 0 has color with NCCL_SPLIT_NOCOLOR, not creating a new communicator
pluto-prod-yutengl-dev-202-3-0:2689222:2689222 [0] NCCL INFO Rank 0 has color with NCCL_SPLIT_NOCOLOR, not creating a new communicator
pluto-prod-yutengl-dev-202-3-0:2689222:2689222 [0] NCCL INFO Comm config Blocking set to 1
pluto-prod-yutengl-dev-202-3-0:2689222:2689222 [0] NCCL INFO Initialized NET plugin Socket
pluto-prod-yutengl-dev-202-3-0:2689222:2689222 [0] NCCL INFO Assigned NET plugin Socket to comm
pluto-prod-yutengl-dev-202-3-0:2689222:2689222 [0] NCCL INFO Failed to initialize any GIN plugin
pluto-prod-yutengl-dev-202-3-0:2689222:2689222 [0] NCCL INFO Using network Socket
pluto-prod-yutengl-dev-202-3-0:2689222:2689222 [0] NCCL INFO ncclCommSplit comm 0x564f37eb83b0 rank 0 nranks 2 cudaDev 0 nvmlDev 0 busId 64000 parent 0x564f2ed7c860 childCount 4 color 2130503744 key 0- Init START
pluto-prod-yutengl-dev-202-3-0:2689222:2689222 [0] NCCL INFO MNNVL busId 0x64000 fabric UUID 0.0 cliqueId 0x0 state 3 healthMask 0x0
pluto-prod-yutengl-dev-202-3-0:2689222:2689222 [0] NCCL INFO ncclTopoGetCpuAffinity: Affinity for GPU 0 is 0-47,96-143. (GPU affinity = 0-47,96-143 ; CPU affinity = 0-47,96-143).
pluto-prod-yutengl-dev-202-3-0:2689222:2689222 [0] NCCL INFO NVLS multicast support is available on dev 0 (NVLS_NCHANNELS 16)
pluto-prod-yutengl-dev-202-3-0:2689222:2689222 [0] NCCL INFO comm 0x564f37eb83b0 rank 0 nRanks 2 nNodes 1 localRanks 2 localRank 0 MNNVL 0
pluto-prod-yutengl-dev-202-3-0:2689222:2689222 [0] NCCL INFO Channel 00/24 : 0 1
pluto-prod-yutengl-dev-202-3-0:2689222:2689222 [0] NCCL INFO Channel 01/24 : 0 1
pluto-prod-yutengl-dev-202-3-0:2689222:2689222 [0] NCCL INFO Channel 02/24 : 0 1
pluto-prod-yutengl-dev-202-3-0:2689222:2689222 [0] NCCL INFO Channel 03/24 : 0 1
pluto-prod-yutengl-dev-202-3-0:2689222:2689222 [0] NCCL INFO Channel 04/24 : 0 1
pluto-prod-yutengl-dev-202-3-0:2689222:2689222 [0] NCCL INFO Channel 05/24 : 0 1
pluto-prod-yutengl-dev-202-3-0:2689222:2689222 [0] NCCL INFO Channel 06/24 : 0 1
pluto-prod-yutengl-dev-202-3-0:2689222:2689222 [0] NCCL INFO Channel 07/24 : 0 1
pluto-prod-yutengl-dev-202-3-0:2689222:2689222 [0] NCCL INFO Channel 08/24 : 0 1
pluto-prod-yutengl-[09-16 09:47:26] Found nccl from library libnccl.so.2
[09-16 09:47:26] sglang-diffusion is using nccl==2.29.7
dev-202-3-0:2689222:2689222 [0] NCCL INFO Channel 09/24 : 0 1
pluto-prod-yutengl-dev-202-3-0:2689222:2689222 [0] NCCL INFO Channel 10/24 : 0 1
pluto-prod-yutengl-dev-202-3-0:2689222:2689222 [0] NCCL INFO Channel 11/24 : 0 1
pluto-prod-yutengl-dev-202-3-0:2689222:2689222 [0] NCCL INFO Channel 12/24 : 0 1
pluto-prod-yutengl-dev-202-3-0:2689222:2689222 [0] NCCL INFO Channel 13/24 : 0 1
pluto-prod-yutengl-dev-202-3-0:2689222:2689222 [0] NCCL INFO Channel 14/24 : 0 1
pluto-prod-yutengl-dev-202-3-0:2689222:2689222 [0] NCCL INFO Channel 15/24 : 0 1
pluto-prod-yutengl-dev-202-3-0:2689222:2689222 [0] NCCL INFO Channel 16/24 : 0 1
pluto-prod-yutengl-dev-202-3-0:2689222:2689222 [0] NCCL INFO Channel 17/24 : 0 1
pluto-prod-yutengl-dev-202-3-0:2689222:2689222 [0] NCCL INFO Channel 18/24 : 0 1
pluto-prod-yutengl-dev-202-3-0:2689222:2689222 [0] NCCL INFO Channel 19/24 : 0 1
pluto-prod-yutengl-dev-202-3-0:2689222:2689222 [0] NCCL INFO Channel 20/24 : 0 1
pluto-prod-yutengl-dev-202-3-0:2689222:2689222 [0] NCCL INFO Channel 21/24 : 0 1
pluto-prod-yutengl-dev-202-3-0:2689222:2689222 [0] NCCL INFO Channel 22/24 : 0 1
pluto-prod-yutengl-dev-202-3-0:2689222:2689222 [0] NCCL INFO Channel 23/24 : 0 1
pluto-prod-yutengl-dev-202-3-0:2689222:2689222 [0] NCCL INFO Trees [0] 1/-1/-1->0->-1 [1] 1/-1/-1->0->-1 [2] 1/-1/-1->0->-1 [3] 1/-1/-1->0->-1 [4] 1/-1/-1->0->-1 [5] 1/-1/-1->0->-1 [6] -1/-1/-1->0->1 [7] -1/-1/-1->0->1 [8] -1/-1/-1->0->1 [9] -1/-1/-1->0->1 [10] -1/-1/-1->0->1 [11] -1/-1/-1->0->1 [12] 1/-1/-1->0->-1 [13] 1/-1/-1->0->-1 [14] 1/-1/-1->0->-1 [15] 1/-1/-1->0->-1 [16] 1/-1/-1->0->-1 [17] 1/-1/-1->0->-1 [18] -1/-1/-1->0->1 [19] -1/-1/-1->0->1 [20] -1/-1/-1->0->1 [21] -1/-1/-1->0->1 [22] -1/-1/-1->0->1 [23] -1/-1/-1->0->1
pluto-prod-yutengl-dev-202-3-0:2689222:2689222 [0] NCCL INFO P2P Chunksize set to 524288
pluto-prod-yutengl-dev-202-3-0:2689222:2689222 [0] NCCL INFO Check P2P Type isAllDirectP2p 1 directMode 0 isAllCudaP2p 1
pluto-prod-yutengl-dev-202-3-0:2689222:2689807 [0] NCCL INFO [Proxy Service] Device 0 CPU core 35
pluto-prod-yutengl-dev-202-3-0:2689222:2689809 [0] NCCL INFO [Proxy Service UDS] Device 0 CPU core 31
pluto-prod-yutengl-dev-202-3-0:2689222:2689222 [0] NCCL INFO NET/OFI Region base Tuner is chosen for platform: p5.48xlarge
pluto-prod-yutengl-dev-202-3-0:2689222:2689222 [0] NCCL INFO NET/OFI Region Tuner init (platform 0): comm with 2 ranks and 1 nodes.
pluto-prod-yutengl-dev-202-3-0:2689222:2689222 [0] NCCL INFO NET/OFI Tuner init: comm with 2 ranks and 1 nodes.
pluto-prod-yutengl-dev-202-3-0:2689222:2689222 [0] NCCL INFO threadThresholds 8/8/64 | 16/8/64 | 512 | 512
pluto-prod-yutengl-dev-202-3-0:2689222:2689222 [0] NCCL INFO 24 coll channels, 24 collnet channels, 16 nvls channels, 32 p2p channels, 32 p2p channels per peer
pluto-prod-yutengl-dev-202-3-0:2689222:2689222 [0] NCCL INFO Symmetric VA size=80GB
pluto-prod-yutengl-dev-202-3-0:2689222:2689222 [0] NCCL INFO CC Off, workFifoBytes 1048576
pluto-prod-yutengl-dev-202-3-0:2689222:2689222 [0] NCCL INFO ncclCommSplit comm 0x564f37eb83b0 rank 0 nranks 2 cudaDev 0 nvmlDev 0 busId 64000 parent 0x564f2ed7c860 childCount 4 color 2130503744 key 0 - Init COMPLETE
pluto-prod-yutengl-dev-202-3-0:2689222:2689222 [0] NCCL INFO Init timings - ncclCommSplit: rank 0 nranks 2 total 0.11 (kernels 0.00, alloc 0.00, bootstrap 0.00, allgathers 0.00, topo 0.02, graphs 0.00, connections 0.08, rest 0.01)
pluto-prod-yutengl-dev-202-3-0:2689222:2689222 [0] NCCL INFO Initialized NET plugin Socket
pluto-prod-yutengl-dev-202-3-0:2689222:2689222 [0] NCCL INFO Assigned NET plugin Socket to comm
pluto-prod-yutengl-dev-202-3-0:2689222:2689222 [0] NCCL INFO Failed to initialize any GIN plugin
pluto-prod-yutengl-dev-202-3-0:2689222:2689222 [0] NCCL INFO Using network Socket
pluto-prod-yutengl-dev-202-3-0:2689222:2689222 [0] NCCL INFO [Rank 0] ncclCommInitRank comm 0x564f382643b0 rank 0 nranks 2 cudaDev 0 nvmlDev 0 busId 64000 commId 0x77e534b4e777a504 - Init START
pluto-prod-yutengl-dev-202-3-0:2689222:2689222 [0] NCCL INFO Bootstrap timings total 0.000767 (create 0.000051, send 0.000127, recv 0.0023 [1] NCCL INFO Rank 1 has color with NCCL_SPLIT_NOCOLOR, not creating a new communicator
pluto-prod-yutengl-dev-202-3-0:2689223:2689223 [1] NCCL INFO Comm config Blocking set to 1
pluto-prod-yutengl-dev-202-3-0:2689223:2689223 [1] NCCL INFO Initialized NET plugin Socket
pluto-prod-yutengl-dev-202-3-0:2689223:2689223 [1] NCCL INFO Assigned NET plugin Socket to comm
pluto-prod-yutengl-dev-202-3-0:2689223:2689223 [1] NCCL INFO Failed to initialize any GIN plugin
pluto-prod-yutengl-dev-202-3-0:2689223:2689223 [1] NCCL INFO Using network Socket
pluto-prod-yutengl-dev-202-3-0:2689223:2689223 [1] NCCL INFO ncclCommSplit comm 0x5566d8ab7830 rank 1 nranks 2 cudaDev 1 nvmlDev 1 busId 75000 parent 0x5566cf97d630 childCount 4 color 2130503744 key 1- Init START
pluto-prod-yutengl-dev-202-3-0:2689223:2689223 [1] NCCL INFO MNNVL busId 0x75000 fabric UUID 0.0 cliqueId 0x0 state 3 healthMask 0x0
pluto-prod-yutengl-dev-202-3-0:2689223:2689223 [1] NCCL INFO ncclTopoGetCpuAffinity: Affinity for GPU 1 is 0-47,96-143. (GPU affinity = 0-47,96-143 ; CPU affinity = 0-47,96-143).
pluto-prod-yutengl-dev-202-3-0:2689223:2689223 [1] NCCL INFO NVLS multicast support is available on dev 1 (NVLS_NCHANNELS 16)
pluto-prod-yutengl-dev-202-3-0:2689223:2689223 [1] NCCL INFO comm 0x5566d8ab7830 rank 1 nRanks 2 nNodes 1 localRanks 2 localRank 1 MNNVL 0
pluto-prod-yutengl-dev-202-3-0:2689223:2689223 [1] NCCL INFO Trees [0] -1/-1/-1->1->0 [1] -1/-1/-1->1->0 [2] -1/-1/-1->1->0 [3] -1/-1/-1->1->0 [4] -1/-1/-1->1->0 [5] -1/-1/-1->1->0 [6] 0/-1/-1->1->-1 [7] 0/-1/-1->1->-1 [8] 0/-1/-1->1->-1 [9] 0/-1/-1->1->-1 [10] 0/-1/-1->1->-1 [11] 0/-1/-1->1->-1 [12] -1/-1/-1->1->0 [13] -1/-1/-1->1->0 [14] -1/-1/-1->1->0 [15] -1/-1/-1->1->0 [16] -1/-1/-1->1->0 [17] -1/-1/-1->1->0 [18] 0/-1/-1->1->-1 [19] 0/-1/-1->1->-1 [20] 0/-1/-1->1->-1 [21] 0/-1/-1->1->-1 [22] 0/-1/-1->1->-1 [23] 0/-1/-1->1->-1
pluto-prod-yutengl-dev-202-3-0:2689223:2689223 [1] NCCL INFO P2P Chunksize set to 524288
pluto-prod-yutengl-dev-202-3-0:2689223:2689223 [1] NCCL INFO Check P2P Type isAllDirectP2p 1 directMode 0 isAllCudaP2p 1
pluto-prod-yutengl-dev-202-3-0:2689223:2689808 [0] NCCL INFO [Proxy Service] Device 1 CPU core 143
pluto-prod-yutengl-dev-202-3-0:2689223:2689810 [0] NCCL INFO [Proxy Service UDS] Device 1 CPU core 4
pluto-prod-yutengl-dev-202-3-0:2689223:2689223 [1] NCCL INFO NET/OFI Region base Tuner is chosen for platform: p5.48xlarge
pluto-prod-yutengl-dev-202-3-0:2689223:2689223 [1] NCCL INFO NET/OFI Region Tuner init (platform 0): comm with 2 ranks and 1 nodes.
pluto-prod-yutengl-dev-202-3-0:2689223:2689223 [1] NCCL INFO NET/OFI Tuner init: comm with 2 ranks and 1 nodes.
pluto-prod-yutengl-dev-202-3-0:2689223:2689223 [1] NCCL INFO threadThresholds 8/8/64 | 16/8/64 | 512 | 512
pluto-prod-yutengl-dev-202-3-0:2689223:2689223 [1] NCCL INFO 24 coll channels, 24 collnet channels, 16 nvls channels, 32 p2p channels, 32 p2p channels per peer
pluto-prod-yutengl-dev-202-3-0:2689223:2689223 [1] NCCL INFO Symmetric VA size=80GB
pluto-prod-yutengl-dev-202-3-0:2689223:2689223 [1] NCCL INFO ncclCommSplit comm 0x5566d8ab7830 rank 1 nranks 2 cudaDev 1 nvmlDev 1 busId 75000 parent 0x5566cf97d630 childCount 4 color 2130503744 key 1 - Init COMPLETE
pluto-prod-yutengl-dev-202-3-0:2689223:2689223 [1] NCCL INFO Init timings - ncclCommSplit: rank 1 nranks 2 total 0.11 (kernels 0.00, alloc 0.00, bootstrap 0.00, allgathers 0.00, topo 0.02, graphs 0.00, connections 0.08, rest 0.01)
pluto-prod-yutengl-dev-202-3-0:2689223:2689223 [1] NCCL INFO Initialized NET plugin Socket
pluto-prod-yutengl-dev-202-3-0:2689223:2689223 [1] NCCL INFO Assigned NET plugin Socket to comm
pluto-prod-yutengl-dev-202-3-0:2689223:2689223 [1] NCCL INFO Failed to initialize any GIN plugin
pluto-prod-yutengl-dev-202-3-0:2689223:2689223 [1] NCCL INFO Using network Socket
pluto-prod-yutengl-dev-202-3-0:2689223:2689223 [1] NCCL INFO [Rank 1] ncclCommInitRank comm 0x5566d8e62960 rank 1 nranks 2 cudaDev 1 nvmlDev 1 busId 75000 commId 0x77e534b4e777a504 - Init START
pluto-prod-yutengl-dev-202-3-0:2689223:2689223 [1] NCCL INFO Bootstrap timings total 0259, ring 0.000034, delay 0.000000)
pluto-prod-yutengl-dev-202-3-0:2689222:2689222 [0] NCCL INFO MNNVL busId 0x64000 fabric UUID 0.0 cliqueId 0x0 state 3 healthMask 0x0
pluto-prod-yutengl-dev-202-3-0:2689222:2689222 [0] NCCL INFO ncclTopoGetCpuAffinity: Affinity for GPU 0 is 0-47,96-143. (GPU affinity = 0-47,96-143 ; CPU affinity = 0-47,96-143).
pluto-prod-yutengl-dev-202-3-0:2689222:2689222 [0] NCCL INFO NVLS multicast support is available on dev 0 (NVLS_NCHANNELS 16)
pluto-prod-yutengl-dev-202-3-0:2689222:2689222 [0] NCCL INFO comm 0x564f382643b0 rank 0 nRanks 2 nNodes 1 localRanks 2 localRank 0 MNNVL 0
pluto-prod-yutengl-dev-202-3-0:2689222:2689222 [0] NCCL INFO Channel 00/24 : 0 1
pluto-prod-yutengl-dev-202-3-0:2689222:2689222 [0] NCCL INFO Channel 01/24 : 0 1
pluto-prod-yutengl-dev-202-3-0:2689222:2689222 [0] NCCL INFO Channel 02/24 : 0 1
pluto-prod-yutengl-dev-202-3-0:2689222:2689222 [0] NCCL INFO Channel 03/24 : 0 1
pluto-prod-yutengl-dev-202-3-0:2689222:2689222 [0] NCCL INFO Channel 04/24 : 0 1
pluto-prod-yutengl-dev-202-3-0:2689222:2689222 [0] NCCL INFO Channel 05/24 : 0 1
pluto-prod-yutengl-dev-202-3-0:2689222:2689222 [0] NCCL INFO Channel 06/24 : 0 1
pluto-prod-yutengl-dev-202-3-0:2689222:2689222 [0] NCCL INFO Channel 07/24 : 0 1
pluto-prod-yutengl-dev-202-3-0:2689222:2689222 [0] NCCL INFO Channel 08/24 : 0 1
pluto-prod-yutengl-dev-202-3-0:2689222:2689222 [0] NCCL INFO Channel 09/24 : 0 1
pluto-prod-yutengl-dev-202-3-0:2689222:2689222 [0] NCCL INFO Channel 10/24 : 0 1
pluto-prod-yutengl-dev-202-3-0:2689222:2689222 [0] NCCL INFO Channel 11/24 : 0 1
pluto-prod-yutengl-dev-202-3-0:2689222:2689222 [0] NCCL INFO Channel 12/24 : 0 1
pluto-prod-yutengl-dev-202-3-0:2689222:2689222 [0] NCCL INFO Channel 13/24 : 0 1
pluto-prod-yutengl-dev-202-3-0:2689222:2689222 [0] NCCL INFO Channel 14/24 : 0 1
pluto-prod-yutengl-dev-202-3-0:2689222:2689222 [0] NCCL INFO Channel 15/24 : 0 1
pluto-prod-yutengl-dev-202-3-0:2689222:2689222 [0] NCCL INFO Channel 16/24 : 0 1
pluto-prod-yutengl-dev-202-3-0:2689222:2689222 [0] NCCL INFO Channel 17/24 : 0 1
pluto-prod-yutengl-dev-202-3-0:2689222:2689222 [0] NCCL INFO Channel 18/24 : 0 1
pluto-prod-yutengl-dev-202-3-0:2689222:2689222 [0] NCCL INFO Channel 19/24 : 0 1
pluto-prod-yutengl-dev-202-3-0:2689222:2689222 [0] NCCL INFO Channel 20/24 : 0 1
pluto-prod-yutengl-dev-202-3-0:2689222:2689222 [0] NCCL INFO Channel 21/24 : 0 1
pluto-prod-yutengl-dev-202-3-0:2689222:2689222 [0] NCCL INFO Channel 22/24 : 0 1
pluto-prod-yutengl-dev-202-3-0:2689222:2689222 [0] NCCL INFO Channel 23/24 : 0 1
pluto-prod-yutengl-dev-202-3-0:2689222:2689222 [0] NCCL INFO Trees [0] 1/-1/-1->0->-1 [1] 1/-1/-1->0->-1 [2] 1/-1/-1->0->-1 [3] 1/-1/-1->0->-1 [4] 1/-1/-1->0->-1 [5] 1/-1/-1->0->-1 [6] -1/-1/-1->0->1 [7] -1/-1/-1->0->1 [8] -1/-1/-1->0->1 [9] -1/-1/-1->0->1 [10] -1/-1/-1->0->1 [11] -1/-1/-1->0->1 [12] 1/-1/-1->0->-1 [13] 1/-1/-1->0->-1 [14] 1/-1/-1->0->-1 [15] 1/-1/-1->0->-1 [16] 1/-1/-1->0->-1 [17] 1/-1/-1->0->-1 [18] -1/-1/-1->0->1 [19] -1/-1/-1->0->1 [20] -1/-1/-1->0->1 [21] -1/-1/-1->0->1 [22] -1/-1/-1->0->1 [23] -1/-1/-1->0->1
pluto-prod-yutengl-dev-202-3-0:2689222:2689222 [0] NCCL INFO P2P Chunksize set to 524288
pluto-prod-yutengl-dev-202-3-0:2689222:2689222 [0] NCCL INFO Check P2P Type isAllDirectP2p 1 directMode 0 isAllCudaP2p 1
pluto-prod-yutengl-dev-202-3-0:2689222:2689836 [0] NCCL INFO [Proxy Service] Device 0 CPU core 106
pluto-prod-yutengl-dev-202-3-0:2689222:2689837 [0] NCCL INFO [Proxy Service UDS] Device 0 CPU core 7
pluto-prod-yutengl-dev-202-3-0:2689222:2689222 [0] NCCL INFO NET/OFI Region base Tuner is chosen for platform: p5.48xlarge
pluto-prod-yutengl-dev-202-3-0:2689222:2689222 [0] NCCL INFO NET/OFI Region Tuner init (platform 0): comm with 2 ranks and 1 nodes.
pluto-prod-yutengl-dev-202-3-0:2689222:2689222 [0] NCCL INFO NET/OFI Tuner init: comm with 2 ranks and 1 nodes.
pluto-prod-yutengl-dev-202-3-0:2689222:2689222 [0] NCCL INFO threadThresholds 8/8/64 | 16/8/64 | 512 | 512
pluto-prod-yutengl-dev-202-3-0:2689222:2689222 [0] NCCL INFO 24 coll channels, 24 collnet channels, 16 nvls channels,0.000644 (create 0.000052, send 0.000092, recv 0.000291, ring 0.000029, delay 0.000000)
pluto-prod-yutengl-dev-202-3-0:2689223:2689223 [1] NCCL INFO MNNVL busId 0x75000 fabric UUID 0.0 cliqueId 0x0 state 3 healthMask 0x0
pluto-prod-yutengl-dev-202-3-0:2689223:2689223 [1] NCCL INFO ncclTopoGetCpuAffinity: Affinity for GPU 1 is 0-47,96-143. (GPU affinity = 0-47,96-143 ; CPU affinity = 0-47,96-143).
pluto-prod-yutengl-dev-202-3-0:2689223:2689223 [1] NCCL INFO NVLS multicast support is available on dev 1 (NVLS_NCHANNELS 16)
pluto-prod-yutengl-dev-202-3-0:2689223:2689223 [1] NCCL INFO comm 0x5566d8e62960 rank 1 nRanks 2 nNodes 1 localRanks 2 localRank 1 MNNVL 0
pluto-prod-yutengl-dev-202-3-0:2689223:2689223 [1] NCCL INFO Trees [0] -1/-1/-1->1->0 [1] -1/-1/-1->1->0 [2] -1/-1/-1->1->0 [3] -1/-1/-1->1->0 [4] -1/-1/-1->1->0 [5] -1/-1/-1->1->0 [6] 0/-1/-1->1->-1 [7] 0/-1/-1->1->-1 [8] 0/-1/-1->1->-1 [9] 0/-1/-1->1->-1 [10] 0/-1/-1->1->-1 [11] 0/-1/-1->1->-1 [12] -1/-1/-1->1->0 [13] -1/-1/-1->1->0 [14] -1/-1/-1->1->0 [15] -1/-1/-1->1->0 [16] -1/-1/-1->1->0 [17] -1/-1/-1->1->0 [18] 0/-1/-1->1->-1 [19] 0/-1/-1->1->-1 [20] 0/-1/-1->1->-1 [21] 0/-1/-1->1->-1 [22] 0/-1/-1->1->-1 [23] 0/-1/-1->1->-1
pluto-prod-yutengl-dev-202-3-0:2689223:2689223 [1] NCCL INFO P2P Chunksize set to 524288
pluto-prod-yutengl-dev-202-3-0:2689223:2689223 [1] NCCL INFO Check P2P Type isAllDirectP2p 1 directMode 0 isAllCudaP2p 1
pluto-prod-yutengl-dev-202-3-0:2689223:2689834 [0] NCCL INFO [Proxy Service] Device 1 CPU core 106
pluto-prod-yutengl-dev-202-3-0:2689223:2689835 [0] NCCL INFO [Proxy Service UDS] Device 1 CPU core 35
pluto-prod-yutengl-dev-202-3-0:2689223:2689223 [1] NCCL INFO NET/OFI Region base Tuner is chosen for platform: p5.48xlarge
pluto-prod-yutengl-dev-202-3-0:2689223:2689223 [1] NCCL INFO NET/OFI Region Tuner init (platform 0): comm with 2 ranks and 1 nodes.
pluto-prod-yutengl-dev-202-3-0:2689223:2689223 [1] NCCL INFO NET/OFI Tuner init: comm with 2 ranks and 1 nodes.
pluto-prod-yutengl-dev-202-3-0:2689223:2689223 [1] NCCL INFO threadThresholds 8/8/64 | 16/8/64 | 512 | 512
pluto-prod-yutengl-dev-202-3-0:2689223:2689223 [1] NCCL INFO 24 coll channels, 24 collnet channels, 16 nvls channels, 32 p2p channels, 32 p2p channels per peer
pluto-prod-yutengl-dev-202-3-0:2689223:2689223 [1] NCCL INFO Symmetric VA size=80GB
pluto-prod-yutengl-dev-202-3-0:2689223:2689223 [1] NCCL INFO ncclCommInitRank comm 0x5566d8e62960 rank 1 nranks 2 cudaDev 1 nvmlDev 1 busId 75000 commId 0x77e534b4e777a504 - Init COMPLETE
pluto-prod-yutengl-dev-202-3-0:2689223:2689223 [1] NCCL INFO Init timings - ncclCommInitRank: rank 1 nranks 2 total 0.21 (kernels 0.00, alloc 0.00, bootstrap 0.00, allgathers 0.00, topo 0.02, graphs 0.00, connections 0.18, rest 0.01)
pluto-prod-yutengl-dev-202-3-0:2689223:2689223 [1] NCCL INFO Symmetric VA size=80GB
pluto-prod-yutengl-dev-202-3-0:2689223:2689223 [1] NCCL INFO Channel 00/0 : 1[1] -> 0[0] via P2P/CUMEM
pluto-prod-yutengl-dev-202-3-0:2689223:2689223 [1] NCCL INFO Channel 01/0 : 1[1] -> 0[0] via P2P/CUMEM
pluto-prod-yutengl-dev-202-3-0:2689223:2689223 [1] NCCL INFO Channel 02/0 : 1[1] -> 0[0] via P2P/CUMEM
pluto-prod-yutengl-dev-202-3-0:2689223:2689223 [1] NCCL INFO Channel 03/0 : 1[1] -> 0[0] via P2P/CUMEM
pluto-prod-yutengl-dev-202-3-0:2689223:2689223 [1] NCCL INFO Channel 04/0 : 1[1] -> 0[0] via P2P/CUMEM
pluto-prod-yutengl-dev-202-3-0:2689223:2689223 [1] NCCL INFO Channel 05/0 : 1[1] -> 0[0] via P2P/CUMEM
pluto-prod-yutengl-dev-202-3-0:2689223:2689223 [1] NCCL INFO Channel 06/0 : 1[1] -> 0[0] via P2P/CUMEM
pluto-prod-yutengl-dev-202-3-0:2689223:2689223 [1] NCCL INFO Channel 07/0 : 1[1] -> 0[0] via P2P/CUMEM
pluto-prod-yutengl-dev-202-3-0:2689223:2689223 [1] NCCL INFO Channel 08/0 : 1[1] -> 0[0] via P2P/CUMEM
pluto-prod-yutengl-dev-202-3-0:2689223:2689223 [1] NCCL INFO Channel 09/0 : 1[1] -> 0[0] via P2P/CUMEM
pluto-prod-yutengl-dev-202-3-0:2689223:2689223 [1] NCCL INFO Channel 10/0 : 1[1] -> 0[0] via P2P/CUMEM
pluto-prod-yutengl-dev-202-3-0:2689223:2689223 [1] NCCL INFO Channel 11/0 : 1[1] -> 0[0] via P2P/CUMEM
pluto-prod-yutengl-dev- 32 p2p channels, 32 p2p channels per peer
pluto-prod-yutengl-dev-202-3-0:2689222:2689222 [0] NCCL INFO Symmetric VA size=80GB
pluto-prod-yutengl-dev-202-3-0:2689222:2689222 [0] NCCL INFO CC Off, workFifoBytes 1048576
pluto-prod-yutengl-dev-202-3-0:2689222:2689222 [0] NCCL INFO ncclCommInitRank comm 0x564f382643b0 rank 0 nranks 2 cudaDev 0 nvmlDev 0 busId 64000 commId 0x77e534b4e777a504 - Init COMPLETE
pluto-prod-yutengl-dev-202-3-0:2689222:2689222 [0] NCCL INFO Init timings - ncclCommInitRank: rank 0 nranks 2 total 0.21 (kernels 0.00, alloc 0.00, bootstrap 0.00, allgathers 0.00, topo 0.02, graphs 0.00, connections 0.18, rest 0.01)
pluto-prod-yutengl-dev-202-3-0:2689222:2689222 [0] NCCL INFO Symmetric VA size=80GB
pluto-prod-yutengl-dev-202-3-0:2689222:2689222 [0] NCCL INFO Channel 00/0 : 0[0] -> 1[1] via P2P/CUMEM
pluto-prod-yutengl-dev-202-3-0:2689222:2689222 [0] NCCL INFO Channel 01/0 : 0[0] -> 1[1] via P2P/CUMEM
pluto-prod-yutengl-dev-202-3-0:2689222:2689222 [0] NCCL INFO Channel 02/0 : 0[0] -> 1[1] via P2P/CUMEM
pluto-prod-yutengl-dev-202-3-0:2689222:2689222 [0] NCCL INFO Channel 03/0 : 0[0] -> 1[1] via P2P/CUMEM
pluto-prod-yutengl-dev-202-3-0:2689222:2689222 [0] NCCL INFO Channel 04/0 : 0[0] -> 1[1] via P2P/CUMEM
pluto-prod-yutengl-dev-202-3-0:2689222:2689222 [0] NCCL INFO Channel 05/0 : 0[0] -> 1[1] via P2P/CUMEM
pluto-prod-yutengl-dev-202-3-0:2689222:2689222 [0] NCCL INFO Channel 06/0 : 0[0] -> 1[1] via P2P/CUMEM
pluto-prod-yutengl-dev-202-3-0:2689222:2689222 [0] NCCL INFO Channel 07/0 : 0[0] -> 1[1] via P2P/CUMEM
pluto-prod-yutengl-dev-202-3-0:2689222:2689222 [0] NCCL INFO Channel 08/0 : 0[0] -> 1[1] via P2P/CUMEM
pluto-prod-yutengl-dev-202-3-0:2689222:2689222 [0] NCCL INFO Channel 09/0 : 0[0] -> 1[1] via P2P/CUMEM
pluto-prod-yutengl-dev-202-3-0:2689222:2689222 [0] NCCL INFO Channel 10/0 : 0[0] -> 1[1] via P2P/CUMEM
pluto-prod-yutengl-dev-202-3-0:2689222:2689222 [0] NCCL INFO Channel 11/0 : 0[0] -> 1[1] via P2P/CUMEM
pluto-prod-yutengl-dev-202-3-0:2689222:2689222 [0] NCCL INFO Channel 12/0 : 0[0] -> 1[1] via P2P/CUMEM
pluto-prod-yutengl-dev-202-3-0:2689222:2689222 [0] NCCL INFO Channel 13/0 : 0[0] -> 1[1] via P2P/CUMEM
pluto-prod-yutengl-dev-202-3-0:2689222:2689222 [0] NCCL INFO Channel 14/0 : 0[0] -> 1[1] via P2P/CUMEM
pluto-prod-yutengl-dev-202-3-0:2689222:2689222 [0] NCCL INFO Channel 15/0 : 0[0] -> 1[1] via P2P/CUMEM
pluto-prod-yutengl-dev-202-3-0:2689222:2689222 [0] NCCL INFO Channel 16/0 : 0[0] -> 1[1] via P2P/CUMEM
pluto-prod-yutengl-dev-202-3-0:2689222:2689222 [0] NCCL INFO Channel 17/0 : 0[0] -> 1[1] via P2P/CUMEM
pluto-prod-yutengl-dev-202-3-0:2689222:2689222 [0] NCCL INFO Channel 18/0 : 0[0] -> 1[1] via P2P/CUMEM
pluto-prod-yutengl-dev-202-3-0:2689222:2689222 [0] NCCL INFO Channel 19/0 : 0[0] -> 1[1] via P2P/CUMEM
pluto-prod-yutengl-dev-202-3-0:2689222:2689222 [0] NCCL INFO Channel 20/0 : 0[0] -> 1[1] via P2P/CUMEM
pluto-prod-yutengl-dev-202-3-0:2689222:2689222 [0] NCCL INFO Channel 21/0 : 0[0] -> 1[1] via P2P/CUMEM
pluto-prod-yutengl-dev-202-3-0:2689222:2689222 [0] NCCL INFO Channel 22/0 : 0[0] -> 1[1] via P2P/CUMEM
pluto-prod-yutengl-dev-202-3-0:2689222:2689222 [0] NCCL INFO Channel 23/0 : 0[0] -> 1[1] via P2P/CUMEM
pluto-prod-yutengl-dev-202-3-0:2689222:2689222 [0] NCCL INFO Connected all rings, use ring PXN 0 GDR 1
pluto-prod-yutengl-dev-202-3-0:2689222:2689222 [0] NCCL INFO Rank 0 has color with NCCL_SPLIT_NOCOLOR, not creating a new communicator
pluto-prod-yutengl-dev-202-3-0:2689222:2689222 [0] NCCL INFO Rank 0 has color with NCCL_SPLIT_NOCOLOR, not creating a new communicator
pluto-prod-yutengl-dev-202-3-0:2689222:2689222 [0] NCCL INFO Rank 0 has color with NCCL_SPLIT_NOCOLOR, not creating a new communicator
pluto-prod-yutengl-dev-202-3-0:2689222:2689222 [0] NCCL INFO Rank 0 has color with NCCL_SPLIT_NOCOLOR, not creating a new communicator
pluto-prod-yutengl-dev-202-3-0:2689222:2689222 [0] NCCL INFO Rank 0 has color with NCCL_SPLIT_NOCOLOR, not creating a new communicator
pluto-prod-yutengl-dev-202-3-0:2689222:2689222 [0] NCCL INFO Rank 0 has color with NCCL_SPLIT_NOCOLOR, not creating a new 202-3-0:2689223:2689223 [1] NCCL INFO Channel 12/0 : 1[1] -> 0[0] via P2P/CUMEM
pluto-prod-yutengl-dev-202-3-0:2689223:2689223 [1] NCCL INFO Channel 13/0 : 1[1] -> 0[0] via P2P/CUMEM
pluto-prod-yutengl-dev-202-3-0:2689223:2689223 [1] NCCL INFO Channel 14/0 : 1[1] -> 0[0] via P2P/CUMEM
pluto-prod-yutengl-dev-202-3-0:2689223:2689223 [1] NCCL INFO Channel 15/0 : 1[1] -> 0[0] via P2P/CUMEM
pluto-prod-yutengl-dev-202-3-0:2689223:2689223 [1] NCCL INFO Channel 16/0 : 1[1] -> 0[0] via P2P/CUMEM
pluto-prod-yutengl-dev-202-3-0:2689223:2689223 [1] NCCL INFO Channel 17/0 : 1[1] -> 0[0] via P2P/CUMEM
pluto-prod-yutengl-dev-202-3-0:2689223:2689223 [1] NCCL INFO Channel 18/0 : 1[1] -> 0[0] via P2P/CUMEM
pluto-prod-yutengl-dev-202-3-0:2689223:2689223 [1] NCCL INFO Channel 19/0 : 1[1] -> 0[0] via P2P/CUMEM
pluto-prod-yutengl-dev-202-3-0:2689223:2689223 [1] NCCL INFO Channel 20/0 : 1[1] -> 0[0] via P2P/CUMEM
pluto-prod-yutengl-dev-202-3-0:2689223:2689223 [1] NCCL INFO Channel 21/0 : 1[1] -> 0[0] via P2P/CUMEM
pluto-prod-yutengl-dev-202-3-0:2689223:2689223 [1] NCCL INFO Channel 22/0 : 1[1] -> 0[0] via P2P/CUMEM
pluto-prod-yutengl-dev-202-3-0:2689223:2689223 [1] NCCL INFO Channel 23/0 : 1[1] -> 0[0] via P2P/CUMEM
pluto-prod-yutengl-dev-202-3-0:2689223:2689223 [1] NCCL INFO Connected all rings, use ring PXN 0 GDR 1
pluto-prod-yutengl-dev-202-3-0:2689223:2689223 [1] NCCL INFO Rank 1 has color with NCCL_SPLIT_NOCOLOR, not creating a new communicator
pluto-prod-yutengl-dev-202-3-0:2689223:2689223 [1] NCCL INFO Rank 1 has color with NCCL_SPLIT_NOCOLOR, not creating a new communicator
pluto-prod-yutengl-dev-202-3-0:2689223:2689223 [1] NCCL INFO Rank 1 has color with NCCL_SPLIT_NOCOLOR, not creating a new communicator
pluto-prod-yutengl-dev-202-3-0:2689223:2689223 [1] NCCL INFO Rank 1 has color with NCCL_SPLIT_NOCOLOR, not creating a new communicator
pluto-prod-yutengl-dev-202-3-0:2689223:2689223 [1] NCCL INFO Rank 1 has color with NCCL_SPLIT_NOCOLOR, not creating a new communicator
pluto-prod-yutengl-dev-202-3-0:2689223:2689223 [1] NCCL INFO Rank 1 has color with NCCL_SPLIT_NOCOLOR, not creating a new communicator
pluto-prod-yutengl-dev-202-3-0:2689223:2689223 [1] NCCL INFO Rank 1 has color with NCCL_SPLIT_NOCOLOR, not creating a new communicator
pluto-prod-yutengl-dev-202-3-0:2689223:2689223 [1] NCCL INFO Rank 1 has color with NCCL_SPLIT_NOCOLOR, not creating a new communicator
pluto-prod-yutengl-dev-202-3-0:2689223:2689223 [1] NCCL INFO Rank 1 has color with NCCL_SPLIT_NOCOLOR, not creating a new communicator
pluto-prod-yutengl-dev-202-3-0:2689223:2689223 [1] NCCL INFO Rank 1 has color with NCCL_SPLIT_NOCOLOR, not creating a new communicator
pluto-prod-yutengl-dev-202-3-0:2689223:2689223 [1] NCCL INFO Rank 1 has color with NCCL_SPLIT_NOCOLOR, not creating a new communicator
pluto-prod-yutengl-dev-202-3-0:2689223:2689223 [1] NCCL INFO Comm config Blocking set to 1
pluto-prod-yutengl-dev-202-3-0:2689223:2689223 [1] NCCL INFO Initialized NET plugin Socket
pluto-prod-yutengl-dev-202-3-0:2689223:2689223 [1] NCCL INFO Assigned NET plugin Socket to comm
pluto-prod-yutengl-dev-202-3-0:2689223:2689223 [1] NCCL INFO Failed to initialize any GIN plugin
pluto-prod-yutengl-dev-202-3-0:2689223:2689223 [1] NCCL INFO Using network Socket
pluto-prod-yutengl-dev-202-3-0:2689223:2689223 [1] NCCL INFO ncclCommSplit comm 0x5566d9280350 rank 1 nranks 2 cudaDev 1 nvmlDev 1 busId 75000 parent 0x5566cf97d630 childCount 16 color 2130503744 key 1- Init START
pluto-prod-yutengl-dev-202-3-0:2689223:2689223 [1] NCCL INFO MNNVL busId 0x75000 fabric UUID 0.0 cliqueId 0x0 state 3 healthMask 0x0
pluto-prod-yutengl-dev-202-3-0:2689223:2689223 [1] NCCL INFO ncclTopoGetCpuAffinity: Affinity for GPU 1 is 0-47,96-143. (GPU affinity = 0-47,96-143 ; CPU affinity = 0-47,96-143).
pluto-prod-yutengl-dev-202-3-0:2689223:2689223 [1] NCCL INFO NVLS multicast support is available on dev 1 (NVLS_NCHANNELS 16)
pluto-prod-yutengl-dev-202-3-0:2689223:2689223 [1] NCCL INFO comm 0x5566d9280350 rank 1 nRanks 2 nNodes 1 localRanks 2 localRank 1 MNNVL 0
pluto-prod-yutengl-dev-202-3-0:2689223:2689223 communicator
pluto-prod-yutengl-dev-202-3-0:2689222:2689222 [0] NCCL INFO Rank 0 has color with NCCL_SPLIT_NOCOLOR, not creating a new communicator
pluto-prod-yutengl-dev-202-3-0:2689222:2689222 [0] NCCL INFO Rank 0 has color with NCCL_SPLIT_NOCOLOR, not creating a new communicator
pluto-prod-yutengl-dev-202-3-0:2689222:2689222 [0] NCCL INFO Rank 0 has color with NCCL_SPLIT_NOCOLOR, not creating a new communicator
pluto-prod-yutengl-dev-202-3-0:2689222:2689222 [0] NCCL INFO Rank 0 has color with NCCL_SPLIT_NOCOLOR, not creating a new communicator
pluto-prod-yutengl-dev-202-3-0:2689222:2689222 [0] NCCL INFO Rank 0 has color with NCCL_SPLIT_NOCOLOR, not creating a new communicator
pluto-prod-yutengl-dev-202-3-0:2689222:2689222 [0] NCCL INFO Comm config Blocking set to 1
pluto-prod-yutengl-dev-202-3-0:2689222:2689222 [0] NCCL INFO Initialized NET plugin Socket
pluto-prod-yutengl-dev-202-3-0:2689222:2689222 [0] NCCL INFO Assigned NET plugin Socket to comm
pluto-prod-yutengl-dev-202-3-0:2689222:2689222 [0] NCCL INFO Failed to initialize any GIN plugin
pluto-prod-yutengl-dev-202-3-0:2689222:2689222 [0] NCCL INFO Using network Socket
pluto-prod-yutengl-dev-202-3-0:2689222:2689222 [0] NCCL INFO ncclCommSplit comm 0x564f38681a10 rank 0 nranks 2 cudaDev 0 nvmlDev 0 busId 64000 parent 0x564f2ed7c860 childCount 16 color 2130503744 key 0- Init START
pluto-prod-yutengl-dev-202-3-0:2689222:2689222 [0] NCCL INFO MNNVL busId 0x64000 fabric UUID 0.0 cliqueId 0x0 state 3 healthMask 0x0
pluto-prod-yutengl-dev-202-3-0:2689222:2689222 [0] NCCL INFO ncclTopoGetCpuAffinity: Affinity for GPU 0 is 0-47,96-143. (GPU affinity = 0-47,96-143 ; CPU affinity = 0-47,96-143).
pluto-prod-yutengl-dev-202-3-0:2689222:2689222 [0] NCCL INFO NVLS multicast support is available on dev 0 (NVLS_NCHANNELS 16)
pluto-prod-yutengl-dev-202-3-0:2689222:2689222 [0] NCCL INFO comm 0x564f38681a10 rank 0 nRanks 2 nNodes 1 localRanks 2 localRank 0 MNNVL 0
pluto-prod-yutengl-dev-202-3-0:2689222:2689222 [0] NCCL INFO Channel 00/24 : 0 1
pluto-prod-yutengl-dev-202-3-0:2689222:2689222 [0] NCCL INFO Channel 01/24 : 0 1
pluto-prod-yutengl-dev-202-3-0:2689222:2689222 [0] NCCL INFO Channel 02/24 : 0 1
pluto-prod-yutengl-dev-202-3-0:2689222:2689222 [0] NCCL INFO Channel 03/24 : 0 1
pluto-prod-yutengl-dev-202-3-0:2689222:2689222 [0] NCCL INFO Channel 04/24 : 0 1
pluto-prod-yutengl-dev-202-3-0:2689222:2689222 [0] NCCL INFO Channel 05/24 : 0 1
pluto-prod-yutengl-dev-202-3-0:2689222:2689222 [0] NCCL INFO Channel 06/24 : 0 1
pluto-prod-yutengl-dev-202-3-0:2689222:2689222 [0] NCCL INFO Channel 07/24 : 0 1
pluto-prod-yutengl-dev-202-3-0:2689222:2689222 [0] NCCL INFO Channel 08/24 : 0 1
pluto-prod-yutengl-dev-202-3-0:2689222:2689222 [0] NCCL INFO Channel 09/24 : 0 1
pluto-prod-yutengl-dev-202-3-0:2689222:2689222 [0] NCCL INFO Channel 10/24 : 0 1
pluto-prod-yutengl-dev-202-3-0:2689222:2689222 [0] NCCL INFO Channel 11/24 : 0 1
pluto-prod-yutengl-dev-202-3-0:2689222:2689222 [0] NCCL INFO Channel 12/24 : 0 1
pluto-prod-yutengl-dev-202-3-0:2689222:2689222 [0] NCCL INFO Channel 13/24 : 0 1
pluto-prod-yutengl-dev-202-3-0:2689222:2689222 [0] NCCL INFO Channel 14/24 : 0 1
pluto-prod-yutengl-dev-202-3-0:2689222:2689222 [0] NCCL INFO Channel 15/24 : 0 1
pluto-prod-yutengl-dev-202-3-0:2689222:2689222 [0] NCCL INFO Channel 16/24 : 0 1
pluto-prod-yutengl-dev-202-3-0:2689222:2689222 [0] NCCL INFO Channel 17/24 : 0 1
pluto-prod-yutengl-dev-202-3-0:2689222:2689222 [0] NCCL INFO Channel 18/24 : 0 1
pluto-prod-yutengl-dev-202-3-0:2689222:2689222 [0] NCCL INFO Channel 19/24 : 0 1
pluto-prod-yutengl-dev-202-3-0:2689222:2689222 [0] NCCL INFO Channel 20/24 : 0 1
pluto-prod-yutengl-dev-202-3-0:2689222:2689222 [0] NCCL INFO Channel 21/24 : 0 1
pluto-prod-yutengl-dev-202-3-0:2689222:2689222 [0] NCCL INFO Channel 22/24 : 0 1
pluto-prod-yutengl-dev-202-3-0:2689222:2689222 [0] NCCL INFO Channel 23/24 : 0 1
pluto-prod-yutengl-dev-202-3-0:2689222:2689222 [0] NCCL INFO Trees [0] 1/-1/-1->0->-1 [1] 1/-1/-1->0->-1 [2] 1/-1/-1->0->-1 [3] 1/-1/-1->0->-1 [4] 1/-1/-1->0->-1 [5] 1/-1/-1->0->-1 [6] -1/-1/-1->0->1 [7] -1/-1/-1->0-[09-16 09:47:27] Found nccl from library libnccl.so.2
[09-16 09:47:27] sglang-diffusion is using nccl==2.29.7
>1 [8] -1/-1/-1->0->1 [9] -1/-1/-1->0->1 [10] -1/-1/-1->0->1 [11] -1/-1/-1->0->1 [12] 1/-1/-1->0->-1 [13] 1/-1/-1->0->-1 [14] 1/-1/-1->0->-1 [15] 1/-1/-1->0->-1 [16] 1/-1/-1->0->-1 [17] 1/-1/-1->0->-1 [18] -1/-1/-1->0->1 [19] -1/-1/-1->0->1 [20] -1/-1/-1->0->1 [21] -1/-1/-1->0->1 [22] -1/-1/-1->0->1 [23] -1/-1/-1->0->1
pluto-prod-yutengl-dev-202-3-0:2689222:2689222 [0] NCCL INFO P2P Chunksize set to 524288
pluto-prod-yutengl-dev-202-3-0:2689222:2689222 [0] NCCL INFO Check P2P Type isAllDirectP2p 1 directMode 0 isAllCudaP2p 1
pluto-prod-yutengl-dev-202-3-0:2689222:2689908 [0] NCCL INFO [Proxy Service] Device 0 CPU core 96
pluto-prod-yutengl-dev-202-3-0:2689222:2689909 [0] NCCL INFO [Proxy Service UDS] Device 0 CPU core 104
pluto-prod-yutengl-dev-202-3-0:2689222:2689222 [0] NCCL INFO NET/OFI Region base Tuner is chosen for platform: p5.48xlarge
pluto-prod-yutengl-dev-202-3-0:2689222:2689222 [0] NCCL INFO NET/OFI Region Tuner init (platform 0): comm with 2 ranks and 1 nodes.
pluto-prod-yutengl-dev-202-3-0:2689222:2689222 [0] NCCL INFO NET/OFI Tuner init: comm with 2 ranks and 1 nodes.
pluto-prod-yutengl-dev-202-3-0:2689222:2689222 [0] NCCL INFO threadThresholds 8/8/64 | 16/8/64 | 512 | 512
pluto-prod-yutengl-dev-202-3-0:2689222:2689222 [0] NCCL INFO 24 coll channels, 24 collnet channels, 16 nvls channels, 32 p2p channels, 32 p2p channels per peer
pluto-prod-yutengl-dev-202-3-0:2689222:2689222 [0] NCCL INFO Symmetric VA size=80GB
pluto-prod-yutengl-dev-202-3-0:2689222:2689222 [0] NCCL INFO CC Off, workFifoBytes 1048576
pluto-prod-yutengl-dev-202-3-0:2689222:2689222 [0] NCCL INFO ncclCommSplit comm 0x564f38681a10 rank 0 nranks 2 cudaDev 0 nvmlDev 0 busId 64000 parent 0x564f2ed7c860 childCount 16 color 2130503744 key 0 - Init COMPLETE
pluto-prod-yutengl-dev-202-3-0:2689222:2689222 [0] NCCL INFO Init timings - ncclCommSplit: rank 0 nranks 2 total 0.11 (kernels 0.00, alloc 0.00, bootstrap 0.00, allgathers 0.00, topo 0.02, graphs 0.00, connections 0.08, rest 0.01)
pluto-prod-yutengl-dev-202-3-0:2689222:2689222 [0] NCCL INFO Initialized NET plugin Socket
pluto-prod-yutengl-dev-202-3-0:2689222:2689222 [0] NCCL INFO Assigned NET plugin Socket to comm
pluto-prod-yutengl-dev-202-3-0:2689222:2689222 [0] NCCL INFO Failed to initialize any GIN plugin
pluto-prod-yutengl-dev-202-3-0:2689222:2689222 [0] NCCL INFO Using network Socket
pluto-prod-yutengl-dev-202-3-0:2689222:2689222 [0] NCCL INFO [Rank 0] ncclCommInitRank comm 0x564f38a26f50 rank 0 nranks 2 cudaDev 0 nvmlDev 0 busId 64000 commId 0x5aa73cdcd453ffc9 - Init START
pluto-prod-yutengl-dev-202-3-0:2689222:2689222 [0] NCCL INFO Bootstrap timings total 0.000903 (create 0.000051, send 0.000240, recv 0.000396, ring 0.000030, delay 0.000000)
pluto-prod-yutengl-dev-202-3-0:2689222:2689222 [0] NCCL INFO MNNVL busId 0x64000 fabric UUID 0.0 cliqueId 0x0 state 3 healthMask 0x0
pluto-prod-yutengl-dev-202-3-0:2689222:2689222 [0] NCCL INFO ncclTopoGetCpuAffinity: Affinity for GPU 0 is 0-47,96-143. (GPU affinity = 0-47,96-143 ; CPU affinity = 0-47,96-143).
pluto-prod-yutengl-dev-202-3-0:2689222:2689222 [0] NCCL INFO NVLS multicast support is available on dev 0 (NVLS_NCHANNELS 16)
pluto-prod-yutengl-dev-202-3-0:2689222:2689222 [0] NCCL INFO comm 0x564f38a26f50 rank 0 nRanks 2 nNodes 1 localRanks 2 localRank 0 MNNVL 0
pluto-prod-yutengl-dev-202-3-0:2689222:2689222 [0] NCCL INFO Channel 00/24 : 0 1
pluto-prod-yutengl-dev-202-3-0:2689222:2689222 [0] NCCL INFO Channel 01/24 : 0 1
pluto-prod-yutengl-dev-202-3-0:2689222:2689222 [0] NCCL INFO Channel 02/24 : 0 1
pluto-prod-yutengl-dev-202-3-0:2689222:2689222 [0] NCCL INFO Channel 03/24 : 0 1
pluto-prod-yutengl-dev-202-3-0:2689222:2689222 [0] NCCL INFO Channel 04/24 : 0 1
pluto-prod-yutengl-dev-202-3-0:2689222:2689222 [0] NCCL INFO Channel 05/24 : 0 1
pluto-prod-yutengl-dev-202-3-0:2689222:2689222 [0] NCCL INFO Channel 06/24 : 0 1
pluto-prod-yutengl-dev-202-3-0:2689222:2689222 [0] NCCL INFO Channel 07/24 : 0 1
pluto-prod-yutengl-dev-202-3-0:2689222:2689222 [0] NCCL INFO Channel 08/24 : 0 1
pluto-prod-yutengl-dev-202-3-0:2689222:2689222 [0] NCCL INFO Channe[1] NCCL INFO Trees [0] -1/-1/-1->1->0 [1] -1/-1/-1->1->0 [2] -1/-1/-1->1->0 [3] -1/-1/-1->1->0 [4] -1/-1/-1->1->0 [5] -1/-1/-1->1->0 [6] 0/-1/-1->1->-1 [7] 0/-1/-1->1->-1 [8] 0/-1/-1->1->-1 [9] 0/-1/-1->1->-1 [10] 0/-1/-1->1->-1 [11] 0/-1/-1->1->-1 [12] -1/-1/-1->1->0 [13] -1/-1/-1->1->0 [14] -1/-1/-1->1->0 [15] -1/-1/-1->1->0 [16] -1/-1/-1->1->0 [17] -1/-1/-1->1->0 [18] 0/-1/-1->1->-1 [19] 0/-1/-1->1->-1 [20] 0/-1/-1->1->-1 [21] 0/-1/-1->1->-1 [22] 0/-1/-1->1->-1 [23] 0/-1/-1->1->-1
pluto-prod-yutengl-dev-202-3-0:2689223:2689223 [1] NCCL INFO P2P Chunksize set to 524288
pluto-prod-yutengl-dev-202-3-0:2689223:2689223 [1] NCCL INFO Check P2P Type isAllDirectP2p 1 directMode 0 isAllCudaP2p 1
pluto-prod-yutengl-dev-202-3-0:2689223:2689911 [0] NCCL INFO [Proxy Service UDS] Device 1 CPU core 39
pluto-prod-yutengl-dev-202-3-0:2689223:2689910 [0] NCCL INFO [Proxy Service] Device 1 CPU core 39
pluto-prod-yutengl-dev-202-3-0:2689223:2689223 [1] NCCL INFO NET/OFI Region base Tuner is chosen for platform: p5.48xlarge
pluto-prod-yutengl-dev-202-3-0:2689223:2689223 [1] NCCL INFO NET/OFI Region Tuner init (platform 0): comm with 2 ranks and 1 nodes.
pluto-prod-yutengl-dev-202-3-0:2689223:2689223 [1] NCCL INFO NET/OFI Tuner init: comm with 2 ranks and 1 nodes.
pluto-prod-yutengl-dev-202-3-0:2689223:2689223 [1] NCCL INFO threadThresholds 8/8/64 | 16/8/64 | 512 | 512
pluto-prod-yutengl-dev-202-3-0:2689223:2689223 [1] NCCL INFO 24 coll channels, 24 collnet channels, 16 nvls channels, 32 p2p channels, 32 p2p channels per peer
pluto-prod-yutengl-dev-202-3-0:2689223:2689223 [1] NCCL INFO Symmetric VA size=80GB
pluto-prod-yutengl-dev-202-3-0:2689223:2689223 [1] NCCL INFO ncclCommSplit comm 0x5566d9280350 rank 1 nranks 2 cudaDev 1 nvmlDev 1 busId 75000 parent 0x5566cf97d630 childCount 16 color 2130503744 key 1 - Init COMPLETE
pluto-prod-yutengl-dev-202-3-0:2689223:2689223 [1] NCCL INFO Init timings - ncclCommSplit: rank 1 nranks 2 total 0.11 (kernels 0.00, alloc 0.00, bootstrap 0.00, allgathers 0.00, topo 0.01, graphs 0.00, connections 0.08, rest 0.01)
pluto-prod-yutengl-dev-202-3-0:2689223:2689223 [1] NCCL INFO Initialized NET plugin Socket
pluto-prod-yutengl-dev-202-3-0:2689223:2689223 [1] NCCL INFO Assigned NET plugin Socket to comm
pluto-prod-yutengl-dev-202-3-0:2689223:2689223 [1] NCCL INFO Failed to initialize any GIN plugin
pluto-prod-yutengl-dev-202-3-0:2689223:2689223 [1] NCCL INFO Using network Socket
pluto-prod-yutengl-dev-202-3-0:2689223:2689223 [1] NCCL INFO [Rank 1] ncclCommInitRank comm 0x5566d9625320 rank 1 nranks 2 cudaDev 1 nvmlDev 1 busId 75000 commId 0x5aa73cdcd453ffc9 - Init START
pluto-prod-yutengl-dev-202-3-0:2689223:2689223 [1] NCCL INFO Bootstrap timings total 0.000898 (create 0.000057, send 0.000219, recv 0.000281, ring 0.000039, delay 0.000000)
pluto-prod-yutengl-dev-202-3-0:2689223:2689223 [1] NCCL INFO MNNVL busId 0x75000 fabric UUID 0.0 cliqueId 0x0 state 3 healthMask 0x0
pluto-prod-yutengl-dev-202-3-0:2689223:2689223 [1] NCCL INFO ncclTopoGetCpuAffinity: Affinity for GPU 1 is 0-47,96-143. (GPU affinity = 0-47,96-143 ; CPU affinity = 0-47,96-143).
pluto-prod-yutengl-dev-202-3-0:2689223:2689223 [1] NCCL INFO NVLS multicast support is available on dev 1 (NVLS_NCHANNELS 16)
pluto-prod-yutengl-dev-202-3-0:2689223:2689223 [1] NCCL INFO comm 0x5566d9625320 rank 1 nRanks 2 nNodes 1 localRanks 2 localRank 1 MNNVL 0
pluto-prod-yutengl-dev-202-3-0:2689223:2689223 [1] NCCL INFO Trees [0] -1/-1/-1->1->0 [1] -1/-1/-1->1->0 [2] -1/-1/-1->1->0 [3] -1/-1/-1->1->0 [4] -1/-1/-1->1->0 [5] -1/-1/-1->1->0 [6] 0/-1/-1->1->-1 [7] 0/-1/-1->1->-1 [8] 0/-1/-1->1->-1 [9] 0/-1/-1->1->-1 [10] 0/-1/-1->1->-1 [11] 0/-1/-1->1->-1 [12] -1/-1/-1->1->0 [13] -1/-1/-1->1->0 [14] -1/-1/-1->1->0 [15] -1/-1/-1->1->0 [16] -1/-1/-1->1->0 [17] -1/-1/-1->1->0 [18] 0/-1/-1->1->-1 [19] 0/-1/-1->1->-1 [20] 0/-1/-1->1->-1 [21] 0/-1/-1->1->-1 [22] 0/-1/-1->1->-1 [23] 0/-1/-1->1->-1
pluto-prod-yutengl-dev-202-3-0:2689223:2689223 [1] NCCL INFO P2P Chunksize set to 524288
pluto-prod-yutengl-dev-202-3-0:2689223:2689223 [1] NCCL INFO Check P2P Type isAllDirectP2p 1 l 09/24 : 0 1
pluto-prod-yutengl-dev-202-3-0:2689222:2689222 [0] NCCL INFO Channel 10/24 : 0 1
pluto-prod-yutengl-dev-202-3-0:2689222:2689222 [0] NCCL INFO Channel 11/24 : 0 1
pluto-prod-yutengl-dev-202-3-0:2689222:2689222 [0] NCCL INFO Channel 12/24 : 0 1
pluto-prod-yutengl-dev-202-3-0:2689222:2689222 [0] NCCL INFO Channel 13/24 : 0 1
pluto-prod-yutengl-dev-202-3-0:2689222:2689222 [0] NCCL INFO Channel 14/24 : 0 1
pluto-prod-yutengl-dev-202-3-0:2689222:2689222 [0] NCCL INFO Channel 15/24 : 0 1
pluto-prod-yutengl-dev-202-3-0:2689222:2689222 [0] NCCL INFO Channel 16/24 : 0 1
pluto-prod-yutengl-dev-202-3-0:2689222:2689222 [0] NCCL INFO Channel 17/24 : 0 1
pluto-prod-yutengl-dev-202-3-0:2689222:2689222 [0] NCCL INFO Channel 18/24 : 0 1
pluto-prod-yutengl-dev-202-3-0:2689222:2689222 [0] NCCL INFO Channel 19/24 : 0 1
pluto-prod-yutengl-dev-202-3-0:2689222:2689222 [0] NCCL INFO Channel 20/24 : 0 1
pluto-prod-yutengl-dev-202-3-0:2689222:2689222 [0] NCCL INFO Channel 21/24 : 0 1
pluto-prod-yutengl-dev-202-3-0:2689222:2689222 [0] NCCL INFO Channel 22/24 : 0 1
pluto-prod-yutengl-dev-202-3-0:2689222:2689222 [0] NCCL INFO Channel 23/24 : 0 1
pluto-prod-yutengl-dev-202-3-0:2689222:2689222 [0] NCCL INFO Trees [0] 1/-1/-1->0->-1 [1] 1/-1/-1->0->-1 [2] 1/-1/-1->0->-1 [3] 1/-1/-1->0->-1 [4] 1/-1/-1->0->-1 [5] 1/-1/-1->0->-1 [6] -1/-1/-1->0->1 [7] -1/-1/-1->0->1 [8] -1/-1/-1->0->1 [9] -1/-1/-1->0->1 [10] -1/-1/-1->0->1 [11] -1/-1/-1->0->1 [12] 1/-1/-1->0->-1 [13] 1/-1/-1->0->-1 [14] 1/-1/-1->0->-1 [15] 1/-1/-1->0->-1 [16] 1/-1/-1->0->-1 [17] 1/-1/-1->0->-1 [18] -1/-1/-1->0->1 [19] -1/-1/-1->0->1 [20] -1/-1/-1->0->1 [21] -1/-1/-1->0->1 [22] -1/-1/-1->0->1 [23] -1/-1/-1->0->1
pluto-prod-yutengl-dev-202-3-0:2689222:2689222 [0] NCCL INFO P2P Chunksize set to 524288
pluto-prod-yutengl-dev-202-3-0:2689222:2689222 [0] NCCL INFO Check P2P Type isAllDirectP2p 1 directMode 0 isAllCudaP2p 1
pluto-prod-yutengl-dev-202-3-0:2689222:2689921 [0] NCCL INFO [Proxy Service] Device 0 CPU core 44
pluto-prod-yutengl-dev-202-3-0:2689222:2689922 [0] NCCL INFO [Proxy Service UDS] Device 0 CPU core 5
pluto-prod-yutengl-dev-202-3-0:2689222:2689222 [0] NCCL INFO NET/OFI Region base Tuner is chosen for platform: p5.48xlarge
pluto-prod-yutengl-dev-202-3-0:2689222:2689222 [0] NCCL INFO NET/OFI Region Tuner init (platform 0): comm with 2 ranks and 1 nodes.
pluto-prod-yutengl-dev-202-3-0:2689222:2689222 [0] NCCL INFO NET/OFI Tuner init: comm with 2 ranks and 1 nodes.
pluto-prod-yutengl-dev-202-3-0:2689222:2689222 [0] NCCL INFO threadThresholds 8/8/64 | 16/8/64 | 512 | 512
pluto-prod-yutengl-dev-202-3-0:2689222:2689222 [0] NCCL INFO 24 coll channels, 24 collnet channels, 16 nvls channels, 32 p2p channels, 32 p2p channels per peer
pluto-prod-yutengl-dev-202-3-0:2689222:2689222 [0] NCCL INFO Symmetric VA size=80GB
pluto-prod-yutengl-dev-202-3-0:2689222:2689222 [0] NCCL INFO CC Off, workFifoBytes 1048576
pluto-prod-yutengl-dev-202-3-0:2689222:2689222 [0] NCCL INFO ncclCommInitRank comm 0x564f38a26f50 rank 0 nranks 2 cudaDev 0 nvmlDev 0 busId 64000 commId 0x5aa73cdcd453ffc9 - Init COMPLETE
pluto-prod-yutengl-dev-202-3-0:2689222:2689222 [0] NCCL INFO Init timings - ncclCommInitRank: rank 0 nranks 2 total 0.11 (kernels 0.00, alloc 0.00, bootstrap 0.00, allgathers 0.00, topo 0.02, graphs 0.00, connections 0.08, rest 0.01)
pluto-prod-yutengl-dev-202-3-0:2689222:2689222 [0] NCCL INFO Symmetric VA size=80GB
pluto-prod-yutengl-dev-202-3-0:2689222:2689222 [0] NCCL INFO Channel 00/0 : 0[0] -> 1[1] via P2P/CUMEM
pluto-prod-yutengl-dev-202-3-0:2689222:2689222 [0] NCCL INFO Channel 01/0 : 0[0] -> 1[1] via P2P/CUMEM
pluto-prod-yutengl-dev-202-3-0:2689222:2689222 [0] NCCL INFO Channel 02/0 : 0[0] -> 1[1] via P2P/CUMEM
pluto-prod-yutengl-dev-202-3-0:2689222:2689222 [0] NCCL INFO Channel 03/0 : 0[0] -> 1[1] via P2P/CUMEM
pluto-prod-yutengl-dev-202-3-0:2689222:2689222 [0] NCCL INFO Channel 04/0 : 0[0] -> 1[1] via P2P/CUMEM
pluto-prod-yutengl-dev-202-3-0:2689222:2689222 [0] NCCL INFO Channel 05/0 : 0[0] -> 1[1] via P2P/CUMEM
pluto-prod-yutengl-dev-202-3-0:2689222:2689222 [0] NCCL INFO Channel directMode 0 isAllCudaP2p 1
pluto-prod-yutengl-dev-202-3-0:2689223:2689919 [0] NCCL INFO [Proxy Service] Device 1 CPU core 143
pluto-prod-yutengl-dev-202-3-0:2689223:2689920 [0] NCCL INFO [Proxy Service UDS] Device 1 CPU core 119
pluto-prod-yutengl-dev-202-3-0:2689223:2689223 [1] NCCL INFO NET/OFI Region base Tuner is chosen for platform: p5.48xlarge
pluto-prod-yutengl-dev-202-3-0:2689223:2689223 [1] NCCL INFO NET/OFI Region Tuner init (platform 0): comm with 2 ranks and 1 nodes.
pluto-prod-yutengl-dev-202-3-0:2689223:2689223 [1] NCCL INFO NET/OFI Tuner init: comm with 2 ranks and 1 nodes.
pluto-prod-yutengl-dev-202-3-0:2689223:2689223 [1] NCCL INFO threadThresholds 8/8/64 | 16/8/64 | 512 | 512
pluto-prod-yutengl-dev-202-3-0:2689223:2689223 [1] NCCL INFO 24 coll channels, 24 collnet channels, 16 nvls channels, 32 p2p channels, 32 p2p channels per peer
pluto-prod-yutengl-dev-202-3-0:2689223:2689223 [1] NCCL INFO Symmetric VA size=80GB
pluto-prod-yutengl-dev-202-3-0:2689223:2689223 [1] NCCL INFO ncclCommInitRank comm 0x5566d9625320 rank 1 nranks 2 cudaDev 1 nvmlDev 1 busId 75000 commId 0x5aa73cdcd453ffc9 - Init COMPLETE
pluto-prod-yutengl-dev-202-3-0:2689223:2689223 [1] NCCL INFO Init timings - ncclCommInitRank: rank 1 nranks 2 total 0.11 (kernels 0.00, alloc 0.00, bootstrap 0.00, allgathers 0.00, topo 0.02, graphs 0.00, connections 0.08, rest 0.01)
pluto-prod-yutengl-dev-202-3-0:2689223:2689223 [1] NCCL INFO Symmetric VA size=80GB
pluto-prod-yutengl-dev-202-3-0:2689223:2689223 [1] NCCL INFO Channel 00/0 : 1[1] -> 0[0] via P2P/CUMEM
pluto-prod-yutengl-dev-202-3-0:2689223:2689223 [1] NCCL INFO Channel 01/0 : 1[1] -> 0[0] via P2P/CUMEM
pluto-prod-yutengl-dev-202-3-0:2689223:2689223 [1] NCCL INFO Channel 02/0 : 1[1] -> 0[0] via P2P/CUMEM
pluto-prod-yutengl-dev-202-3-0:2689223:2689223 [1] NCCL INFO Channel 03/0 : 1[1] -> 0[0] via P2P/CUMEM
pluto-prod-yutengl-dev-202-3-0:2689223:2689223 [1] NCCL INFO Channel 04/0 : 1[1] -> 0[0] via P2P/CUMEM
pluto-prod-yutengl-dev-202-3-0:2689223:2689223 [1] NCCL INFO Channel 05/0 : 1[1] -> 0[0] via P2P/CUMEM
pluto-prod-yutengl-dev-202-3-0:2689223:2689223 [1] NCCL INFO Channel 06/0 : 1[1] -> 0[0] via P2P/CUMEM
pluto-prod-yutengl-dev-202-3-0:2689223:2689223 [1] NCCL INFO Channel 07/0 : 1[1] -> 0[0] via P2P/CUMEM
pluto-prod-yutengl-dev-202-3-0:2689223:2689223 [1] NCCL INFO Channel 08/0 : 1[1] -> 0[0] via P2P/CUMEM
pluto-prod-yutengl-dev-202-3-0:2689223:2689223 [1] NCCL INFO Channel 09/0 : 1[1] -> 0[0] via P2P/CUMEM
pluto-prod-yutengl-dev-202-3-0:2689223:2689223 [1] NCCL INFO Channel 10/0 : 1[1] -> 0[0] via P2P/CUMEM
pluto-prod-yutengl-dev-202-3-0:2689223:2689223 [1] NCCL INFO Channel 11/0 : 1[1] -> 0[0] via P2P/CUMEM
pluto-prod-yutengl-dev-202-3-0:2689223:2689223 [1] NCCL INFO Channel 12/0 : 1[1] -> 0[0] via P2P/CUMEM
pluto-prod-yutengl-dev-202-3-0:2689223:2689223 [1] NCCL INFO Channel 13/0 : 1[1] -> 0[0] via P2P/CUMEM
pluto-prod-yutengl-dev-202-3-0:2689223:2689223 [1] NCCL INFO Channel 14/0 : 1[1] -> 0[0] via P2P/CUMEM
pluto-prod-yutengl-dev-202-3-0:2689223:2689223 [1] NCCL INFO Channel 15/0 : 1[1] -> 0[0] via P2P/CUMEM
pluto-prod-yutengl-dev-202-3-0:2689223:2689223 [1] NCCL INFO Channel 16/0 : 1[1] -> 0[0] via P2P/CUMEM
pluto-prod-yutengl-dev-202-3-0:2689223:2689223 [1] NCCL INFO Channel 17/0 : 1[1] -> 0[0] via P2P/CUMEM
pluto-prod-yutengl-dev-202-3-0:2689223:2689223 [1] NCCL INFO Channel 18/0 : 1[1] -> 0[0] via P2P/CUMEM
pluto-prod-yutengl-dev-202-3-0:2689223:2689223 [1] NCCL INFO Channel 19/0 : 1[1] -> 0[0] via P2P/CUMEM
pluto-prod-yutengl-dev-202-3-0:2689223:2689223 [1] NCCL INFO Channel 20/0 : 1[1] -> 0[0] via P2P/CUMEM
pluto-prod-yutengl-dev-202-3-0:2689223:2689223 [1] NCCL INFO Channel 21/0 : 1[1] -> 0[0] via P2P/CUMEM
pluto-prod-yutengl-dev-202-3-0:2689223:2689223 [1] NCCL INFO Channel 22/0 : 1[1] -> 0[0] via P2P/CUMEM
pluto-prod-yutengl-dev-202-3-0:2689223:2689223 [1] NCCL INFO Channel 23/0 : 1[1] -> 0[0] via P2P/CUMEM
pluto-prod-yutengl-dev-202-3-0:2689223:2689223 [1] NCCL INFO Connected all rings, use ring PXN 0 GDR 1
pluto-prod-yutengl-dev-202-3-0:2689223:2689223 [1] NCCL INFO Comm c06/0 : 0[0] -> 1[1] via P2P/CUMEM
pluto-prod-yutengl-dev-202-3-0:2689222:2689222 [0] NCCL INFO Channel 07/0 : 0[0] -> 1[1] via P2P/CUMEM
pluto-prod-yutengl-dev-202-3-0:2689222:2689222 [0] NCCL INFO Channel 08/0 : 0[0] -> 1[1] via P2P/CUMEM
pluto-prod-yutengl-dev-202-3-0:2689222:2689222 [0] NCCL INFO Channel 09/0 : 0[0] -> 1[1] via P2P/CUMEM
pluto-prod-yutengl-dev-202-3-0:2689222:2689222 [0] NCCL INFO Channel 10/0 : 0[0] -> 1[1] via P2P/CUMEM
pluto-prod-yutengl-dev-202-3-0:2689222:2689222 [0] NCCL INFO Channel 11/0 : 0[0] -> 1[1] via P2P/CUMEM
pluto-prod-yutengl-dev-202-3-0:2689222:2689222 [0] NCCL INFO Channel 12/0 : 0[0] -> 1[1] via P2P/CUMEM
pluto-prod-yutengl-dev-202-3-0:2689222:2689222 [0] NCCL INFO Channel 13/0 : 0[0] -> 1[1] via P2P/CUMEM
pluto-prod-yutengl-dev-202-3-0:2689222:2689222 [0] NCCL INFO Channel 14/0 : 0[0] -> 1[1] via P2P/CUMEM
pluto-prod-yutengl-dev-202-3-0:2689222:2689222 [0] NCCL INFO Channel 15/0 : 0[0] -> 1[1] via P2P/CUMEM
pluto-prod-yutengl-dev-202-3-0:2689222:2689222 [0] NCCL INFO Channel 16/0 : 0[0] -> 1[1] via P2P/CUMEM
pluto-prod-yutengl-dev-202-3-0:2689222:2689222 [0] NCCL INFO Channel 17/0 : 0[0] -> 1[1] via P2P/CUMEM
pluto-prod-yutengl-dev-202-3-0:2689222:2689222 [0] NCCL INFO Channel 18/0 : 0[0] -> 1[1] via P2P/CUMEM
pluto-prod-yutengl-dev-202-3-0:2689222:2689222 [0] NCCL INFO Channel 19/0 : 0[0] -> 1[1] via P2P/CUMEM
pluto-prod-yutengl-dev-202-3-0:2689222:2689222 [0] NCCL INFO Channel 20/0 : 0[0] -> 1[1] via P2P/CUMEM
pluto-prod-yutengl-dev-202-3-0:2689222:2689222 [0] NCCL INFO Channel 21/0 : 0[0] -> 1[1] via P2P/CUMEM
pluto-prod-yutengl-dev-202-3-0:2689222:2689222 [0] NCCL INFO Channel 22/0 : 0[0] -> 1[1] via P2P/CUMEM
pluto-prod-yutengl-dev-202-3-0:2689222:2689222 [0] NCCL INFO Channel 23/0 : 0[0] -> 1[1] via P2P/CUMEM
pluto-prod-yutengl-dev-202-3-0:2689222:2689222 [0] NCCL INFO Connected all rings, use ring PXN 0 GDR 1
pluto-prod-yutengl-dev-202-3-0:2689222:2689222 [0] NCCL INFO Comm config Blocking set to 1
pluto-prod-yutengl-dev-202-3-0:2689222:2689222 [0] NCCL INFO Initialized NET plugin Socket
pluto-prod-yutengl-dev-202-3-0:2689222:2689222 [0] NCCL INFO Assigned NET plugin Socket to comm
pluto-prod-yutengl-dev-202-3-0:2689222:2689222 [0] NCCL INFO Failed to initialize any GIN plugin
pluto-prod-yutengl-dev-202-3-0:2689222:2689222 [0] NCCL INFO Using network Socket
pluto-prod-yutengl-dev-202-3-0:2689222:2689222 [0] NCCL INFO ncclCommSplit comm 0x564f38e2e930 rank 0 nranks 2 cudaDev 0 nvmlDev 0 busId 64000 parent 0x564f2ed7c860 childCount 17 color 2130503744 key 0- Init START
pluto-prod-yutengl-dev-202-3-0:2689222:2689222 [0] NCCL INFO MNNVL busId 0x64000 fabric UUID 0.0 cliqueId 0x0 state 3 healthMask 0x0
pluto-prod-yutengl-dev-202-3-0:2689222:2689222 [0] NCCL INFO ncclTopoGetCpuAffinity: Affinity for GPU 0 is 0-47,96-143. (GPU affinity = 0-47,96-143 ; CPU affinity = 0-47,96-143).
pluto-prod-yutengl-dev-202-3-0:2689222:2689222 [0] NCCL INFO NVLS multicast support is available on dev 0 (NVLS_NCHANNELS 16)
pluto-prod-yutengl-dev-202-3-0:2689222:2689222 [0] NCCL INFO comm 0x564f38e2e930 rank 0 nRanks 2 nNodes 1 localRanks 2 localRank 0 MNNVL 0
pluto-prod-yutengl-dev-202-3-0:2689222:2689222 [0] NCCL INFO Channel 00/24 : 0 1
pluto-prod-yutengl-dev-202-3-0:2689222:2689222 [0] NCCL INFO Channel 01/24 : 0 1
pluto-prod-yutengl-dev-202-3-0:2689222:2689222 [0] NCCL INFO Channel 02/24 : 0 1
pluto-prod-yutengl-dev-202-3-0:2689222:2689222 [0] NCCL INFO Channel 03/24 : 0 1
pluto-prod-yutengl-dev-202-3-0:2689222:2689222 [0] NCCL INFO Channel 04/24 : 0 1
pluto-prod-yutengl-dev-202-3-0:2689222:2689222 [0] NCCL INFO Channel 05/24 : 0 1
pluto-prod-yutengl-dev-202-3-0:2689222:2689222 [0] NCCL INFO Channel 06/24 : 0 1
pluto-prod-yutengl-dev-202-3-0:2689222:2689222 [0] NCCL INFO Channel 07/24 : 0 1
pluto-prod-yutengl-dev-202-3-0:2689222:2689222 [0] NCCL INFO Channel 08/24 : 0 1
pluto-prod-yutengl-dev-202-3-0:2689222:2689222 [0] NCCL INFO Channel 09/24 : 0 1
pluto-prod-yutengl-dev-202-3-0:2689222:2689222 [0] NCCL INFO Channel 10/24 : 0 1
pluto-prod-yutengl-dev-202-3-0:2689222:2689222 [0] NCCL INFO Channel [09-16 09:47:27] No pipeline_class_name specified, using model_index.json
[93m[09-16 09:47:27] Skipping pipeline module sglang.multimodal_gen.runtime.pipelines.hunyuan3d_pipeline during discovery due to import failure: Duplicate NCCL runtime found in the current system: /home/colligo/sglang-wiki/envs/run/lib/python3.10/site-packages/nvidia/nccl/lib/libnccl.so.2 and /opt/aws-ofi-nccl/install/lib/libnccl-net-ofi.so[0;0m
[93m[09-16 09:47:27] Skipping pipeline module sglang.multimodal_gen.runtime.pipelines.pi05 during discovery due to import failure: Duplicate NCCL runtime found in the current system: /home/colligo/sglang-wiki/envs/run/lib/python3.10/site-packages/nvidia/nccl/lib/libnccl.so.2 and /opt/aws-ofi-nccl/install/lib/libnccl-net-ofi.so[0;0m
[09-16 09:47:27] Diffusers version: 0.37.1
[09-16 09:47:27] Using pipeline from model_index.json: Cosmos3OmniDiffusersPipeline
[09-16 09:47:27] Loading pipeline modules...
[09-16 09:47:27] Model already exists locally and is complete
[09-16 09:47:27] Model path: /mnt/localssd/models/Cosmos3-Super-fe77b66696d645f663b8f27e942b3b43e4629e23
[09-16 09:47:27] Diffusers version: 0.37.1
[09-16 09:47:27] Model already exists locally and is complete
[09-16 09:47:27] Model path: /mnt/localssd/models/Cosmos3-Super-fe77b66696d645f663b8f27e942b3b43e4629e23
[09-16 09:47:27] Diffusers version: 0.37.1
[09-16 09:47:27] Loading pipeline modules from config: {'_class_name': 'Cosmos3OmniDiffusersPipeline', '_diffusers_version': '0.37.1', 'scheduler': ['diffusers', 'UniPCMultistepScheduler'], 'text_tokenizer': ['transformers', 'Qwen2TokenizerFast'], 'transformer': ['diffusers', 'Cosmos3OmniTransformer'], 'vae': ['diffusers', 'AutoencoderKLWan'], 'vision_encoder': ['transformers', 'Qwen3VLVisionModel'], 'sound_tokenizer': ['diffusers', 'Cosmos3AVAEAudioTokenizer']}
[09-16 09:47:27] Loading required components: ['text_tokenizer', 'vae', 'transformer', 'scheduler', 'sound_tokenizer']
[09-16 09:47:28] Memory-aware component load order: ['transformer', 'sound_tokenizer', 'vae', 'text_tokenizer', 'scheduler']
Loading required modules:   0%|          | 0/5 [00:00<?, ?it/s]Loading required modules:   0%|          | 0/5 [00:00<?, ?it/s][09-16 09:47:28] Loading transformer from /mnt/localssd/models/Cosmos3-Super-fe77b66696d645f663b8f27e942b3b43e4629e23/transformer. avail mem: 75.07 GB
[09-16 09:47:28] Loading Cosmos3OmniTransformer from 27 safetensors file(s) , param_dtype: torch.bfloat16

Loading safetensors checkpoint shards: 0%|          | 0/27[A
Loading safetensors checkpoint shards: 4%|▎         | 1/27[A
Loading safetensors checkpoint shards: 7%|▋         | 2/27[A
Loading safetensors checkpoint shards: 11%|█         | 3/27[A
Loading safetensors checkpoint shards: 15%|█▍        | 4/27[A
Loading safetensors checkpoint shards: 19%|█▊        | 5/27[A
Loading safetensors checkpoint shards: 22%|██▏       | 6/27[A
Loading safetensors checkpoint shards: 26%|██▌       | 7/27[A
Loading safetensors checkpoint shards: 30%|██▉       | 8/27[A
Loading safetensors checkpoint shards: 33%|███▎      | 9/27[A
Loading safetensors checkpoint shards: 37%|███▋      | 10/27[A
Loading safetensors checkpoint shards: 41%|████      | 11/27[A
Loading safetensors checkpoint shards: 44%|████▍     | 12/27[A
Loading safetensors checkpoint shards: 48%|████▊     | 13/27[A
Loading safetensors checkpoint shards: 52%|█████▏    | 14/27[A
Loading safetensors checkpoint shards: 56%|█████▌    | 15/27[A
Loading safetensors checkpoint shards: 59%|█████▉    | 16/27[A
Loading safetensors checkpoint shards: 63%|██████▎   | 17/27[A
Loading safetensors checkpoint shards: 67%|██████▋   | 18/27[A
Loading safetensors checkpoint shards: 70%|███████   | 19/27[A
Loading safetensors checkpoint shards: 74%|███████▍  | 20/27[A
Loading safetensors checkpoint shards: 78%|███████▊  | 21/27[A
Loading safetensors checkpoint shards: 81%|████████▏ | 22/27[A
Loading safetensors checkpoint shards: 85%|████████▌ | 23/27[A
Loading safetensors checkpoint shards: 89%|████████▉ | 24/27[A
Loading safetensors checkpoint shards: 93%|█████████▎| 25/27[A
Loading safetensors checkpoint shards: 96%|█████████▋| 26/27[ALoading safetensors checkpoint shards: 100%|██████████| 27/27
[09-16 09:47:34] Attention backends for transformer: fa
[09-16 09:47:34] Loaded transformer: Cosmos3OmniTransformer (sgl-diffusion version). model size: 117.85 GB, host mmap: 41.30 GB, host pageable: 76.55 GB. avail GPU mem: 75.07 GB
Loading required modules:  20%|██        | 1/5 [00:06<00:26,  6.50s/it][09-16 09:47:34] Loading sound_tokenizer from /mnt/localssd/models/Cosmos3-Super-fe77b66696d645f663b8f27e942b3b43e4629e23/sound_tokenizer. avail mem: 75.07 GB
/home/colligo/sglang-wiki/envs/run/lib/python3.10/site-packages/torch/nn/utils/weight_norm.py:144: FutureWarning: `torch.nn.utils.weight_norm` is deprecated in favor of `torch.nn.utils.parametrizations.weight_norm`.
  WeightNorm.apply(module, name, dim)
Loading required modules:  20%|██        | 1/5 [00:06<00:26,  6.51s/it]/home/colligo/sglang-wiki/envs/run/lib/python3.10/site-packages/torch/nn/utils/weight_norm.py:144: FutureWarning: `torch.nn.utils.weight_norm` is deprecated in favor of `torch.nn.utils.parametrizations.weight_norm`.
  WeightNorm.apply(module, name, dim)

Loading safetensors checkpoint shards: 0%|          | 0/1[ALoading safetensors checkpoint shards: 100%|██████████| 1/1
[09-16 09:47:36] Loaded sound_tokenizer: Cosmos3AVAEAudioTokenizer (sgl-diffusion version). model size: 0.88 GB, vram: 0.88 GB. avail GPU mem: 74.18 GB
Loading required modules:  40%|████      | 2/5 [00:08<00:11,  3.82s/it][09-16 09:47:36] Loading vae from /mnt/localssd/models/Cosmos3-Super-fe77b66696d645f663b8f27e942b3b43e4629e23/vae. avail mem: 74.18 GB
Loading required modules:  40%|████      | 2/5 [00:08<00:11,  3.82s/it][09-16 09:47:36] vae (VAE) stays on its checkpoint mapping: the deployment is 123.52 GiB of weights against 3.28 GiB of host memory, so copies are host memory the streamed components need more.
[09-16 09:47:36] Wan VAE: spatial-parallel decode; skipping fast path.
[09-16 09:47:36] Loaded vae: AutoencoderKLWan (sgl-diffusion version). model size: 1.31 GB, host mmap: 1.31 GB. avail GPU mem: 74.18 GB
Loading required modules:  60%|██████    | 3/5 [00:08<00:04,  2.28s/it][09-16 09:47:36] Loading text_tokenizer from /mnt/localssd/models/Cosmos3-Super-fe77b66696d645f663b8f27e942b3b43e4629e23/text_tokenizer. avail mem: 74.18 GB
Loading required modules:  60%|██████    | 3/5 [00:09<00:04,  2.33s/it][09-16 09:47:37] Loaded text_tokenizer: Qwen2Tokenizer (sgl-diffusion version). model size: NA GB, weights: none. avail GPU mem: 74.18 GB
Loading required modules:  80%|████████  | 4/5 [00:09<00:01,  1.51s/it][09-16 09:47:37] Loading scheduler from /mnt/localssd/models/Cosmos3-Super-fe77b66696d645f663b8f27e942b3b43e4629e23/scheduler. avail mem: 74.18 GB
[09-16 09:47:37] Overriding scheduler class from UniPCMultistepScheduler to FlowUniPCMultistepScheduler
[09-16 09:47:37] Loaded scheduler: FlowUniPCMultistepScheduler (sgl-diffusion version). model size: NA GB, weights: none. avail GPU mem: 74.18 GB
Loading required modules: 100%|██████████| 5/5 [00:09<00:00,  1.85s/it]
[09-16 09:47:37] Creating pipeline stages...
[93m[09-16 09:47:37] Cosmos3 guardrails disabled because cosmos-guardrail is not installed. Install it with: pip install cosmos-guardrail==0.3.1[0;0m
[09-16 09:47:37] Cosmos3 pipeline stages created successfully (guardrails=False)
[09-16 09:47:37] Pipeline instantiated
[09-16 09:47:37] Layerwise offload host memory: 3.1 GiB available (cgroup cap 292.8 GiB, in use 289.8 GiB)
[09-16 09:47:37] Configuring layerwise offload for transformer (Cosmos3OmniTransformer): gen_layers (64 layers), language_model.layers (64 layers)
[09-16 09:47:37] Layerwise offload: transformer.gen_layers pins 0 of 64 layers (0.00 GiB of 1.06 GiB spendable). Of the rest, 0 are copied into pageable host memory and 64 stay on the checkpoint mapping. Pinning every layer would need 58.13 GiB.
Loading required modules:  80%|████████  | 4/5 [00:09<00:01,  1.55s/it]Loading required modules: 100%|██████████| 5/5 [00:09<00:00,  1.87s/it]
[09-16 09:47:43] Layerwise offload: transformer.language_model.layers pins 0 of 64 layers (0.00 GiB of 1.06 GiB spendable). Of the rest, 0 are copied into pageable host memory and 64 stay on the checkpoint mapping. Pinning every layer would need 58.13 GiB.
[09-16 09:47:50] Layerwise offload: gen_layers ships mapped layers through a courier thread with 2 pinned slots, so their device copies overlap compute instead of stalling it.
[09-16 09:47:50] Layerwise offload: language_model.layers ships mapped layers through a courier thread with 2 pinned slots, so their device copies overlap compute instead of stalling it.
[09-16 09:47:50] Layerwise offload ready for transformer (Cosmos3OmniTransformer) in 13.48s: groups=2, layers=128, prefetch/group=1, resident=2/128, policy=leading
[09-16 09:47:50] Configuring layerwise offload for vae (AutoencoderKLWan): encoder.down_blocks (4 layers), decoder.up_blocks (4 layers)
[09-16 09:47:51] Layerwise offload ready for vae (AutoencoderKLWan) in 0.76s: groups=2, layers=8, prefetch/group=1, resident=0/8, policy=leading
[09-16 09:47:51] Layerwise offload summary: transformer (vram: 2.77 GB, host mmap: 41.25 GB, host pageable: 75.00 GB), vae (vram: 0.66 GB, host pinned: 1.00 GB)
[09-16 09:47:51] Worker 0: Initialized device, model, and distributed environment.
[09-16 09:47:51] Worker 0: Scheduler loop started.
[09-16 09:47:51] Stage generation control plane started
[09-16 09:47:51] Scheduler thread for stage generation set cuda device to 0
[09-16 09:47:51] Stage generation started
[09-16 09:47:51] Process generation ready with stages=['generation']
2026-09-16 09:47:51,833 [INFO] sglang_omni.pipeline.stage_workers: Process generation ready
2026-09-16 09:47:51,834 [INFO] sglang_omni.pipeline.coordinator: Coordinator registered stage: generation at ipc:///tmp/sglang_omni/cosmos3-super-generation-cads6la5/stage_generation.sock
2026-09-16 09:47:51,834 [INFO] sglang_omni.pipeline.mp_runner: MultiProcessPipelineRunner started: 1 stage(s), 1 process(es)
2026-09-16 09:47:51,841 [INFO] sglang_omni.pipeline.coordinator: Coordinator submitted req=2628bed0-dd5d-4ece-baca-e49a22edf8ae to generation at ipc:///tmp/sglang_omni/cosmos3-super-generation-cads6la5/stage_generation.sock bindings=None
[09-16 09:47:51] Diffusers version: 0.37.1
[09-16 09:47:51] Sequence dimension shard is enabled, disabling frame adjustment for better performance
[09-16 09:47:51] Adjusting number of frames from 189 to 189 based on model
[09-16 09:47:51] Processing 1 grouped request(s)
[09-16 09:47:51] Sampling params:
                       width: 1280
                      height: 720
                  num_frames: 189
                         fps: 24
                      prompt: <redacted, len=7735>
                  neg_prompt: <redacted, len=14677>
                        seed: 17
                 infer_steps: 35
      num_outputs_per_prompt: 1
              guidance_scale: 6.0
     embedded_guidance_scale: 6.0
                    n_tokens: None
                  flow_shift: 10.0
                  image_path: None
                 save_output: True
            output_file_path: /home/colligo/sglang-wiki/repos/sglang-omni/results/cosmos3-super/2gpu/generation-quality/native-media/request_m2sj29op/147604bb53524a06b31fb1b0ba9c6a9a.mp4
        
[09-16 09:47:51] Running pipeline stages: ['Cosmos3ImagePreprocessStage', 'Cosmos3TokenizationStage', 'Cosmos3LatentPreparationStage', 'Cosmos3TimestepPreparationStage', 'Cosmos3DenoisingStage', 'Cosmos3DecodingStage']
[09-16 09:47:51] [Cosmos3ImagePreprocessStage] started...
[09-16 09:47:51] [Cosmos3ImagePreprocessStage] finished in 0.0000 seconds
[09-16 09:47:51] [Cosmos3TokenizationStage] started...
[09-16 09:47:51] [Cosmos3TokenizationStage] finished in 0.0282 seconds
[09-16 09:47:51] [Cosmos3LatentPreparationStage] started...
[09-16 09:47:51] [Cosmos3LatentPreparationStage] Prepared latents with shape (1, 48, 48, 45, 80)
[09-16 09:47:51] [Cosmos3LatentPreparationStage] Prepared sound latents with shape (1, 64, 197)
[09-16 09:47:51] [Cosmos3LatentPreparationStage] finished in 0.0017 seconds
[09-16 09:47:51] [Cosmos3TimestepPreparationStage] started...
[09-16 09:47:51] [Cosmos3TimestepPreparationStage] Prepared 35 timesteps (flow_shift=10.0)
[09-16 09:47:51] [Cosmos3TimestepPreparationStage] finished in 0.0004 seconds
[09-16 09:47:51] [Cosmos3DenoisingStage] started...
[09-16 09:47:51] [Cosmos3DenoisingStage] CFG parallel enabled: cfg_size=2, cfg_rank=0
[09-16 09:47:51] [Cosmos3DenoisingStage] Starting denoising with 35 steps, CFG=True, CFG_parallel=True, cfg_rank=0
Denoising:   0%|          | 0/35 [00:00<?, ?it/s][09-16 09:47:51] [Cosmos3DenoisingStage] Prompt and negative prompt tokenize to different lengths (1847 vs 2644); running the CFG branches in separate forwards to keep padding out of the cross-attention
11/24 : 0 1
pluto-prod-yutengl-dev-202-3-0:2689222:2689222 [0] NCCL INFO Channel 12/24 : 0 1
pluto-prod-yutengl-dev-202-3-0:2689222:2689222 [0] NCCL INFO Channel 13/24 : 0 1
pluto-prod-yutengl-dev-202-3-0:2689222:2689222 [0] NCCL INFO Channel 14/24 : 0 1
pluto-prod-yutengl-dev-202-3-0:2689222:2689222 [0] NCCL INFO Channel 15/24 : 0 1
pluto-prod-yutengl-dev-202-3-0:2689222:2689222 [0] NCCL INFO Channel 16/24 : 0 1
pluto-prod-yutengl-dev-202-3-0:2689222:2689222 [0] NCCL INFO Channel 17/24 : 0 1
pluto-prod-yutengl-dev-202-3-0:2689222:2689222 [0] NCCL INFO Channel 18/24 : 0 1
pluto-prod-yutengl-dev-202-3-0:2689222:2689222 [0] NCCL INFO Channel 19/24 : 0 1
pluto-prod-yutengl-dev-202-3-0:2689222:2689222 [0] NCCL INFO Channel 20/24 : 0 1
pluto-prod-yutengl-dev-202-3-0:2689222:2689222 [0] NCCL INFO Channel 21/24 : 0 1
pluto-prod-yutengl-dev-202-3-0:2689222:2689222 [0] NCCL INFO Channel 22/24 : 0 1
pluto-prod-yutengl-dev-202-3-0:2689222:2689222 [0] NCCL INFO Channel 23/24 : 0 1
pluto-prod-yutengl-dev-202-3-0:2689222:2689222 [0] NCCL INFO Trees [0] 1/-1/-1->0->-1 [1] 1/-1/-1->0->-1 [2] 1/-1/-1->0->-1 [3] 1/-1/-1->0->-1 [4] 1/-1/-1->0->-1 [5] 1/-1/-1->0->-1 [6] -1/-1/-1->0->1 [7] -1/-1/-1->0->1 [8] -1/-1/-1->0->1 [9] -1/-1/-1->0->1 [10] -1/-1/-1->0->1 [11] -1/-1/-1->0->1 [12] 1/-1/-1->0->-1 [13] 1/-1/-1->0->-1 [14] 1/-1/-1->0->-1 [15] 1/-1/-1->0->-1 [16] 1/-1/-1->0->-1 [17] 1/-1/-1->0->-1 [18] -1/-1/-1->0->1 [19] -1/-1/-1->0->1 [20] -1/-1/-1->0->1 [21] -1/-1/-1->0->1 [22] -1/-1/-1->0->1 [23] -1/-1/-1->0->1
pluto-prod-yutengl-dev-202-3-0:2689222:2689222 [0] NCCL INFO P2P Chunksize set to 524288
pluto-prod-yutengl-dev-202-3-0:2689222:2689222 [0] NCCL INFO Check P2P Type isAllDirectP2p 1 directMode 0 isAllCudaP2p 1
pluto-prod-yutengl-dev-202-3-0:2689222:2689928 [0] NCCL INFO [Proxy Service] Device 0 CPU core 108
pluto-prod-yutengl-dev-202-3-0:2689222:2689930 [0] NCCL INFO [Proxy Service UDS] Device 0 CPU core 7
pluto-prod-yutengl-dev-202-3-0:2689222:2689222 [0] NCCL INFO NET/OFI Region base Tuner is chosen for platform: p5.48xlarge
pluto-prod-yutengl-dev-202-3-0:2689222:2689222 [0] NCCL INFO NET/OFI Region Tuner init (platform 0): comm with 2 ranks and 1 nodes.
pluto-prod-yutengl-dev-202-3-0:2689222:2689222 [0] NCCL INFO NET/OFI Tuner init: comm with 2 ranks and 1 nodes.
pluto-prod-yutengl-dev-202-3-0:2689222:2689222 [0] NCCL INFO threadThresholds 8/8/64 | 16/8/64 | 512 | 512
pluto-prod-yutengl-dev-202-3-0:2689222:2689222 [0] NCCL INFO 24 coll channels, 24 collnet channels, 16 nvls channels, 32 p2p channels, 32 p2p channels per peer
pluto-prod-yutengl-dev-202-3-0:2689222:2689222 [0] NCCL INFO Symmetric VA size=80GB
pluto-prod-yutengl-dev-202-3-0:2689222:2689222 [0] NCCL INFO CC Off, workFifoBytes 1048576
pluto-prod-yutengl-dev-202-3-0:2689222:2689222 [0] NCCL INFO ncclCommSplit comm 0x564f38e2e930 rank 0 nranks 2 cudaDev 0 nvmlDev 0 busId 64000 parent 0x564f2ed7c860 childCount 17 color 2130503744 key 0 - Init COMPLETE
pluto-prod-yutengl-dev-202-3-0:2689222:2689222 [0] NCCL INFO Init timings - ncclCommSplit: rank 0 nranks 2 total 0.11 (kernels 0.00, alloc 0.00, bootstrap 0.00, allgathers 0.00, topo 0.02, graphs 0.00, connections 0.08, rest 0.01)
pluto-prod-yutengl-dev-202-3-0:2689222:2689222 [0] NCCL INFO Symmetric VA size=80GB
pluto-prod-yutengl-dev-202-3-0:2689222:2689222 [0] NCCL INFO Channel 00/0 : 0[0] -> 1[1] via P2P/CUMEM
pluto-prod-yutengl-dev-202-3-0:2689222:2689222 [0] NCCL INFO Channel 01/0 : 0[0] -> 1[1] via P2P/CUMEM
pluto-prod-yutengl-dev-202-3-0:2689222:2689222 [0] NCCL INFO Channel 02/0 : 0[0] -> 1[1] via P2P/CUMEM
pluto-prod-yutengl-dev-202-3-0:2689222:2689222 [0] NCCL INFO Channel 03/0 : 0[0] -> 1[1] via P2P/CUMEM
pluto-prod-yutengl-dev-202-3-0:2689222:2689222 [0] NCCL INFO Channel 04/0 : 0[0] -> 1[1] via P2P/CUMEM
pluto-prod-yutengl-dev-202-3-0:2689222:2689222 [0] NCCL INFO Channel 05/0 : 0[0] -> 1[1] via P2P/CUMEM
pluto-prod-yutengl-dev-202-3-0:2689222:2689222 [0] NCCL INFO Channel 06/0 : 0[0] -> 1[1] via P2P/CUMEM
pluto-prod-yutengl-dev-202-3-0:2689222:2689222 [0] NCCL INFO Channel 07/0 : 0[0] -> 1[1] via P2P/CUMEMonfig Blocking set to 1
pluto-prod-yutengl-dev-202-3-0:2689223:2689223 [1] NCCL INFO Initialized NET plugin Socket
pluto-prod-yutengl-dev-202-3-0:2689223:2689223 [1] NCCL INFO Assigned NET plugin Socket to comm
pluto-prod-yutengl-dev-202-3-0:2689223:2689223 [1] NCCL INFO Failed to initialize any GIN plugin
pluto-prod-yutengl-dev-202-3-0:2689223:2689223 [1] NCCL INFO Using network Socket
pluto-prod-yutengl-dev-202-3-0:2689223:2689223 [1] NCCL INFO ncclCommSplit comm 0x5566d9a2d4a0 rank 1 nranks 2 cudaDev 1 nvmlDev 1 busId 75000 parent 0x5566cf97d630 childCount 17 color 2130503744 key 1- Init START
pluto-prod-yutengl-dev-202-3-0:2689223:2689223 [1] NCCL INFO MNNVL busId 0x75000 fabric UUID 0.0 cliqueId 0x0 state 3 healthMask 0x0
pluto-prod-yutengl-dev-202-3-0:2689223:2689223 [1] NCCL INFO ncclTopoGetCpuAffinity: Affinity for GPU 1 is 0-47,96-143. (GPU affinity = 0-47,96-143 ; CPU affinity = 0-47,96-143).
pluto-prod-yutengl-dev-202-3-0:2689223:2689223 [1] NCCL INFO NVLS multicast support is available on dev 1 (NVLS_NCHANNELS 16)
pluto-prod-yutengl-dev-202-3-0:2689223:2689223 [1] NCCL INFO comm 0x5566d9a2d4a0 rank 1 nRanks 2 nNodes 1 localRanks 2 localRank 1 MNNVL 0
pluto-prod-yutengl-dev-202-3-0:2689223:2689223 [1] NCCL INFO Trees [0] -1/-1/-1->1->0 [1] -1/-1/-1->1->0 [2] -1/-1/-1->1->0 [3] -1/-1/-1->1->0 [4] -1/-1/-1->1->0 [5] -1/-1/-1->1->0 [6] 0/-1/-1->1->-1 [7] 0/-1/-1->1->-1 [8] 0/-1/-1->1->-1 [9] 0/-1/-1->1->-1 [10] 0/-1/-1->1->-1 [11] 0/-1/-1->1->-1 [12] -1/-1/-1->1->0 [13] -1/-1/-1->1->0 [14] -1/-1/-1->1->0 [15] -1/-1/-1->1->0 [16] -1/-1/-1->1->0 [17] -1/-1/-1->1->0 [18] 0/-1/-1->1->-1 [19] 0/-1/-1->1->-1 [20] 0/-1/-1->1->-1 [21] 0/-1/-1->1->-1 [22] 0/-1/-1->1->-1 [23] 0/-1/-1->1->-1
pluto-prod-yutengl-dev-202-3-0:2689223:2689223 [1] NCCL INFO P2P Chunksize set to 524288
pluto-prod-yutengl-dev-202-3-0:2689223:2689223 [1] NCCL INFO Check P2P Type isAllDirectP2p 1 directMode 0 isAllCudaP2p 1
pluto-prod-yutengl-dev-202-3-0:2689223:2689927 [0] NCCL INFO [Proxy Service] Device 1 CPU core 5
pluto-prod-yutengl-dev-202-3-0:2689223:2689929 [0] NCCL INFO [Proxy Service UDS] Device 1 CPU core 108
pluto-prod-yutengl-dev-202-3-0:2689223:2689223 [1] NCCL INFO NET/OFI Region base Tuner is chosen for platform: p5.48xlarge
pluto-prod-yutengl-dev-202-3-0:2689223:2689223 [1] NCCL INFO NET/OFI Region Tuner init (platform 0): comm with 2 ranks and 1 nodes.
pluto-prod-yutengl-dev-202-3-0:2689223:2689223 [1] NCCL INFO NET/OFI Tuner init: comm with 2 ranks and 1 nodes.
pluto-prod-yutengl-dev-202-3-0:2689223:2689223 [1] NCCL INFO threadThresholds 8/8/64 | 16/8/64 | 512 | 512
pluto-prod-yutengl-dev-202-3-0:2689223:2689223 [1] NCCL INFO 24 coll channels, 24 collnet channels, 16 nvls channels, 32 p2p channels, 32 p2p channels per peer
pluto-prod-yutengl-dev-202-3-0:2689223:2689223 [1] NCCL INFO Symmetric VA size=80GB
pluto-prod-yutengl-dev-202-3-0:2689223:2689223 [1] NCCL INFO ncclCommSplit comm 0x5566d9a2d4a0 rank 1 nranks 2 cudaDev 1 nvmlDev 1 busId 75000 parent 0x5566cf97d630 childCount 17 color 2130503744 key 1 - Init COMPLETE
pluto-prod-yutengl-dev-202-3-0:2689223:2689223 [1] NCCL INFO Init timings - ncclCommSplit: rank 1 nranks 2 total 0.11 (kernels 0.00, alloc 0.00, bootstrap 0.00, allgathers 0.00, topo 0.02, graphs 0.00, connections 0.08, rest 0.01)
pluto-prod-yutengl-dev-202-3-0:2689223:2689223 [1] NCCL INFO Symmetric VA size=80GB
pluto-prod-yutengl-dev-202-3-0:2689223:2689223 [1] NCCL INFO Channel 00/0 : 1[1] -> 0[0] via P2P/CUMEM
pluto-prod-yutengl-dev-202-3-0:2689223:2689223 [1] NCCL INFO Channel 01/0 : 1[1] -> 0[0] via P2P/CUMEM
pluto-prod-yutengl-dev-202-3-0:2689223:2689223 [1] NCCL INFO Channel 02/0 : 1[1] -> 0[0] via P2P/CUMEM
pluto-prod-yutengl-dev-202-3-0:2689223:2689223 [1] NCCL INFO Channel 03/0 : 1[1] -> 0[0] via P2P/CUMEM
pluto-prod-yutengl-dev-202-3-0:2689223:2689223 [1] NCCL INFO Channel 04/0 : 1[1] -> 0[0] via P2P/CUMEM
pluto-prod-yutengl-dev-202-3-0:2689223:2689223 [1] NCCL INFO Channel 05/0 : 1[1] -> 0[0] via P2P/CUMEM
pluto-prod-yutengl-dev-202-3-0:2689223:2689223 [1] NCCL INFO Channel 06/0 : 1[1] -> 0[0] via P2P/CUDenoising:   3%|▎         | 1/35 [00:20<11:31, 20.33s/it]Denoising:   6%|▌         | 2/35 [00:32<08:36, 15.66s/it]Denoising:   9%|▊         | 3/35 [00:45<07:39, 14.36s/it]Denoising:  11%|█▏        | 4/35 [00:58<07:06, 13.76s/it]Denoising:  14%|█▍        | 5/35 [01:11<06:42, 13.41s/it]Denoising:  17%|█▋        | 6/35 [01:23<06:22, 13.20s/it]Denoising:  20%|██        | 7/35 [01:36<06:06, 13.08s/it]Denoising:  23%|██▎       | 8/35 [01:49<05:50, 12.99s/it]Denoising:  26%|██▌       | 9/35 [02:02<05:36, 12.92s/it]Denoising:  29%|██▊       | 10/35 [02:15<05:22, 12.89s/it]Denoising:  31%|███▏      | 11/35 [02:27<05:08, 12.87s/it]Denoising:  34%|███▍      | 12/35 [02:40<04:55, 12.84s/it]Denoising:  37%|███▋      | 13/35 [02:53<04:42, 12.82s/it]Denoising:  40%|████      | 14/35 [03:06<04:29, 12.82s/it]Denoising:  43%|████▎     | 15/35 [03:19<04:16, 12.81s/it]Denoising:  46%|████▌     | 16/35 [03:31<04:03, 12.82s/it]Denoising:  49%|████▊     | 17/35 [03:44<03:51, 12.84s/it]Denoising:  51%|█████▏    | 18/35 [03:57<03:38, 12.85s/it]Denoising:  54%|█████▍    | 19/35 [04:10<03:25, 12.84s/it]Denoising:  57%|█████▋    | 20/35 [04:23<03:12, 12.83s/it]Denoising:  60%|██████    | 21/35 [04:36<02:59, 12.82s/it]Denoising:  63%|██████▎   | 22/35 [04:48<02:46, 12.82s/it]Denoising:  66%|██████▌   | 23/35 [05:01<02:33, 12.81s/it]Denoising:  69%|██████▊   | 24/35 [05:14<02:20, 12.80s/it]Denoising:  71%|███████▏  | 25/35 [05:27<02:08, 12.80s/it]Denoising:  74%|███████▍  | 26/35 [05:40<01:55, 12.82s/it]Denoising:  77%|███████▋  | 27/35 [05:53<01:42, 12.83s/it]Denoising:  80%|████████  | 28/35 [06:05<01:29, 12.85s/it]Denoising:  83%|████████▎ | 29/35 [06:18<01:17, 12.83s/it]Denoising:  86%|████████▌ | 30/35 [06:31<01:04, 12.83s/it]Denoising:  89%|████████▊ | 31/35 [06:44<00:51, 12.81s/it]Denoising:  91%|█████████▏| 32/35 [06:57<00:38, 12.81s/it]Denoising:  94%|█████████▍| 33/35 [07:09<00:25, 12.81s/it]Denoising:  97%|█████████▋| 34/35 [07:22<00:12, 12.79s/it]Denoising: 100%|██████████| 35/35 [07:35<00:00, 12.78s/it]Denoising: 100%|██████████| 35/35 [07:35<00:00, 13.01s/it]
[09-16 09:55:27] [Cosmos3DenoisingStage] Denoising complete
[09-16 09:55:28] [Cosmos3DenoisingStage] finished in 456.2628 seconds
[09-16 09:55:28] [Cosmos3DecodingStage] started...
[09-16 09:55:28] [Cosmos3DecodingStage] Decoding latents to video...

pluto-prod-yutengl-dev-202-3-0:2689222:2689222 [0] NCCL INFO Channel 08/0 : 0[0] -> 1[1] via P2P/CUMEM
pluto-prod-yutengl-dev-202-3-0:2689222:2689222 [0] NCCL INFO Channel 09/0 : 0[0] -> 1[1] via P2P/CUMEM
pluto-prod-yutengl-dev-202-3-0:2689222:2689222 [0] NCCL INFO Channel 10/0 : 0[0] -> 1[1] via P2P/CUMEM
pluto-prod-yutengl-dev-202-3-0:2689222:2689222 [0] NCCL INFO Channel 11/0 : 0[0] -> 1[1] via P2P/CUMEM
pluto-prod-yutengl-dev-202-3-0:2689222:2689222 [0] NCCL INFO Channel 12/0 : 0[0] -> 1[1] via P2P/CUMEM
pluto-prod-yutengl-dev-202-3-0:2689222:2689222 [0] NCCL INFO Channel 13/0 : 0[0] -> 1[1] via P2P/CUMEM
pluto-prod-yutengl-dev-202-3-0:2689222:2689222 [0] NCCL INFO Channel 14/0 : 0[0] -> 1[1] via P2P/CUMEM
pluto-prod-yutengl-dev-202-3-0:2689222:2689222 [0] NCCL INFO Channel 15/0 : 0[0] -> 1[1] via P2P/CUMEM
pluto-prod-yutengl-dev-202-3-0:2689222:2689222 [0] NCCL INFO Channel 16/0 : 0[0] -> 1[1] via P2P/CUMEM
pluto-prod-yutengl-dev-202-3-0:2689222:2689222 [0] NCCL INFO Channel 17/0 : 0[0] -> 1[1] via P2P/CUMEM
pluto-prod-yutengl-dev-202-3-0:2689222:2689222 [0] NCCL INFO Channel 18/0 : 0[0] -> 1[1] via P2P/CUMEM
pluto-prod-yutengl-dev-202-3-0:2689222:2689222 [0] NCCL INFO Channel 19/0 : 0[0] -> 1[1] via P2P/CUMEM
pluto-prod-yutengl-dev-202-3-0:2689222:2689222 [0] NCCL INFO Channel 20/0 : 0[0] -> 1[1] via P2P/CUMEM
pluto-prod-yutengl-dev-202-3-0:2689222:2689222 [0] NCCL INFO Channel 21/0 : 0[0] -> 1[1] via P2P/CUMEM
pluto-prod-yutengl-dev-202-3-0:2689222:2689222 [0] NCCL INFO Channel 22/0 : 0[0] -> 1[1] via P2P/CUMEM
pluto-prod-yutengl-dev-202-3-0:2689222:2689222 [0] NCCL INFO Channel 23/0 : 0[0] -> 1[1] via P2P/CUMEM
pluto-prod-yutengl-dev-202-3-0:2689222:2689222 [0] NCCL INFO Connected all rings, use ring PXN 0 GDR 1
pluto-prod-yutengl-dev-202-3-0:2689222:2689222 [0] NCCL INFO Channel 00/1 : 0[0] -> 1[1] via P2P/CUMEM
pluto-prod-yutengl-dev-202-3-0:2689222:2689222 [0] NCCL INFO Channel 01/1 : 0[0] -> 1[1] via P2P/CUMEM
pluto-prod-yutengl-dev-202-3-0:2689222:2689222 [0] NCCL INFO Channel 02/1 : 0[0] -> 1[1] via P2P/CUMEM
pluto-prod-yutengl-dev-202-3-0:2689222:2689222 [0] NCCL INFO Channel 03/1 : 0[0] -> 1[1] via P2P/CUMEM
pluto-prod-yutengl-dev-202-3-0:2689222:2689222 [0] NCCL INFO Channel 04/1 : 0[0] -> 1[1] via P2P/CUMEM
pluto-prod-yutengl-dev-202-3-0:2689222:2689222 [0] NCCL INFO Channel 05/1 : 0[0] -> 1[1] via P2P/CUMEM
pluto-prod-yutengl-dev-202-3-0:2689222:2689222 [0] NCCL INFO Channel 06/1 : 0[0] -> 1[1] via P2P/CUMEM
pluto-prod-yutengl-dev-202-3-0:2689222:2689222 [0] NCCL INFO Channel 07/1 : 0[0] -> 1[1] via P2P/CUMEM
pluto-prod-yutengl-dev-202-3-0:2689222:2689222 [0] NCCL INFO Channel 08/1 : 0[0] -> 1[1] via P2P/CUMEM
pluto-prod-yutengl-dev-202-3-0:2689222:2689222 [0] NCCL INFO Channel 09/1 : 0[0] -> 1[1] via P2P/CUMEM
pluto-prod-yutengl-dev-202-3-0:2689222:2689222 [0] NCCL INFO Channel 10/1 : 0[0] -> 1[1] via P2P/CUMEM
pluto-prod-yutengl-dev-202-3-0:2689222:2689222 [0] NCCL INFO Channel 11/1 : 0[0] -> 1[1] via P2P/CUMEM
pluto-prod-yutengl-dev-202-3-0:2689222:2689222 [0] NCCL INFO Channel 12/1 : 0[0] -> 1[1] via P2P/CUMEM
pluto-prod-yutengl-dev-202-3-0:2689222:2689222 [0] NCCL INFO Channel 13/1 : 0[0] -> 1[1] via P2P/CUMEM
pluto-prod-yutengl-dev-202-3-0:2689222:2689222 [0] NCCL INFO Channel 14/1 : 0[0] -> 1[1] via P2P/CUMEM
pluto-prod-yutengl-dev-202-3-0:2689222:2689222 [0] NCCL INFO Channel 15/1 : 0[0] -> 1[1] via P2P/CUMEM
pluto-prod-yutengl-dev-202-3-0:2689222:2689222 [0] NCCL INFO Channel 16/1 : 0[0] -> 1[1] via P2P/CUMEM
pluto-prod-yutengl-dev-202-3-0:2689222:2689222 [0] NCCL INFO Channel 17/1 : 0[0] -> 1[1] via P2P/CUMEM
pluto-prod-yutengl-dev-202-3-0:2689222:2689222 [0] NCCL INFO Channel 18/1 : 0[0] -> 1[1] via P2P/CUMEM
pluto-prod-yutengl-dev-202-3-0:2689222:2689222 [0] NCCL INFO Channel 19/1 : 0[0] -> 1[1] via P2P/CUMEM
pluto-prod-yutengl-dev-202-3-0:2689222:2689222 [0] NCCL INFO Channel 20/1 : 0[0] -> 1[1] via P2P/CUMEM
pluto-prod-yutengl-dev-202-3-0:2689222:2689222 [0] NCCL INFO Channel 21/1 : 0[0] -> 1[1] via P2P/CUMEM
pluto-prod-yutengl-dev-202-3-0:2689222:2689222 [0] NCCL INFO Channel 22/1 : 0[MEM
pluto-prod-yutengl-dev-202-3-0:2689223:2689223 [1] NCCL INFO Channel 07/0 : 1[1] -> 0[0] via P2P/CUMEM
pluto-prod-yutengl-dev-202-3-0:2689223:2689223 [1] NCCL INFO Channel 08/0 : 1[1] -> 0[0] via P2P/CUMEM
pluto-prod-yutengl-dev-202-3-0:2689223:2689223 [1] NCCL INFO Channel 09/0 : 1[1] -> 0[0] via P2P/CUMEM
pluto-prod-yutengl-dev-202-3-0:2689223:2689223 [1] NCCL INFO Channel 10/0 : 1[1] -> 0[0] via P2P/CUMEM
pluto-prod-yutengl-dev-202-3-0:2689223:2689223 [1] NCCL INFO Channel 11/0 : 1[1] -> 0[0] via P2P/CUMEM
pluto-prod-yutengl-dev-202-3-0:2689223:2689223 [1] NCCL INFO Channel 12/0 : 1[1] -> 0[0] via P2P/CUMEM
pluto-prod-yutengl-dev-202-3-0:2689223:2689223 [1] NCCL INFO Channel 13/0 : 1[1] -> 0[0] via P2P/CUMEM
pluto-prod-yutengl-dev-202-3-0:2689223:2689223 [1] NCCL INFO Channel 14/0 : 1[1] -> 0[0] via P2P/CUMEM
pluto-prod-yutengl-dev-202-3-0:2689223:2689223 [1] NCCL INFO Channel 15/0 : 1[1] -> 0[0] via P2P/CUMEM
pluto-prod-yutengl-dev-202-3-0:2689223:2689223 [1] NCCL INFO Channel 16/0 : 1[1] -> 0[0] via P2P/CUMEM
pluto-prod-yutengl-dev-202-3-0:2689223:2689223 [1] NCCL INFO Channel 17/0 : 1[1] -> 0[0] via P2P/CUMEM
pluto-prod-yutengl-dev-202-3-0:2689223:2689223 [1] NCCL INFO Channel 18/0 : 1[1] -> 0[0] via P2P/CUMEM
pluto-prod-yutengl-dev-202-3-0:2689223:2689223 [1] NCCL INFO Channel 19/0 : 1[1] -> 0[0] via P2P/CUMEM
pluto-prod-yutengl-dev-202-3-0:2689223:2689223 [1] NCCL INFO Channel 20/0 : 1[1] -> 0[0] via P2P/CUMEM
pluto-prod-yutengl-dev-202-3-0:2689223:2689223 [1] NCCL INFO Channel 21/0 : 1[1] -> 0[0] via P2P/CUMEM
pluto-prod-yutengl-dev-202-3-0:2689223:2689223 [1] NCCL INFO Channel 22/0 : 1[1] -> 0[0] via P2P/CUMEM
pluto-prod-yutengl-dev-202-3-0:2689223:2689223 [1] NCCL INFO Channel 23/0 : 1[1] -> 0[0] via P2P/CUMEM
pluto-prod-yutengl-dev-202-3-0:2689223:2689223 [1] NCCL INFO Connected all rings, use ring PXN 0 GDR 1
pluto-prod-yutengl-dev-202-3-0:2689223:2689223 [1] NCCL INFO Channel 00/1 : 1[1] -> 0[0] via P2P/CUMEM
pluto-prod-yutengl-dev-202-3-0:2689223:2689223 [1] NCCL INFO Channel 01/1 : 1[1] -> 0[0] via P2P/CUMEM
pluto-prod-yutengl-dev-202-3-0:2689223:2689223 [1] NCCL INFO Channel 02/1 : 1[1] -> 0[0] via P2P/CUMEM
pluto-prod-yutengl-dev-202-3-0:2689223:2689223 [1] NCCL INFO Channel 03/1 : 1[1] -> 0[0] via P2P/CUMEM
pluto-prod-yutengl-dev-202-3-0:2689223:2689223 [1] NCCL INFO Channel 04/1 : 1[1] -> 0[0] via P2P/CUMEM
pluto-prod-yutengl-dev-202-3-0:2689223:2689223 [1] NCCL INFO Channel 05/1 : 1[1] -> 0[0] via P2P/CUMEM
pluto-prod-yutengl-dev-202-3-0:2689223:2689223 [1] NCCL INFO Channel 06/1 : 1[1] -> 0[0] via P2P/CUMEM
pluto-prod-yutengl-dev-202-3-0:2689223:2689223 [1] NCCL INFO Channel 07/1 : 1[1] -> 0[0] via P2P/CUMEM
pluto-prod-yutengl-dev-202-3-0:2689223:2689223 [1] NCCL INFO Channel 08/1 : 1[1] -> 0[0] via P2P/CUMEM
pluto-prod-yutengl-dev-202-3-0:2689223:2689223 [1] NCCL INFO Channel 09/1 : 1[1] -> 0[0] via P2P/CUMEM
pluto-prod-yutengl-dev-202-3-0:2689223:2689223 [1] NCCL INFO Channel 10/1 : 1[1] -> 0[0] via P2P/CUMEM
pluto-prod-yutengl-dev-202-3-0:2689223:2689223 [1] NCCL INFO Channel 11/1 : 1[1] -> 0[0] via P2P/CUMEM
pluto-prod-yutengl-dev-202-3-0:2689223:2689223 [1] NCCL INFO Channel 12/1 : 1[1] -> 0[0] via P2P/CUMEM
pluto-prod-yutengl-dev-202-3-0:2689223:2689223 [1] NCCL INFO Channel 13/1 : 1[1] -> 0[0] via P2P/CUMEM
pluto-prod-yutengl-dev-202-3-0:2689223:2689223 [1] NCCL INFO Channel 14/1 : 1[1] -> 0[0] via P2P/CUMEM
pluto-prod-yutengl-dev-202-3-0:2689223:2689223 [1] NCCL INFO Channel 15/1 : 1[1] -> 0[0] via P2P/CUMEM
pluto-prod-yutengl-dev-202-3-0:2689223:2689223 [1] NCCL INFO Channel 16/1 : 1[1] -> 0[0] via P2P/CUMEM
pluto-prod-yutengl-dev-202-3-0:2689223:2689223 [1] NCCL INFO Channel 17/1 : 1[1] -> 0[0] via P2P/CUMEM
pluto-prod-yutengl-dev-202-3-0:2689223:2689223 [1] NCCL INFO Channel 18/1 : 1[1] -> 0[0] via P2P/CUMEM
pluto-prod-yutengl-dev-202-3-0:2689223:2689223 [1] NCCL INFO Channel 19/1 : 1[1] -> 0[0] via P2P/CUMEM
pluto-prod-yutengl-dev-202-3-0:2689223:2689223 [1] NCCL INFO Channel 20/1 : 1[1] -> 0[0] via P2P/CUMEM
pluto-prod-yutengl-dev-202-3-0:2689223:2689223 [1] NCCL INFO Channel 21/1 :[09-16 09:55:35] [Cosmos3DecodingStage] finished in 7.2589 seconds
[09-16 09:55:36] Output saved to [1;36m/home/colligo/sglang-wiki/repos/sglang-omni/results/cosmos3-super/2gpu/generation-quality/native-media/request_m2sj29op/147604bb53524a06b31fb1b0ba9c6a9a.mp4[0;0m
[09-16 09:55:36] Pixel data generated successfully in [92m464.46[0;0m seconds
[09-16 09:55:36] Memory usage - Max peak: 22056.00 MB, Avg peak: 22056.00 MB
RESULT {"bytes": 720318, "checkpoint_revision": "fe77b66696d645f663b8f27e942b3b43e4629e23", "latency_s": 464.462, "native_revision": "git:sgl-project/sglang@4e9e407d3720045d59cae185c05f33649f4e544e;sglang-kernel==0.4.7;flashinfer-python==0.6.18", "output": "results/cosmos3-super/2gpu/generation-quality/t2vs-output.mp4", "peak_memory_mib": [27158, 28331], "request": {"adjust_frames": false, "flow_shift": 10.0, "fps": 24, "guidance_scale": 6.0, "height": 720, "max_sequence_length": 4096, "negative_prompt": "{\"subjects\":[{\"description\":\"Blurry, poorly defined subjects with inconsistent shapes and unrealistic proportions.\",\"appearance_details\":\"Distorted features, visible compression artifacts, muddy textures lacking fine detail, color bleeding between elements, and unnatural skin tones or surface textures that appear artificial or computer-generated.\",\"relationship\":\"Subjects appear disconnected from the environment, floating or improperly grounded in the scene without proper occlusion or spatial coherence.\",\"location\":\"Subjects are poorly placed within the frame, appearing at awkward positions that violate basic compositional rules.\",\"relative_size\":\"Inconsistent scale relationships between subjects and the environment, with objects appearing too large or too small relative to their surroundings.\",\"orientation\":\"Unnatural orientations that defy physics and spatial logic.\",\"pose\":\"Stiff, mannequin-like poses with unnatural joint angles and impossible limb positions that look computer-generated.\",\"action\":\"Incoherent motion with visible frame-to-frame discontinuities. Movement appears as a slideshow rather than smooth animation. Limbs and appendages pop between positions without interpolation.\",\"state_changes\":\"Visual state transitions are abrupt and jarring. Colors shift without motivation. Surface textures flicker between different materials randomly. Outlines shimmer and vibrate.\",\"clothing\":\"Clothing appears painted on with no sense of material weight or drape. Fabric textures are flat and repeat visibly.\",\"expression\":\"Frozen, uncanny valley expressions or expressions that change abruptly without natural transition.\",\"gender\":\"\",\"age\":\"\",\"skin_tone_and_texture\":\"Waxy, plastic-looking skin with visible artifacts and inconsistent texture resolution across the frame.\",\"facial_features\":\"Asymmetric facial features, extra fingers or limbs, teeth that appear blurry or malformed.\",\"number_of_subjects\":0,\"number_of_arms\":0,\"number_of_legs\":0},{\"description\":\"Extremely low-quality subjects with visible rendering artifacts, broken mesh geometry, and completely unrealistic proportions throughout.\",\"appearance_details\":\"Distorted features, visible compression artifacts, muddy textures lacking fine detail, color bleeding between elements, and unnatural skin tones or surface textures that appear artificial or computer-generated.\",\"relationship\":\"Subjects appear disconnected from the environment, floating or improperly grounded in the scene without proper occlusion or spatial coherence.\",\"location\":\"Subjects are poorly placed within the frame, appearing at awkward positions that violate basic compositional rules.\",\"relative_size\":\"Inconsistent scale relationships between subjects and the environment, with objects appearing too large or too small relative to their surroundings.\",\"orientation\":\"Unnatural orientations that defy physics and spatial logic.\",\"pose\":\"Stiff, mannequin-like poses with unnatural joint angles and impossible limb positions that look computer-generated.\",\"action\":\"Incoherent motion with visible frame-to-frame discontinuities. Movement appears as a slideshow rather than smooth animation. Limbs and appendages pop between positions without interpolation.\",\"state_changes\":\"Visual state transitions are abrupt and jarring. Colors shift without motivation. Surface textures flicker between different materials randomly. Outlines shimmer and vibrate.\",\"clothing\":\"Clothing appears painted on with no sense of material weight or drape. Fabric textures are flat and repeat visibly.\",\"expression\":\"Frozen, uncanny valley expressions or expressions that change abruptly without natural transition.\",\"gender\":\"\",\"age\":\"\",\"skin_tone_and_texture\":\"Waxy, plastic-looking skin with visible artifacts and inconsistent texture resolution across the frame.\",\"facial_features\":\"Asymmetric facial features, extra fingers or limbs, teeth that appear blurry or malformed.\",\"number_of_subjects\":0,\"number_of_arms\":0,\"number_of_legs\":0},{\"description\":\"Poorly generated subjects exhibiting all hallmarks of failed neural rendering \\u2014 flickering edges, inconsistent depth, and uncanny spatial relationships.\",\"appearance_details\":\"Distorted features, visible compression artifacts, muddy textures lacking fine detail, color bleeding between elements, and unnatural skin tones or surface textures that appear artificial or computer-generated.\",\"relationship\":\"Subjects appear disconnected from the environment, floating or improperly grounded in the scene without proper occlusion or spatial coherence.\",\"location\":\"Subjects are poorly placed within the frame, appearing at awkward positions that violate basic compositional rules.\",\"relative_size\":\"Inconsistent scale relationships between subjects and the environment, with objects appearing too large or too small relative to their surroundings.\",\"orientation\":\"Unnatural orientations that defy physics and spatial logic.\",\"pose\":\"Stiff, mannequin-like poses with unnatural joint angles and impossible limb positions that look computer-generated.\",\"action\":\"Incoherent motion with visible frame-to-frame discontinuities. Movement appears as a slideshow rather than smooth animation. Limbs and appendages pop between positions without interpolation.\",\"state_changes\":\"Visual state transitions are abrupt and jarring. Colors shift without motivation. Surface textures flicker between different materials randomly. Outlines shimmer and vibrate.\",\"clothing\":\"Clothing appears painted on with no sense of material weight or drape. Fabric textures are flat and repeat visibly.\",\"expression\":\"Frozen, uncanny valley expressions or expressions that change abruptly without natural transition.\",\"gender\":\"\",\"age\":\"\",\"skin_tone_and_texture\":\"Waxy, plastic-looking skin with visible artifacts and inconsistent texture resolution across the frame.\",\"facial_features\":\"Asymmetric facial features, extra fingers or limbs, teeth that appear blurry or malformed.\",\"number_of_subjects\":0,\"number_of_arms\":0,\"number_of_legs\":0}],\"background_setting\":\"A poorly rendered, flat background with visible seams, repeated textures, and inconsistent depth cues. The environment lacks volumetric depth and appears as a painted backdrop rather than a three-dimensional space. Vegetation looks like flat cutouts with no volumetric depth. The background appears to have been composited from multiple source materials at different resolutions, creating visible seams and edge artifacts where elements meet. Textures swim and shift across surfaces in a way that breaks the illusion of solidity \\u2014 patterns drift laterally rather than staying anchored to the geometry they belong to. Background elements flicker in and out of existence between frames, particularly at the edges of the field of view. The rendering resolution is visibly lower for distant elements, creating a jarring transition between near and far objects. Cloud textures repeat obviously in the sky with visible tiling. Water surfaces lack proper reflection and refraction, appearing as flat animated textures. Fog and atmospheric effects pop in and out rather than smoothly transitioning. Trees and vegetation exhibit obvious LOD (level-of-detail) switching. Building facades have inconsistent window spacing and pattern repetition. The overall scene feels like a poorly assembled collage of individually rendered elements rather than a coherent whole.\",\"lighting\":{\"conditions\":\"Harsh, flat lighting with no natural variation. The scene appears uniformly lit as if by a single overhead fluorescent light, removing all sense of depth and atmosphere.\",\"direction\":\"Inconsistent light sources \\u2014 shadows point in multiple contradictory directions, breaking physical plausibility.\",\"shadows\":\"Hard-edged, unrealistic shadows that pop in and out of existence between frames. Some objects cast no shadows while others have impossibly dark ones that don't animate smoothly with the object's motion. Shadow edges exhibit visible staircase aliasing artifacts. Shadow maps appear to have been rendered at extremely low resolution, creating blocky patterns. Self-shadowing on characters shows visible peter-panning artifacts where shadows detach from their source. Contact shadows between objects and the ground appear and disappear as objects move slightly. Shadow color is pure black with no ambient contribution, creating an unnaturally harsh contrast that flattens the image. Multiple shadow cascades have visible boundaries where resolution changes. The shadow rendering appears to be temporally unstable \\u2014 even static objects have shadows that shimmer and crawl frame to frame, breaking the illusion of a stable light source.\",\"illumination_effect\":\"No bounce light, no ambient occlusion, no subtle color interactions between surfaces. The scene looks like a poorly lit 3D render from the early 2000s.\"},\"aesthetics\":{\"composition\":\"Cluttered, poorly framed composition with no clear focal point. Important elements are cut off by the frame edges. The rule of thirds is completely ignored, leading to an unbalanced and visually unpleasant arrangement.\",\"color_scheme\":\"Oversaturated, garish colors that clash violently. Color banding is visible in gradient areas. The overall palette feels artificial and digitally processed rather than natural.\",\"mood_atmosphere\":\"Unsettling, uncanny atmosphere that fails to evoke any intended emotional response. The scene feels lifeless and sterile despite attempting to portray dynamic action.\",\"patterns\":\"Visible tiling artifacts in textures, moir\\u00e9 patterns, and aliasing on edges.\"},\"cinematography\":{\"camera_motion\":\"Extremely shaky, unstable camera with visible rolling shutter artifacts. The motion is jerky and discontinuous, causing motion sickness and making the scene impossible to follow.\",\"framing\":\"Poorly framed shots that cut off important elements and include unnecessary empty space.\",\"camera_angle\":\"Awkward, disorienting camera angles that provide no useful spatial information about the scene. The camera path exhibits visible mathematical artifacts suggesting simple interpolation between keyframes rather than natural camera operation. Camera motion is completely disconnected from the scene content \\u2014 panning away from action, dollying during dialogue, and shaking during still moments. The camera appears to pass through solid objects occasionally. Zoom is applied digitally rather than optically, revealing progressively worse resolution. Camera motion exhibits non-physical acceleration profiles \\u2014 instant starts and stops rather than smooth ease-in/ease-out. Rolling shutter simulation is applied inconsistently, present in some frames but not others. The camera occasionally exhibits impossible motion like teleporting between positions. Virtual camera stabilization creates an uncanny floating sensation disconnected from any physical camera rig.\",\"depth_of_field\":\"Uniform focus throughout, creating a flat, documentary-like appearance with no cinematic depth separation.\",\"focus\":\"Soft, out-of-focus imagery with visible chromatic aberration and lens distortion that was not corrected in post-processing.\",\"lens_focal_length\":\"Inappropriate focal length causing barrel distortion and unnatural perspective compression.\"},\"style_medium\":\"Low quality compressed digital video with visible encoding artifacts\",\"artistic_style\":\"Amateur, unpolished with inconsistent visual style\",\"context\":\"A poorly produced video with numerous technical and artistic flaws that detract from any intended narrative or visual impact.\",\"actions\":[{\"time\":\"0:00-0:08\",\"description\":\"Subjects attempt to move but their motion is jerky, temporally inconsistent, and physically implausible. Background elements flicker and shift between frames.\"}],\"text_and_signage_elements\":[],\"segments\":[{\"segment_index\":0,\"time_range\":\"0:00-0:08\",\"description\":\"A single continuous shot suffering from severe temporal inconsistencies \\u2014 subjects that morph and deform between frames, backgrounds that shift and wobble, and rendering quality that fluctuates visibly over time. Motion blur is applied incorrectly, smearing in directions that don't match actual movement. Frame-to-frame coherence breaks down with individual pixels changing color randomly in flat areas. Texture detail level fluctuates between frames as if the rendering budget varied shot to shot. Color grading drifts over the duration with no creative motivation. Noise patterns change between frames in ways that draw attention rather than being invisible. Overall visual quality degrades progressively from start to finish.\",\"key_changes\":\"No meaningful progression or narrative development. Visual quality degrades over time.\",\"camera\":\"Unstable, poorly controlled camera work with visible mathematical interpolation artifacts.\"}],\"transitions\":[],\"temporal_caption\":\"The scene opens at 0.0 seconds with a poorly rendered establishing shot that immediately reveals low production quality. At 1.0 seconds, subjects begin to move but their motion is jerky and inconsistent, with limbs bending at unnatural angles and objects clipping through each other. From 2.0 to 4.0 seconds, the camera shakes violently while the scene exhibits visible compression artifacts, color banding in the sky, and flickering in the shadows. Between 4.0 and 6.0 seconds, temporal coherence breaks down as elements appear and disappear between frames, textures swim and morph unnaturally, and the lighting shifts abruptly without physical cause. In the final 2 seconds, the overall visual quality deteriorates further with increasing noise, blur, and a general loss of spatial coherence that makes the scene nearly unwatchable. Additionally, the frame rate appears inconsistent with visible judder and stuttering throughout. Color temperature shifts randomly between warm and cool tones with no motivation. The encode quality degrades in complex regions showing macro-blocking and mosquito noise around moving edges. Temporal noise patterns are spatially correlated, creating swimming artifacts on flat surfaces.\",\"audio_description\":\"\",\"physical_realism\":\"No adherence to physical laws. Objects defy gravity, pass through solid surfaces, and change mass and momentum without cause. Fluid dynamics, cloth simulation, and rigid body physics are all fundamentally broken. Furthermore, conservation of energy is violated as objects gain or lose kinetic energy spontaneously. Elastic collisions produce inelastic results and vice versa. Surface friction is inconsistent \\u2014 objects slide on rough surfaces while sticking to smooth ones. Air resistance appears to affect only some objects while others move through the atmosphere unimpeded.\"}", "num_frames": 189, "num_inference_steps": 35, "prompt": "{\"subjects\":[{\"description\":\"A sleek industrial robot arm with a silver and dark gray metallic finish, featuring multiple articulated joints and a gripper end-effector that holds a clear glass jar filled with water.\",\"appearance_details\":\"The robot arm has visible servo motors at each joint, subtle branding embossed on the upper arm segment, black rubber gaskets at joint connections, and a precision two-finger parallel gripper clamping the jar securely.\",\"relationship\":\"Primary actor performing the pouring action; positioned above and beside the cup.\",\"location\":\"Center-right of frame\",\"relative_size\":\"Large within frame\",\"orientation\":\"Angled toward the left side of frame, gripper tilted downward toward the cup\",\"pose\":\"Extended arm with elbow joint bent, wrist rotated to tilt the jar at a pouring angle\",\"action\":\"Pouring water from a glass jar into a cup\",\"state_changes\":\"Begins in a neutral upright hold, then gradually tilts the jar to pour, and returns slightly upright as the pour finishes.\",\"clothing\":\"\",\"expression\":\"\",\"gender\":\"\",\"age\":\"\",\"skin_tone_and_texture\":\"\",\"facial_features\":\"\",\"number_of_subjects\":1,\"number_of_arms\":0,\"number_of_legs\":0},{\"description\":\"A clear glass jar approximately three-quarters full of water, with a wide mouth opening, held by the robot arm's gripper.\",\"appearance_details\":\"Transparent glass with slight green tint, smooth cylindrical body, no label, water visible sloshing gently inside as the jar tilts.\",\"relationship\":\"Held by the robot arm; source of the water being poured.\",\"location\":\"Center-right, elevated above the cup\",\"relative_size\":\"Medium within frame\",\"orientation\":\"Tilting progressively toward the left as the pour occurs\",\"pose\":\"Held at an angle by the gripper\",\"action\":\"Being tilted to pour water\",\"state_changes\":\"Water level decreases as the pour progresses; jar tilts from near-vertical to approximately 45 degrees.\",\"clothing\":\"\",\"expression\":\"\",\"gender\":\"\",\"age\":\"\",\"skin_tone_and_texture\":\"\",\"facial_features\":\"\",\"number_of_subjects\":1,\"number_of_arms\":0,\"number_of_legs\":0},{\"description\":\"A white ceramic cup sitting on a flat surface, positioned to receive the poured water.\",\"appearance_details\":\"Simple cylindrical mug shape with a small handle on the right side, matte white glaze, clean and empty at the start.\",\"relationship\":\"Receiving vessel for the water being poured from the jar.\",\"location\":\"Center-left foreground, on the table surface\",\"relative_size\":\"Small within frame\",\"orientation\":\"Upright, opening facing upward\",\"pose\":\"Stationary on the table\",\"action\":\"Receiving water\",\"state_changes\":\"Gradually fills with water as the pour continues.\",\"clothing\":\"\",\"expression\":\"\",\"gender\":\"\",\"age\":\"\",\"skin_tone_and_texture\":\"\",\"facial_features\":\"\",\"number_of_subjects\":1,\"number_of_arms\":0,\"number_of_legs\":0}],\"background_setting\":\"A clean, minimalist laboratory or workshop environment with a plain light gray wall in the background and a smooth white tabletop surface. The space is uncluttered, with no other objects or distractions visible, contributing to a very quiet and sterile atmosphere. The edges of the table are just visible at the bottom of the frame.\",\"lighting\":{\"conditions\":\"Soft, even studio lighting with minimal harsh highlights, creating a clean and controlled look.\",\"direction\":\"Front-lit with slight top-down component, providing even illumination across the robot arm and objects.\",\"shadows\":\"Soft, diffused shadows beneath the cup and the robot arm's base, with gentle shadow on the table surface.\",\"illumination_effect\":\"The lighting emphasizes the metallic sheen of the robot arm and the transparency of the water and glass jar, giving the scene a polished, technical demonstration feel.\"},\"aesthetics\":{\"composition\":\"The robot arm dominates the right half of the frame while the cup sits in the left-center foreground, creating a clear visual flow from right to left following the pouring action. Negative space above and behind keeps focus on the action.\",\"color_scheme\":\"Neutral palette dominated by silver, gray, and white with the clear blue-tinted transparency of water providing subtle color contrast.\",\"mood_atmosphere\":\"Calm, precise, clinical, quietly impressive\",\"patterns\":\"\"},\"cinematography\":{\"camera_motion\":\"Static\",\"framing\":\"Medium shot\",\"camera_angle\":\"Eye-level, slightly elevated\",\"depth_of_field\":\"Shallow\",\"focus\":\"Sharp focus on the pouring point where water exits the jar and enters the cup\",\"lens_focal_length\":\"50mm equivalent\"},\"style_medium\":\"Live-action video\",\"artistic_style\":\"Realistic, clean technical demonstration\",\"context\":\"A robotics demonstration showcasing a robot arm's precision and dexterity in performing a delicate pouring task.\",\"actions\":[{\"time\":\"0:00-0:02\",\"description\":\"The robot arm holds the jar upright in a steady position above the cup, making small preparatory adjustments to align the jar's mouth with the cup opening.\"},{\"time\":\"0:02-0:05\",\"description\":\"The robot arm smoothly tilts the jar, and a steady stream of clear water flows from the jar into the white ceramic cup below. The water stream is smooth and controlled.\"},{\"time\":\"0:05-0:07\",\"description\":\"The robot arm gradually returns the jar to a more upright position, the water stream thins and stops, and the cup is now partially filled with water. The arm holds still in its final position.\"}],\"text_and_signage_elements\":[],\"segments\":[{\"segment_index\":0,\"time_range\":\"0:00-0:02\",\"description\":\"Opening shot establishes the robot arm holding the jar above the cup. The arm makes slight positional adjustments.\",\"key_changes\":\"Minor wrist rotation as the arm aligns the jar with the cup.\",\"camera\":\"Static, medium shot at eye level.\"},{\"segment_index\":1,\"time_range\":\"0:02-0:05\",\"description\":\"The main pouring action occurs as the robot arm tilts the jar and water flows in a controlled stream into the cup.\",\"key_changes\":\"Jar tilts from near-vertical to approximately 45 degrees; water stream begins and maintains a steady flow; cup fills progressively.\",\"camera\":\"Static, maintaining focus on the pouring point.\"},{\"segment_index\":2,\"time_range\":\"0:05-0:07\",\"description\":\"The pour concludes as the arm returns the jar upright. The water stream tapers off and the scene settles into stillness.\",\"key_changes\":\"Jar returns toward vertical; water stream narrows and ceases; cup now holds water; arm stabilizes.\",\"camera\":\"Static, same framing held throughout.\"}],\"transitions\":[],\"temporal_caption\":\"The video opens with a silver robotic arm holding a clear glass jar of water above a white ceramic cup on a clean white table against a gray background. During the first two seconds, the arm makes subtle alignment adjustments. At around two seconds, the wrist joint rotates and the jar begins to tilt, releasing a smooth, steady stream of clear water that arcs downward into the cup. The pouring continues for about three seconds, with the water level in the jar visibly decreasing and the cup gradually filling. Around the five-second mark, the arm begins to level the jar back upright, the stream of water thins to a trickle, then stops entirely. For the remaining two seconds, the robot arm holds the jar still in a slightly tilted resting position, and the filled cup sits motionless on the table.\",\"audio_description\":\"The scene is very quiet. The dominant sound is the gentle splashing and trickling of water as it pours from the jar into the cup, starting softly and becoming slightly louder as the cup fills. There is a faint mechanical whir from the robot arm's servo motors during movement. No music, no speech, and minimal ambient noise, emphasizing the tranquility of the environment.\",\"resolution\":{\"H\":720,\"W\":1280},\"aspect_ratio\":\"16,9\",\"duration\":\"7s\",\"fps\":24}", "seed": 17, "sound_duration": 7.875, "use_duration_template": false, "use_resolution_template": false, "width": 1280}, "status": "pass", "task": "t2vs"}
2026-09-16 09:55:36,679 [INFO] sglang_omni.pipeline.coordinator: Sent shutdown to stage: generation
 1[1] -> 0[0] via P2P/CUMEM
pluto-prod-yutengl-dev-202-3-0:2689223:2689223 [1] NCCL INFO Channel 22/1 : 1[1] -> 0[0] via P2P/CUMEM
pluto-prod-yutengl-dev-202-3-0:2689223:2689223 [1] NCCL INFO Channel 23/1 : 1[1] -> 0[0] via P2P/CUMEM
pluto-prod-yutengl-dev-202-3-0:2689223:2689223 [1] NCCL INFO Channel 24/1 : 1[1] -> 0[0] via P2P/CUMEM
pluto-prod-yutengl-dev-202-3-0:2689223:2689223 [1] NCCL INFO Channel 25/1 : 1[1] -> 0[0] via P2P/CUMEM
pluto-prod-yutengl-dev-202-3-0:2689223:2689223 [1] NCCL INFO Channel 26/1 : 1[1] -> 0[0] via P2P/CUMEM
pluto-prod-yutengl-dev-202-3-0:2689223:2689223 [1] NCCL INFO Channel 27/1 : 1[1] -> 0[0] via P2P/CUMEM
pluto-prod-yutengl-dev-202-3-0:2689223:2689223 [1] NCCL INFO Channel 28/1 : 1[1] -> 0[0] via P2P/CUMEM
pluto-prod-yutengl-dev-202-3-0:2689223:2689223 [1] NCCL INFO Channel 29/1 : 1[1] -> 0[0] via P2P/CUMEM
pluto-prod-yutengl-dev-202-3-0:2689223:2689223 [1] NCCL INFO Channel 30/1 : 1[1] -> 0[0] via P2P/CUMEM
pluto-prod-yutengl-dev-202-3-0:2689223:2689223 [1] NCCL INFO Channel 31/1 : 1[1] -> 0[0] via P2P/CUMEM
pluto-prod-yutengl-dev-202-3-0:2689223:2689223 [1] NCCL INFO Symmetric VA size=80GB
pluto-prod-yutengl-dev-202-3-0:2689223:2689223 [1] NCCL INFO Channel 00/0 : 1[1] -> 0[0] via P2P/CUMEM
pluto-prod-yutengl-dev-202-3-0:2689223:2689223 [1] NCCL INFO Channel 01/0 : 1[1] -> 0[0] via P2P/CUMEM
pluto-prod-yutengl-dev-202-3-0:2689223:2689223 [1] NCCL INFO Channel 02/0 : 1[1] -> 0[0] via P2P/CUMEM
pluto-prod-yutengl-dev-202-3-0:2689223:2689223 [1] NCCL INFO Channel 03/0 : 1[1] -> 0[0] via P2P/CUMEM
pluto-prod-yutengl-dev-202-3-0:2689223:2689223 [1] NCCL INFO Channel 04/0 : 1[1] -> 0[0] via P2P/CUMEM
pluto-prod-yutengl-dev-202-3-0:2689223:2689223 [1] NCCL INFO Channel 05/0 : 1[1] -> 0[0] via P2P/CUMEM
pluto-prod-yutengl-dev-202-3-0:2689223:2689223 [1] NCCL INFO Channel 06/0 : 1[1] -> 0[0] via P2P/CUMEM
pluto-prod-yutengl-dev-202-3-0:2689223:2689223 [1] NCCL INFO Channel 07/0 : 1[1] -> 0[0] via P2P/CUMEM
pluto-prod-yutengl-dev-202-3-0:2689223:2689223 [1] NCCL INFO Channel 08/0 : 1[1] -> 0[0] via P2P/CUMEM
pluto-prod-yutengl-dev-202-3-0:2689223:2689223 [1] NCCL INFO Channel 09/0 : 1[1] -> 0[0] via P2P/CUMEM
pluto-prod-yutengl-dev-202-3-0:2689223:2689223 [1] NCCL INFO Channel 10/0 : 1[1] -> 0[0] via P2P/CUMEM
pluto-prod-yutengl-dev-202-3-0:2689223:2689223 [1] NCCL INFO Channel 11/0 : 1[1] -> 0[0] via P2P/CUMEM
pluto-prod-yutengl-dev-202-3-0:2689223:2689223 [1] NCCL INFO Channel 12/0 : 1[1] -> 0[0] via P2P/CUMEM
pluto-prod-yutengl-dev-202-3-0:2689223:2689223 [1] NCCL INFO Channel 13/0 : 1[1] -> 0[0] via P2P/CUMEM
pluto-prod-yutengl-dev-202-3-0:2689223:2689223 [1] NCCL INFO Channel 14/0 : 1[1] -> 0[0] via P2P/CUMEM
pluto-prod-yutengl-dev-202-3-0:2689223:2689223 [1] NCCL INFO Channel 15/0 : 1[1] -> 0[0] via P2P/CUMEM
pluto-prod-yutengl-dev-202-3-0:2689223:2689223 [1] NCCL INFO Channel 16/0 : 1[1] -> 0[0] via P2P/CUMEM
pluto-prod-yutengl-dev-202-3-0:2689223:2689223 [1] NCCL INFO Channel 17/0 : 1[1] -> 0[0] via P2P/CUMEM
pluto-prod-yutengl-dev-202-3-0:2689223:2689223 [1] NCCL INFO Channel 18/0 : 1[1] -> 0[0] via P2P/CUMEM
pluto-prod-yutengl-dev-202-3-0:2689223:2689223 [1] NCCL INFO Channel 19/0 : 1[1] -> 0[0] via P2P/CUMEM
pluto-prod-yutengl-dev-202-3-0:2689223:2689223 [1] NCCL INFO Channel 20/0 : 1[1] -> 0[0] via P2P/CUMEM
pluto-prod-yutengl-dev-202-3-0:2689223:2689223 [1] NCCL INFO Channel 21/0 : 1[1] -> 0[0] via P2P/CUMEM
pluto-prod-yutengl-dev-202-3-0:2689223:2689223 [1] NCCL INFO Channel 22/0 : 1[1] -> 0[0] via P2P/CUMEM
pluto-prod-yutengl-dev-202-3-0:2689223:2689223 [1] NCCL INFO Channel 23/0 : 1[1] -> 0[0] via P2P/CUMEM
pluto-prod-yutengl-dev-202-3-0:2689223:2689223 [1] NCCL INFO Connected all rings, use ring PXN 0 GDR 1
pluto-prod-yutengl-dev-202-3-0:2689223:2689223 [1] NCCL INFO comm 0x5566d8ab7830 rank 1 nranks 2 cudaDev 1 busId 75000 - Destroy COMPLETE
pluto-prod-yutengl-dev-202-3-0:2689223:2689223 [1] NCCL INFO comm 0x5566d9a2d4a0 rank 1 nranks 2 cudaDev 1 busId 75000 - Destroy COMPLETE
pluto-prod-yutengl-dev-202-3-0:2689223:2689223 [1] NCCL INFO comm 0x5566d9280350 rank 1 nranks 2 cudaDe0] -> 1[1] via P2P/CUMEM
pluto-prod-yutengl-dev-202-3-0:2689222:2689222 [0] NCCL INFO Channel 23/1 : 0[0] -> 1[1] via P2P/CUMEM
pluto-prod-yutengl-dev-202-3-0:2689222:2689222 [0] NCCL INFO Channel 24/1 : 0[0] -> 1[1] via P2P/CUMEM
pluto-prod-yutengl-dev-202-3-0:2689222:2689222 [0] NCCL INFO Channel 25/1 : 0[0] -> 1[1] via P2P/CUMEM
pluto-prod-yutengl-dev-202-3-0:2689222:2689222 [0] NCCL INFO Channel 26/1 : 0[0] -> 1[1] via P2P/CUMEM
pluto-prod-yutengl-dev-202-3-0:2689222:2689222 [0] NCCL INFO Channel 27/1 : 0[0] -> 1[1] via P2P/CUMEM
pluto-prod-yutengl-dev-202-3-0:2689222:2689222 [0] NCCL INFO Channel 28/1 : 0[0] -> 1[1] via P2P/CUMEM
pluto-prod-yutengl-dev-202-3-0:2689222:2689222 [0] NCCL INFO Channel 29/1 : 0[0] -> 1[1] via P2P/CUMEM
pluto-prod-yutengl-dev-202-3-0:2689222:2689222 [0] NCCL INFO Channel 30/1 : 0[0] -> 1[1] via P2P/CUMEM
pluto-prod-yutengl-dev-202-3-0:2689222:2689222 [0] NCCL INFO Channel 31/1 : 0[0] -> 1[1] via P2P/CUMEM
pluto-prod-yutengl-dev-202-3-0:2689222:2689222 [0] NCCL INFO Symmetric VA size=80GB
pluto-prod-yutengl-dev-202-3-0:2689222:2689222 [0] NCCL INFO Channel 00/0 : 0[0] -> 1[1] via P2P/CUMEM
pluto-prod-yutengl-dev-202-3-0:2689222:2689222 [0] NCCL INFO Channel 01/0 : 0[0] -> 1[1] via P2P/CUMEM
pluto-prod-yutengl-dev-202-3-0:2689222:2689222 [0] NCCL INFO Channel 02/0 : 0[0] -> 1[1] via P2P/CUMEM
pluto-prod-yutengl-dev-202-3-0:2689222:2689222 [0] NCCL INFO Channel 03/0 : 0[0] -> 1[1] via P2P/CUMEM
pluto-prod-yutengl-dev-202-3-0:2689222:2689222 [0] NCCL INFO Channel 04/0 : 0[0] -> 1[1] via P2P/CUMEM
pluto-prod-yutengl-dev-202-3-0:2689222:2689222 [0] NCCL INFO Channel 05/0 : 0[0] -> 1[1] via P2P/CUMEM
pluto-prod-yutengl-dev-202-3-0:2689222:2689222 [0] NCCL INFO Channel 06/0 : 0[0] -> 1[1] via P2P/CUMEM
pluto-prod-yutengl-dev-202-3-0:2689222:2689222 [0] NCCL INFO Channel 07/0 : 0[0] -> 1[1] via P2P/CUMEM
pluto-prod-yutengl-dev-202-3-0:2689222:2689222 [0] NCCL INFO Channel 08/0 : 0[0] -> 1[1] via P2P/CUMEM
pluto-prod-yutengl-dev-202-3-0:2689222:2689222 [0] NCCL INFO Channel 09/0 : 0[0] -> 1[1] via P2P/CUMEM
pluto-prod-yutengl-dev-202-3-0:2689222:2689222 [0] NCCL INFO Channel 10/0 : 0[0] -> 1[1] via P2P/CUMEM
pluto-prod-yutengl-dev-202-3-0:2689222:2689222 [0] NCCL INFO Channel 11/0 : 0[0] -> 1[1] via P2P/CUMEM
pluto-prod-yutengl-dev-202-3-0:2689222:2689222 [0] NCCL INFO Channel 12/0 : 0[0] -> 1[1] via P2P/CUMEM
pluto-prod-yutengl-dev-202-3-0:2689222:2689222 [0] NCCL INFO Channel 13/0 : 0[0] -> 1[1] via P2P/CUMEM
pluto-prod-yutengl-dev-202-3-0:2689222:2689222 [0] NCCL INFO Channel 14/0 : 0[0] -> 1[1] via P2P/CUMEM
pluto-prod-yutengl-dev-202-3-0:2689222:2689222 [0] NCCL INFO Channel 15/0 : 0[0] -> 1[1] via P2P/CUMEM
pluto-prod-yutengl-dev-202-3-0:2689222:2689222 [0] NCCL INFO Channel 16/0 : 0[0] -> 1[1] via P2P/CUMEM
pluto-prod-yutengl-dev-202-3-0:2689222:2689222 [0] NCCL INFO Channel 17/0 : 0[0] -> 1[1] via P2P/CUMEM
pluto-prod-yutengl-dev-202-3-0:2689222:2689222 [0] NCCL INFO Channel 18/0 : 0[0] -> 1[1] via P2P/CUMEM
pluto-prod-yutengl-dev-202-3-0:2689222:2689222 [0] NCCL INFO Channel 19/0 : 0[0] -> 1[1] via P2P/CUMEM
pluto-prod-yutengl-dev-202-3-0:2689222:2689222 [0] NCCL INFO Channel 20/0 : 0[0] -> 1[1] via P2P/CUMEM
pluto-prod-yutengl-dev-202-3-0:2689222:2689222 [0] NCCL INFO Channel 21/0 : 0[0] -> 1[1] via P2P/CUMEM
pluto-prod-yutengl-dev-202-3-0:2689222:2689222 [0] NCCL INFO Channel 22/0 : 0[0] -> 1[1] via P2P/CUMEM
pluto-prod-yutengl-dev-202-3-0:2689222:2689222 [0] NCCL INFO Channel 23/0 : 0[0] -> 1[1] via P2P/CUMEM
pluto-prod-yutengl-dev-202-3-0:2689222:2689222 [0] NCCL INFO Connected all rings, use ring PXN 0 GDR 1
pluto-prod-yutengl-dev-202-3-0:2689222:2689222 [0] NCCL INFO comm 0x564f37eb83b0 rank 0 nranks 2 cudaDev 0 busId 64000 - Destroy COMPLETE
pluto-prod-yutengl-dev-202-3-0:2689222:2689222 [0] NCCL INFO comm 0x564f38e2e930 rank 0 nranks 2 cudaDev 0 busId 64000 - Destroy COMPLETE
pluto-prod-yutengl-dev-202-3-0:2689222:2689222 [0] NCCL INFO comm 0x564f38681a10 rank 0 nranks 2 cudaDev 0 busId 64000 - Destroy COMPLETE
pluto-prod-yutengl-dev-202-3-0:2689222:2689222 [0] NCCL INFO comm 0x564v 1 busId 75000 - Destroy COMPLETE
pluto-prod-yutengl-dev-202-3-0:2689223:2689223 [1] NCCL INFO comm 0x5566d77bb9f0 rank 1 nranks 2 cudaDev 1 busId 75000 - Destroy COMPLETE
pluto-prod-yutengl-dev-202-3-0:2689223:2689223 [1] NCCL INFO comm 0x5566cf97d630 rank 1 nranks 2 cudaDev 1 busId 75000 - Destroy COMPLETE
[09-16 09:55:38] Worker 0: Shutdown complete.
f36bbc570 rank 0 nranks 2 cudaDev 0 busId 64000 - Destroy COMPLETE
pluto-prod-yutengl-dev-202-3-0:2689222:2689222 [0] NCCL INFO comm 0x564f2ed7c860 rank 0 nranks 2 cudaDev 0 busId 64000 - Destroy COMPLETE
pluto-prod-yutengl-dev-202-3-0:2689222:2689222 [0] NCCL INFO ENV/Plugin: Closing env plugin ncclEnvDefault
pluto-prod-yutengl-dev-202-3-0:2689223:2689919 [1] NCCL INFO [Service thread] Connection closed by localRank 0
pluto-prod-yutengl-dev-202-3-0:2689223:2689834 [1] NCCL INFO [Service thread] Connection closed by localRank 0
pluto-prod-yutengl-dev-202-3-0:2689223:2689788 [1] NCCL INFO [Service thread] Connection closed by localRank 0
pluto-prod-yutengl-dev-202-3-0:2689223:2689223 [1] NCCL INFO ENV/Plugin: Closing env plugin ncclEnvDefault
[09-16 09:55:54] Stage generation stopped
2026-09-16 09:55:57,884 [INFO] sglang_omni.pipeline.coordinator: Coordinator completion loop cancelled
2026-09-16 09:55:57,884 [INFO] sglang_omni.pipeline.coordinator: Coordinator stopped
