============================= test session starts ==============================
platform linux -- Python 3.10.12, pytest-9.1.1, pluggy-1.6.0 -- /home/colligo/sglang-wiki/envs/run/bin/python
cachedir: .pytest_cache
rootdir: /home/colligo/sglang-wiki/repos/sglang-omni
configfile: pyproject.toml
plugins: anyio-4.14.2, asyncio-1.4.0
asyncio: mode=strict, debug=False, asyncio_default_fixture_loop_scope=None, asyncio_default_test_loop_scope=function
collecting ... collected 8 items / 1 deselected / 7 selected

tests/integration/cosmos3/test_super_gpu.py::test_super_generation[t2v] Failed to import mooncake: No module named 'mooncake'. MooncakeRelay will not work. Install with: pip install mooncake-transfer-engine
Failed to import nixl: No module named 'nixl'. NixlRelay will not work.
Failed to import torchada: No module named 'torchada'. MUSA platform compatibility will not work.
[09-15 17:31:13] Auto memory policy for Cosmos3Config: 78.7 GiB of free device memory selects layerwise offload for text_encoder, image_encoder, vae. Explicit placement flags always win, and the per-component lines below say where each one's weights landed -- see the model's cookbook page for what to expect from your memory budget.
[93m[09-15 17:31:13] Cosmos3Config keeps its DiT resident with 78.7 GiB of device memory available, below the 120.0 GiB this model declares as its threshold for keeping components resident. The DiT is not in the automatic layerwise selection because the model does not list 'auto' in dit_layerwise_offload_modes. If the DiT does not fit, pass --layerwise-offload-components dit,... explicitly, or add the mode to the model's deployment config.[0;0m
[09-15 17:31:13] Diffusers version: 0.37.1
[09-15 17:31:13] Automatically enabled CFG parallel at degree 2 for 2 GPUs. Use --sp-degree / --ulysses-degree to use sequence parallelism instead.
[09-15 17:31:13] Proposed encoder parallel folding (mode=world) for ServerArgs (tp=1 sp=1 cfg=2 replica=2); the loader keeps it for encoders wide enough to benefit.
[09-15 17:31:13] Using layerwise offload components: text_encoder, image_encoder, vae, transformer. This reduces peak GPU memory and can increase latency; use --performance-mode speed for GPU-resident defaults when memory allows.
[09-15 17:31:13] server_args: {"model_path": "/mnt/localssd/models/Cosmos3-Super-fe77b66696d645f663b8f27e942b3b43e4629e23", "model_subfolder": null, "model_variant": null, "model_id": null, "served_model_name": "/mnt/localssd/models/Cosmos3-Super-fe77b66696d645f663b8f27e942b3b43e4629e23", "backend": "auto", "attention_backend": null, "attention_backend_config": {}, "component_attention_backends": {}, "cache_dit_config": null, "nccl_port": null, "enable_nccl_nvls": false, "trust_remote_code": false, "revision": null, "num_gpus": 2, "performance_mode": "auto", "base_gpu_id": 0, "gpu_ids": [0, 1], "nnodes": 1, "node_rank": 0, "dist_init_addr": null, "tp_size": 1, "sp_degree": 1, "ulysses_degree": 1, "ring_degree": 1, "kv_gather_degree": 1, "sp_split_auto": false, "dp_size": 1, "enable_cfg_parallel": true, "cfg_parallel_degree": 2, "encoder_parallel": "auto", "hsdp_replicate_dim": 1, "hsdp_shard_dim": 2, "dist_timeout": 3600, "scheduler_rpc_timeout": null, "pipeline_class_name": null, "lora_path": null, "lora_nickname": "default", "lora_scale": 1.0, "lora_alpha": null, "lora_merge_mode": "auto", "lora_weight_name": null, "component_paths": {}, "component_weights_paths": {}, "component_direct_gpu_weight_loading": {}, "component_quantizations": {}, "component_precisions": {}, "component_quantization_ignored_layers": {}, "load_diffusion_decoder": false, "transformer_weights_path": null, "minimax_h3_adaln_cache_path": null, "minimax_h3_adaln_online": false, "minimax_h3_adaln_plan_width": 4, "quantization": null, "quantization_ignored_layers": null, "lora_target_modules": null, "component_residency": {"transformer": "layerwise-offload"}, "cpu_offload_components": null, "dit_cpu_offload": true, "direct_gpu_weight_loading": false, "dit_layerwise_offload": false, "layerwise_offload_components": ["text_encoder", "image_encoder", "vae"], "dit_offload_prefetch_size": 0.0, "dit_layerwise_resident_layers": 0.0, "dit_layerwise_residency_policy": "leading", "layerwise_prefetch_size": {}, "layerwise_resident_layers": {"transformer": 1}, "layerwise_residency_policy": {}, "offload_during_compile": true, "text_encoder_cpu_offload": false, "image_encoder_cpu_offload": false, "vae_cpu_offload": false, "use_fsdp_inference": true, "pin_cpu_memory": true, "ltx2_two_stage_device_mode": null, "comfyui_mode": false, "enable_torch_compile": false, "regional_compile": false, "enable_breakable_cuda_graph": false, "bcg_text_buckets": null, "enable_layerwise_nvtx_marker": false, "warmup_mode": "off", "warmup_resolutions": null, "warmup_num_frames": null, "warmup_steps": 1, "disable_autocast": false, "master_port": 30005, "host": "127.0.0.1", "port": 30000, "webui": false, "webui_port": 12312, "scheduler_port": 5555, "scheduler_ports": [5555], "batching_mode": "dynamic", "batching_max_size": 1, "batching_delay_ms": 0.0, "batching_config": null, "enable_batching_metrics": false, "strict_ports": false, "output_path": "outputs/", "input_save_path": "inputs/uploads", "prompt_file_path": null, "model_paths": {}, "model_loaded": {"transformer": true, "vae": true, "video_vae": true, "audio_vae": true, "video_dit": true, "audio_dit": true, "dual_tower_bridge": true}, "boundary_ratio": null, "disagg_role": "monolithic", "disagg_timeout": 3600, "disagg_downstream_wait_timeout": 1800, "disagg_dispatch_policy": "round_robin", "disagg_mode": false, "disagg_instance_id": 0, "disagg_max_slots_per_instance": 8, "disagg_transfer_redundancy": 1.25, "disagg_role_device": "auto", "disagg_transfer_backend": "auto", "disagg_transfer_pool_size": 268435456, "disagg_transfer_pin_memory": "auto", "disagg_p2p_hostname": "127.0.0.1", "disagg_ib_device": null, "disagg_server_addr": null, "encoder_urls": null, "denoiser_urls": null, "decoder_urls": null, "encoder_tp": null, "denoiser_tp": null, "denoiser_sp": null, "denoiser_ulysses": null, "denoiser_ring": null, "decoder_sp": null, "pool_work_endpoint": null, "pool_result_endpoint": null, "pool_control_endpoint": null, "pool_control_advertised_endpoint": null, "log_level": "info", "log_requests": false, "log_requests_level": 2, "log_requests_format": "text", "log_requests_target": null, "uvicorn_access_log_exclude_prefixes": [], "enable_cache_report": false, "enable_trace": false, "otlp_traces_endpoint": "localhost:4317", "srt_encoder_url": null, "srt_encoder_connect_timeout": 3.05, "srt_encoder_timeout": 100, "pe_server_url": null}
[09-15 17:31:13] Local mode: True
[09-15 17:31:13] Starting server...
[09-15 17:31:25] Scheduler (dp replica 0) bind at endpoint: tcp://127.0.0.1:5555
[09-15 17:31:25] torch.compile cache: TORCHINDUCTOR_CACHE_DIR=/mnt/localssd/.cache/sgl_diffusion/torch_compile_cache/inductor TRITON_CACHE_DIR=/mnt/localssd/.cache/sgl_diffusion/torch_compile_cache/triton
[09-15 17:31:25] Initializing distributed environment with world_size=2, device=cuda:0, timeout=3600
[09-15 17:31:25] Setting distributed timeout to 3600 seconds
libfabric:2321310:1789518686::core:core:cuda_gdrcopy_hmem_init():192<warn> gdrcopy_dl_hmem_init failed!
libfabric:2321309:1789518686::core:core:cuda_gdrcopy_hmem_init():192<warn> gdrcopy_dl_hmem_init failed!
libfabric:2321310:1789518686::core:core:fi_getinfo_():1392<warn> fi_getinfo: provider efa output empty list
libfabric:2321309:1789518686::core:core:fi_getinfo_():1392<warn> fi_getinfo: provider efa output empty list
pluto-prod-yutengl-dev-202-3-0:2321310:2321310 [1] NCCL INFO ENV/Plugin: Could not find: libnccl-env.so
pluto-prod-yutengl-dev-202-3-0:2321310:2321310 [1] NCCL INFO cudaDriverVersion 13000
pluto-prod-yutengl-dev-202-3-0:2321310:2321310 [1] NCCL INFO Bootstrap: Using eth0:10.91.207.160<0>
pluto-prod-yutengl-dev-202-3-0:2321310:2321310 [1] NCCL INFO NCCL version 2.29.7+cuda13.2
pluto-prod-yutengl-dev-202-3-0:2321310:2321310 [1] NCCL INFO NCCL git version stable b81d6a5a3
pluto-prod-yutengl-dev-202-3-0:2321310:2321310 [1] NCCL INFO Comm config Blocking set to 1
pluto-prod-yutengl-dev-202-3-0:2321310:2321310 [1] NCCL INFO NET/Plugin: Loaded net plugin Libfabric (v10)
pluto-prod-yutengl-dev-202-3-0:2321310:2321310 [1] NCCL INFO Successfully loaded external network plugin /opt/aws-ofi-nccl/install/lib/libnccl-net.so
pluto-prod-yutengl-dev-202-3-0:2321310:2321310 [1] NCCL INFO NET/OFI Initializing aws-ofi-nccl 1.16.1
pluto-prod-yutengl-dev-202-3-0:2321310:2321310 [1] NCCL INFO NET/OFI Using Libfabric version 2.1
pluto-prod-yutengl-dev-202-3-0:2321310:2321310 [1] NCCL INFO NET/OFI Using CUDA driver version 13000 with runtime 12080
pluto-prod-yutengl-dev-202-3-0:2321310:2321310 [1] NCCL INFO NET/OFI Configuring AWS-specific options
pluto-prod-yutengl-dev-202-3-0:2321310:2321310 [1] NCCL INFO NET/OFI Internode latency set at 75.0 us
pluto-prod-yutengl-dev-202-3-0:2321310:2321310 [1] NCCL INFO NET/OFI Using transport protocol RDMA (platform set)
pluto-prod-yutengl-dev-202-3-0:2321310:2321310 [1] NCCL INFO NET/OFI No eligible providers were found

[2026-09-15 17:31:26] pluto-prod-yutengl-dev-202-3-0:2321310:2321310 [1] int nccl_net_ofi_create_plugin(nccl_net_ofi_plugin_t**):215 NCCL WARN NET/OFI Failed to initialize rdma protocol

[2026-09-15 17:31:26] pluto-prod-yutengl-dev-202-3-0:2321310:2321310 [1] int nccl_net_ofi_create_plugin(nccl_net_ofi_plugin_t**):352 NCCL WARN NET/OFI aws-ofi-nccl initialization failed

[2026-09-15 17:31:26] pluto-prod-yutengl-dev-202-3-0:2321310:2321310 [1] ncclResult_t nccl_net_ofi_init_v6(ncclDebugLogger_t):166 NCCL WARN NET/OFI Initializing plugin failed
pluto-prod-yutengl-dev-202-3-0:2321310:2321310 [1] NCCL INFO plugin/net/net_v10.cc:82 -> 2
pluto-prod-yutengl-dev-202-3-0:2321310:2321310 [1] NCCL INFO Failed to initialize NET plugin Libfabric
pluto-prod-yutengl-dev-202-3-0:2321310:2321310 [1] NCCL INFO NET/IB : No device found.
pluto-prod-yutengl-dev-202-3-0:2321310:2321310 [1] NCCL INFO NET/IB : Using [RO]; OOB eth0:10.91.207.160<0>
pluto-prod-yutengl-dev-202-3-0:2321310:2321310 [1] NCCL INFO Failed to initialize NET plugin IB
pluto-prod-yutengl-dev-202-3-0:2321310:2321310 [1] NCCL INFO NET/Socket : Using [0]eth0:10.91.207.160<0>
pluto-prod-yutengl-dev-202-3-0:2321310:2321310 [1] NCCL INFO Initialized NET plugin Socket
pluto-prod-yutengl-dev-202-3-0:2321310:2321310 [1] NCCL INFO Assigned NET plugin Socket to comm
pluto-prod-yutengl-dev-202-3-0:2321310:2321310 [1] NCCL INFO GIN/Plugin: Could not find: libnccl-gin.so
pluto-prod-yutengl-dev-202-3-0:2321310:2321310 [1] NCCL INFO Successfully loaded external gin plugin /opt/aws-ofi-nccl/install/lib/libnccl-net.so
pluto-prod-yutengl-dev-202-3-0:2321310:2321310 [1] NCCL INFO Failed to initialize any GIN plugin
pluto-prod-yutengl-dev-202-3-0:2321310:2321310 [1] NCCL INFO Using network Socket
pluto-prod-yutengl-dev-202-3-0:2321310:2321310 [1] NCCL INFO [Rank 1] ncclCommInitRankConfig comm 0x55d204bba130 rank 1 nranks 2 cudaDev 1 nvmlDev 1 busId 75000 commId 0x5a904fc7425e947c - Init START
pluto-prod-yutengl-dev-202-3-0:2321310:2321310 [1] NCCL INFO RAS client listening socket at ::1<28028>
pluto-prod-yutengl-dev-202-3-0:2321310:2321310 [1] NCCL INFO Bootstrap timings total 0.001033 (create 0.000063, send 0.000109, recv 0.000259, ring 0.000032, delay 0.000001)
pluto-prod-yutengl-dev-202-3-0:2321310:2321310 [1] NCCL INFO MNNVL busId 0x75000 fabric UUID 0.0 cliqueId 0x0 state 3 healthMask 0x0
pluto-prod-yutengl-dev-202-3-0:2321310:2321310 [1] NCCL INFO ncclTopoGetCpuAffinity: Affinity for GPU 1 is 0-47,96-143. (GPU affinity = 0-47,96-143 ; CPU affinity = 0-191pluto-prod-yutengl-dev-202-3-0:2321309:2321309 [0] NCCL INFO ENV/Plugin: Could not find: libnccl-env.so
pluto-prod-yutengl-dev-202-3-0:2321309:2321309 [0] NCCL INFO Bootstrap: Using eth0:10.91.207.160<0>
pluto-prod-yutengl-dev-202-3-0:2321309:2321309 [0] NCCL INFO cudaDriverVersion 13000
pluto-prod-yutengl-dev-202-3-0:2321309:2321309 [0] NCCL INFO NCCL version 2.29.7+cuda13.2
pluto-prod-yutengl-dev-202-3-0:2321309:2321309 [0] NCCL INFO NCCL git version stable b81d6a5a3
pluto-prod-yutengl-dev-202-3-0:2321309:2321309 [0] NCCL INFO Comm config Blocking set to 1
pluto-prod-yutengl-dev-202-3-0:2321309:2321309 [0] NCCL INFO NET/Plugin: Loaded net plugin Libfabric (v10)
pluto-prod-yutengl-dev-202-3-0:2321309:2321309 [0] NCCL INFO Successfully loaded external network plugin /opt/aws-ofi-nccl/install/lib/libnccl-net.so
pluto-prod-yutengl-dev-202-3-0:2321309:2321309 [0] NCCL INFO NET/OFI Initializing aws-ofi-nccl 1.16.1
pluto-prod-yutengl-dev-202-3-0:2321309:2321309 [0] NCCL INFO NET/OFI Using Libfabric version 2.1
pluto-prod-yutengl-dev-202-3-0:2321309:2321309 [0] NCCL INFO NET/OFI Using CUDA driver version 13000 with runtime 12080
pluto-prod-yutengl-dev-202-3-0:2321309:2321309 [0] NCCL INFO NET/OFI Configuring AWS-specific options
pluto-prod-yutengl-dev-202-3-0:2321309:2321309 [0] NCCL INFO NET/OFI Internode latency set at 75.0 us
pluto-prod-yutengl-dev-202-3-0:2321309:2321309 [0] NCCL INFO NET/OFI Using transport protocol RDMA (platform set)
pluto-prod-yutengl-dev-202-3-0:2321309:2321309 [0] NCCL INFO NET/OFI No eligible providers were found

[2026-09-15 17:31:26] pluto-prod-yutengl-dev-202-3-0:2321309:2321309 [0] int nccl_net_ofi_create_plugin(nccl_net_ofi_plugin_t**):215 NCCL WARN NET/OFI Failed to initialize rdma protocol

[2026-09-15 17:31:26] pluto-prod-yutengl-dev-202-3-0:2321309:2321309 [0] int nccl_net_ofi_create_plugin(nccl_net_ofi_plugin_t**):352 NCCL WARN NET/OFI aws-ofi-nccl initialization failed

[2026-09-15 17:31:26] pluto-prod-yutengl-dev-202-3-0:2321309:2321309 [0] ncclResult_t nccl_net_ofi_init_v6(ncclDebugLogger_t):166 NCCL WARN NET/OFI Initializing plugin failed
pluto-prod-yutengl-dev-202-3-0:2321309:2321309 [0] NCCL INFO plugin/net/net_v10.cc:82 -> 2
pluto-prod-yutengl-dev-202-3-0:2321309:2321309 [0] NCCL INFO Failed to initialize NET plugin Libfabric
pluto-prod-yutengl-dev-202-3-0:2321309:2321309 [0] NCCL INFO NET/IB : No device found.
pluto-prod-yutengl-dev-202-3-0:2321309:2321309 [0] NCCL INFO NET/IB : Using [RO]; OOB eth0:10.91.207.160<0>
pluto-prod-yutengl-dev-202-3-0:2321309:2321309 [0] NCCL INFO Failed to initialize NET plugin IB
pluto-prod-yutengl-dev-202-3-0:2321309:2321309 [0] NCCL INFO NET/Socket : Using [0]eth0:10.91.207.160<0>
pluto-prod-yutengl-dev-202-3-0:2321309:2321309 [0] NCCL INFO Initialized NET plugin Socket
pluto-prod-yutengl-dev-202-3-0:2321309:2321309 [0] NCCL INFO Assigned NET plugin Socket to comm
pluto-prod-yutengl-dev-202-3-0:2321309:2321309 [0] NCCL INFO GIN/Plugin: Could not find: libnccl-gin.so
pluto-prod-yutengl-dev-202-3-0:2321309:2321309 [0] NCCL INFO Successfully loaded external gin plugin /opt/aws-ofi-nccl/install/lib/libnccl-net.so
pluto-prod-yutengl-dev-202-3-0:2321309:2321309 [0] NCCL INFO Failed to initialize any GIN plugin
pluto-prod-yutengl-dev-202-3-0:2321309:2321309 [0] NCCL INFO Using network Socket
pluto-prod-yutengl-dev-202-3-0:2321309:2321309 [0] NCCL INFO [Rank 0] ncclCommInitRankConfig comm 0x55c661920560 rank 0 nranks 2 cudaDev 0 nvmlDev 0 busId 64000 commId 0x5a904fc7425e947c - Init START
pluto-prod-yutengl-dev-202-3-0:2321309:2321309 [0] NCCL INFO RAS client listening socket at ::1<28028>
pluto-prod-yutengl-dev-202-3-0:2321309:2321309 [0] NCCL INFO Bootstrap timings total 0.004738 (create 0.000097, send 0.000255, recv 0.003676, ring 0.000033, delay 0.000002)
pluto-prod-yutengl-dev-202-3-0:2321309:2321309 [0] NCCL INFO MNNVL busId 0x64000 fabric UUID 0.0 cliqueId 0x0 state 3 healthMask 0x0
pluto-prod-yutengl-dev-202-3-0:2321309:2321309 [0] NCCL INFO ncclTopoGetCpuAffinity: Affinity for GPU 0 is 0-47,96-143. (GPU affinity = 0-47,96-143 ; CPU affinity = 0-191).
pluto-prod-yutengl-dev-202-3-0:2321309:2321309 [0] NCCL INFO NVLS multicast support is available on dev 0 (NVLS_NCHANNELS 16)
pluto-prod-yutengl-dev-202-3-0:2321309:2321309 [0] NCCL INFO comm 0x55c661920560 rank 0 nRanks 2 nNodes 1 localRanks 2 localRank 0 MNNVL 0
pluto-prod-yutengl-dev-202-3-0:2321309:2321309 [0] NCCL INFO Channel 00/24 : 0 1
pluto-prod-yutengl-dev-202-3-0:2321309:2321309 [0] NCCL INFO Channel 01/24 : 0 1
pluto-prod-yutengl-dev-202-3-0:2321309:2321309 [0] NCCL INFO Channel 02/24 : 0 1
pluto-prod-yutengl-dev-202-3-0:2321309:2321309 [0] NCCL INFO Channel 03/24 : 0 1
pluto-prod-yutengl-dev-202-3-0:2321309:2321309 [0] NCCL INFO Channel 04/24 : 0 1
pluto-prod-yutengl-dev-202-3-0:2321309:2321309 [0] NCCL INFO Channel 05/24 : 0 1
pluto-prod-yutengl-dev-202-3-0:2321309:2321309 [0] NCCL INFO Channel 06/24 : 0 1
pluto-prod-yutengl-dev-202-3-0:2321309:2321309 [0] NCCL INFO Channel 07/24 : 0 1
pluto-prod-yutengl-dev-202-3-0:2321309:2321309 [0] NCCL INFO Channel 08/24 : 0 1
pluto-prod-yutengl-dev-202-3-0:2321309:2321309 [0] NCCL INFO Channel 09/24 : 0 1
pluto-prod-yutengl-dev-202-3-0:2321309:2321309 [0] NCCL INFO Channel 10/24 : 0 1
pluto-prod-yutengl-dev-202-3-0:2321309:2321309 [0] NCCL INFO Channel 11/24 : 0 1
pluto-prod-yutengl-dev-202-3-0:2321309:2321309 [0] NCCL INFO Channel 12/24 : 0 1
pluto-prod-yutengl-dev-202-3-0:2321309:2321309 [0] NCCL INFO Channel 13/24 : 0 1
pluto-prod-yutengl-dev-202-3-0:2321309:2321309 [0] NCCL INFO Channel 14/24 : 0 1
pluto-prod-yutengl-dev-202-3-0:2321309:2321309 [0] NCCL INFO Channel 15/24 : 0 1
pluto-prod-yutengl-dev-202-3-0:2321309:2321309 [0] NCCL INFO Channel 16/24 : 0 1
pluto-prod-yutengl-dev-202-3-0:2321309:2321309 [0] NCCL INFO Channel 17/24 : 0 1
pluto-prod-yutengl-dev-202-3-0:2321309:2321309 [0] NCCL INFO Channel 18/24 : 0 1
pluto-prod-yutengl-dev-202-3-0:2321309:2321309 [0] NCCL INFO Channel 19/24 : 0 1
pluto-prod-yutengl-dev-202-3-0:2321309:2321309 [0] NCCL INFO Channel 20/24 : 0 1
pluto-prod-yutengl-dev-202-3-0:2321309:2321309 [0] NCCL INFO Channel 21/24 : 0 1
pluto-prod-yutengl-dev-202-3-0:2321309:2321309 [0] NCCL INFO Channel 22/24 : 0 1
pluto-prod-yutengl-dev-202-3-0:2321309:2321309 [0] NCCL INFO Channel 23/24 : 0 1
pluto-prod-yutengl-dev-202-3-0:2321309:2321309 [0] NCCL INFO Trees [0] 1/-1/-1->0->-1 [1] 1/-1/-1->0->-1 [2] 1/-1/-1->0->-1 [3] 1/-1/-1->0->-1 [4] 1/-1/-1->0->-1 [5] 1/-1/-1->0->-1 [6] -1/-1/-1->0->1 [7] -1/-1/-1->0->1 [8] -1/-1/-1->0->1 [9] -1/-1/-1->0->1 [10] -1/-1/-1->0->1 [11] -1/-1/-1->0->1 [12] 1/-1/-1->0->-1 [13] 1/-1/-1->0->-1 [14] 1/-1/-1->0->-1 [15] 1/-1/-1->0->-1 [16] 1/-1/-1->0->-1 [17] 1/-1/-1->0->-1 [18] -1/-1/-1->0->1 [19] -1/-1/-1->0->1 [20] -1/-1/-1->0->1 [21] -1/-1/-1->0->1 [22] -1/-1/-1->0->1 [23] -1/-1/-1->0->1
pluto-prod-yutengl-dev-202-3-0:2321309:2321309 [0] NCCL INFO P2P Chunksize set to 524288
pluto-prod-yutengl-dev-202-3-0:2321309:2321309 [0] NCCL INFO PROFILER/Plugin: Could not find: libnccl-profiler.so
pluto-prod-yutengl-dev-202-3-0:2321309:2321309 [0] NCCL INFO Check P2P Type isAllDirectP2p 1 directMode 0 isAllCudaP2p 1
pluto-prod-yutengl-dev-202-3-0:2321309:2321927 [0] NCCL INFO [Proxy Service UDS] Device 0 CPU core 125
pluto-prod-yutengl-dev-202-3-0:2321309:2321926 [0] NCCL INFO [Proxy Service] Device 0 CPU core 139
pluto-prod-yutengl-dev-202-3-0:2321309:2321309 [0] NCCL INFO TUNER/Plugin: Could not find: libnccl-tuner.so
pluto-prod-yutengl-dev-202-3-0:2321309:2321309 [0] NCCL INFO TUNER/Plugin: Using nccl_ofi_tuner (v3)
pluto-prod-yutengl-dev-202-3-0:2321309:2321309 [0] NCCL INFO NET/OFI Region base Tuner is chosen for platform: p5.48xlarge
pluto-prod-yutengl-dev-202-3-0:2321309:2321309 [0] NCCL INFO NET/OFI Region Tuner init (platform 0): comm with 2 ranks and 1 nodes.
pluto-prod-yutengl-dev-202-3-0:2321309:2321309 [0] NCCL INFO NET/OFI Tuner init: comm with 2 ranks and 1 nodes.
pluto-prod-yutengl-dev-202-3-0:2321309:2321309 [0] NCCL INFO threadThresholds 8/8/64 | 16/8/64 | 512 | 512
pluto-prod-yutengl-dev-202-3-0:2321309:2321309 [0] NCCL INFO 24 coll channels, 24 collnet channels, 16 nvls channels, 32 p2p channels, 32 ).
pluto-prod-yutengl-dev-202-3-0:2321310:2321310 [1] NCCL INFO NVLS multicast support is available on dev 1 (NVLS_NCHANNELS 16)
pluto-prod-yutengl-dev-202-3-0:2321310:2321310 [1] NCCL INFO comm 0x55d204bba130 rank 1 nRanks 2 nNodes 1 localRanks 2 localRank 1 MNNVL 0
pluto-prod-yutengl-dev-202-3-0:2321310:2321310 [1] NCCL INFO Trees [0] -1/-1/-1->1->0 [1] -1/-1/-1->1->0 [2] -1/-1/-1->1->0 [3] -1/-1/-1->1->0 [4] -1/-1/-1->1->0 [5] -1/-1/-1->1->0 [6] 0/-1/-1->1->-1 [7] 0/-1/-1->1->-1 [8] 0/-1/-1->1->-1 [9] 0/-1/-1->1->-1 [10] 0/-1/-1->1->-1 [11] 0/-1/-1->1->-1 [12] -1/-1/-1->1->0 [13] -1/-1/-1->1->0 [14] -1/-1/-1->1->0 [15] -1/-1/-1->1->0 [16] -1/-1/-1->1->0 [17] -1/-1/-1->1->0 [18] 0/-1/-1->1->-1 [19] 0/-1/-1->1->-1 [20] 0/-1/-1->1->-1 [21] 0/-1/-1->1->-1 [22] 0/-1/-1->1->-1 [23] 0/-1/-1->1->-1
pluto-prod-yutengl-dev-202-3-0:2321310:2321310 [1] NCCL INFO P2P Chunksize set to 524288
pluto-prod-yutengl-dev-202-3-0:2321310:2321310 [1] NCCL INFO PROFILER/Plugin: Could not find: libnccl-profiler.so
pluto-prod-yutengl-dev-202-3-0:2321310:2321310 [1] NCCL INFO Check P2P Type isAllDirectP2p 1 directMode 0 isAllCudaP2p 1
pluto-prod-yutengl-dev-202-3-0:2321310:2321924 [0] NCCL INFO [Proxy Service] Device 1 CPU core 131
pluto-prod-yutengl-dev-202-3-0:2321310:2321925 [0] NCCL INFO [Proxy Service UDS] Device 1 CPU core 16
pluto-prod-yutengl-dev-202-3-0:2321310:2321310 [1] NCCL INFO TUNER/Plugin: Could not find: libnccl-tuner.so
pluto-prod-yutengl-dev-202-3-0:2321310:2321310 [1] NCCL INFO TUNER/Plugin: Using nccl_ofi_tuner (v3)
pluto-prod-yutengl-dev-202-3-0:2321310:2321310 [1] NCCL INFO NET/OFI Region base Tuner is chosen for platform: p5.48xlarge
pluto-prod-yutengl-dev-202-3-0:2321310:2321310 [1] NCCL INFO NET/OFI Region Tuner init (platform 0): comm with 2 ranks and 1 nodes.
pluto-prod-yutengl-dev-202-3-0:2321310:2321310 [1] NCCL INFO NET/OFI Tuner init: comm with 2 ranks and 1 nodes.
pluto-prod-yutengl-dev-202-3-0:2321310:2321310 [1] NCCL INFO threadThresholds 8/8/64 | 16/8/64 | 512 | 512
pluto-prod-yutengl-dev-202-3-0:2321310:2321310 [1] NCCL INFO 24 coll channels, 24 collnet channels, 16 nvls channels, 32 p2p channels, 32 p2p channels per peer
pluto-prod-yutengl-dev-202-3-0:2321310:2321310 [1] NCCL INFO Symmetric VA size=80GB
pluto-prod-yutengl-dev-202-3-0:2321310:2321310 [1] NCCL INFO ncclCommInitRankConfig comm 0x55d204bba130 rank 1 nranks 2 cudaDev 1 nvmlDev 1 busId 75000 commId 0x5a904fc7425e947c - Init COMPLETE
pluto-prod-yutengl-dev-202-3-0:2321310:2321310 [1] NCCL INFO Init timings - ncclCommInitRankConfig: rank 1 nranks 2 total 0.54 (kernels 0.32, alloc 0.08, bootstrap 0.00, allgathers 0.00, topo 0.02, graphs 0.01, connections 0.11, rest 0.01)
pluto-prod-yutengl-dev-202-3-0:2321310:2321310 [1] NCCL INFO Comm config Blocking set to 1
pluto-prod-yutengl-dev-202-3-0:2321310:2321310 [1] NCCL INFO Initialized NET plugin Socket
pluto-prod-yutengl-dev-202-3-0:2321310:2321310 [1] NCCL INFO Assigned NET plugin Socket to comm
pluto-prod-yutengl-dev-202-3-0:2321310:2321310 [1] NCCL INFO Failed to initialize any GIN plugin
pluto-prod-yutengl-dev-202-3-0:2321310:2321310 [1] NCCL INFO Using network Socket
pluto-prod-yutengl-dev-202-3-0:2321310:2321310 [1] NCCL INFO ncclCommSplit comm 0x55d20c9ef870 rank 1 nranks 2 cudaDev 1 nvmlDev 1 busId 75000 parent 0x55d204bba130 childCount 1 color 2130503744 key 1- Init START
pluto-prod-yutengl-dev-202-3-0:2321310:2321310 [1] NCCL INFO MNNVL busId 0x75000 fabric UUID 0.0 cliqueId 0x0 state 3 healthMask 0x0
pluto-prod-yutengl-dev-202-3-0:2321310:2321310 [1] NCCL INFO ncclTopoGetCpuAffinity: Affinity for GPU 1 is 0-47,96-143. (GPU affinity = 0-47,96-143 ; CPU affinity = 0-47,96-143).
pluto-prod-yutengl-dev-202-3-0:2321310:2321310 [1] NCCL INFO NVLS multicast support is available on dev 1 (NVLS_NCHANNELS 16)
pluto-prod-yutengl-dev-202-3-0:2321310:2321310 [1] NCCL INFO comm 0x55d20c9ef870 rank 1 nRanks 2 nNodes 1 localRanks 2 localRank 1 MNNVL 0
pluto-prod-yutengl-dev-202-3-0:2321310:2321310 [1] NCCL INFO Trees [0] -1/-1/-1->1->0 [1] -1/-1/-1->1->0 [2] -1/-1/-1->1->0 [3] -1/-1/-1->1->0 [4] -1/-1/-1->1p2p channels per peer
pluto-prod-yutengl-dev-202-3-0:2321309:2321309 [0] NCCL INFO Symmetric VA size=80GB
pluto-prod-yutengl-dev-202-3-0:2321309:2321309 [0] NCCL INFO CC Off, workFifoBytes 1048576
pluto-prod-yutengl-dev-202-3-0:2321309:2321309 [0] NCCL INFO ncclCommInitRankConfig comm 0x55c661920560 rank 0 nranks 2 cudaDev 0 nvmlDev 0 busId 64000 commId 0x5a904fc7425e947c - Init COMPLETE
pluto-prod-yutengl-dev-202-3-0:2321309:2321309 [0] NCCL INFO Init timings - ncclCommInitRankConfig: rank 0 nranks 2 total 0.54 (kernels 0.32, alloc 0.08, bootstrap 0.00, allgathers 0.00, topo 0.02, graphs 0.01, connections 0.11, rest 0.01)
pluto-prod-yutengl-dev-202-3-0:2321309:2321309 [0] NCCL INFO Comm config Blocking set to 1
pluto-prod-yutengl-dev-202-3-0:2321309:2321309 [0] NCCL INFO Initialized NET plugin Socket
pluto-prod-yutengl-dev-202-3-0:2321309:2321309 [0] NCCL INFO Assigned NET plugin Socket to comm
pluto-prod-yutengl-dev-202-3-0:2321309:2321309 [0] NCCL INFO Failed to initialize any GIN plugin
pluto-prod-yutengl-dev-202-3-0:2321309:2321309 [0] NCCL INFO Using network Socket
pluto-prod-yutengl-dev-202-3-0:2321309:2321309 [0] NCCL INFO ncclCommSplit comm 0x55c66975bc10 rank 0 nranks 2 cudaDev 0 nvmlDev 0 busId 64000 parent 0x55c661920560 childCount 1 color 2130503744 key 0- Init START
pluto-prod-yutengl-dev-202-3-0:2321309:2321309 [0] NCCL INFO MNNVL busId 0x64000 fabric UUID 0.0 cliqueId 0x0 state 3 healthMask 0x0
pluto-prod-yutengl-dev-202-3-0:2321309:2321309 [0] NCCL INFO ncclTopoGetCpuAffinity: Affinity for GPU 0 is 0-47,96-143. (GPU affinity = 0-47,96-143 ; CPU affinity = 0-47,96-143).
pluto-prod-yutengl-dev-202-3-0:2321309:2321309 [0] NCCL INFO NVLS multicast support is available on dev 0 (NVLS_NCHANNELS 16)
pluto-prod-yutengl-dev-202-3-0:2321309:2321309 [0] NCCL INFO comm 0x55c66975bc10 rank 0 nRanks 2 nNodes 1 localRanks 2 localRank 0 MNNVL 0
pluto-prod-yutengl-dev-202-3-0:2321309:2321309 [0] NCCL INFO Channel 00/24 : 0 1
pluto-prod-yutengl-dev-202-3-0:2321309:2321309 [0] NCCL INFO Channel 01/24 : 0 1
pluto-prod-yutengl-dev-202-3-0:2321309:2321309 [0] NCCL INFO Channel 02/24 : 0 1
pluto-prod-yutengl-dev-202-3-0:2321309:2321309 [0] NCCL INFO Channel 03/24 : 0 1
pluto-prod-yutengl-dev-202-3-0:2321309:2321309 [0] NCCL INFO Channel 04/24 : 0 1
pluto-prod-yutengl-dev-202-3-0:2321309:2321309 [0] NCCL INFO Channel 05/24 : 0 1
pluto-prod-yutengl-dev-202-3-0:2321309:2321309 [0] NCCL INFO Channel 06/24 : 0 1
pluto-prod-yutengl-dev-202-3-0:2321309:2321309 [0] NCCL INFO Channel 07/24 : 0 1
pluto-prod-yutengl-dev-202-3-0:2321309:2321309 [0] NCCL INFO Channel 08/24 : 0 1
pluto-prod-yutengl-dev-202-3-0:2321309:2321309 [0] NCCL INFO Channel 09/24 : 0 1
pluto-prod-yutengl-dev-202-3-0:2321309:2321309 [0] NCCL INFO Channel 10/24 : 0 1
pluto-prod-yutengl-dev-202-3-0:2321309:2321309 [0] NCCL INFO Channel 11/24 : 0 1
pluto-prod-yutengl-dev-202-3-0:2321309:2321309 [0] NCCL INFO Channel 12/24 : 0 1
pluto-prod-yutengl-dev-202-3-0:2321309:2321309 [0] NCCL INFO Channel 13/24 : 0 1
pluto-prod-yutengl-dev-202-3-0:2321309:2321309 [0] NCCL INFO Channel 14/24 : 0 1
pluto-prod-yutengl-dev-202-3-0:2321309:2321309 [0] NCCL INFO Channel 15/24 : 0 1
pluto-prod-yutengl-dev-202-3-0:2321309:2321309 [0] NCCL INFO Channel 16/24 : 0 1
pluto-prod-yutengl-dev-202-3-0:2321309:2321309 [0] NCCL INFO Channel 17/24 : 0 1
pluto-prod-yutengl-dev-202-3-0:2321309:2321309 [0] NCCL INFO Channel 18/24 : 0 1
pluto-prod-yutengl-dev-202-3-0:2321309:2321309 [0] NCCL INFO Channel 19/24 : 0 1
pluto-prod-yutengl-dev-202-3-0:2321309:2321309 [0] NCCL INFO Channel 20/24 : 0 1
pluto-prod-yutengl-dev-202-3-0:2321309:2321309 [0] NCCL INFO Channel 21/24 : 0 1
pluto-prod-yutengl-dev-202-3-0:2321309:2321309 [0] NCCL INFO Channel 22/24 : 0 1
pluto-prod-yutengl-dev-202-3-0:2321309:2321309 [0] NCCL INFO Channel 23/24 : 0 1
pluto-prod-yutengl-dev-202-3-0:2321309:2321309 [0] NCCL INFO Trees [0] 1/-1/-1->0->-1 [1] 1/-1/-1->0->-1 [2] 1/-1/-1->0->-1 [3] 1/-1/-1->0->-1 [4] 1/-1/-1->0->-1 [5] 1/-1/-1->0->-1 [6] -1/-1/-1->0->1 [7] -1/-1/-1->0->1 [8] -1/-1/-1->0->1 [9] -1/-1/-1->0->1 [10] -1/-1/-1->0-[09-15 17:31:26] Found nccl from library libnccl.so.2
[09-15 17:31:26] sglang-diffusion is using nccl==2.29.7
>1 [11] -1/-1/-1->0->1 [12] 1/-1/-1->0->-1 [13] 1/-1/-1->0->-1 [14] 1/-1/-1->0->-1 [15] 1/-1/-1->0->-1 [16] 1/-1/-1->0->-1 [17] 1/-1/-1->0->-1 [18] -1/-1/-1->0->1 [19] -1/-1/-1->0->1 [20] -1/-1/-1->0->1 [21] -1/-1/-1->0->1 [22] -1/-1/-1->0->1 [23] -1/-1/-1->0->1
pluto-prod-yutengl-dev-202-3-0:2321309:2321309 [0] NCCL INFO P2P Chunksize set to 524288
pluto-prod-yutengl-dev-202-3-0:2321309:2321309 [0] NCCL INFO Check P2P Type isAllDirectP2p 1 directMode 0 isAllCudaP2p 1
pluto-prod-yutengl-dev-202-3-0:2321309:2321932 [0] NCCL INFO [Proxy Service] Device 0 CPU core 43
pluto-prod-yutengl-dev-202-3-0:2321309:2321934 [0] NCCL INFO [Proxy Service UDS] Device 0 CPU core 34
pluto-prod-yutengl-dev-202-3-0:2321309:2321309 [0] NCCL INFO NET/OFI Region base Tuner is chosen for platform: p5.48xlarge
pluto-prod-yutengl-dev-202-3-0:2321309:2321309 [0] NCCL INFO NET/OFI Region Tuner init (platform 0): comm with 2 ranks and 1 nodes.
pluto-prod-yutengl-dev-202-3-0:2321309:2321309 [0] NCCL INFO NET/OFI Tuner init: comm with 2 ranks and 1 nodes.
pluto-prod-yutengl-dev-202-3-0:2321309:2321309 [0] NCCL INFO threadThresholds 8/8/64 | 16/8/64 | 512 | 512
pluto-prod-yutengl-dev-202-3-0:2321309:2321309 [0] NCCL INFO 24 coll channels, 24 collnet channels, 16 nvls channels, 32 p2p channels, 32 p2p channels per peer
pluto-prod-yutengl-dev-202-3-0:2321309:2321309 [0] NCCL INFO Symmetric VA size=80GB
pluto-prod-yutengl-dev-202-3-0:2321309:2321309 [0] NCCL INFO CC Off, workFifoBytes 1048576
pluto-prod-yutengl-dev-202-3-0:2321309:2321309 [0] NCCL INFO ncclCommSplit comm 0x55c66975bc10 rank 0 nranks 2 cudaDev 0 nvmlDev 0 busId 64000 parent 0x55c661920560 childCount 1 color 2130503744 key 0 - Init COMPLETE
pluto-prod-yutengl-dev-202-3-0:2321309:2321309 [0] NCCL INFO Init timings - ncclCommSplit: rank 0 nranks 2 total 0.11 (kernels 0.00, alloc 0.00, bootstrap 0.00, allgathers 0.00, topo 0.02, graphs 0.00, connections 0.08, rest 0.01)
pluto-prod-yutengl-dev-202-3-0:2321309:2321309 [0] NCCL INFO Initialized NET plugin Socket
pluto-prod-yutengl-dev-202-3-0:2321309:2321309 [0] NCCL INFO Assigned NET plugin Socket to comm
pluto-prod-yutengl-dev-202-3-0:2321309:2321309 [0] NCCL INFO Failed to initialize any GIN plugin
pluto-prod-yutengl-dev-202-3-0:2321309:2321309 [0] NCCL INFO Using network Socket
pluto-prod-yutengl-dev-202-3-0:2321309:2321309 [0] NCCL INFO [Rank 0] ncclCommInitRank comm 0x55c669b08700 rank 0 nranks 2 cudaDev 0 nvmlDev 0 busId 64000 commId 0x5919cdb0ea1219cf - Init START
pluto-prod-yutengl-dev-202-3-0:2321309:2321309 [0] NCCL INFO Bootstrap timings total 0.000882 (create 0.000053, send 0.000240, recv 0.000262, ring 0.000039, delay 0.000000)
pluto-prod-yutengl-dev-202-3-0:2321309:2321309 [0] NCCL INFO MNNVL busId 0x64000 fabric UUID 0.0 cliqueId 0x0 state 3 healthMask 0x0
pluto-prod-yutengl-dev-202-3-0:2321309:2321309 [0] NCCL INFO ncclTopoGetCpuAffinity: Affinity for GPU 0 is 0-47,96-143. (GPU affinity = 0-47,96-143 ; CPU affinity = 0-47,96-143).
pluto-prod-yutengl-dev-202-3-0:2321309:2321309 [0] NCCL INFO NVLS multicast support is available on dev 0 (NVLS_NCHANNELS 16)
pluto-prod-yutengl-dev-202-3-0:2321309:2321309 [0] NCCL INFO comm 0x55c669b08700 rank 0 nRanks 2 nNodes 1 localRanks 2 localRank 0 MNNVL 0
pluto-prod-yutengl-dev-202-3-0:2321309:2321309 [0] NCCL INFO Channel 00/24 : 0 1
pluto-prod-yutengl-dev-202-3-0:2321309:2321309 [0] NCCL INFO Channel 01/24 : 0 1
pluto-prod-yutengl-dev-202-3-0:2321309:2321309 [0] NCCL INFO Channel 02/24 : 0 1
pluto-prod-yutengl-dev-202-3-0:2321309:2321309 [0] NCCL INFO Channel 03/24 : 0 1
pluto-prod-yutengl-dev-202-3-0:2321309:2321309 [0] NCCL INFO Channel 04/24 : 0 1
pluto-prod-yutengl-dev-202-3-0:2321309:2321309 [0] NCCL INFO Channel 05/24 : 0 1
pluto-prod-yutengl-dev-202-3-0:2321309:2321309 [0] NCCL INFO Channel 06/24 : 0 1
pluto-prod-yutengl-dev-202-3-0:2321309:2321309 [0] NCCL INFO Channel 07/24 : 0 1
pluto-prod-yutengl-dev-202-3-0:2321309:2321309 [0] NCCL INFO Channel 08/24 : 0 1
pluto-prod-yutengl-dev-202-3-0:2321309:2321309 [0] NCCL INFO Channel 09/24 : 0 1
pluto-prod-yutengl-dev-202-3-0:2321309:2321309->0 [5] -1/-1/-1->1->0 [6] 0/-1/-1->1->-1 [7] 0/-1/-1->1->-1 [8] 0/-1/-1->1->-1 [9] 0/-1/-1->1->-1 [10] 0/-1/-1->1->-1 [11] 0/-1/-1->1->-1 [12] -1/-1/-1->1->0 [13] -1/-1/-1->1->0 [14] -1/-1/-1->1->0 [15] -1/-1/-1->1->0 [16] -1/-1/-1->1->0 [17] -1/-1/-1->1->0 [18] 0/-1/-1->1->-1 [19] 0/-1/-1->1->-1 [20] 0/-1/-1->1->-1 [21] 0/-1/-1->1->-1 [22] 0/-1/-1->1->-1 [23] 0/-1/-1->1->-1
pluto-prod-yutengl-dev-202-3-0:2321310:2321310 [1] NCCL INFO P2P Chunksize set to 524288
pluto-prod-yutengl-dev-202-3-0:2321310:2321310 [1] NCCL INFO Check P2P Type isAllDirectP2p 1 directMode 0 isAllCudaP2p 1
pluto-prod-yutengl-dev-202-3-0:2321310:2321933 [0] NCCL INFO [Proxy Service] Device 1 CPU core 126
pluto-prod-yutengl-dev-202-3-0:2321310:2321935 [0] NCCL INFO [Proxy Service UDS] Device 1 CPU core 117
pluto-prod-yutengl-dev-202-3-0:2321310:2321310 [1] NCCL INFO NET/OFI Region base Tuner is chosen for platform: p5.48xlarge
pluto-prod-yutengl-dev-202-3-0:2321310:2321310 [1] NCCL INFO NET/OFI Region Tuner init (platform 0): comm with 2 ranks and 1 nodes.
pluto-prod-yutengl-dev-202-3-0:2321310:2321310 [1] NCCL INFO NET/OFI Tuner init: comm with 2 ranks and 1 nodes.
pluto-prod-yutengl-dev-202-3-0:2321310:2321310 [1] NCCL INFO threadThresholds 8/8/64 | 16/8/64 | 512 | 512
pluto-prod-yutengl-dev-202-3-0:2321310:2321310 [1] NCCL INFO 24 coll channels, 24 collnet channels, 16 nvls channels, 32 p2p channels, 32 p2p channels per peer
pluto-prod-yutengl-dev-202-3-0:2321310:2321310 [1] NCCL INFO Symmetric VA size=80GB
pluto-prod-yutengl-dev-202-3-0:2321310:2321310 [1] NCCL INFO ncclCommSplit comm 0x55d20c9ef870 rank 1 nranks 2 cudaDev 1 nvmlDev 1 busId 75000 parent 0x55d204bba130 childCount 1 color 2130503744 key 1 - Init COMPLETE
pluto-prod-yutengl-dev-202-3-0:2321310:2321310 [1] NCCL INFO Init timings - ncclCommSplit: rank 1 nranks 2 total 0.11 (kernels 0.00, alloc 0.00, bootstrap 0.00, allgathers 0.00, topo 0.02, graphs 0.00, connections 0.08, rest 0.01)
pluto-prod-yutengl-dev-202-3-0:2321310:2321310 [1] NCCL INFO Initialized NET plugin Socket
pluto-prod-yutengl-dev-202-3-0:2321310:2321310 [1] NCCL INFO Assigned NET plugin Socket to comm
pluto-prod-yutengl-dev-202-3-0:2321310:2321310 [1] NCCL INFO Failed to initialize any GIN plugin
pluto-prod-yutengl-dev-202-3-0:2321310:2321310 [1] NCCL INFO Using network Socket
pluto-prod-yutengl-dev-202-3-0:2321310:2321310 [1] NCCL INFO [Rank 1] ncclCommInitRank comm 0x55d20cd9c620 rank 1 nranks 2 cudaDev 1 nvmlDev 1 busId 75000 commId 0x5919cdb0ea1219cf - Init START
pluto-prod-yutengl-dev-202-3-0:2321310:2321310 [1] NCCL INFO Bootstrap timings total 0.000733 (create 0.000067, send 0.000094, recv 0.000343, ring 0.000042, delay 0.000000)
pluto-prod-yutengl-dev-202-3-0:2321310:2321310 [1] NCCL INFO MNNVL busId 0x75000 fabric UUID 0.0 cliqueId 0x0 state 3 healthMask 0x0
pluto-prod-yutengl-dev-202-3-0:2321310:2321310 [1] NCCL INFO ncclTopoGetCpuAffinity: Affinity for GPU 1 is 0-47,96-143. (GPU affinity = 0-47,96-143 ; CPU affinity = 0-47,96-143).
pluto-prod-yutengl-dev-202-3-0:2321310:2321310 [1] NCCL INFO NVLS multicast support is available on dev 1 (NVLS_NCHANNELS 16)
pluto-prod-yutengl-dev-202-3-0:2321310:2321310 [1] NCCL INFO comm 0x55d20cd9c620 rank 1 nRanks 2 nNodes 1 localRanks 2 localRank 1 MNNVL 0
pluto-prod-yutengl-dev-202-3-0:2321310:2321310 [1] NCCL INFO Trees [0] -1/-1/-1->1->0 [1] -1/-1/-1->1->0 [2] -1/-1/-1->1->0 [3] -1/-1/-1->1->0 [4] -1/-1/-1->1->0 [5] -1/-1/-1->1->0 [6] 0/-1/-1->1->-1 [7] 0/-1/-1->1->-1 [8] 0/-1/-1->1->-1 [9] 0/-1/-1->1->-1 [10] 0/-1/-1->1->-1 [11] 0/-1/-1->1->-1 [12] -1/-1/-1->1->0 [13] -1/-1/-1->1->0 [14] -1/-1/-1->1->0 [15] -1/-1/-1->1->0 [16] -1/-1/-1->1->0 [17] -1/-1/-1->1->0 [18] 0/-1/-1->1->-1 [19] 0/-1/-1->1->-1 [20] 0/-1/-1->1->-1 [21] 0/-1/-1->1->-1 [22] 0/-1/-1->1->-1 [23] 0/-1/-1->1->-1
pluto-prod-yutengl-dev-202-3-0:2321310:2321310 [1] NCCL INFO P2P Chunksize set to 524288
pluto-prod-yutengl-dev-202-3-0:2321310:2321310 [1] NCCL INFO Check P2P Type isAllDirectP2p 1 directMode 0 isAllCudaP2p 1
pluto-prod-yutengl-dev-202-3-0:2321310:2321944 [0] NCCL INFO [Proxy Service] Devic [0] NCCL INFO Channel 10/24 : 0 1
pluto-prod-yutengl-dev-202-3-0:2321309:2321309 [0] NCCL INFO Channel 11/24 : 0 1
pluto-prod-yutengl-dev-202-3-0:2321309:2321309 [0] NCCL INFO Channel 12/24 : 0 1
pluto-prod-yutengl-dev-202-3-0:2321309:2321309 [0] NCCL INFO Channel 13/24 : 0 1
pluto-prod-yutengl-dev-202-3-0:2321309:2321309 [0] NCCL INFO Channel 14/24 : 0 1
pluto-prod-yutengl-dev-202-3-0:2321309:2321309 [0] NCCL INFO Channel 15/24 : 0 1
pluto-prod-yutengl-dev-202-3-0:2321309:2321309 [0] NCCL INFO Channel 16/24 : 0 1
pluto-prod-yutengl-dev-202-3-0:2321309:2321309 [0] NCCL INFO Channel 17/24 : 0 1
pluto-prod-yutengl-dev-202-3-0:2321309:2321309 [0] NCCL INFO Channel 18/24 : 0 1
pluto-prod-yutengl-dev-202-3-0:2321309:2321309 [0] NCCL INFO Channel 19/24 : 0 1
pluto-prod-yutengl-dev-202-3-0:2321309:2321309 [0] NCCL INFO Channel 20/24 : 0 1
pluto-prod-yutengl-dev-202-3-0:2321309:2321309 [0] NCCL INFO Channel 21/24 : 0 1
pluto-prod-yutengl-dev-202-3-0:2321309:2321309 [0] NCCL INFO Channel 22/24 : 0 1
pluto-prod-yutengl-dev-202-3-0:2321309:2321309 [0] NCCL INFO Channel 23/24 : 0 1
pluto-prod-yutengl-dev-202-3-0:2321309:2321309 [0] NCCL INFO Trees [0] 1/-1/-1->0->-1 [1] 1/-1/-1->0->-1 [2] 1/-1/-1->0->-1 [3] 1/-1/-1->0->-1 [4] 1/-1/-1->0->-1 [5] 1/-1/-1->0->-1 [6] -1/-1/-1->0->1 [7] -1/-1/-1->0->1 [8] -1/-1/-1->0->1 [9] -1/-1/-1->0->1 [10] -1/-1/-1->0->1 [11] -1/-1/-1->0->1 [12] 1/-1/-1->0->-1 [13] 1/-1/-1->0->-1 [14] 1/-1/-1->0->-1 [15] 1/-1/-1->0->-1 [16] 1/-1/-1->0->-1 [17] 1/-1/-1->0->-1 [18] -1/-1/-1->0->1 [19] -1/-1/-1->0->1 [20] -1/-1/-1->0->1 [21] -1/-1/-1->0->1 [22] -1/-1/-1->0->1 [23] -1/-1/-1->0->1
pluto-prod-yutengl-dev-202-3-0:2321309:2321309 [0] NCCL INFO P2P Chunksize set to 524288
pluto-prod-yutengl-dev-202-3-0:2321309:2321309 [0] NCCL INFO Check P2P Type isAllDirectP2p 1 directMode 0 isAllCudaP2p 1
pluto-prod-yutengl-dev-202-3-0:2321309:2321945 [0] NCCL INFO [Proxy Service] Device 0 CPU core 134
pluto-prod-yutengl-dev-202-3-0:2321309:2321947 [0] NCCL INFO [Proxy Service UDS] Device 0 CPU core 105
pluto-prod-yutengl-dev-202-3-0:2321309:2321309 [0] NCCL INFO NET/OFI Region base Tuner is chosen for platform: p5.48xlarge
pluto-prod-yutengl-dev-202-3-0:2321309:2321309 [0] NCCL INFO NET/OFI Region Tuner init (platform 0): comm with 2 ranks and 1 nodes.
pluto-prod-yutengl-dev-202-3-0:2321309:2321309 [0] NCCL INFO NET/OFI Tuner init: comm with 2 ranks and 1 nodes.
pluto-prod-yutengl-dev-202-3-0:2321309:2321309 [0] NCCL INFO threadThresholds 8/8/64 | 16/8/64 | 512 | 512
pluto-prod-yutengl-dev-202-3-0:2321309:2321309 [0] NCCL INFO 24 coll channels, 24 collnet channels, 16 nvls channels, 32 p2p channels, 32 p2p channels per peer
pluto-prod-yutengl-dev-202-3-0:2321309:2321309 [0] NCCL INFO Symmetric VA size=80GB
pluto-prod-yutengl-dev-202-3-0:2321309:2321309 [0] NCCL INFO CC Off, workFifoBytes 1048576
pluto-prod-yutengl-dev-202-3-0:2321309:2321309 [0] NCCL INFO ncclCommInitRank comm 0x55c669b08700 rank 0 nranks 2 cudaDev 0 nvmlDev 0 busId 64000 commId 0x5919cdb0ea1219cf - Init COMPLETE
pluto-prod-yutengl-dev-202-3-0:2321309:2321309 [0] NCCL INFO Init timings - ncclCommInitRank: rank 0 nranks 2 total 0.11 (kernels 0.00, alloc 0.00, bootstrap 0.00, allgathers 0.00, topo 0.02, graphs 0.00, connections 0.08, rest 0.01)
pluto-prod-yutengl-dev-202-3-0:2321309:2321309 [0] NCCL INFO Symmetric VA size=80GB
pluto-prod-yutengl-dev-202-3-0:2321309:2321309 [0] NCCL INFO Channel 00/0 : 0[0] -> 1[1] via P2P/CUMEM
pluto-prod-yutengl-dev-202-3-0:2321309:2321309 [0] NCCL INFO Channel 01/0 : 0[0] -> 1[1] via P2P/CUMEM
pluto-prod-yutengl-dev-202-3-0:2321309:2321309 [0] NCCL INFO Channel 02/0 : 0[0] -> 1[1] via P2P/CUMEM
pluto-prod-yutengl-dev-202-3-0:2321309:2321309 [0] NCCL INFO Channel 03/0 : 0[0] -> 1[1] via P2P/CUMEM
pluto-prod-yutengl-dev-202-3-0:2321309:2321309 [0] NCCL INFO Channel 04/0 : 0[0] -> 1[1] via P2P/CUMEM
pluto-prod-yutengl-dev-202-3-0:2321309:2321309 [0] NCCL INFO Channel 05/0 : 0[0] -> 1[1] via P2P/CUMEM
pluto-prod-yutengl-dev-202-3-0:2321309:2321309 [0] NCCL INFO Channel 06/0 : 0[0] -> 1[1] via P2P/CUMEM
pluto-prod-yutengl-dev-202-3-0:2321309:2321309 [0] NCCL INFO Channel 07/0 : 0[0] -> 1[1] via P2P/CUMEM
pluto-prod-yutengl-dev-202-3-0:2321309:2321309 [0] NCCL INFO Channel 08/0 : 0[0] -> 1[1] via P2P/CUMEM
pluto-prod-yutengl-dev-202-3-0:2321309:2321309 [0] NCCL INFO Channel 09/0 : 0[0] -> 1[1] via P2P/CUMEM
pluto-prod-yutengl-dev-202-3-0:2321309:2321309 [0] NCCL INFO Channel 10/0 : 0[0] -> 1[1] via P2P/CUMEM
pluto-prod-yutengl-dev-202-3-0:2321309:2321309 [0] NCCL INFO Channel 11/0 : 0[0] -> 1[1] via P2P/CUMEM
pluto-prod-yutengl-dev-202-3-0:2321309:2321309 [0] NCCL INFO Channel 12/0 : 0[0] -> 1[1] via P2P/CUMEM
pluto-prod-yutengl-dev-202-3-0:2321309:2321309 [0] NCCL INFO Channel 13/0 : 0[0] -> 1[1] via P2P/CUMEM
pluto-prod-yutengl-dev-202-3-0:2321309:2321309 [0] NCCL INFO Channel 14/0 : 0[0] -> 1[1] via P2P/CUMEM
pluto-prod-yutengl-dev-202-3-0:2321309:2321309 [0] NCCL INFO Channel 15/0 : 0[0] -> 1[1] via P2P/CUMEM
pluto-prod-yutengl-dev-202-3-0:2321309:2321309 [0] NCCL INFO Channel 16/0 : 0[0] -> 1[1] via P2P/CUMEM
pluto-prod-yutengl-dev-202-3-0:2321309:2321309 [0] NCCL INFO Channel 17/0 : 0[0] -> 1[1] via P2P/CUMEM
pluto-prod-yutengl-dev-202-3-0:2321309:2321309 [0] NCCL INFO Channel 18/0 : 0[0] -> 1[1] via P2P/CUMEM
pluto-prod-yutengl-dev-202-3-0:2321309:2321309 [0] NCCL INFO Channel 19/0 : 0[0] -> 1[1] via P2P/CUMEM
pluto-prod-yutengl-dev-202-3-0:2321309:2321309 [0] NCCL INFO Channel 20/0 : 0[0] -> 1[1] via P2P/CUMEM
pluto-prod-yutengl-dev-202-3-0:2321309:2321309 [0] NCCL INFO Channel 21/0 : 0[0] -> 1[1] via P2P/CUMEM
pluto-prod-yutengl-dev-202-3-0:2321309:2321309 [0] NCCL INFO Channel 22/0 : 0[0] -> 1[1] via P2P/CUMEM
pluto-prod-yutengl-dev-202-3-0:2321309:2321309 [0] NCCL INFO Channel 23/0 : 0[0] -> 1[1] via P2P/CUMEM
pluto-prod-yutengl-dev-202-3-0:2321309:2321309 [0] NCCL INFO Connected all rings, use ring PXN 0 GDR 1
pluto-prod-yutengl-dev-202-3-0:2321309:2321309 [0] NCCL INFO Rank 0 has color with NCCL_SPLIT_NOCOLOR, not creating a new communicator
pluto-prod-yutengl-dev-202-3-0:2321309:2321309 [0] NCCL INFO Rank 0 has color with NCCL_SPLIT_NOCOLOR, not creating a new communicator
pluto-prod-yutengl-dev-202-3-0:2321309:2321309 [0] NCCL INFO Comm config Blocking set to 1
pluto-prod-yutengl-dev-202-3-0:2321309:2321309 [0] NCCL INFO Initialized NET plugin Socket
pluto-prod-yutengl-dev-202-3-0:2321309:2321309 [0] NCCL INFO Assigned NET plugin Socket to comm
pluto-prod-yutengl-dev-202-3-0:2321309:2321309 [0] NCCL INFO Failed to initialize any GIN plugin
pluto-prod-yutengl-dev-202-3-0:2321309:2321309 [0] NCCL INFO Using network Socket
pluto-prod-yutengl-dev-202-3-0:2321309:2321309 [0] NCCL INFO ncclCommSplit comm 0x55c66aa57450 rank 0 nranks 2 cudaDev 0 nvmlDev 0 busId 64000 parent 0x55c661920560 childCount 4 color 2130503744 key 0- Init START
pluto-prod-yutengl-dev-202-3-0:2321309:2321309 [0] NCCL INFO MNNVL busId 0x64000 fabric UUID 0.0 cliqueId 0x0 state 3 healthMask 0x0
pluto-prod-yutengl-dev-202-3-0:2321309:2321309 [0] NCCL INFO ncclTopoGetCpuAffinity: Affinity for GPU 0 is 0-47,96-143. (GPU affinity = 0-47,96-143 ; CPU affinity = 0-47,96-143).
pluto-prod-yutengl-dev-202-3-0:2321309:2321309 [0] NCCL INFO NVLS multicast support is available on dev 0 (NVLS_NCHANNELS 16)
pluto-prod-yutengl-dev-202-3-0:2321309:2321309 [0] NCCL INFO comm 0x55c66aa57450 rank 0 nRanks 2 nNodes 1 localRanks 2 localRank 0 MNNVL 0
pluto-prod-yutengl-dev-202-3-0:2321309:2321309 [0] NCCL INFO Channel 00/24 : 0 1
pluto-prod-yutengl-dev-202-3-0:2321309:2321309 [0] NCCL INFO Channel 01/24 : 0 1
pluto-prod-yutengl-dev-202-3-0:2321309:2321309 [0] NCCL INFO Channel 02/24 : 0 1
pluto-prod-yutengl-dev-202-3-0:2321309:2321309 [0] NCCL INFO Channel 03/24 : 0 1
pluto-prod-yutengl-dev-202-3-0:2321309:2321309 [0] NCCL INFO Channel 04/24 : 0 1
pluto-prod-yutengl-dev-202-3-0:2321309:2321309 [0] NCCL INFO Channel 05/24 : 0 1
pluto-prod-yutengl-dev-202-3-0:2321309:2321309 [0] NCCL INFO Channel 06/24 : 0 1
pluto-prod-yutengl-dev-202-3-0:2321309:2321309 [0] NCCL INFO Channel 07/24 : 0 1
pluto-prod-yutengl-dev-202-3-0:2321309:2321309 [0] NCCL INFO Channel 08/24 : 0 1
pluto-prod-yutengl-[09-15 17:31:27] Found nccl from library libnccl.so.2
[09-15 17:31:27] sglang-diffusion is using nccl==2.29.7
dev-202-3-0:2321309:2321309 [0] NCCL INFO Channel 09/24 : 0 1
pluto-prod-yutengl-dev-202-3-0:2321309:2321309 [0] NCCL INFO Channel 10/24 : 0 1
pluto-prod-yutengl-dev-202-3-0:2321309:2321309 [0] NCCL INFO Channel 11/24 : 0 1
pluto-prod-yutengl-dev-202-3-0:2321309:2321309 [0] NCCL INFO Channel 12/24 : 0 1
pluto-prod-yutengl-dev-202-3-0:2321309:2321309 [0] NCCL INFO Channel 13/24 : 0 1
pluto-prod-yutengl-dev-202-3-0:2321309:2321309 [0] NCCL INFO Channel 14/24 : 0 1
pluto-prod-yutengl-dev-202-3-0:2321309:2321309 [0] NCCL INFO Channel 15/24 : 0 1
pluto-prod-yutengl-dev-202-3-0:2321309:2321309 [0] NCCL INFO Channel 16/24 : 0 1
pluto-prod-yutengl-dev-202-3-0:2321309:2321309 [0] NCCL INFO Channel 17/24 : 0 1
pluto-prod-yutengl-dev-202-3-0:2321309:2321309 [0] NCCL INFO Channel 18/24 : 0 1
pluto-prod-yutengl-dev-202-3-0:2321309:2321309 [0] NCCL INFO Channel 19/24 : 0 1
pluto-prod-yutengl-dev-202-3-0:2321309:2321309 [0] NCCL INFO Channel 20/24 : 0 1
pluto-prod-yutengl-dev-202-3-0:2321309:2321309 [0] NCCL INFO Channel 21/24 : 0 1
pluto-prod-yutengl-dev-202-3-0:2321309:2321309 [0] NCCL INFO Channel 22/24 : 0 1
pluto-prod-yutengl-dev-202-3-0:2321309:2321309 [0] NCCL INFO Channel 23/24 : 0 1
pluto-prod-yutengl-dev-202-3-0:2321309:2321309 [0] NCCL INFO Trees [0] 1/-1/-1->0->-1 [1] 1/-1/-1->0->-1 [2] 1/-1/-1->0->-1 [3] 1/-1/-1->0->-1 [4] 1/-1/-1->0->-1 [5] 1/-1/-1->0->-1 [6] -1/-1/-1->0->1 [7] -1/-1/-1->0->1 [8] -1/-1/-1->0->1 [9] -1/-1/-1->0->1 [10] -1/-1/-1->0->1 [11] -1/-1/-1->0->1 [12] 1/-1/-1->0->-1 [13] 1/-1/-1->0->-1 [14] 1/-1/-1->0->-1 [15] 1/-1/-1->0->-1 [16] 1/-1/-1->0->-1 [17] 1/-1/-1->0->-1 [18] -1/-1/-1->0->1 [19] -1/-1/-1->0->1 [20] -1/-1/-1->0->1 [21] -1/-1/-1->0->1 [22] -1/-1/-1->0->1 [23] -1/-1/-1->0->1
pluto-prod-yutengl-dev-202-3-0:2321309:2321309 [0] NCCL INFO P2P Chunksize set to 524288
pluto-prod-yutengl-dev-202-3-0:2321309:2321309 [0] NCCL INFO Check P2P Type isAllDirectP2p 1 directMode 0 isAllCudaP2p 1
pluto-prod-yutengl-dev-202-3-0:2321309:2321979 [0] NCCL INFO [Proxy Service UDS] Device 0 CPU core 117
pluto-prod-yutengl-dev-202-3-0:2321309:2321978 [0] NCCL INFO [Proxy Service] Device 0 CPU core 136
pluto-prod-yutengl-dev-202-3-0:2321309:2321309 [0] NCCL INFO NET/OFI Region base Tuner is chosen for platform: p5.48xlarge
pluto-prod-yutengl-dev-202-3-0:2321309:2321309 [0] NCCL INFO NET/OFI Region Tuner init (platform 0): comm with 2 ranks and 1 nodes.
pluto-prod-yutengl-dev-202-3-0:2321309:2321309 [0] NCCL INFO NET/OFI Tuner init: comm with 2 ranks and 1 nodes.
pluto-prod-yutengl-dev-202-3-0:2321309:2321309 [0] NCCL INFO threadThresholds 8/8/64 | 16/8/64 | 512 | 512
pluto-prod-yutengl-dev-202-3-0:2321309:2321309 [0] NCCL INFO 24 coll channels, 24 collnet channels, 16 nvls channels, 32 p2p channels, 32 p2p channels per peer
pluto-prod-yutengl-dev-202-3-0:2321309:2321309 [0] NCCL INFO Symmetric VA size=80GB
pluto-prod-yutengl-dev-202-3-0:2321309:2321309 [0] NCCL INFO CC Off, workFifoBytes 1048576
pluto-prod-yutengl-dev-202-3-0:2321309:2321309 [0] NCCL INFO ncclCommSplit comm 0x55c66aa57450 rank 0 nranks 2 cudaDev 0 nvmlDev 0 busId 64000 parent 0x55c661920560 childCount 4 color 2130503744 key 0 - Init COMPLETE
pluto-prod-yutengl-dev-202-3-0:2321309:2321309 [0] NCCL INFO Init timings - ncclCommSplit: rank 0 nranks 2 total 0.12 (kernels 0.00, alloc 0.00, bootstrap 0.00, allgathers 0.00, topo 0.02, graphs 0.00, connections 0.08, rest 0.01)
pluto-prod-yutengl-dev-202-3-0:2321309:2321309 [0] NCCL INFO Initialized NET plugin Socket
pluto-prod-yutengl-dev-202-3-0:2321309:2321309 [0] NCCL INFO Assigned NET plugin Socket to comm
pluto-prod-yutengl-dev-202-3-0:2321309:2321309 [0] NCCL INFO Failed to initialize any GIN plugin
pluto-prod-yutengl-dev-202-3-0:2321309:2321309 [0] NCCL INFO Using network Socket
pluto-prod-yutengl-dev-202-3-0:2321309:2321309 [0] NCCL INFO [Rank 0] ncclCommInitRank comm 0x55c66ae03a90 rank 0 nranks 2 cudaDev 0 nvmlDev 0 busId 64000 commId 0xe0ea00de0e87236c - Init START
pluto-prod-yutengl-dev-202-3-0:2321309:2321309 [0] NCCL INFO Bootstrap timings total 0.001054 (create 0.000056, send 0.000137, recv 0.1310 [1] NCCL INFO Rank 1 has color with NCCL_SPLIT_NOCOLOR, not creating a new communicator
pluto-prod-yutengl-dev-202-3-0:2321310:2321310 [1] NCCL INFO Comm config Blocking set to 1
pluto-prod-yutengl-dev-202-3-0:2321310:2321310 [1] NCCL INFO Initialized NET plugin Socket
pluto-prod-yutengl-dev-202-3-0:2321310:2321310 [1] NCCL INFO Assigned NET plugin Socket to comm
pluto-prod-yutengl-dev-202-3-0:2321310:2321310 [1] NCCL INFO Failed to initialize any GIN plugin
pluto-prod-yutengl-dev-202-3-0:2321310:2321310 [1] NCCL INFO Using network Socket
pluto-prod-yutengl-dev-202-3-0:2321310:2321310 [1] NCCL INFO ncclCommSplit comm 0x55d20dceb750 rank 1 nranks 2 cudaDev 1 nvmlDev 1 busId 75000 parent 0x55d204bba130 childCount 4 color 2130503744 key 1- Init START
pluto-prod-yutengl-dev-202-3-0:2321310:2321310 [1] NCCL INFO MNNVL busId 0x75000 fabric UUID 0.0 cliqueId 0x0 state 3 healthMask 0x0
pluto-prod-yutengl-dev-202-3-0:2321310:2321310 [1] NCCL INFO ncclTopoGetCpuAffinity: Affinity for GPU 1 is 0-47,96-143. (GPU affinity = 0-47,96-143 ; CPU affinity = 0-47,96-143).
pluto-prod-yutengl-dev-202-3-0:2321310:2321310 [1] NCCL INFO NVLS multicast support is available on dev 1 (NVLS_NCHANNELS 16)
pluto-prod-yutengl-dev-202-3-0:2321310:2321310 [1] NCCL INFO comm 0x55d20dceb750 rank 1 nRanks 2 nNodes 1 localRanks 2 localRank 1 MNNVL 0
pluto-prod-yutengl-dev-202-3-0:2321310:2321310 [1] NCCL INFO Trees [0] -1/-1/-1->1->0 [1] -1/-1/-1->1->0 [2] -1/-1/-1->1->0 [3] -1/-1/-1->1->0 [4] -1/-1/-1->1->0 [5] -1/-1/-1->1->0 [6] 0/-1/-1->1->-1 [7] 0/-1/-1->1->-1 [8] 0/-1/-1->1->-1 [9] 0/-1/-1->1->-1 [10] 0/-1/-1->1->-1 [11] 0/-1/-1->1->-1 [12] -1/-1/-1->1->0 [13] -1/-1/-1->1->0 [14] -1/-1/-1->1->0 [15] -1/-1/-1->1->0 [16] -1/-1/-1->1->0 [17] -1/-1/-1->1->0 [18] 0/-1/-1->1->-1 [19] 0/-1/-1->1->-1 [20] 0/-1/-1->1->-1 [21] 0/-1/-1->1->-1 [22] 0/-1/-1->1->-1 [23] 0/-1/-1->1->-1
pluto-prod-yutengl-dev-202-3-0:2321310:2321310 [1] NCCL INFO P2P Chunksize set to 524288
pluto-prod-yutengl-dev-202-3-0:2321310:2321310 [1] NCCL INFO Check P2P Type isAllDirectP2p 1 directMode 0 isAllCudaP2p 1
pluto-prod-yutengl-dev-202-3-0:2321310:2321980 [0] NCCL INFO [Proxy Service] Device 1 CPU core 136
pluto-prod-yutengl-dev-202-3-0:2321310:2321981 [0] NCCL INFO [Proxy Service UDS] Device 1 CPU core 117
pluto-prod-yutengl-dev-202-3-0:2321310:2321310 [1] NCCL INFO NET/OFI Region base Tuner is chosen for platform: p5.48xlarge
pluto-prod-yutengl-dev-202-3-0:2321310:2321310 [1] NCCL INFO NET/OFI Region Tuner init (platform 0): comm with 2 ranks and 1 nodes.
pluto-prod-yutengl-dev-202-3-0:2321310:2321310 [1] NCCL INFO NET/OFI Tuner init: comm with 2 ranks and 1 nodes.
pluto-prod-yutengl-dev-202-3-0:2321310:2321310 [1] NCCL INFO threadThresholds 8/8/64 | 16/8/64 | 512 | 512
pluto-prod-yutengl-dev-202-3-0:2321310:2321310 [1] NCCL INFO 24 coll channels, 24 collnet channels, 16 nvls channels, 32 p2p channels, 32 p2p channels per peer
pluto-prod-yutengl-dev-202-3-0:2321310:2321310 [1] NCCL INFO Symmetric VA size=80GB
pluto-prod-yutengl-dev-202-3-0:2321310:2321310 [1] NCCL INFO ncclCommSplit comm 0x55d20dceb750 rank 1 nranks 2 cudaDev 1 nvmlDev 1 busId 75000 parent 0x55d204bba130 childCount 4 color 2130503744 key 1 - Init COMPLETE
pluto-prod-yutengl-dev-202-3-0:2321310:2321310 [1] NCCL INFO Init timings - ncclCommSplit: rank 1 nranks 2 total 0.11 (kernels 0.00, alloc 0.00, bootstrap 0.00, allgathers 0.00, topo 0.02, graphs 0.00, connections 0.08, rest 0.01)
pluto-prod-yutengl-dev-202-3-0:2321310:2321310 [1] NCCL INFO Initialized NET plugin Socket
pluto-prod-yutengl-dev-202-3-0:2321310:2321310 [1] NCCL INFO Assigned NET plugin Socket to comm
pluto-prod-yutengl-dev-202-3-0:2321310:2321310 [1] NCCL INFO Failed to initialize any GIN plugin
pluto-prod-yutengl-dev-202-3-0:2321310:2321310 [1] NCCL INFO Using network Socket
pluto-prod-yutengl-dev-202-3-0:2321310:2321310 [1] NCCL INFO [Rank 1] ncclCommInitRank comm 0x55d20e097b40 rank 1 nranks 2 cudaDev 1 nvmlDev 1 busId 75000 commId 0xe0ea00de0e87236c - Init START
pluto-prod-yutengl-dev-202-3-0:2321310:2321310 [1] NCCL INFO Bootstrap timings to000245, ring 0.000039, delay 0.000000)
pluto-prod-yutengl-dev-202-3-0:2321309:2321309 [0] NCCL INFO MNNVL busId 0x64000 fabric UUID 0.0 cliqueId 0x0 state 3 healthMask 0x0
pluto-prod-yutengl-dev-202-3-0:2321309:2321309 [0] NCCL INFO ncclTopoGetCpuAffinity: Affinity for GPU 0 is 0-47,96-143. (GPU affinity = 0-47,96-143 ; CPU affinity = 0-47,96-143).
pluto-prod-yutengl-dev-202-3-0:2321309:2321309 [0] NCCL INFO NVLS multicast support is available on dev 0 (NVLS_NCHANNELS 16)
pluto-prod-yutengl-dev-202-3-0:2321309:2321309 [0] NCCL INFO comm 0x55c66ae03a90 rank 0 nRanks 2 nNodes 1 localRanks 2 localRank 0 MNNVL 0
pluto-prod-yutengl-dev-202-3-0:2321309:2321309 [0] NCCL INFO Channel 00/24 : 0 1
pluto-prod-yutengl-dev-202-3-0:2321309:2321309 [0] NCCL INFO Channel 01/24 : 0 1
pluto-prod-yutengl-dev-202-3-0:2321309:2321309 [0] NCCL INFO Channel 02/24 : 0 1
pluto-prod-yutengl-dev-202-3-0:2321309:2321309 [0] NCCL INFO Channel 03/24 : 0 1
pluto-prod-yutengl-dev-202-3-0:2321309:2321309 [0] NCCL INFO Channel 04/24 : 0 1
pluto-prod-yutengl-dev-202-3-0:2321309:2321309 [0] NCCL INFO Channel 05/24 : 0 1
pluto-prod-yutengl-dev-202-3-0:2321309:2321309 [0] NCCL INFO Channel 06/24 : 0 1
pluto-prod-yutengl-dev-202-3-0:2321309:2321309 [0] NCCL INFO Channel 07/24 : 0 1
pluto-prod-yutengl-dev-202-3-0:2321309:2321309 [0] NCCL INFO Channel 08/24 : 0 1
pluto-prod-yutengl-dev-202-3-0:2321309:2321309 [0] NCCL INFO Channel 09/24 : 0 1
pluto-prod-yutengl-dev-202-3-0:2321309:2321309 [0] NCCL INFO Channel 10/24 : 0 1
pluto-prod-yutengl-dev-202-3-0:2321309:2321309 [0] NCCL INFO Channel 11/24 : 0 1
pluto-prod-yutengl-dev-202-3-0:2321309:2321309 [0] NCCL INFO Channel 12/24 : 0 1
pluto-prod-yutengl-dev-202-3-0:2321309:2321309 [0] NCCL INFO Channel 13/24 : 0 1
pluto-prod-yutengl-dev-202-3-0:2321309:2321309 [0] NCCL INFO Channel 14/24 : 0 1
pluto-prod-yutengl-dev-202-3-0:2321309:2321309 [0] NCCL INFO Channel 15/24 : 0 1
pluto-prod-yutengl-dev-202-3-0:2321309:2321309 [0] NCCL INFO Channel 16/24 : 0 1
pluto-prod-yutengl-dev-202-3-0:2321309:2321309 [0] NCCL INFO Channel 17/24 : 0 1
pluto-prod-yutengl-dev-202-3-0:2321309:2321309 [0] NCCL INFO Channel 18/24 : 0 1
pluto-prod-yutengl-dev-202-3-0:2321309:2321309 [0] NCCL INFO Channel 19/24 : 0 1
pluto-prod-yutengl-dev-202-3-0:2321309:2321309 [0] NCCL INFO Channel 20/24 : 0 1
pluto-prod-yutengl-dev-202-3-0:2321309:2321309 [0] NCCL INFO Channel 21/24 : 0 1
pluto-prod-yutengl-dev-202-3-0:2321309:2321309 [0] NCCL INFO Channel 22/24 : 0 1
pluto-prod-yutengl-dev-202-3-0:2321309:2321309 [0] NCCL INFO Channel 23/24 : 0 1
pluto-prod-yutengl-dev-202-3-0:2321309:2321309 [0] NCCL INFO Trees [0] 1/-1/-1->0->-1 [1] 1/-1/-1->0->-1 [2] 1/-1/-1->0->-1 [3] 1/-1/-1->0->-1 [4] 1/-1/-1->0->-1 [5] 1/-1/-1->0->-1 [6] -1/-1/-1->0->1 [7] -1/-1/-1->0->1 [8] -1/-1/-1->0->1 [9] -1/-1/-1->0->1 [10] -1/-1/-1->0->1 [11] -1/-1/-1->0->1 [12] 1/-1/-1->0->-1 [13] 1/-1/-1->0->-1 [14] 1/-1/-1->0->-1 [15] 1/-1/-1->0->-1 [16] 1/-1/-1->0->-1 [17] 1/-1/-1->0->-1 [18] -1/-1/-1->0->1 [19] -1/-1/-1->0->1 [20] -1/-1/-1->0->1 [21] -1/-1/-1->0->1 [22] -1/-1/-1->0->1 [23] -1/-1/-1->0->1
pluto-prod-yutengl-dev-202-3-0:2321309:2321309 [0] NCCL INFO P2P Chunksize set to 524288
pluto-prod-yutengl-dev-202-3-0:2321309:2321309 [0] NCCL INFO Check P2P Type isAllDirectP2p 1 directMode 0 isAllCudaP2p 1
pluto-prod-yutengl-dev-202-3-0:2321309:2321989 [0] NCCL INFO [Proxy Service] Device 0 CPU core 41
pluto-prod-yutengl-dev-202-3-0:2321309:2321990 [0] NCCL INFO [Proxy Service UDS] Device 0 CPU core 105
pluto-prod-yutengl-dev-202-3-0:2321309:2321309 [0] NCCL INFO NET/OFI Region base Tuner is chosen for platform: p5.48xlarge
pluto-prod-yutengl-dev-202-3-0:2321309:2321309 [0] NCCL INFO NET/OFI Region Tuner init (platform 0): comm with 2 ranks and 1 nodes.
pluto-prod-yutengl-dev-202-3-0:2321309:2321309 [0] NCCL INFO NET/OFI Tuner init: comm with 2 ranks and 1 nodes.
pluto-prod-yutengl-dev-202-3-0:2321309:2321309 [0] NCCL INFO threadThresholds 8/8/64 | 16/8/64 | 512 | 512
pluto-prod-yutengl-dev-202-3-0:2321309:2321309 [0] NCCL INFO 24 coll channels, 24 collnet channels, 16 nvls channetal 0.000966 (create 0.000052, send 0.000092, recv 0.000327, ring 0.000031, delay 0.000000)
pluto-prod-yutengl-dev-202-3-0:2321310:2321310 [1] NCCL INFO MNNVL busId 0x75000 fabric UUID 0.0 cliqueId 0x0 state 3 healthMask 0x0
pluto-prod-yutengl-dev-202-3-0:2321310:2321310 [1] NCCL INFO ncclTopoGetCpuAffinity: Affinity for GPU 1 is 0-47,96-143. (GPU affinity = 0-47,96-143 ; CPU affinity = 0-47,96-143).
pluto-prod-yutengl-dev-202-3-0:2321310:2321310 [1] NCCL INFO NVLS multicast support is available on dev 1 (NVLS_NCHANNELS 16)
pluto-prod-yutengl-dev-202-3-0:2321310:2321310 [1] NCCL INFO comm 0x55d20e097b40 rank 1 nRanks 2 nNodes 1 localRanks 2 localRank 1 MNNVL 0
pluto-prod-yutengl-dev-202-3-0:2321310:2321310 [1] NCCL INFO Trees [0] -1/-1/-1->1->0 [1] -1/-1/-1->1->0 [2] -1/-1/-1->1->0 [3] -1/-1/-1->1->0 [4] -1/-1/-1->1->0 [5] -1/-1/-1->1->0 [6] 0/-1/-1->1->-1 [7] 0/-1/-1->1->-1 [8] 0/-1/-1->1->-1 [9] 0/-1/-1->1->-1 [10] 0/-1/-1->1->-1 [11] 0/-1/-1->1->-1 [12] -1/-1/-1->1->0 [13] -1/-1/-1->1->0 [14] -1/-1/-1->1->0 [15] -1/-1/-1->1->0 [16] -1/-1/-1->1->0 [17] -1/-1/-1->1->0 [18] 0/-1/-1->1->-1 [19] 0/-1/-1->1->-1 [20] 0/-1/-1->1->-1 [21] 0/-1/-1->1->-1 [22] 0/-1/-1->1->-1 [23] 0/-1/-1->1->-1
pluto-prod-yutengl-dev-202-3-0:2321310:2321310 [1] NCCL INFO P2P Chunksize set to 524288
pluto-prod-yutengl-dev-202-3-0:2321310:2321310 [1] NCCL INFO Check P2P Type isAllDirectP2p 1 directMode 0 isAllCudaP2p 1
pluto-prod-yutengl-dev-202-3-0:2321310:2321991 [0] NCCL INFO [Proxy Service] Device 1 CPU core 41
pluto-prod-yutengl-dev-202-3-0:2321310:2321992 [0] NCCL INFO [Proxy Service UDS] Device 1 CPU core 105
pluto-prod-yutengl-dev-202-3-0:2321310:2321310 [1] NCCL INFO NET/OFI Region base Tuner is chosen for platform: p5.48xlarge
pluto-prod-yutengl-dev-202-3-0:2321310:2321310 [1] NCCL INFO NET/OFI Region Tuner init (platform 0): comm with 2 ranks and 1 nodes.
pluto-prod-yutengl-dev-202-3-0:2321310:2321310 [1] NCCL INFO NET/OFI Tuner init: comm with 2 ranks and 1 nodes.
pluto-prod-yutengl-dev-202-3-0:2321310:2321310 [1] NCCL INFO threadThresholds 8/8/64 | 16/8/64 | 512 | 512
pluto-prod-yutengl-dev-202-3-0:2321310:2321310 [1] NCCL INFO 24 coll channels, 24 collnet channels, 16 nvls channels, 32 p2p channels, 32 p2p channels per peer
pluto-prod-yutengl-dev-202-3-0:2321310:2321310 [1] NCCL INFO Symmetric VA size=80GB
pluto-prod-yutengl-dev-202-3-0:2321310:2321310 [1] NCCL INFO ncclCommInitRank comm 0x55d20e097b40 rank 1 nranks 2 cudaDev 1 nvmlDev 1 busId 75000 commId 0xe0ea00de0e87236c - Init COMPLETE
pluto-prod-yutengl-dev-202-3-0:2321310:2321310 [1] NCCL INFO Init timings - ncclCommInitRank: rank 1 nranks 2 total 0.22 (kernels 0.00, alloc 0.00, bootstrap 0.00, allgathers 0.00, topo 0.02, graphs 0.00, connections 0.19, rest 0.01)
pluto-prod-yutengl-dev-202-3-0:2321310:2321310 [1] NCCL INFO Symmetric VA size=80GB
pluto-prod-yutengl-dev-202-3-0:2321310:2321310 [1] NCCL INFO Channel 00/0 : 1[1] -> 0[0] via P2P/CUMEM
pluto-prod-yutengl-dev-202-3-0:2321310:2321310 [1] NCCL INFO Channel 01/0 : 1[1] -> 0[0] via P2P/CUMEM
pluto-prod-yutengl-dev-202-3-0:2321310:2321310 [1] NCCL INFO Channel 02/0 : 1[1] -> 0[0] via P2P/CUMEM
pluto-prod-yutengl-dev-202-3-0:2321310:2321310 [1] NCCL INFO Channel 03/0 : 1[1] -> 0[0] via P2P/CUMEM
pluto-prod-yutengl-dev-202-3-0:2321310:2321310 [1] NCCL INFO Channel 04/0 : 1[1] -> 0[0] via P2P/CUMEM
pluto-prod-yutengl-dev-202-3-0:2321310:2321310 [1] NCCL INFO Channel 05/0 : 1[1] -> 0[0] via P2P/CUMEM
pluto-prod-yutengl-dev-202-3-0:2321310:2321310 [1] NCCL INFO Channel 06/0 : 1[1] -> 0[0] via P2P/CUMEM
pluto-prod-yutengl-dev-202-3-0:2321310:2321310 [1] NCCL INFO Channel 07/0 : 1[1] -> 0[0] via P2P/CUMEM
pluto-prod-yutengl-dev-202-3-0:2321310:2321310 [1] NCCL INFO Channel 08/0 : 1[1] -> 0[0] via P2P/CUMEM
pluto-prod-yutengl-dev-202-3-0:2321310:2321310 [1] NCCL INFO Channel 09/0 : 1[1] -> 0[0] via P2P/CUMEM
pluto-prod-yutengl-dev-202-3-0:2321310:2321310 [1] NCCL INFO Channel 10/0 : 1[1] -> 0[0] via P2P/CUMEM
pluto-prod-yutengl-dev-202-3-0:2321310:2321310 [1] NCCL INFO Channel 11/0 : 1[1] -> 0[0] via P2P/CUMEM
pluto-prod-yutengl-ls, 32 p2p channels, 32 p2p channels per peer
pluto-prod-yutengl-dev-202-3-0:2321309:2321309 [0] NCCL INFO Symmetric VA size=80GB
pluto-prod-yutengl-dev-202-3-0:2321309:2321309 [0] NCCL INFO CC Off, workFifoBytes 1048576
pluto-prod-yutengl-dev-202-3-0:2321309:2321309 [0] NCCL INFO ncclCommInitRank comm 0x55c66ae03a90 rank 0 nranks 2 cudaDev 0 nvmlDev 0 busId 64000 commId 0xe0ea00de0e87236c - Init COMPLETE
pluto-prod-yutengl-dev-202-3-0:2321309:2321309 [0] NCCL INFO Init timings - ncclCommInitRank: rank 0 nranks 2 total 0.22 (kernels 0.00, alloc 0.00, bootstrap 0.00, allgathers 0.00, topo 0.02, graphs 0.00, connections 0.19, rest 0.01)
pluto-prod-yutengl-dev-202-3-0:2321309:2321309 [0] NCCL INFO Symmetric VA size=80GB
pluto-prod-yutengl-dev-202-3-0:2321309:2321309 [0] NCCL INFO Channel 00/0 : 0[0] -> 1[1] via P2P/CUMEM
pluto-prod-yutengl-dev-202-3-0:2321309:2321309 [0] NCCL INFO Channel 01/0 : 0[0] -> 1[1] via P2P/CUMEM
pluto-prod-yutengl-dev-202-3-0:2321309:2321309 [0] NCCL INFO Channel 02/0 : 0[0] -> 1[1] via P2P/CUMEM
pluto-prod-yutengl-dev-202-3-0:2321309:2321309 [0] NCCL INFO Channel 03/0 : 0[0] -> 1[1] via P2P/CUMEM
pluto-prod-yutengl-dev-202-3-0:2321309:2321309 [0] NCCL INFO Channel 04/0 : 0[0] -> 1[1] via P2P/CUMEM
pluto-prod-yutengl-dev-202-3-0:2321309:2321309 [0] NCCL INFO Channel 05/0 : 0[0] -> 1[1] via P2P/CUMEM
pluto-prod-yutengl-dev-202-3-0:2321309:2321309 [0] NCCL INFO Channel 06/0 : 0[0] -> 1[1] via P2P/CUMEM
pluto-prod-yutengl-dev-202-3-0:2321309:2321309 [0] NCCL INFO Channel 07/0 : 0[0] -> 1[1] via P2P/CUMEM
pluto-prod-yutengl-dev-202-3-0:2321309:2321309 [0] NCCL INFO Channel 08/0 : 0[0] -> 1[1] via P2P/CUMEM
pluto-prod-yutengl-dev-202-3-0:2321309:2321309 [0] NCCL INFO Channel 09/0 : 0[0] -> 1[1] via P2P/CUMEM
pluto-prod-yutengl-dev-202-3-0:2321309:2321309 [0] NCCL INFO Channel 10/0 : 0[0] -> 1[1] via P2P/CUMEM
pluto-prod-yutengl-dev-202-3-0:2321309:2321309 [0] NCCL INFO Channel 11/0 : 0[0] -> 1[1] via P2P/CUMEM
pluto-prod-yutengl-dev-202-3-0:2321309:2321309 [0] NCCL INFO Channel 12/0 : 0[0] -> 1[1] via P2P/CUMEM
pluto-prod-yutengl-dev-202-3-0:2321309:2321309 [0] NCCL INFO Channel 13/0 : 0[0] -> 1[1] via P2P/CUMEM
pluto-prod-yutengl-dev-202-3-0:2321309:2321309 [0] NCCL INFO Channel 14/0 : 0[0] -> 1[1] via P2P/CUMEM
pluto-prod-yutengl-dev-202-3-0:2321309:2321309 [0] NCCL INFO Channel 15/0 : 0[0] -> 1[1] via P2P/CUMEM
pluto-prod-yutengl-dev-202-3-0:2321309:2321309 [0] NCCL INFO Channel 16/0 : 0[0] -> 1[1] via P2P/CUMEM
pluto-prod-yutengl-dev-202-3-0:2321309:2321309 [0] NCCL INFO Channel 17/0 : 0[0] -> 1[1] via P2P/CUMEM
pluto-prod-yutengl-dev-202-3-0:2321309:2321309 [0] NCCL INFO Channel 18/0 : 0[0] -> 1[1] via P2P/CUMEM
pluto-prod-yutengl-dev-202-3-0:2321309:2321309 [0] NCCL INFO Channel 19/0 : 0[0] -> 1[1] via P2P/CUMEM
pluto-prod-yutengl-dev-202-3-0:2321309:2321309 [0] NCCL INFO Channel 20/0 : 0[0] -> 1[1] via P2P/CUMEM
pluto-prod-yutengl-dev-202-3-0:2321309:2321309 [0] NCCL INFO Channel 21/0 : 0[0] -> 1[1] via P2P/CUMEM
pluto-prod-yutengl-dev-202-3-0:2321309:2321309 [0] NCCL INFO Channel 22/0 : 0[0] -> 1[1] via P2P/CUMEM
pluto-prod-yutengl-dev-202-3-0:2321309:2321309 [0] NCCL INFO Channel 23/0 : 0[0] -> 1[1] via P2P/CUMEM
pluto-prod-yutengl-dev-202-3-0:2321309:2321309 [0] NCCL INFO Connected all rings, use ring PXN 0 GDR 1
pluto-prod-yutengl-dev-202-3-0:2321309:2321309 [0] NCCL INFO Rank 0 has color with NCCL_SPLIT_NOCOLOR, not creating a new communicator
pluto-prod-yutengl-dev-202-3-0:2321309:2321309 [0] NCCL INFO Rank 0 has color with NCCL_SPLIT_NOCOLOR, not creating a new communicator
pluto-prod-yutengl-dev-202-3-0:2321309:2321309 [0] NCCL INFO Rank 0 has color with NCCL_SPLIT_NOCOLOR, not creating a new communicator
pluto-prod-yutengl-dev-202-3-0:2321309:2321309 [0] NCCL INFO Rank 0 has color with NCCL_SPLIT_NOCOLOR, not creating a new communicator
pluto-prod-yutengl-dev-202-3-0:2321309:2321309 [0] NCCL INFO Rank 0 has color with NCCL_SPLIT_NOCOLOR, not creating a new communicator
pluto-prod-yutengl-dev-202-3-0:2321309:2321309 [0] NCCL INFO Rank 0 has color with NCCL_SPLIT_NOCOLOR, not creating a ndev-202-3-0:2321310:2321310 [1] NCCL INFO Channel 12/0 : 1[1] -> 0[0] via P2P/CUMEM
pluto-prod-yutengl-dev-202-3-0:2321310:2321310 [1] NCCL INFO Channel 13/0 : 1[1] -> 0[0] via P2P/CUMEM
pluto-prod-yutengl-dev-202-3-0:2321310:2321310 [1] NCCL INFO Channel 14/0 : 1[1] -> 0[0] via P2P/CUMEM
pluto-prod-yutengl-dev-202-3-0:2321310:2321310 [1] NCCL INFO Channel 15/0 : 1[1] -> 0[0] via P2P/CUMEM
pluto-prod-yutengl-dev-202-3-0:2321310:2321310 [1] NCCL INFO Channel 16/0 : 1[1] -> 0[0] via P2P/CUMEM
pluto-prod-yutengl-dev-202-3-0:2321310:2321310 [1] NCCL INFO Channel 17/0 : 1[1] -> 0[0] via P2P/CUMEM
pluto-prod-yutengl-dev-202-3-0:2321310:2321310 [1] NCCL INFO Channel 18/0 : 1[1] -> 0[0] via P2P/CUMEM
pluto-prod-yutengl-dev-202-3-0:2321310:2321310 [1] NCCL INFO Channel 19/0 : 1[1] -> 0[0] via P2P/CUMEM
pluto-prod-yutengl-dev-202-3-0:2321310:2321310 [1] NCCL INFO Channel 20/0 : 1[1] -> 0[0] via P2P/CUMEM
pluto-prod-yutengl-dev-202-3-0:2321310:2321310 [1] NCCL INFO Channel 21/0 : 1[1] -> 0[0] via P2P/CUMEM
pluto-prod-yutengl-dev-202-3-0:2321310:2321310 [1] NCCL INFO Channel 22/0 : 1[1] -> 0[0] via P2P/CUMEM
pluto-prod-yutengl-dev-202-3-0:2321310:2321310 [1] NCCL INFO Channel 23/0 : 1[1] -> 0[0] via P2P/CUMEM
pluto-prod-yutengl-dev-202-3-0:2321310:2321310 [1] NCCL INFO Connected all rings, use ring PXN 0 GDR 1
pluto-prod-yutengl-dev-202-3-0:2321310:2321310 [1] NCCL INFO Rank 1 has color with NCCL_SPLIT_NOCOLOR, not creating a new communicator
pluto-prod-yutengl-dev-202-3-0:2321310:2321310 [1] NCCL INFO Rank 1 has color with NCCL_SPLIT_NOCOLOR, not creating a new communicator
pluto-prod-yutengl-dev-202-3-0:2321310:2321310 [1] NCCL INFO Rank 1 has color with NCCL_SPLIT_NOCOLOR, not creating a new communicator
pluto-prod-yutengl-dev-202-3-0:2321310:2321310 [1] NCCL INFO Rank 1 has color with NCCL_SPLIT_NOCOLOR, not creating a new communicator
pluto-prod-yutengl-dev-202-3-0:2321310:2321310 [1] NCCL INFO Rank 1 has color with NCCL_SPLIT_NOCOLOR, not creating a new communicator
pluto-prod-yutengl-dev-202-3-0:2321310:2321310 [1] NCCL INFO Rank 1 has color with NCCL_SPLIT_NOCOLOR, not creating a new communicator
pluto-prod-yutengl-dev-202-3-0:2321310:2321310 [1] NCCL INFO Rank 1 has color with NCCL_SPLIT_NOCOLOR, not creating a new communicator
pluto-prod-yutengl-dev-202-3-0:2321310:2321310 [1] NCCL INFO Rank 1 has color with NCCL_SPLIT_NOCOLOR, not creating a new communicator
pluto-prod-yutengl-dev-202-3-0:2321310:2321310 [1] NCCL INFO Rank 1 has color with NCCL_SPLIT_NOCOLOR, not creating a new communicator
pluto-prod-yutengl-dev-202-3-0:2321310:2321310 [1] NCCL INFO Rank 1 has color with NCCL_SPLIT_NOCOLOR, not creating a new communicator
pluto-prod-yutengl-dev-202-3-0:2321310:2321310 [1] NCCL INFO Rank 1 has color with NCCL_SPLIT_NOCOLOR, not creating a new communicator
pluto-prod-yutengl-dev-202-3-0:2321310:2321310 [1] NCCL INFO Comm config Blocking set to 1
pluto-prod-yutengl-dev-202-3-0:2321310:2321310 [1] NCCL INFO Initialized NET plugin Socket
pluto-prod-yutengl-dev-202-3-0:2321310:2321310 [1] NCCL INFO Assigned NET plugin Socket to comm
pluto-prod-yutengl-dev-202-3-0:2321310:2321310 [1] NCCL INFO Failed to initialize any GIN plugin
pluto-prod-yutengl-dev-202-3-0:2321310:2321310 [1] NCCL INFO Using network Socket
pluto-prod-yutengl-dev-202-3-0:2321310:2321310 [1] NCCL INFO ncclCommSplit comm 0x55d20e4b5930 rank 1 nranks 2 cudaDev 1 nvmlDev 1 busId 75000 parent 0x55d204bba130 childCount 16 color 2130503744 key 1- Init START
pluto-prod-yutengl-dev-202-3-0:2321310:2321310 [1] NCCL INFO MNNVL busId 0x75000 fabric UUID 0.0 cliqueId 0x0 state 3 healthMask 0x0
pluto-prod-yutengl-dev-202-3-0:2321310:2321310 [1] NCCL INFO ncclTopoGetCpuAffinity: Affinity for GPU 1 is 0-47,96-143. (GPU affinity = 0-47,96-143 ; CPU affinity = 0-47,96-143).
pluto-prod-yutengl-dev-202-3-0:2321310:2321310 [1] NCCL INFO NVLS multicast support is available on dev 1 (NVLS_NCHANNELS 16)
pluto-prod-yutengl-dev-202-3-0:2321310:2321310 [1] NCCL INFO comm 0x55d20e4b5930 rank 1 nRanks 2 nNodes 1 localRanks 2 localRank 1 MNNVL 0
pluto-prod-yutengl-dev-202-3-0:2321310:2321ew communicator
pluto-prod-yutengl-dev-202-3-0:2321309:2321309 [0] NCCL INFO Rank 0 has color with NCCL_SPLIT_NOCOLOR, not creating a new communicator
pluto-prod-yutengl-dev-202-3-0:2321309:2321309 [0] NCCL INFO Rank 0 has color with NCCL_SPLIT_NOCOLOR, not creating a new communicator
pluto-prod-yutengl-dev-202-3-0:2321309:2321309 [0] NCCL INFO Rank 0 has color with NCCL_SPLIT_NOCOLOR, not creating a new communicator
pluto-prod-yutengl-dev-202-3-0:2321309:2321309 [0] NCCL INFO Rank 0 has color with NCCL_SPLIT_NOCOLOR, not creating a new communicator
pluto-prod-yutengl-dev-202-3-0:2321309:2321309 [0] NCCL INFO Rank 0 has color with NCCL_SPLIT_NOCOLOR, not creating a new communicator
pluto-prod-yutengl-dev-202-3-0:2321309:2321309 [0] NCCL INFO Comm config Blocking set to 1
pluto-prod-yutengl-dev-202-3-0:2321309:2321309 [0] NCCL INFO Initialized NET plugin Socket
pluto-prod-yutengl-dev-202-3-0:2321309:2321309 [0] NCCL INFO Assigned NET plugin Socket to comm
pluto-prod-yutengl-dev-202-3-0:2321309:2321309 [0] NCCL INFO Failed to initialize any GIN plugin
pluto-prod-yutengl-dev-202-3-0:2321309:2321309 [0] NCCL INFO Using network Socket
pluto-prod-yutengl-dev-202-3-0:2321309:2321309 [0] NCCL INFO ncclCommSplit comm 0x55c66b2213f0 rank 0 nranks 2 cudaDev 0 nvmlDev 0 busId 64000 parent 0x55c661920560 childCount 16 color 2130503744 key 0- Init START
pluto-prod-yutengl-dev-202-3-0:2321309:2321309 [0] NCCL INFO MNNVL busId 0x64000 fabric UUID 0.0 cliqueId 0x0 state 3 healthMask 0x0
pluto-prod-yutengl-dev-202-3-0:2321309:2321309 [0] NCCL INFO ncclTopoGetCpuAffinity: Affinity for GPU 0 is 0-47,96-143. (GPU affinity = 0-47,96-143 ; CPU affinity = 0-47,96-143).
pluto-prod-yutengl-dev-202-3-0:2321309:2321309 [0] NCCL INFO NVLS multicast support is available on dev 0 (NVLS_NCHANNELS 16)
pluto-prod-yutengl-dev-202-3-0:2321309:2321309 [0] NCCL INFO comm 0x55c66b2213f0 rank 0 nRanks 2 nNodes 1 localRanks 2 localRank 0 MNNVL 0
pluto-prod-yutengl-dev-202-3-0:2321309:2321309 [0] NCCL INFO Channel 00/24 : 0 1
pluto-prod-yutengl-dev-202-3-0:2321309:2321309 [0] NCCL INFO Channel 01/24 : 0 1
pluto-prod-yutengl-dev-202-3-0:2321309:2321309 [0] NCCL INFO Channel 02/24 : 0 1
pluto-prod-yutengl-dev-202-3-0:2321309:2321309 [0] NCCL INFO Channel 03/24 : 0 1
pluto-prod-yutengl-dev-202-3-0:2321309:2321309 [0] NCCL INFO Channel 04/24 : 0 1
pluto-prod-yutengl-dev-202-3-0:2321309:2321309 [0] NCCL INFO Channel 05/24 : 0 1
pluto-prod-yutengl-dev-202-3-0:2321309:2321309 [0] NCCL INFO Channel 06/24 : 0 1
pluto-prod-yutengl-dev-202-3-0:2321309:2321309 [0] NCCL INFO Channel 07/24 : 0 1
pluto-prod-yutengl-dev-202-3-0:2321309:2321309 [0] NCCL INFO Channel 08/24 : 0 1
pluto-prod-yutengl-dev-202-3-0:2321309:2321309 [0] NCCL INFO Channel 09/24 : 0 1
pluto-prod-yutengl-dev-202-3-0:2321309:2321309 [0] NCCL INFO Channel 10/24 : 0 1
pluto-prod-yutengl-dev-202-3-0:2321309:2321309 [0] NCCL INFO Channel 11/24 : 0 1
pluto-prod-yutengl-dev-202-3-0:2321309:2321309 [0] NCCL INFO Channel 12/24 : 0 1
pluto-prod-yutengl-dev-202-3-0:2321309:2321309 [0] NCCL INFO Channel 13/24 : 0 1
pluto-prod-yutengl-dev-202-3-0:2321309:2321309 [0] NCCL INFO Channel 14/24 : 0 1
pluto-prod-yutengl-dev-202-3-0:2321309:2321309 [0] NCCL INFO Channel 15/24 : 0 1
pluto-prod-yutengl-dev-202-3-0:2321309:2321309 [0] NCCL INFO Channel 16/24 : 0 1
pluto-prod-yutengl-dev-202-3-0:2321309:2321309 [0] NCCL INFO Channel 17/24 : 0 1
pluto-prod-yutengl-dev-202-3-0:2321309:2321309 [0] NCCL INFO Channel 18/24 : 0 1
pluto-prod-yutengl-dev-202-3-0:2321309:2321309 [0] NCCL INFO Channel 19/24 : 0 1
pluto-prod-yutengl-dev-202-3-0:2321309:2321309 [0] NCCL INFO Channel 20/24 : 0 1
pluto-prod-yutengl-dev-202-3-0:2321309:2321309 [0] NCCL INFO Channel 21/24 : 0 1
pluto-prod-yutengl-dev-202-3-0:2321309:2321309 [0] NCCL INFO Channel 22/24 : 0 1
pluto-prod-yutengl-dev-202-3-0:2321309:2321309 [0] NCCL INFO Channel 23/24 : 0 1
pluto-prod-yutengl-dev-202-3-0:2321309:2321309 [0] NCCL INFO Trees [0] 1/-1/-1->0->-1 [1] 1/-1/-1->0->-1 [2] 1/-1/-1->0->-1 [3] 1/-1/-1->0->-1 [4] 1/-1/-1->0->-1 [5] 1/-1/-1->0->-1 [6] -1/-1/-1->0->1 [7] -1/-1/-1-[09-15 17:31:27] Found nccl from library libnccl.so.2
[09-15 17:31:27] sglang-diffusion is using nccl==2.29.7
>0->1 [8] -1/-1/-1->0->1 [9] -1/-1/-1->0->1 [10] -1/-1/-1->0->1 [11] -1/-1/-1->0->1 [12] 1/-1/-1->0->-1 [13] 1/-1/-1->0->-1 [14] 1/-1/-1->0->-1 [15] 1/-1/-1->0->-1 [16] 1/-1/-1->0->-1 [17] 1/-1/-1->0->-1 [18] -1/-1/-1->0->1 [19] -1/-1/-1->0->1 [20] -1/-1/-1->0->1 [21] -1/-1/-1->0->1 [22] -1/-1/-1->0->1 [23] -1/-1/-1->0->1
pluto-prod-yutengl-dev-202-3-0:2321309:2321309 [0] NCCL INFO P2P Chunksize set to 524288
pluto-prod-yutengl-dev-202-3-0:2321309:2321309 [0] NCCL INFO Check P2P Type isAllDirectP2p 1 directMode 0 isAllCudaP2p 1
pluto-prod-yutengl-dev-202-3-0:2321309:2322064 [0] NCCL INFO [Proxy Service] Device 0 CPU core 134
pluto-prod-yutengl-dev-202-3-0:2321309:2322066 [0] NCCL INFO [Proxy Service UDS] Device 0 CPU core 139
pluto-prod-yutengl-dev-202-3-0:2321309:2321309 [0] NCCL INFO NET/OFI Region base Tuner is chosen for platform: p5.48xlarge
pluto-prod-yutengl-dev-202-3-0:2321309:2321309 [0] NCCL INFO NET/OFI Region Tuner init (platform 0): comm with 2 ranks and 1 nodes.
pluto-prod-yutengl-dev-202-3-0:2321309:2321309 [0] NCCL INFO NET/OFI Tuner init: comm with 2 ranks and 1 nodes.
pluto-prod-yutengl-dev-202-3-0:2321309:2321309 [0] NCCL INFO threadThresholds 8/8/64 | 16/8/64 | 512 | 512
pluto-prod-yutengl-dev-202-3-0:2321309:2321309 [0] NCCL INFO 24 coll channels, 24 collnet channels, 16 nvls channels, 32 p2p channels, 32 p2p channels per peer
pluto-prod-yutengl-dev-202-3-0:2321309:2321309 [0] NCCL INFO Symmetric VA size=80GB
pluto-prod-yutengl-dev-202-3-0:2321309:2321309 [0] NCCL INFO CC Off, workFifoBytes 1048576
pluto-prod-yutengl-dev-202-3-0:2321309:2321309 [0] NCCL INFO ncclCommSplit comm 0x55c66b2213f0 rank 0 nranks 2 cudaDev 0 nvmlDev 0 busId 64000 parent 0x55c661920560 childCount 16 color 2130503744 key 0 - Init COMPLETE
pluto-prod-yutengl-dev-202-3-0:2321309:2321309 [0] NCCL INFO Init timings - ncclCommSplit: rank 0 nranks 2 total 0.12 (kernels 0.00, alloc 0.00, bootstrap 0.00, allgathers 0.00, topo 0.02, graphs 0.00, connections 0.08, rest 0.01)
pluto-prod-yutengl-dev-202-3-0:2321309:2321309 [0] NCCL INFO Initialized NET plugin Socket
pluto-prod-yutengl-dev-202-3-0:2321309:2321309 [0] NCCL INFO Assigned NET plugin Socket to comm
pluto-prod-yutengl-dev-202-3-0:2321309:2321309 [0] NCCL INFO Failed to initialize any GIN plugin
pluto-prod-yutengl-dev-202-3-0:2321309:2321309 [0] NCCL INFO Using network Socket
pluto-prod-yutengl-dev-202-3-0:2321309:2321309 [0] NCCL INFO [Rank 0] ncclCommInitRank comm 0x55c66b5c6980 rank 0 nranks 2 cudaDev 0 nvmlDev 0 busId 64000 commId 0xa3ae04521920fbbe - Init START
pluto-prod-yutengl-dev-202-3-0:2321309:2321309 [0] NCCL INFO Bootstrap timings total 0.000737 (create 0.000051, send 0.000120, recv 0.000247, ring 0.000027, delay 0.000000)
pluto-prod-yutengl-dev-202-3-0:2321309:2321309 [0] NCCL INFO MNNVL busId 0x64000 fabric UUID 0.0 cliqueId 0x0 state 3 healthMask 0x0
pluto-prod-yutengl-dev-202-3-0:2321309:2321309 [0] NCCL INFO ncclTopoGetCpuAffinity: Affinity for GPU 0 is 0-47,96-143. (GPU affinity = 0-47,96-143 ; CPU affinity = 0-47,96-143).
pluto-prod-yutengl-dev-202-3-0:2321309:2321309 [0] NCCL INFO NVLS multicast support is available on dev 0 (NVLS_NCHANNELS 16)
pluto-prod-yutengl-dev-202-3-0:2321309:2321309 [0] NCCL INFO comm 0x55c66b5c6980 rank 0 nRanks 2 nNodes 1 localRanks 2 localRank 0 MNNVL 0
pluto-prod-yutengl-dev-202-3-0:2321309:2321309 [0] NCCL INFO Channel 00/24 : 0 1
pluto-prod-yutengl-dev-202-3-0:2321309:2321309 [0] NCCL INFO Channel 01/24 : 0 1
pluto-prod-yutengl-dev-202-3-0:2321309:2321309 [0] NCCL INFO Channel 02/24 : 0 1
pluto-prod-yutengl-dev-202-3-0:2321309:2321309 [0] NCCL INFO Channel 03/24 : 0 1
pluto-prod-yutengl-dev-202-3-0:2321309:2321309 [0] NCCL INFO Channel 04/24 : 0 1
pluto-prod-yutengl-dev-202-3-0:2321309:2321309 [0] NCCL INFO Channel 05/24 : 0 1
pluto-prod-yutengl-dev-202-3-0:2321309:2321309 [0] NCCL INFO Channel 06/24 : 0 1
pluto-prod-yutengl-dev-202-3-0:2321309:2321309 [0] NCCL INFO Channel 07/24 : 0 1
pluto-prod-yutengl-dev-202-3-0:2321309:2321309 [0] NCCL INFO Channel 08/24 : 0 1
pluto-prod-yutengl-dev-202-3-0:2321309:2321309 [0] NCCL INFO Ch310 [1] NCCL INFO Trees [0] -1/-1/-1->1->0 [1] -1/-1/-1->1->0 [2] -1/-1/-1->1->0 [3] -1/-1/-1->1->0 [4] -1/-1/-1->1->0 [5] -1/-1/-1->1->0 [6] 0/-1/-1->1->-1 [7] 0/-1/-1->1->-1 [8] 0/-1/-1->1->-1 [9] 0/-1/-1->1->-1 [10] 0/-1/-1->1->-1 [11] 0/-1/-1->1->-1 [12] -1/-1/-1->1->0 [13] -1/-1/-1->1->0 [14] -1/-1/-1->1->0 [15] -1/-1/-1->1->0 [16] -1/-1/-1->1->0 [17] -1/-1/-1->1->0 [18] 0/-1/-1->1->-1 [19] 0/-1/-1->1->-1 [20] 0/-1/-1->1->-1 [21] 0/-1/-1->1->-1 [22] 0/-1/-1->1->-1 [23] 0/-1/-1->1->-1
pluto-prod-yutengl-dev-202-3-0:2321310:2321310 [1] NCCL INFO P2P Chunksize set to 524288
pluto-prod-yutengl-dev-202-3-0:2321310:2321310 [1] NCCL INFO Check P2P Type isAllDirectP2p 1 directMode 0 isAllCudaP2p 1
pluto-prod-yutengl-dev-202-3-0:2321310:2322065 [0] NCCL INFO [Proxy Service UDS] Device 1 CPU core 127
pluto-prod-yutengl-dev-202-3-0:2321310:2322063 [0] NCCL INFO [Proxy Service] Device 1 CPU core 113
pluto-prod-yutengl-dev-202-3-0:2321310:2321310 [1] NCCL INFO NET/OFI Region base Tuner is chosen for platform: p5.48xlarge
pluto-prod-yutengl-dev-202-3-0:2321310:2321310 [1] NCCL INFO NET/OFI Region Tuner init (platform 0): comm with 2 ranks and 1 nodes.
pluto-prod-yutengl-dev-202-3-0:2321310:2321310 [1] NCCL INFO NET/OFI Tuner init: comm with 2 ranks and 1 nodes.
pluto-prod-yutengl-dev-202-3-0:2321310:2321310 [1] NCCL INFO threadThresholds 8/8/64 | 16/8/64 | 512 | 512
pluto-prod-yutengl-dev-202-3-0:2321310:2321310 [1] NCCL INFO 24 coll channels, 24 collnet channels, 16 nvls channels, 32 p2p channels, 32 p2p channels per peer
pluto-prod-yutengl-dev-202-3-0:2321310:2321310 [1] NCCL INFO Symmetric VA size=80GB
pluto-prod-yutengl-dev-202-3-0:2321310:2321310 [1] NCCL INFO ncclCommSplit comm 0x55d20e4b5930 rank 1 nranks 2 cudaDev 1 nvmlDev 1 busId 75000 parent 0x55d204bba130 childCount 16 color 2130503744 key 1 - Init COMPLETE
pluto-prod-yutengl-dev-202-3-0:2321310:2321310 [1] NCCL INFO Init timings - ncclCommSplit: rank 1 nranks 2 total 0.12 (kernels 0.00, alloc 0.00, bootstrap 0.00, allgathers 0.00, topo 0.02, graphs 0.00, connections 0.08, rest 0.01)
pluto-prod-yutengl-dev-202-3-0:2321310:2321310 [1] NCCL INFO Initialized NET plugin Socket
pluto-prod-yutengl-dev-202-3-0:2321310:2321310 [1] NCCL INFO Assigned NET plugin Socket to comm
pluto-prod-yutengl-dev-202-3-0:2321310:2321310 [1] NCCL INFO Failed to initialize any GIN plugin
pluto-prod-yutengl-dev-202-3-0:2321310:2321310 [1] NCCL INFO Using network Socket
pluto-prod-yutengl-dev-202-3-0:2321310:2321310 [1] NCCL INFO [Rank 1] ncclCommInitRank comm 0x55d20e85a8b0 rank 1 nranks 2 cudaDev 1 nvmlDev 1 busId 75000 commId 0xa3ae04521920fbbe - Init START
pluto-prod-yutengl-dev-202-3-0:2321310:2321310 [1] NCCL INFO Bootstrap timings total 0.000657 (create 0.000063, send 0.000091, recv 0.000306, ring 0.000027, delay 0.000000)
pluto-prod-yutengl-dev-202-3-0:2321310:2321310 [1] NCCL INFO MNNVL busId 0x75000 fabric UUID 0.0 cliqueId 0x0 state 3 healthMask 0x0
pluto-prod-yutengl-dev-202-3-0:2321310:2321310 [1] NCCL INFO ncclTopoGetCpuAffinity: Affinity for GPU 1 is 0-47,96-143. (GPU affinity = 0-47,96-143 ; CPU affinity = 0-47,96-143).
pluto-prod-yutengl-dev-202-3-0:2321310:2321310 [1] NCCL INFO NVLS multicast support is available on dev 1 (NVLS_NCHANNELS 16)
pluto-prod-yutengl-dev-202-3-0:2321310:2321310 [1] NCCL INFO comm 0x55d20e85a8b0 rank 1 nRanks 2 nNodes 1 localRanks 2 localRank 1 MNNVL 0
pluto-prod-yutengl-dev-202-3-0:2321310:2321310 [1] NCCL INFO Trees [0] -1/-1/-1->1->0 [1] -1/-1/-1->1->0 [2] -1/-1/-1->1->0 [3] -1/-1/-1->1->0 [4] -1/-1/-1->1->0 [5] -1/-1/-1->1->0 [6] 0/-1/-1->1->-1 [7] 0/-1/-1->1->-1 [8] 0/-1/-1->1->-1 [9] 0/-1/-1->1->-1 [10] 0/-1/-1->1->-1 [11] 0/-1/-1->1->-1 [12] -1/-1/-1->1->0 [13] -1/-1/-1->1->0 [14] -1/-1/-1->1->0 [15] -1/-1/-1->1->0 [16] -1/-1/-1->1->0 [17] -1/-1/-1->1->0 [18] 0/-1/-1->1->-1 [19] 0/-1/-1->1->-1 [20] 0/-1/-1->1->-1 [21] 0/-1/-1->1->-1 [22] 0/-1/-1->1->-1 [23] 0/-1/-1->1->-1
pluto-prod-yutengl-dev-202-3-0:2321310:2321310 [1] NCCL INFO P2P Chunksize set to 524288
pluto-prod-yutengl-dev-202-3-0:2321310:2321310 [1] NCCL INFO Check P2P Type isAllDirectannel 09/24 : 0 1
pluto-prod-yutengl-dev-202-3-0:2321309:2321309 [0] NCCL INFO Channel 10/24 : 0 1
pluto-prod-yutengl-dev-202-3-0:2321309:2321309 [0] NCCL INFO Channel 11/24 : 0 1
pluto-prod-yutengl-dev-202-3-0:2321309:2321309 [0] NCCL INFO Channel 12/24 : 0 1
pluto-prod-yutengl-dev-202-3-0:2321309:2321309 [0] NCCL INFO Channel 13/24 : 0 1
pluto-prod-yutengl-dev-202-3-0:2321309:2321309 [0] NCCL INFO Channel 14/24 : 0 1
pluto-prod-yutengl-dev-202-3-0:2321309:2321309 [0] NCCL INFO Channel 15/24 : 0 1
pluto-prod-yutengl-dev-202-3-0:2321309:2321309 [0] NCCL INFO Channel 16/24 : 0 1
pluto-prod-yutengl-dev-202-3-0:2321309:2321309 [0] NCCL INFO Channel 17/24 : 0 1
pluto-prod-yutengl-dev-202-3-0:2321309:2321309 [0] NCCL INFO Channel 18/24 : 0 1
pluto-prod-yutengl-dev-202-3-0:2321309:2321309 [0] NCCL INFO Channel 19/24 : 0 1
pluto-prod-yutengl-dev-202-3-0:2321309:2321309 [0] NCCL INFO Channel 20/24 : 0 1
pluto-prod-yutengl-dev-202-3-0:2321309:2321309 [0] NCCL INFO Channel 21/24 : 0 1
pluto-prod-yutengl-dev-202-3-0:2321309:2321309 [0] NCCL INFO Channel 22/24 : 0 1
pluto-prod-yutengl-dev-202-3-0:2321309:2321309 [0] NCCL INFO Channel 23/24 : 0 1
pluto-prod-yutengl-dev-202-3-0:2321309:2321309 [0] NCCL INFO Trees [0] 1/-1/-1->0->-1 [1] 1/-1/-1->0->-1 [2] 1/-1/-1->0->-1 [3] 1/-1/-1->0->-1 [4] 1/-1/-1->0->-1 [5] 1/-1/-1->0->-1 [6] -1/-1/-1->0->1 [7] -1/-1/-1->0->1 [8] -1/-1/-1->0->1 [9] -1/-1/-1->0->1 [10] -1/-1/-1->0->1 [11] -1/-1/-1->0->1 [12] 1/-1/-1->0->-1 [13] 1/-1/-1->0->-1 [14] 1/-1/-1->0->-1 [15] 1/-1/-1->0->-1 [16] 1/-1/-1->0->-1 [17] 1/-1/-1->0->-1 [18] -1/-1/-1->0->1 [19] -1/-1/-1->0->1 [20] -1/-1/-1->0->1 [21] -1/-1/-1->0->1 [22] -1/-1/-1->0->1 [23] -1/-1/-1->0->1
pluto-prod-yutengl-dev-202-3-0:2321309:2321309 [0] NCCL INFO P2P Chunksize set to 524288
pluto-prod-yutengl-dev-202-3-0:2321309:2321309 [0] NCCL INFO Check P2P Type isAllDirectP2p 1 directMode 0 isAllCudaP2p 1
pluto-prod-yutengl-dev-202-3-0:2321309:2322075 [0] NCCL INFO [Proxy Service] Device 0 CPU core 141
pluto-prod-yutengl-dev-202-3-0:2321309:2322077 [0] NCCL INFO [Proxy Service UDS] Device 0 CPU core 133
pluto-prod-yutengl-dev-202-3-0:2321309:2321309 [0] NCCL INFO NET/OFI Region base Tuner is chosen for platform: p5.48xlarge
pluto-prod-yutengl-dev-202-3-0:2321309:2321309 [0] NCCL INFO NET/OFI Region Tuner init (platform 0): comm with 2 ranks and 1 nodes.
pluto-prod-yutengl-dev-202-3-0:2321309:2321309 [0] NCCL INFO NET/OFI Tuner init: comm with 2 ranks and 1 nodes.
pluto-prod-yutengl-dev-202-3-0:2321309:2321309 [0] NCCL INFO threadThresholds 8/8/64 | 16/8/64 | 512 | 512
pluto-prod-yutengl-dev-202-3-0:2321309:2321309 [0] NCCL INFO 24 coll channels, 24 collnet channels, 16 nvls channels, 32 p2p channels, 32 p2p channels per peer
pluto-prod-yutengl-dev-202-3-0:2321309:2321309 [0] NCCL INFO Symmetric VA size=80GB
pluto-prod-yutengl-dev-202-3-0:2321309:2321309 [0] NCCL INFO CC Off, workFifoBytes 1048576
pluto-prod-yutengl-dev-202-3-0:2321309:2321309 [0] NCCL INFO ncclCommInitRank comm 0x55c66b5c6980 rank 0 nranks 2 cudaDev 0 nvmlDev 0 busId 64000 commId 0xa3ae04521920fbbe - Init COMPLETE
pluto-prod-yutengl-dev-202-3-0:2321309:2321309 [0] NCCL INFO Init timings - ncclCommInitRank: rank 0 nranks 2 total 0.11 (kernels 0.00, alloc 0.00, bootstrap 0.00, allgathers 0.00, topo 0.02, graphs 0.00, connections 0.08, rest 0.01)
pluto-prod-yutengl-dev-202-3-0:2321309:2321309 [0] NCCL INFO Symmetric VA size=80GB
pluto-prod-yutengl-dev-202-3-0:2321309:2321309 [0] NCCL INFO Channel 00/0 : 0[0] -> 1[1] via P2P/CUMEM
pluto-prod-yutengl-dev-202-3-0:2321309:2321309 [0] NCCL INFO Channel 01/0 : 0[0] -> 1[1] via P2P/CUMEM
pluto-prod-yutengl-dev-202-3-0:2321309:2321309 [0] NCCL INFO Channel 02/0 : 0[0] -> 1[1] via P2P/CUMEM
pluto-prod-yutengl-dev-202-3-0:2321309:2321309 [0] NCCL INFO Channel 03/0 : 0[0] -> 1[1] via P2P/CUMEM
pluto-prod-yutengl-dev-202-3-0:2321309:2321309 [0] NCCL INFO Channel 04/0 : 0[0] -> 1[1] via P2P/CUMEM
pluto-prod-yutengl-dev-202-3-0:2321309:2321309 [0] NCCL INFO Channel 05/0 : 0[0] -> 1[1] via P2P/CUMEM
pluto-prod-yutengl-dev-202-3-0:2321309:2321309 [0] NCCL INFO CP2p 1 directMode 0 isAllCudaP2p 1
pluto-prod-yutengl-dev-202-3-0:2321310:2322074 [0] NCCL INFO [Proxy Service] Device 1 CPU core 30
pluto-prod-yutengl-dev-202-3-0:2321310:2322076 [0] NCCL INFO [Proxy Service UDS] Device 1 CPU core 139
pluto-prod-yutengl-dev-202-3-0:2321310:2321310 [1] NCCL INFO NET/OFI Region base Tuner is chosen for platform: p5.48xlarge
pluto-prod-yutengl-dev-202-3-0:2321310:2321310 [1] NCCL INFO NET/OFI Region Tuner init (platform 0): comm with 2 ranks and 1 nodes.
pluto-prod-yutengl-dev-202-3-0:2321310:2321310 [1] NCCL INFO NET/OFI Tuner init: comm with 2 ranks and 1 nodes.
pluto-prod-yutengl-dev-202-3-0:2321310:2321310 [1] NCCL INFO threadThresholds 8/8/64 | 16/8/64 | 512 | 512
pluto-prod-yutengl-dev-202-3-0:2321310:2321310 [1] NCCL INFO 24 coll channels, 24 collnet channels, 16 nvls channels, 32 p2p channels, 32 p2p channels per peer
pluto-prod-yutengl-dev-202-3-0:2321310:2321310 [1] NCCL INFO Symmetric VA size=80GB
pluto-prod-yutengl-dev-202-3-0:2321310:2321310 [1] NCCL INFO ncclCommInitRank comm 0x55d20e85a8b0 rank 1 nranks 2 cudaDev 1 nvmlDev 1 busId 75000 commId 0xa3ae04521920fbbe - Init COMPLETE
pluto-prod-yutengl-dev-202-3-0:2321310:2321310 [1] NCCL INFO Init timings - ncclCommInitRank: rank 1 nranks 2 total 0.11 (kernels 0.00, alloc 0.00, bootstrap 0.00, allgathers 0.00, topo 0.02, graphs 0.00, connections 0.08, rest 0.01)
pluto-prod-yutengl-dev-202-3-0:2321310:2321310 [1] NCCL INFO Symmetric VA size=80GB
pluto-prod-yutengl-dev-202-3-0:2321310:2321310 [1] NCCL INFO Channel 00/0 : 1[1] -> 0[0] via P2P/CUMEM
pluto-prod-yutengl-dev-202-3-0:2321310:2321310 [1] NCCL INFO Channel 01/0 : 1[1] -> 0[0] via P2P/CUMEM
pluto-prod-yutengl-dev-202-3-0:2321310:2321310 [1] NCCL INFO Channel 02/0 : 1[1] -> 0[0] via P2P/CUMEM
pluto-prod-yutengl-dev-202-3-0:2321310:2321310 [1] NCCL INFO Channel 03/0 : 1[1] -> 0[0] via P2P/CUMEM
pluto-prod-yutengl-dev-202-3-0:2321310:2321310 [1] NCCL INFO Channel 04/0 : 1[1] -> 0[0] via P2P/CUMEM
pluto-prod-yutengl-dev-202-3-0:2321310:2321310 [1] NCCL INFO Channel 05/0 : 1[1] -> 0[0] via P2P/CUMEM
pluto-prod-yutengl-dev-202-3-0:2321310:2321310 [1] NCCL INFO Channel 06/0 : 1[1] -> 0[0] via P2P/CUMEM
pluto-prod-yutengl-dev-202-3-0:2321310:2321310 [1] NCCL INFO Channel 07/0 : 1[1] -> 0[0] via P2P/CUMEM
pluto-prod-yutengl-dev-202-3-0:2321310:2321310 [1] NCCL INFO Channel 08/0 : 1[1] -> 0[0] via P2P/CUMEM
pluto-prod-yutengl-dev-202-3-0:2321310:2321310 [1] NCCL INFO Channel 09/0 : 1[1] -> 0[0] via P2P/CUMEM
pluto-prod-yutengl-dev-202-3-0:2321310:2321310 [1] NCCL INFO Channel 10/0 : 1[1] -> 0[0] via P2P/CUMEM
pluto-prod-yutengl-dev-202-3-0:2321310:2321310 [1] NCCL INFO Channel 11/0 : 1[1] -> 0[0] via P2P/CUMEM
pluto-prod-yutengl-dev-202-3-0:2321310:2321310 [1] NCCL INFO Channel 12/0 : 1[1] -> 0[0] via P2P/CUMEM
pluto-prod-yutengl-dev-202-3-0:2321310:2321310 [1] NCCL INFO Channel 13/0 : 1[1] -> 0[0] via P2P/CUMEM
pluto-prod-yutengl-dev-202-3-0:2321310:2321310 [1] NCCL INFO Channel 14/0 : 1[1] -> 0[0] via P2P/CUMEM
pluto-prod-yutengl-dev-202-3-0:2321310:2321310 [1] NCCL INFO Channel 15/0 : 1[1] -> 0[0] via P2P/CUMEM
pluto-prod-yutengl-dev-202-3-0:2321310:2321310 [1] NCCL INFO Channel 16/0 : 1[1] -> 0[0] via P2P/CUMEM
pluto-prod-yutengl-dev-202-3-0:2321310:2321310 [1] NCCL INFO Channel 17/0 : 1[1] -> 0[0] via P2P/CUMEM
pluto-prod-yutengl-dev-202-3-0:2321310:2321310 [1] NCCL INFO Channel 18/0 : 1[1] -> 0[0] via P2P/CUMEM
pluto-prod-yutengl-dev-202-3-0:2321310:2321310 [1] NCCL INFO Channel 19/0 : 1[1] -> 0[0] via P2P/CUMEM
pluto-prod-yutengl-dev-202-3-0:2321310:2321310 [1] NCCL INFO Channel 20/0 : 1[1] -> 0[0] via P2P/CUMEM
pluto-prod-yutengl-dev-202-3-0:2321310:2321310 [1] NCCL INFO Channel 21/0 : 1[1] -> 0[0] via P2P/CUMEM
pluto-prod-yutengl-dev-202-3-0:2321310:2321310 [1] NCCL INFO Channel 22/0 : 1[1] -> 0[0] via P2P/CUMEM
pluto-prod-yutengl-dev-202-3-0:2321310:2321310 [1] NCCL INFO Channel 23/0 : 1[1] -> 0[0] via P2P/CUMEM
pluto-prod-yutengl-dev-202-3-0:2321310:2321310 [1] NCCL INFO Connected all rings, use ring PXN 0 GDR 1
pluto-prod-yutengl-dev-202-3-0:2321310:2321310 [1] NCCL INFO Channel 06/0 : 0[0] -> 1[1] via P2P/CUMEM
pluto-prod-yutengl-dev-202-3-0:2321309:2321309 [0] NCCL INFO Channel 07/0 : 0[0] -> 1[1] via P2P/CUMEM
pluto-prod-yutengl-dev-202-3-0:2321309:2321309 [0] NCCL INFO Channel 08/0 : 0[0] -> 1[1] via P2P/CUMEM
pluto-prod-yutengl-dev-202-3-0:2321309:2321309 [0] NCCL INFO Channel 09/0 : 0[0] -> 1[1] via P2P/CUMEM
pluto-prod-yutengl-dev-202-3-0:2321309:2321309 [0] NCCL INFO Channel 10/0 : 0[0] -> 1[1] via P2P/CUMEM
pluto-prod-yutengl-dev-202-3-0:2321309:2321309 [0] NCCL INFO Channel 11/0 : 0[0] -> 1[1] via P2P/CUMEM
pluto-prod-yutengl-dev-202-3-0:2321309:2321309 [0] NCCL INFO Channel 12/0 : 0[0] -> 1[1] via P2P/CUMEM
pluto-prod-yutengl-dev-202-3-0:2321309:2321309 [0] NCCL INFO Channel 13/0 : 0[0] -> 1[1] via P2P/CUMEM
pluto-prod-yutengl-dev-202-3-0:2321309:2321309 [0] NCCL INFO Channel 14/0 : 0[0] -> 1[1] via P2P/CUMEM
pluto-prod-yutengl-dev-202-3-0:2321309:2321309 [0] NCCL INFO Channel 15/0 : 0[0] -> 1[1] via P2P/CUMEM
pluto-prod-yutengl-dev-202-3-0:2321309:2321309 [0] NCCL INFO Channel 16/0 : 0[0] -> 1[1] via P2P/CUMEM
pluto-prod-yutengl-dev-202-3-0:2321309:2321309 [0] NCCL INFO Channel 17/0 : 0[0] -> 1[1] via P2P/CUMEM
pluto-prod-yutengl-dev-202-3-0:2321309:2321309 [0] NCCL INFO Channel 18/0 : 0[0] -> 1[1] via P2P/CUMEM
pluto-prod-yutengl-dev-202-3-0:2321309:2321309 [0] NCCL INFO Channel 19/0 : 0[0] -> 1[1] via P2P/CUMEM
pluto-prod-yutengl-dev-202-3-0:2321309:2321309 [0] NCCL INFO Channel 20/0 : 0[0] -> 1[1] via P2P/CUMEM
pluto-prod-yutengl-dev-202-3-0:2321309:2321309 [0] NCCL INFO Channel 21/0 : 0[0] -> 1[1] via P2P/CUMEM
pluto-prod-yutengl-dev-202-3-0:2321309:2321309 [0] NCCL INFO Channel 22/0 : 0[0] -> 1[1] via P2P/CUMEM
pluto-prod-yutengl-dev-202-3-0:2321309:2321309 [0] NCCL INFO Channel 23/0 : 0[0] -> 1[1] via P2P/CUMEM
pluto-prod-yutengl-dev-202-3-0:2321309:2321309 [0] NCCL INFO Connected all rings, use ring PXN 0 GDR 1
pluto-prod-yutengl-dev-202-3-0:2321309:2321309 [0] NCCL INFO Comm config Blocking set to 1
pluto-prod-yutengl-dev-202-3-0:2321309:2321309 [0] NCCL INFO Initialized NET plugin Socket
pluto-prod-yutengl-dev-202-3-0:2321309:2321309 [0] NCCL INFO Assigned NET plugin Socket to comm
pluto-prod-yutengl-dev-202-3-0:2321309:2321309 [0] NCCL INFO Failed to initialize any GIN plugin
pluto-prod-yutengl-dev-202-3-0:2321309:2321309 [0] NCCL INFO Using network Socket
pluto-prod-yutengl-dev-202-3-0:2321309:2321309 [0] NCCL INFO ncclCommSplit comm 0x55c66b9ce310 rank 0 nranks 2 cudaDev 0 nvmlDev 0 busId 64000 parent 0x55c661920560 childCount 17 color 2130503744 key 0- Init START
pluto-prod-yutengl-dev-202-3-0:2321309:2321309 [0] NCCL INFO MNNVL busId 0x64000 fabric UUID 0.0 cliqueId 0x0 state 3 healthMask 0x0
pluto-prod-yutengl-dev-202-3-0:2321309:2321309 [0] NCCL INFO ncclTopoGetCpuAffinity: Affinity for GPU 0 is 0-47,96-143. (GPU affinity = 0-47,96-143 ; CPU affinity = 0-47,96-143).
pluto-prod-yutengl-dev-202-3-0:2321309:2321309 [0] NCCL INFO NVLS multicast support is available on dev 0 (NVLS_NCHANNELS 16)
pluto-prod-yutengl-dev-202-3-0:2321309:2321309 [0] NCCL INFO comm 0x55c66b9ce310 rank 0 nRanks 2 nNodes 1 localRanks 2 localRank 0 MNNVL 0
pluto-prod-yutengl-dev-202-3-0:2321309:2321309 [0] NCCL INFO Channel 00/24 : 0 1
pluto-prod-yutengl-dev-202-3-0:2321309:2321309 [0] NCCL INFO Channel 01/24 : 0 1
pluto-prod-yutengl-dev-202-3-0:2321309:2321309 [0] NCCL INFO Channel 02/24 : 0 1
pluto-prod-yutengl-dev-202-3-0:2321309:2321309 [0] NCCL INFO Channel 03/24 : 0 1
pluto-prod-yutengl-dev-202-3-0:2321309:2321309 [0] NCCL INFO Channel 04/24 : 0 1
pluto-prod-yutengl-dev-202-3-0:2321309:2321309 [0] NCCL INFO Channel 05/24 : 0 1
pluto-prod-yutengl-dev-202-3-0:2321309:2321309 [0] NCCL INFO Channel 06/24 : 0 1
pluto-prod-yutengl-dev-202-3-0:2321309:2321309 [0] NCCL INFO Channel 07/24 : 0 1
pluto-prod-yutengl-dev-202-3-0:2321309:2321309 [0] NCCL INFO Channel 08/24 : 0 1
pluto-prod-yutengl-dev-202-3-0:2321309:2321309 [0] NCCL INFO Channel 09/24 : 0 1
pluto-prod-yutengl-dev-202-3-0:2321309:2321309 [0] NCCL INFO Channel 10/24 : 0 1
pluto-prod-yutengl-dev-202-3-0:2321309:2321309 [0] NCCL INFO C[09-15 17:31:28] No pipeline_class_name specified, using model_index.json
[93m[09-15 17:31:28] Skipping pipeline module sglang.multimodal_gen.runtime.pipelines.hunyuan3d_pipeline during discovery due to import failure: Duplicate NCCL runtime found in the current system: /home/colligo/sglang-wiki/envs/run/lib/python3.10/site-packages/nvidia/nccl/lib/libnccl.so.2 and /opt/aws-ofi-nccl/install/lib/libnccl-net-ofi.so[0;0m
[93m[09-15 17:31:28] Skipping pipeline module sglang.multimodal_gen.runtime.pipelines.pi05 during discovery due to import failure: Duplicate NCCL runtime found in the current system: /home/colligo/sglang-wiki/envs/run/lib/python3.10/site-packages/nvidia/nccl/lib/libnccl.so.2 and /opt/aws-ofi-nccl/install/lib/libnccl-net-ofi.so[0;0m
[09-15 17:31:28] Diffusers version: 0.37.1
[09-15 17:31:28] Using pipeline from model_index.json: Cosmos3OmniDiffusersPipeline
[09-15 17:31:28] Loading pipeline modules...
[09-15 17:31:28] Model already exists locally and is complete
[09-15 17:31:28] Model path: /mnt/localssd/models/Cosmos3-Super-fe77b66696d645f663b8f27e942b3b43e4629e23
[09-15 17:31:28] Diffusers version: 0.37.1
[09-15 17:31:28] Model already exists locally and is complete
[09-15 17:31:28] Model path: /mnt/localssd/models/Cosmos3-Super-fe77b66696d645f663b8f27e942b3b43e4629e23
[09-15 17:31:28] Diffusers version: 0.37.1
[09-15 17:31:28] Loading pipeline modules from config: {'_class_name': 'Cosmos3OmniDiffusersPipeline', '_diffusers_version': '0.37.1', 'scheduler': ['diffusers', 'UniPCMultistepScheduler'], 'text_tokenizer': ['transformers', 'Qwen2TokenizerFast'], 'transformer': ['diffusers', 'Cosmos3OmniTransformer'], 'vae': ['diffusers', 'AutoencoderKLWan'], 'vision_encoder': ['transformers', 'Qwen3VLVisionModel'], 'sound_tokenizer': ['diffusers', 'Cosmos3AVAEAudioTokenizer']}
[09-15 17:31:28] Loading required components: ['text_tokenizer', 'vae', 'transformer', 'scheduler', 'sound_tokenizer']
Loading required modules:   0%|          | 0/5 [00:00<?, ?it/s][09-15 17:31:28] Memory-aware component load order: ['transformer', 'sound_tokenizer', 'vae', 'text_tokenizer', 'scheduler']
Loading required modules:   0%|          | 0/5 [00:00<?, ?it/s][09-15 17:31:28] Loading transformer from /mnt/localssd/models/Cosmos3-Super-fe77b66696d645f663b8f27e942b3b43e4629e23/transformer. avail mem: 75.07 GB
[09-15 17:31:28] Loading Cosmos3OmniTransformer from 27 safetensors file(s) , param_dtype: torch.bfloat16

Loading safetensors checkpoint shards: 0%|          | 0/27[A
Loading safetensors checkpoint shards: 4%|▎         | 1/27[A
Loading safetensors checkpoint shards: 7%|▋         | 2/27[A
Loading safetensors checkpoint shards: 11%|█         | 3/27[A
Loading safetensors checkpoint shards: 15%|█▍        | 4/27[A
Loading safetensors checkpoint shards: 19%|█▊        | 5/27[A
Loading safetensors checkpoint shards: 22%|██▏       | 6/27[A
Loading safetensors checkpoint shards: 26%|██▌       | 7/27[A
Loading safetensors checkpoint shards: 30%|██▉       | 8/27[A
Loading safetensors checkpoint shards: 33%|███▎      | 9/27[A
Loading safetensors checkpoint shards: 37%|███▋      | 10/27[A
Loading safetensors checkpoint shards: 41%|████      | 11/27[A
Loading safetensors checkpoint shards: 44%|████▍     | 12/27[A
Loading safetensors checkpoint shards: 48%|████▊     | 13/27[A
Loading safetensors checkpoint shards: 52%|█████▏    | 14/27[A
Loading safetensors checkpoint shards: 56%|█████▌    | 15/27[A
Loading safetensors checkpoint shards: 59%|█████▉    | 16/27[A
Loading safetensors checkpoint shards: 63%|██████▎   | 17/27[A
Loading safetensors checkpoint shards: 67%|██████▋   | 18/27[A
Loading safetensors checkpoint shards: 70%|███████   | 19/27[A
Loading safetensors checkpoint shards: 74%|███████▍  | 20/27[A
Loading safetensors checkpoint shards: 78%|███████▊  | 21/27[A
Loading safetensors checkpoint shards: 81%|████████▏ | 22/27[A
Loading safetensors checkpoint shards: 85%|████████▌ | 23/27[A
Loading safetensors checkpoint shards: 89%|████████▉ | 24/27[A
Loading safetensors checkpoint shards: 93%|█████████▎| 25/27[A
Loading safetensors checkpoint shards: 96%|█████████▋| 26/27[ALoading safetensors checkpoint shards: 100%|██████████| 27/27
[09-15 17:31:35] Attention backends for transformer: fa
[09-15 17:31:35] Loaded transformer: Cosmos3OmniTransformer (sgl-diffusion version). model size: 117.85 GB, host mmap: 41.30 GB, host pageable: 76.55 GB. avail GPU mem: 75.07 GB
Loading required modules:  20%|██        | 1/5 [00:06<00:26,  6.69s/it][09-15 17:31:35] Loading sound_tokenizer from /mnt/localssd/models/Cosmos3-Super-fe77b66696d645f663b8f27e942b3b43e4629e23/sound_tokenizer. avail mem: 75.07 GB
/home/colligo/sglang-wiki/envs/run/lib/python3.10/site-packages/torch/nn/utils/weight_norm.py:144: FutureWarning: `torch.nn.utils.weight_norm` is deprecated in favor of `torch.nn.utils.parametrizations.weight_norm`.
  WeightNorm.apply(module, name, dim)
Loading required modules:  20%|██        | 1/5 [00:06<00:26,  6.70s/it]/home/colligo/sglang-wiki/envs/run/lib/python3.10/site-packages/torch/nn/utils/weight_norm.py:144: FutureWarning: `torch.nn.utils.weight_norm` is deprecated in favor of `torch.nn.utils.parametrizations.weight_norm`.
  WeightNorm.apply(module, name, dim)
[09-15 17:31:37] Loaded sound_tokenizer: Cosmos3AVAEAudioTokenizer (sgl-diffusion version). model size: 0.88 GB, vram: 0.88 GB. avail GPU mem: 74.18 GB
Loading required modules:  40%|████      | 2/5 [00:08<00:11,  3.89s/it][09-15 17:31:37] Loading vae from /mnt/localssd/models/Cosmos3-Super-fe77b66696d645f663b8f27e942b3b43e4629e23/vae. avail mem: 74.18 GB
[09-15 17:31:37] vae (VAE) stays on its checkpoint mapping: the deployment is 123.52 GiB of weights against 4.54 GiB of host memory, so copies are host memory the streamed components need more.
[09-15 17:31:37] Wan VAE: spatial-parallel decode; skipping fast path.
Loading required modules:  40%|████      | 2/5 [00:08<00:11,  3.91s/it][09-15 17:31:37] Loaded vae: AutoencoderKLWan (sgl-diffusion version). model size: 1.31 GB, host mmap: 1.31 GB. avail GPU mem: 74.18 GB
[09-15 17:31:37] Loading text_tokenizer from /mnt/localssd/models/Cosmos3-Super-fe77b66696d645f663b8f27e942b3b43e4629e23/text_tokenizer. avail mem: 74.18 GB
[09-15 17:31:38] Loaded text_tokenizer: Qwen2Tokenizer (sgl-diffusion version). model size: NA GB, weights: none. avail GPU mem: 74.18 GB
Loading required modules:  80%|████████  | 4/5 [00:09<00:01,  1.78s/it][09-15 17:31:38] Loading scheduler from /mnt/localssd/models/Cosmos3-Super-fe77b66696d645f663b8f27e942b3b43e4629e23/scheduler. avail mem: 74.18 GB
[09-15 17:31:38] Overriding scheduler class from UniPCMultistepScheduler to FlowUniPCMultistepScheduler
[09-15 17:31:38] Loaded scheduler: FlowUniPCMultistepScheduler (sgl-diffusion version). model size: NA GB, weights: none. avail GPU mem: 74.18 GB
Loading required modules: 100%|██████████| 5/5 [00:09<00:00,  1.93s/it]
[09-15 17:31:38] Creating pipeline stages...
[93m[09-15 17:31:38] Cosmos3 guardrails disabled because cosmos-guardrail is not installed. Install it with: pip install cosmos-guardrail==0.3.1[0;0m
[09-15 17:31:38] Cosmos3 pipeline stages created successfully (guardrails=False)
[09-15 17:31:38] Pipeline instantiated
Loading required modules:  80%|████████  | 4/5 [00:09<00:01,  1.78s/it]Loading required modules: 100%|██████████| 5/5 [00:09<00:00,  1.94s/it]
[09-15 17:31:38] Layerwise offload host memory: 4.3 GiB available (cgroup cap 292.8 GiB, in use 288.5 GiB)
[09-15 17:31:38] Configuring layerwise offload for transformer (Cosmos3OmniTransformer): gen_layers (64 layers), language_model.layers (64 layers)
[09-15 17:31:38] Layerwise offload: transformer.gen_layers pins 1 of 64 layers (0.91 GiB of 2.34 GiB spendable). Of the rest, 0 are copied into pageable host memory and 63 stay on the checkpoint mapping. Pinning every layer would need 58.13 GiB.
[09-15 17:31:44] Layerwise offload: transformer.language_model.layers pins 0 of 64 layers (0.00 GiB of 1.44 GiB spendable). Of the rest, 0 are copied into pageable host memory and 64 stay on the checkpoint mapping. Pinning every layer would need 58.13 GiB.
[09-15 17:31:51] Layerwise offload: gen_layers ships mapped layers through a courier thread with 2 pinned slots, so their device copies overlap compute instead of stalling it.
[09-15 17:31:52] Layerwise offload: language_model.layers ships mapped layers through a courier thread with 2 pinned slots, so their device copies overlap compute instead of stalling it.
[09-15 17:31:52] Layerwise offload ready for transformer (Cosmos3OmniTransformer) in 13.89s: groups=2, layers=128, prefetch/group=1, resident=2/128, policy=leading
[09-15 17:31:52] Configuring layerwise offload for vae (AutoencoderKLWan): encoder.down_blocks (4 layers), decoder.up_blocks (4 layers)
[09-15 17:31:53] Layerwise offload ready for vae (AutoencoderKLWan) in 0.98s: groups=2, layers=8, prefetch/group=1, resident=0/8, policy=leading
[09-15 17:31:53] Layerwise offload summary: transformer (vram: 2.77 GB, host pinned: 0.91 GB, host mmap: 40.93 GB, host pageable: 74.41 GB), vae (vram: 0.66 GB, host pinned: 1.00 GB)
[09-15 17:31:53] Worker 0: Initialized device, model, and distributed environment.
[09-15 17:31:53] Worker 0: Scheduler loop started.
[09-15 17:31:54] Stage generation control plane started
[09-15 17:31:54] Scheduler thread for stage generation set cuda device to 0
[09-15 17:31:54] Stage generation started
[09-15 17:31:54] Process generation ready with stages=['generation']
[09-15 17:31:54] Diffusers version: 0.37.1
[09-15 17:31:54] Sequence dimension shard is enabled, disabling frame adjustment for better performance
[09-15 17:31:54] Adjusting number of frames from 17 to 17 based on model
[09-15 17:31:54] Processing 1 grouped request(s)
[09-15 17:31:54] Sampling params:
                       width: 832
                      height: 480
                  num_frames: 17
                         fps: 24
                      prompt: <redacted, len=65>
                  neg_prompt: <redacted, len=0>
                        seed: 0
                 infer_steps: 4
      num_outputs_per_prompt: 1
              guidance_scale: 5.0
     embedded_guidance_scale: 6.0
                    n_tokens: None
                  flow_shift: None
                  image_path: None
                 save_output: True
            output_file_path: /home/colligo/sglang-wiki/repos/sglang-omni/results/cosmos3-super/2gpu/smoke-generation-layerwise-artifacts/test_super_generation_t2v_0/media/request_aggce44q/1a3855e056e5475f9d6d7cc14101321d.mp4
        
[09-15 17:31:54] Running pipeline stages: ['Cosmos3ImagePreprocessStage', 'Cosmos3TokenizationStage', 'Cosmos3LatentPreparationStage', 'Cosmos3TimestepPreparationStage', 'Cosmos3DenoisingStage', 'Cosmos3DecodingStage']
[09-15 17:31:54] [Cosmos3ImagePreprocessStage] started...
[09-15 17:31:54] [Cosmos3ImagePreprocessStage] finished in 0.0000 seconds
[09-15 17:31:54] [Cosmos3TokenizationStage] started...
[09-15 17:31:54] [Cosmos3TokenizationStage] Prompt with duration: 'A red box moves slowly right on a white table, stationary camera. The video is 0.7 seconds long and is of 24 FPS.'
[09-15 17:31:54] [Cosmos3TokenizationStage] finished in 0.0195 seconds
[09-15 17:31:54] [Cosmos3LatentPreparationStage] started...
[09-15 17:31:54] [Cosmos3LatentPreparationStage] Prepared latents with shape (1, 48, 5, 30, 52)
[09-15 17:31:54] [Cosmos3LatentPreparationStage] finished in 0.0016 seconds
[09-15 17:31:54] [Cosmos3TimestepPreparationStage] started...
[09-15 17:31:54] [Cosmos3TimestepPreparationStage] Prepared 4 timesteps (flow_shift=10.0)
[09-15 17:31:54] [Cosmos3TimestepPreparationStage] finished in 0.0004 seconds
[09-15 17:31:54] [Cosmos3DenoisingStage] started...
[09-15 17:31:54] [Cosmos3DenoisingStage] CFG parallel enabled: cfg_size=2, cfg_rank=0
[09-15 17:31:54] [Cosmos3DenoisingStage] Starting denoising with 4 steps, CFG=True, CFG_parallel=True, cfg_rank=0
Denoising:   0%|          | 0/4 [00:00<?, ?it/s][09-15 17:31:54] [Cosmos3DenoisingStage] Prompt and negative prompt tokenize to different lengths (41 vs 10); running the CFG branches in separate forwards to keep padding out of the cross-attention
omm config Blocking set to 1
pluto-prod-yutengl-dev-202-3-0:2321310:2321310 [1] NCCL INFO Initialized NET plugin Socket
pluto-prod-yutengl-dev-202-3-0:2321310:2321310 [1] NCCL INFO Assigned NET plugin Socket to comm
pluto-prod-yutengl-dev-202-3-0:2321310:2321310 [1] NCCL INFO Failed to initialize any GIN plugin
pluto-prod-yutengl-dev-202-3-0:2321310:2321310 [1] NCCL INFO Using network Socket
pluto-prod-yutengl-dev-202-3-0:2321310:2321310 [1] NCCL INFO ncclCommSplit comm 0x55d20ec62a60 rank 1 nranks 2 cudaDev 1 nvmlDev 1 busId 75000 parent 0x55d204bba130 childCount 17 color 2130503744 key 1- Init START
pluto-prod-yutengl-dev-202-3-0:2321310:2321310 [1] NCCL INFO MNNVL busId 0x75000 fabric UUID 0.0 cliqueId 0x0 state 3 healthMask 0x0
pluto-prod-yutengl-dev-202-3-0:2321310:2321310 [1] NCCL INFO ncclTopoGetCpuAffinity: Affinity for GPU 1 is 0-47,96-143. (GPU affinity = 0-47,96-143 ; CPU affinity = 0-47,96-143).
pluto-prod-yutengl-dev-202-3-0:2321310:2321310 [1] NCCL INFO NVLS multicast support is available on dev 1 (NVLS_NCHANNELS 16)
pluto-prod-yutengl-dev-202-3-0:2321310:2321310 [1] NCCL INFO comm 0x55d20ec62a60 rank 1 nRanks 2 nNodes 1 localRanks 2 localRank 1 MNNVL 0
pluto-prod-yutengl-dev-202-3-0:2321310:2321310 [1] NCCL INFO Trees [0] -1/-1/-1->1->0 [1] -1/-1/-1->1->0 [2] -1/-1/-1->1->0 [3] -1/-1/-1->1->0 [4] -1/-1/-1->1->0 [5] -1/-1/-1->1->0 [6] 0/-1/-1->1->-1 [7] 0/-1/-1->1->-1 [8] 0/-1/-1->1->-1 [9] 0/-1/-1->1->-1 [10] 0/-1/-1->1->-1 [11] 0/-1/-1->1->-1 [12] -1/-1/-1->1->0 [13] -1/-1/-1->1->0 [14] -1/-1/-1->1->0 [15] -1/-1/-1->1->0 [16] -1/-1/-1->1->0 [17] -1/-1/-1->1->0 [18] 0/-1/-1->1->-1 [19] 0/-1/-1->1->-1 [20] 0/-1/-1->1->-1 [21] 0/-1/-1->1->-1 [22] 0/-1/-1->1->-1 [23] 0/-1/-1->1->-1
pluto-prod-yutengl-dev-202-3-0:2321310:2321310 [1] NCCL INFO P2P Chunksize set to 524288
pluto-prod-yutengl-dev-202-3-0:2321310:2321310 [1] NCCL INFO Check P2P Type isAllDirectP2p 1 directMode 0 isAllCudaP2p 1
pluto-prod-yutengl-dev-202-3-0:2321310:2322085 [0] NCCL INFO [Proxy Service UDS] Device 1 CPU core 118
pluto-prod-yutengl-dev-202-3-0:2321310:2322083 [0] NCCL INFO [Proxy Service] Device 1 CPU core 102
pluto-prod-yutengl-dev-202-3-0:2321310:2321310 [1] NCCL INFO NET/OFI Region base Tuner is chosen for platform: p5.48xlarge
pluto-prod-yutengl-dev-202-3-0:2321310:2321310 [1] NCCL INFO NET/OFI Region Tuner init (platform 0): comm with 2 ranks and 1 nodes.
pluto-prod-yutengl-dev-202-3-0:2321310:2321310 [1] NCCL INFO NET/OFI Tuner init: comm with 2 ranks and 1 nodes.
pluto-prod-yutengl-dev-202-3-0:2321310:2321310 [1] NCCL INFO threadThresholds 8/8/64 | 16/8/64 | 512 | 512
pluto-prod-yutengl-dev-202-3-0:2321310:2321310 [1] NCCL INFO 24 coll channels, 24 collnet channels, 16 nvls channels, 32 p2p channels, 32 p2p channels per peer
pluto-prod-yutengl-dev-202-3-0:2321310:2321310 [1] NCCL INFO Symmetric VA size=80GB
pluto-prod-yutengl-dev-202-3-0:2321310:2321310 [1] NCCL INFO ncclCommSplit comm 0x55d20ec62a60 rank 1 nranks 2 cudaDev 1 nvmlDev 1 busId 75000 parent 0x55d204bba130 childCount 17 color 2130503744 key 1 - Init COMPLETE
pluto-prod-yutengl-dev-202-3-0:2321310:2321310 [1] NCCL INFO Init timings - ncclCommSplit: rank 1 nranks 2 total 0.11 (kernels 0.00, alloc 0.00, bootstrap 0.00, allgathers 0.00, topo 0.02, graphs 0.00, connections 0.08, rest 0.01)
pluto-prod-yutengl-dev-202-3-0:2321310:2321310 [1] NCCL INFO Symmetric VA size=80GB
pluto-prod-yutengl-dev-202-3-0:2321310:2321310 [1] NCCL INFO Channel 00/0 : 1[1] -> 0[0] via P2P/CUMEM
pluto-prod-yutengl-dev-202-3-0:2321310:2321310 [1] NCCL INFO Channel 01/0 : 1[1] -> 0[0] via P2P/CUMEM
pluto-prod-yutengl-dev-202-3-0:2321310:2321310 [1] NCCL INFO Channel 02/0 : 1[1] -> 0[0] via P2P/CUMEM
pluto-prod-yutengl-dev-202-3-0:2321310:2321310 [1] NCCL INFO Channel 03/0 : 1[1] -> 0[0] via P2P/CUMEM
pluto-prod-yutengl-dev-202-3-0:2321310:2321310 [1] NCCL INFO Channel 04/0 : 1[1] -> 0[0] via P2P/CUMEM
pluto-prod-yutengl-dev-202-3-0:2321310:2321310 [1] NCCL INFO Channel 05/0 : 1[1] -> 0[0] via P2P/CUMEM
pluto-prod-yutengl-dev-202-3-0:2321310:2321310 [1] NCCL INFO Channel 06/0 : 1[1] -> 0[0] viahannel 11/24 : 0 1
pluto-prod-yutengl-dev-202-3-0:2321309:2321309 [0] NCCL INFO Channel 12/24 : 0 1
pluto-prod-yutengl-dev-202-3-0:2321309:2321309 [0] NCCL INFO Channel 13/24 : 0 1
pluto-prod-yutengl-dev-202-3-0:2321309:2321309 [0] NCCL INFO Channel 14/24 : 0 1
pluto-prod-yutengl-dev-202-3-0:2321309:2321309 [0] NCCL INFO Channel 15/24 : 0 1
pluto-prod-yutengl-dev-202-3-0:2321309:2321309 [0] NCCL INFO Channel 16/24 : 0 1
pluto-prod-yutengl-dev-202-3-0:2321309:2321309 [0] NCCL INFO Channel 17/24 : 0 1
pluto-prod-yutengl-dev-202-3-0:2321309:2321309 [0] NCCL INFO Channel 18/24 : 0 1
pluto-prod-yutengl-dev-202-3-0:2321309:2321309 [0] NCCL INFO Channel 19/24 : 0 1
pluto-prod-yutengl-dev-202-3-0:2321309:2321309 [0] NCCL INFO Channel 20/24 : 0 1
pluto-prod-yutengl-dev-202-3-0:2321309:2321309 [0] NCCL INFO Channel 21/24 : 0 1
pluto-prod-yutengl-dev-202-3-0:2321309:2321309 [0] NCCL INFO Channel 22/24 : 0 1
pluto-prod-yutengl-dev-202-3-0:2321309:2321309 [0] NCCL INFO Channel 23/24 : 0 1
pluto-prod-yutengl-dev-202-3-0:2321309:2321309 [0] NCCL INFO Trees [0] 1/-1/-1->0->-1 [1] 1/-1/-1->0->-1 [2] 1/-1/-1->0->-1 [3] 1/-1/-1->0->-1 [4] 1/-1/-1->0->-1 [5] 1/-1/-1->0->-1 [6] -1/-1/-1->0->1 [7] -1/-1/-1->0->1 [8] -1/-1/-1->0->1 [9] -1/-1/-1->0->1 [10] -1/-1/-1->0->1 [11] -1/-1/-1->0->1 [12] 1/-1/-1->0->-1 [13] 1/-1/-1->0->-1 [14] 1/-1/-1->0->-1 [15] 1/-1/-1->0->-1 [16] 1/-1/-1->0->-1 [17] 1/-1/-1->0->-1 [18] -1/-1/-1->0->1 [19] -1/-1/-1->0->1 [20] -1/-1/-1->0->1 [21] -1/-1/-1->0->1 [22] -1/-1/-1->0->1 [23] -1/-1/-1->0->1
pluto-prod-yutengl-dev-202-3-0:2321309:2321309 [0] NCCL INFO P2P Chunksize set to 524288
pluto-prod-yutengl-dev-202-3-0:2321309:2321309 [0] NCCL INFO Check P2P Type isAllDirectP2p 1 directMode 0 isAllCudaP2p 1
pluto-prod-yutengl-dev-202-3-0:2321309:2322082 [0] NCCL INFO [Proxy Service] Device 0 CPU core 136
pluto-prod-yutengl-dev-202-3-0:2321309:2322084 [0] NCCL INFO [Proxy Service UDS] Device 0 CPU core 133
pluto-prod-yutengl-dev-202-3-0:2321309:2321309 [0] NCCL INFO NET/OFI Region base Tuner is chosen for platform: p5.48xlarge
pluto-prod-yutengl-dev-202-3-0:2321309:2321309 [0] NCCL INFO NET/OFI Region Tuner init (platform 0): comm with 2 ranks and 1 nodes.
pluto-prod-yutengl-dev-202-3-0:2321309:2321309 [0] NCCL INFO NET/OFI Tuner init: comm with 2 ranks and 1 nodes.
pluto-prod-yutengl-dev-202-3-0:2321309:2321309 [0] NCCL INFO threadThresholds 8/8/64 | 16/8/64 | 512 | 512
pluto-prod-yutengl-dev-202-3-0:2321309:2321309 [0] NCCL INFO 24 coll channels, 24 collnet channels, 16 nvls channels, 32 p2p channels, 32 p2p channels per peer
pluto-prod-yutengl-dev-202-3-0:2321309:2321309 [0] NCCL INFO Symmetric VA size=80GB
pluto-prod-yutengl-dev-202-3-0:2321309:2321309 [0] NCCL INFO CC Off, workFifoBytes 1048576
pluto-prod-yutengl-dev-202-3-0:2321309:2321309 [0] NCCL INFO ncclCommSplit comm 0x55c66b9ce310 rank 0 nranks 2 cudaDev 0 nvmlDev 0 busId 64000 parent 0x55c661920560 childCount 17 color 2130503744 key 0 - Init COMPLETE
pluto-prod-yutengl-dev-202-3-0:2321309:2321309 [0] NCCL INFO Init timings - ncclCommSplit: rank 0 nranks 2 total 0.11 (kernels 0.00, alloc 0.00, bootstrap 0.00, allgathers 0.00, topo 0.02, graphs 0.00, connections 0.09, rest 0.01)
pluto-prod-yutengl-dev-202-3-0:2321309:2321309 [0] NCCL INFO Symmetric VA size=80GB
pluto-prod-yutengl-dev-202-3-0:2321309:2321309 [0] NCCL INFO Channel 00/0 : 0[0] -> 1[1] via P2P/CUMEM
pluto-prod-yutengl-dev-202-3-0:2321309:2321309 [0] NCCL INFO Channel 01/0 : 0[0] -> 1[1] via P2P/CUMEM
pluto-prod-yutengl-dev-202-3-0:2321309:2321309 [0] NCCL INFO Channel 02/0 : 0[0] -> 1[1] via P2P/CUMEM
pluto-prod-yutengl-dev-202-3-0:2321309:2321309 [0] NCCL INFO Channel 03/0 : 0[0] -> 1[1] via P2P/CUMEM
pluto-prod-yutengl-dev-202-3-0:2321309:2321309 [0] NCCL INFO Channel 04/0 : 0[0] -> 1[1] via P2P/CUMEM
pluto-prod-yutengl-dev-202-3-0:2321309:2321309 [0] NCCL INFO Channel 05/0 : 0[0] -> 1[1] via P2P/CUMEM
pluto-prod-yutengl-dev-202-3-0:2321309:2321309 [0] NCCL INFO Channel 06/0 : 0[0] -> 1[1] via P2P/CUMEM
pluto-prod-yutengl-dev-202-3-0:2321309:2321309 [0] NCCL INFO Channel 07/0 : 0[0] -> 1[1] via Denoising:  25%|██▌       | 1/4 [00:20<01:00, 20.33s/it]Denoising:  50%|█████     | 2/4 [00:25<00:22, 11.42s/it]Denoising:  75%|███████▌  | 3/4 [00:30<00:08,  8.53s/it]Denoising: 100%|██████████| 4/4 [00:36<00:00,  7.37s/it]Denoising: 100%|██████████| 4/4 [00:36<00:00,  9.05s/it]
[09-15 17:32:30] [Cosmos3DenoisingStage] Denoising complete
[09-15 17:32:30] [Cosmos3DenoisingStage] finished in 36.3254 seconds
[09-15 17:32:30] [Cosmos3DecodingStage] started...
[09-15 17:32:30] [Cosmos3DecodingStage] Decoding latents to video...
[09-15 17:32:39] [Cosmos3DecodingStage] finished in 8.3057 seconds
[09-15 17:32:39] Output saved to [1;36m/home/colligo/sglang-wiki/repos/sglang-omni/results/cosmos3-super/2gpu/smoke-generation-layerwise-artifacts/test_super_generation_t2v_0/media/request_aggce44q/1a3855e056e5475f9d6d7cc14101321d.mp4[0;0m
[09-15 17:32:39] Pixel data generated successfully in [92m45.14[0;0m seconds
[09-15 17:32:39] Memory usage - Max peak: 9718.00 MB, Avg peak: 9718.00 MB
 P2P/CUMEM
pluto-prod-yutengl-dev-202-3-0:2321310:2321310 [1] NCCL INFO Channel 07/0 : 1[1] -> 0[0] via P2P/CUMEM
pluto-prod-yutengl-dev-202-3-0:2321310:2321310 [1] NCCL INFO Channel 08/0 : 1[1] -> 0[0] via P2P/CUMEM
pluto-prod-yutengl-dev-202-3-0:2321310:2321310 [1] NCCL INFO Channel 09/0 : 1[1] -> 0[0] via P2P/CUMEM
pluto-prod-yutengl-dev-202-3-0:2321310:2321310 [1] NCCL INFO Channel 10/0 : 1[1] -> 0[0] via P2P/CUMEM
pluto-prod-yutengl-dev-202-3-0:2321310:2321310 [1] NCCL INFO Channel 11/0 : 1[1] -> 0[0] via P2P/CUMEM
pluto-prod-yutengl-dev-202-3-0:2321310:2321310 [1] NCCL INFO Channel 12/0 : 1[1] -> 0[0] via P2P/CUMEM
pluto-prod-yutengl-dev-202-3-0:2321310:2321310 [1] NCCL INFO Channel 13/0 : 1[1] -> 0[0] via P2P/CUMEM
pluto-prod-yutengl-dev-202-3-0:2321310:2321310 [1] NCCL INFO Channel 14/0 : 1[1] -> 0[0] via P2P/CUMEM
pluto-prod-yutengl-dev-202-3-0:2321310:2321310 [1] NCCL INFO Channel 15/0 : 1[1] -> 0[0] via P2P/CUMEM
pluto-prod-yutengl-dev-202-3-0:2321310:2321310 [1] NCCL INFO Channel 16/0 : 1[1] -> 0[0] via P2P/CUMEM
pluto-prod-yutengl-dev-202-3-0:2321310:2321310 [1] NCCL INFO Channel 17/0 : 1[1] -> 0[0] via P2P/CUMEM
pluto-prod-yutengl-dev-202-3-0:2321310:2321310 [1] NCCL INFO Channel 18/0 : 1[1] -> 0[0] via P2P/CUMEM
pluto-prod-yutengl-dev-202-3-0:2321310:2321310 [1] NCCL INFO Channel 19/0 : 1[1] -> 0[0] via P2P/CUMEM
pluto-prod-yutengl-dev-202-3-0:2321310:2321310 [1] NCCL INFO Channel 20/0 : 1[1] -> 0[0] via P2P/CUMEM
pluto-prod-yutengl-dev-202-3-0:2321310:2321310 [1] NCCL INFO Channel 21/0 : 1[1] -> 0[0] via P2P/CUMEM
pluto-prod-yutengl-dev-202-3-0:2321310:2321310 [1] NCCL INFO Channel 22/0 : 1[1] -> 0[0] via P2P/CUMEM
pluto-prod-yutengl-dev-202-3-0:2321310:2321310 [1] NCCL INFO Channel 23/0 : 1[1] -> 0[0] via P2P/CUMEM
pluto-prod-yutengl-dev-202-3-0:2321310:2321310 [1] NCCL INFO Connected all rings, use ring PXN 0 GDR 1
pluto-prod-yutengl-dev-202-3-0:2321310:2321310 [1] NCCL INFO comm 0x55d20dceb750 rank 1 nranks 2 cudaDev 1 busId 75000 - Destroy COMPLETE
pluto-prod-yutengl-dev-202-3-0:2321310:2321310 [1] NCCL INFO comm 0x55d20ec62a60 rank 1 nranks 2 cudaDev 1 busId 75000 - Destroy COMPLETE
pluto-prod-yutengl-dev-202-3-0:2321310:2321310 [1] NCCL INFO comm 0x55d20e4b5930 rank 1 nranks 2 cudaDev 1 busId 75000 - Destroy COMPLETE
pluto-prod-yutengl-dev-202-3-0:2321310:2321310 [1] NCCL INFO comm 0x55d20c9ef870 rank 1 nranks 2 cudaDev 1 busId 75000 - Destroy COMPLETE
pluto-prod-yutengl-dev-202-3-0:2321310:2321310 [1] NCCL INFO comm 0x55d204bba130 rank 1 nranks 2 cudaDev 1 busId 75000 - Destroy COMPLETE
[09-15 17:32:42] Worker 0: Shutdown complete.
P2P/CUMEM
pluto-prod-yutengl-dev-202-3-0:2321309:2321309 [0] NCCL INFO Channel 08/0 : 0[0] -> 1[1] via P2P/CUMEM
pluto-prod-yutengl-dev-202-3-0:2321309:2321309 [0] NCCL INFO Channel 09/0 : 0[0] -> 1[1] via P2P/CUMEM
pluto-prod-yutengl-dev-202-3-0:2321309:2321309 [0] NCCL INFO Channel 10/0 : 0[0] -> 1[1] via P2P/CUMEM
pluto-prod-yutengl-dev-202-3-0:2321309:2321309 [0] NCCL INFO Channel 11/0 : 0[0] -> 1[1] via P2P/CUMEM
pluto-prod-yutengl-dev-202-3-0:2321309:2321309 [0] NCCL INFO Channel 12/0 : 0[0] -> 1[1] via P2P/CUMEM
pluto-prod-yutengl-dev-202-3-0:2321309:2321309 [0] NCCL INFO Channel 13/0 : 0[0] -> 1[1] via P2P/CUMEM
pluto-prod-yutengl-dev-202-3-0:2321309:2321309 [0] NCCL INFO Channel 14/0 : 0[0] -> 1[1] via P2P/CUMEM
pluto-prod-yutengl-dev-202-3-0:2321309:2321309 [0] NCCL INFO Channel 15/0 : 0[0] -> 1[1] via P2P/CUMEM
pluto-prod-yutengl-dev-202-3-0:2321309:2321309 [0] NCCL INFO Channel 16/0 : 0[0] -> 1[1] via P2P/CUMEM
pluto-prod-yutengl-dev-202-3-0:2321309:2321309 [0] NCCL INFO Channel 17/0 : 0[0] -> 1[1] via P2P/CUMEM
pluto-prod-yutengl-dev-202-3-0:2321309:2321309 [0] NCCL INFO Channel 18/0 : 0[0] -> 1[1] via P2P/CUMEM
pluto-prod-yutengl-dev-202-3-0:2321309:2321309 [0] NCCL INFO Channel 19/0 : 0[0] -> 1[1] via P2P/CUMEM
pluto-prod-yutengl-dev-202-3-0:2321309:2321309 [0] NCCL INFO Channel 20/0 : 0[0] -> 1[1] via P2P/CUMEM
pluto-prod-yutengl-dev-202-3-0:2321309:2321309 [0] NCCL INFO Channel 21/0 : 0[0] -> 1[1] via P2P/CUMEM
pluto-prod-yutengl-dev-202-3-0:2321309:2321309 [0] NCCL INFO Channel 22/0 : 0[0] -> 1[1] via P2P/CUMEM
pluto-prod-yutengl-dev-202-3-0:2321309:2321309 [0] NCCL INFO Channel 23/0 : 0[0] -> 1[1] via P2P/CUMEM
pluto-prod-yutengl-dev-202-3-0:2321309:2321309 [0] NCCL INFO Connected all rings, use ring PXN 0 GDR 1
pluto-prod-yutengl-dev-202-3-0:2321309:2321309 [0] NCCL INFO comm 0x55c66aa57450 rank 0 nranks 2 cudaDev 0 busId 64000 - Destroy COMPLETE
pluto-prod-yutengl-dev-202-3-0:2321309:2321309 [0] NCCL INFO comm 0x55c66b9ce310 rank 0 nranks 2 cudaDev 0 busId 64000 - Destroy COMPLETE
pluto-prod-yutengl-dev-202-3-0:2321309:2321309 [0] NCCL INFO comm 0x55c66b2213f0 rank 0 nranks 2 cudaDev 0 busId 64000 - Destroy COMPLETE
pluto-prod-yutengl-dev-202-3-0:2321309:2321309 [0] NCCL INFO comm 0x55c66975bc10 rank 0 nranks 2 cudaDev 0 busId 64000 - Destroy COMPLETE
pluto-prod-yutengl-dev-202-3-0:2321309:2321309 [0] NCCL INFO comm 0x55c661920560 rank 0 nranks 2 cudaDev 0 busId 64000 - Destroy COMPLETE
pluto-prod-yutengl-dev-202-3-0:2321310:2321310 [1] NCCL INFO ENV/Plugin: Closing env plugin ncclEnvDefault
pluto-prod-yutengl-dev-202-3-0:2321309:2321309 [0] NCCL INFO ENV/Plugin: Closing env plugin ncclEnvDefault
pluto-prod-yutengl-dev-202-3-0:2321309:2322075 [0] NCCL INFO [Service thread] Connection closed by localRank 1
pluto-prod-yutengl-dev-202-3-0:2321309:2321989 [0] NCCL INFO [Service thread] Connection closed by localRank 1
pluto-prod-yutengl-dev-202-3-0:2321309:2321945 [0] NCCL INFO [Service thread] Connection closed by localRank 1
[09-15 17:32:58] Stage generation stopped
PASSED
tests/integration/cosmos3/test_super_gpu.py::test_super_generation[i2v] Failed to import mooncake: No module named 'mooncake'. MooncakeRelay will not work. Install with: pip install mooncake-transfer-engine
Failed to import nixl: No module named 'nixl'. NixlRelay will not work.
Failed to import torchada: No module named 'torchada'. MUSA platform compatibility will not work.
[09-15 17:33:14] Auto memory policy for Cosmos3Config: 78.7 GiB of free device memory selects layerwise offload for text_encoder, image_encoder, vae. Explicit placement flags always win, and the per-component lines below say where each one's weights landed -- see the model's cookbook page for what to expect from your memory budget.
[93m[09-15 17:33:14] Cosmos3Config keeps its DiT resident with 78.7 GiB of device memory available, below the 120.0 GiB this model declares as its threshold for keeping components resident. The DiT is not in the automatic layerwise selection because the model does not list 'auto' in dit_layerwise_offload_modes. If the DiT does not fit, pass --layerwise-offload-components dit,... explicitly, or add the mode to the model's deployment config.[0;0m
[09-15 17:33:14] Diffusers version: 0.37.1
[09-15 17:33:14] Automatically enabled CFG parallel at degree 2 for 2 GPUs. Use --sp-degree / --ulysses-degree to use sequence parallelism instead.
[09-15 17:33:14] Proposed encoder parallel folding (mode=world) for ServerArgs (tp=1 sp=1 cfg=2 replica=2); the loader keeps it for encoders wide enough to benefit.
[09-15 17:33:14] Using layerwise offload components: text_encoder, image_encoder, vae, transformer. This reduces peak GPU memory and can increase latency; use --performance-mode speed for GPU-resident defaults when memory allows.
[09-15 17:33:14] server_args: {"model_path": "/mnt/localssd/models/Cosmos3-Super-fe77b66696d645f663b8f27e942b3b43e4629e23", "model_subfolder": null, "model_variant": null, "model_id": null, "served_model_name": "/mnt/localssd/models/Cosmos3-Super-fe77b66696d645f663b8f27e942b3b43e4629e23", "backend": "auto", "attention_backend": null, "attention_backend_config": {}, "component_attention_backends": {}, "cache_dit_config": null, "nccl_port": null, "enable_nccl_nvls": false, "trust_remote_code": false, "revision": null, "num_gpus": 2, "performance_mode": "auto", "base_gpu_id": 0, "gpu_ids": [0, 1], "nnodes": 1, "node_rank": 0, "dist_init_addr": null, "tp_size": 1, "sp_degree": 1, "ulysses_degree": 1, "ring_degree": 1, "kv_gather_degree": 1, "sp_split_auto": false, "dp_size": 1, "enable_cfg_parallel": true, "cfg_parallel_degree": 2, "encoder_parallel": "auto", "hsdp_replicate_dim": 1, "hsdp_shard_dim": 2, "dist_timeout": 3600, "scheduler_rpc_timeout": null, "pipeline_class_name": null, "lora_path": null, "lora_nickname": "default", "lora_scale": 1.0, "lora_alpha": null, "lora_merge_mode": "auto", "lora_weight_name": null, "component_paths": {}, "component_weights_paths": {}, "component_direct_gpu_weight_loading": {}, "component_quantizations": {}, "component_precisions": {}, "component_quantization_ignored_layers": {}, "load_diffusion_decoder": false, "transformer_weights_path": null, "minimax_h3_adaln_cache_path": null, "minimax_h3_adaln_online": false, "minimax_h3_adaln_plan_width": 4, "quantization": null, "quantization_ignored_layers": null, "lora_target_modules": null, "component_residency": {"transformer": "layerwise-offload"}, "cpu_offload_components": null, "dit_cpu_offload": true, "direct_gpu_weight_loading": false, "dit_layerwise_offload": false, "layerwise_offload_components": ["text_encoder", "image_encoder", "vae"], "dit_offload_prefetch_size": 0.0, "dit_layerwise_resident_layers": 0.0, "dit_layerwise_residency_policy": "leading", "layerwise_prefetch_size": {}, "layerwise_resident_layers": {"transformer": 1}, "layerwise_residency_policy": {}, "offload_during_compile": true, "text_encoder_cpu_offload": false, "image_encoder_cpu_offload": false, "vae_cpu_offload": false, "use_fsdp_inference": true, "pin_cpu_memory": true, "ltx2_two_stage_device_mode": null, "comfyui_mode": false, "enable_torch_compile": false, "regional_compile": false, "enable_breakable_cuda_graph": false, "bcg_text_buckets": null, "enable_layerwise_nvtx_marker": false, "warmup_mode": "off", "warmup_resolutions": null, "warmup_num_frames": null, "warmup_steps": 1, "disable_autocast": false, "master_port": 30005, "host": "127.0.0.1", "port": 30000, "webui": false, "webui_port": 12312, "scheduler_port": 5626, "scheduler_ports": [5626], "batching_mode": "dynamic", "batching_max_size": 1, "batching_delay_ms": 0.0, "batching_config": null, "enable_batching_metrics": false, "strict_ports": false, "output_path": "outputs/", "input_save_path": "inputs/uploads", "prompt_file_path": null, "model_paths": {}, "model_loaded": {"transformer": true, "vae": true, "video_vae": true, "audio_vae": true, "video_dit": true, "audio_dit": true, "dual_tower_bridge": true}, "boundary_ratio": null, "disagg_role": "monolithic", "disagg_timeout": 3600, "disagg_downstream_wait_timeout": 1800, "disagg_dispatch_policy": "round_robin", "disagg_mode": false, "disagg_instance_id": 0, "disagg_max_slots_per_instance": 8, "disagg_transfer_redundancy": 1.25, "disagg_role_device": "auto", "disagg_transfer_backend": "auto", "disagg_transfer_pool_size": 268435456, "disagg_transfer_pin_memory": "auto", "disagg_p2p_hostname": "127.0.0.1", "disagg_ib_device": null, "disagg_server_addr": null, "encoder_urls": null, "denoiser_urls": null, "decoder_urls": null, "encoder_tp": null, "denoiser_tp": null, "denoiser_sp": null, "denoiser_ulysses": null, "denoiser_ring": null, "decoder_sp": null, "pool_work_endpoint": null, "pool_result_endpoint": null, "pool_control_endpoint": null, "pool_control_advertised_endpoint": null, "log_level": "info", "log_requests": false, "log_requests_level": 2, "log_requests_format": "text", "log_requests_target": null, "uvicorn_access_log_exclude_prefixes": [], "enable_cache_report": false, "enable_trace": false, "otlp_traces_endpoint": "localhost:4317", "srt_encoder_url": null, "srt_encoder_connect_timeout": 3.05, "srt_encoder_timeout": 100, "pe_server_url": null}
[09-15 17:33:14] Local mode: True
[09-15 17:33:14] Starting server...
[09-15 17:33:26] Scheduler (dp replica 0) bind at endpoint: tcp://127.0.0.1:5626
[09-15 17:33:26] torch.compile cache: TORCHINDUCTOR_CACHE_DIR=/mnt/localssd/.cache/sgl_diffusion/torch_compile_cache/inductor TRITON_CACHE_DIR=/mnt/localssd/.cache/sgl_diffusion/torch_compile_cache/triton
[09-15 17:33:26] Initializing distributed environment with world_size=2, device=cuda:0, timeout=3600
[09-15 17:33:26] Setting distributed timeout to 3600 seconds
libfabric:2324226:1789518807::core:core:cuda_gdrcopy_hmem_init():192<warn> gdrcopy_dl_hmem_init failed!
libfabric:2324225:1789518807::core:core:cuda_gdrcopy_hmem_init():192<warn> gdrcopy_dl_hmem_init failed!
libfabric:2324226:1789518807::core:core:fi_getinfo_():1392<warn> fi_getinfo: provider efa output empty list
libfabric:2324225:1789518807::core:core:fi_getinfo_():1392<warn> fi_getinfo: provider efa output empty list
pluto-prod-yutengl-dev-202-3-0:2324225:2324225 [0] NCCL INFO ENV/Plugin: Could not find: libnccl-env.so
pluto-prod-yutengl-dev-202-3-0:2324225:2324225 [0] NCCL INFO Bootstrap: Using eth0:10.91.207.160<0>
pluto-prod-yutengl-dev-202-3-0:2324225:2324225 [0] NCCL INFO cudaDriverVersion 13000
pluto-prod-yutengl-dev-202-3-0:2324225:2324225 [0] NCCL INFO NCCL version 2.29.7+cuda13.2
pluto-prod-yutengl-dev-202-3-0:2324225:2324225 [0] NCCL INFO NCCL git version stable b81d6a5a3
pluto-prod-yutengl-dev-202-3-0:2324225:2324225 [0] NCCL INFO Comm config Blocking set to 1
pluto-prod-yutengl-dev-202-3-0:2324225:2324225 [0] NCCL INFO NET/Plugin: Loaded net plugin Libfabric (v10)
pluto-prod-yutengl-dev-202-3-0:2324225:2324225 [0] NCCL INFO Successfully loaded external network plugin /opt/aws-ofi-nccl/install/lib/libnccl-net.so
pluto-prod-yutengl-dev-202-3-0:2324225:2324225 [0] NCCL INFO NET/OFI Initializing aws-ofi-nccl 1.16.1
pluto-prod-yutengl-dev-202-3-0:2324225:2324225 [0] NCCL INFO NET/OFI Using Libfabric version 2.1
pluto-prod-yutengl-dev-202-3-0:2324225:2324225 [0] NCCL INFO NET/OFI Using CUDA driver version 13000 with runtime 12080
pluto-prod-yutengl-dev-202-3-0:2324225:2324225 [0] NCCL INFO NET/OFI Configuring AWS-specific options
pluto-prod-yutengl-dev-202-3-0:2324225:2324225 [0] NCCL INFO NET/OFI Internode latency set at 75.0 us
pluto-prod-yutengl-dev-202-3-0:2324225:2324225 [0] NCCL INFO NET/OFI Using transport protocol RDMA (platform set)
pluto-prod-yutengl-dev-202-3-0:2324225:2324225 [0] NCCL INFO NET/OFI No eligible providers were found

[2026-09-15 17:33:27] pluto-prod-yutengl-dev-202-3-0:2324225:2324225 [0] int nccl_net_ofi_create_plugin(nccl_net_ofi_plugin_t**):215 NCCL WARN NET/OFI Failed to initialize rdma protocol

[2026-09-15 17:33:27] pluto-prod-yutengl-dev-202-3-0:2324225:2324225 [0] int nccl_net_ofi_create_plugin(nccl_net_ofi_plugin_t**):352 NCCL WARN NET/OFI aws-ofi-nccl initialization failed

[2026-09-15 17:33:27] pluto-prod-yutengl-dev-202-3-0:2324225:2324225 [0] ncclResult_t nccl_net_ofi_init_v6(ncclDebugLogger_t):166 NCCL WARN NET/OFI Initializing plugin failed
pluto-prod-yutengl-dev-202-3-0:2324225:2324225 [0] NCCL INFO plugin/net/net_v10.cc:82 -> 2
pluto-prod-yutengl-dev-202-3-0:2324225:2324225 [0] NCCL INFO Failed to initialize NET plugin Libfabric
pluto-prod-yutengl-dev-202-3-0:2324225:2324225 [0] NCCL INFO NET/IB : No device found.
pluto-prod-yutengl-dev-202-3-0:2324225:2324225 [0] NCCL INFO NET/IB : Using [RO]; OOB eth0:10.91.207.160<0>
pluto-prod-yutengl-dev-202-3-0:2324225:2324225 [0] NCCL INFO Failed to initialize NET plugin IB
pluto-prod-yutengl-dev-202-3-0:2324225:2324225 [0] NCCL INFO NET/Socket : Using [0]eth0:10.91.207.160<0>
pluto-prod-yutengl-dev-202-3-0:2324225:2324225 [0] NCCL INFO Initialized NET plugin Socket
pluto-prod-yutengl-dev-202-3-0:2324225:2324225 [0] NCCL INFO Assigned NET plugin Socket to comm
pluto-prod-yutengl-dev-202-3-0:2324225:2324225 [0] NCCL INFO GIN/Plugin: Could not find: libnccl-gin.so
pluto-prod-yutengl-dev-202-3-0:2324225:2324225 [0] NCCL INFO Successfully loaded external gin plugin /opt/aws-ofi-nccl/install/lib/libnccl-net.so
pluto-prod-yutengl-dev-202-3-0:2324225:2324225 [0] NCCL INFO Failed to initialize any GIN plugin
pluto-prod-yutengl-dev-202-3-0:2324225:2324225 [0] NCCL INFO Using network Socket
pluto-prod-yutengl-dev-202-3-0:2324225:2324225 [0] NCCL INFO [Rank 0] ncclCommInitRankConfig comm 0x556c1b293ea0 rank 0 nranks 2 cudaDev 0 nvmlDev 0 busId 64000 commId 0x59f965b9982e202b - Init START
pluto-prod-yutengl-dev-202-3-0:2324225:2324225 [0] NCCL INFO RAS client listening socket at ::1<28028>
pluto-prod-yutengl-dev-202-3-0:2324225:2324225 [0] NCCL INFO Bootstrap timings total 0.001207 (create 0.000077, send 0.000151, recv 0.000360, ring 0.000040, delay 0.000001)
pluto-prod-yutengl-dev-202-3-0:2324225:2324225 [0] NCCL INFO MNNVL busId 0x64000 fabric UUID 0.0 cliqueId 0x0 state 3 healthMask 0x0
pluto-prod-yutengl-dev-202-3-0:2324225:2324225 [0] NCCL INFO ncclTopoGetCpuAffinity: Affinity for GPU 0 is 0-47,96-143. (GPU affinity = 0-47,96-143 ; CPU affinity = 0-191pluto-prod-yutengl-dev-202-3-0:2324226:2324226 [1] NCCL INFO ENV/Plugin: Could not find: libnccl-env.so
pluto-prod-yutengl-dev-202-3-0:2324226:2324226 [1] NCCL INFO cudaDriverVersion 13000
pluto-prod-yutengl-dev-202-3-0:2324226:2324226 [1] NCCL INFO Bootstrap: Using eth0:10.91.207.160<0>
pluto-prod-yutengl-dev-202-3-0:2324226:2324226 [1] NCCL INFO NCCL version 2.29.7+cuda13.2
pluto-prod-yutengl-dev-202-3-0:2324226:2324226 [1] NCCL INFO NCCL git version stable b81d6a5a3
pluto-prod-yutengl-dev-202-3-0:2324226:2324226 [1] NCCL INFO Comm config Blocking set to 1
pluto-prod-yutengl-dev-202-3-0:2324226:2324226 [1] NCCL INFO NET/Plugin: Loaded net plugin Libfabric (v10)
pluto-prod-yutengl-dev-202-3-0:2324226:2324226 [1] NCCL INFO Successfully loaded external network plugin /opt/aws-ofi-nccl/install/lib/libnccl-net.so
pluto-prod-yutengl-dev-202-3-0:2324226:2324226 [1] NCCL INFO NET/OFI Initializing aws-ofi-nccl 1.16.1
pluto-prod-yutengl-dev-202-3-0:2324226:2324226 [1] NCCL INFO NET/OFI Using Libfabric version 2.1
pluto-prod-yutengl-dev-202-3-0:2324226:2324226 [1] NCCL INFO NET/OFI Using CUDA driver version 13000 with runtime 12080
pluto-prod-yutengl-dev-202-3-0:2324226:2324226 [1] NCCL INFO NET/OFI Configuring AWS-specific options
pluto-prod-yutengl-dev-202-3-0:2324226:2324226 [1] NCCL INFO NET/OFI Internode latency set at 75.0 us
pluto-prod-yutengl-dev-202-3-0:2324226:2324226 [1] NCCL INFO NET/OFI Using transport protocol RDMA (platform set)
pluto-prod-yutengl-dev-202-3-0:2324226:2324226 [1] NCCL INFO NET/OFI No eligible providers were found

[2026-09-15 17:33:27] pluto-prod-yutengl-dev-202-3-0:2324226:2324226 [1] int nccl_net_ofi_create_plugin(nccl_net_ofi_plugin_t**):215 NCCL WARN NET/OFI Failed to initialize rdma protocol

[2026-09-15 17:33:27] pluto-prod-yutengl-dev-202-3-0:2324226:2324226 [1] int nccl_net_ofi_create_plugin(nccl_net_ofi_plugin_t**):352 NCCL WARN NET/OFI aws-ofi-nccl initialization failed

[2026-09-15 17:33:27] pluto-prod-yutengl-dev-202-3-0:2324226:2324226 [1] ncclResult_t nccl_net_ofi_init_v6(ncclDebugLogger_t):166 NCCL WARN NET/OFI Initializing plugin failed
pluto-prod-yutengl-dev-202-3-0:2324226:2324226 [1] NCCL INFO plugin/net/net_v10.cc:82 -> 2
pluto-prod-yutengl-dev-202-3-0:2324226:2324226 [1] NCCL INFO Failed to initialize NET plugin Libfabric
pluto-prod-yutengl-dev-202-3-0:2324226:2324226 [1] NCCL INFO NET/IB : No device found.
pluto-prod-yutengl-dev-202-3-0:2324226:2324226 [1] NCCL INFO NET/IB : Using [RO]; OOB eth0:10.91.207.160<0>
pluto-prod-yutengl-dev-202-3-0:2324226:2324226 [1] NCCL INFO Failed to initialize NET plugin IB
pluto-prod-yutengl-dev-202-3-0:2324226:2324226 [1] NCCL INFO NET/Socket : Using [0]eth0:10.91.207.160<0>
pluto-prod-yutengl-dev-202-3-0:2324226:2324226 [1] NCCL INFO Initialized NET plugin Socket
pluto-prod-yutengl-dev-202-3-0:2324226:2324226 [1] NCCL INFO Assigned NET plugin Socket to comm
pluto-prod-yutengl-dev-202-3-0:2324226:2324226 [1] NCCL INFO GIN/Plugin: Could not find: libnccl-gin.so
pluto-prod-yutengl-dev-202-3-0:2324226:2324226 [1] NCCL INFO Successfully loaded external gin plugin /opt/aws-ofi-nccl/install/lib/libnccl-net.so
pluto-prod-yutengl-dev-202-3-0:2324226:2324226 [1] NCCL INFO Failed to initialize any GIN plugin
pluto-prod-yutengl-dev-202-3-0:2324226:2324226 [1] NCCL INFO Using network Socket
pluto-prod-yutengl-dev-202-3-0:2324226:2324226 [1] NCCL INFO [Rank 1] ncclCommInitRankConfig comm 0x564a3b4d22a0 rank 1 nranks 2 cudaDev 1 nvmlDev 1 busId 75000 commId 0x59f965b9982e202b - Init START
pluto-prod-yutengl-dev-202-3-0:2324226:2324226 [1] NCCL INFO RAS client listening socket at ::1<28028>
pluto-prod-yutengl-dev-202-3-0:2324226:2324226 [1] NCCL INFO Bootstrap timings total 0.006610 (create 0.000073, send 0.000206, recv 0.005586, ring 0.000052, delay 0.000001)
pluto-prod-yutengl-dev-202-3-0:2324226:2324226 [1] NCCL INFO MNNVL busId 0x75000 fabric UUID 0.0 cliqueId 0x0 state 3 healthMask 0x0
pluto-prod-yutengl-dev-202-3-0:2324226:2324226 [1] NCCL INFO ncclTopoGetCpuAffinity: Affinity for GPU 1 is 0-47,96-143. (GPU affinity = 0-47,96-143 ; CPU affinity = 0-191).
pluto-prod-yutengl-dev-202-3-0:2324225:2324225 [0] NCCL INFO NVLS multicast support is available on dev 0 (NVLS_NCHANNELS 16)
pluto-prod-yutengl-dev-202-3-0:2324225:2324225 [0] NCCL INFO comm 0x556c1b293ea0 rank 0 nRanks 2 nNodes 1 localRanks 2 localRank 0 MNNVL 0
pluto-prod-yutengl-dev-202-3-0:2324225:2324225 [0] NCCL INFO Channel 00/24 : 0 1
pluto-prod-yutengl-dev-202-3-0:2324225:2324225 [0] NCCL INFO Channel 01/24 : 0 1
pluto-prod-yutengl-dev-202-3-0:2324225:2324225 [0] NCCL INFO Channel 02/24 : 0 1
pluto-prod-yutengl-dev-202-3-0:2324225:2324225 [0] NCCL INFO Channel 03/24 : 0 1
pluto-prod-yutengl-dev-202-3-0:2324225:2324225 [0] NCCL INFO Channel 04/24 : 0 1
pluto-prod-yutengl-dev-202-3-0:2324225:2324225 [0] NCCL INFO Channel 05/24 : 0 1
pluto-prod-yutengl-dev-202-3-0:2324225:2324225 [0] NCCL INFO Channel 06/24 : 0 1
pluto-prod-yutengl-dev-202-3-0:2324225:2324225 [0] NCCL INFO Channel 07/24 : 0 1
pluto-prod-yutengl-dev-202-3-0:2324225:2324225 [0] NCCL INFO Channel 08/24 : 0 1
pluto-prod-yutengl-dev-202-3-0:2324225:2324225 [0] NCCL INFO Channel 09/24 : 0 1
pluto-prod-yutengl-dev-202-3-0:2324225:2324225 [0] NCCL INFO Channel 10/24 : 0 1
pluto-prod-yutengl-dev-202-3-0:2324225:2324225 [0] NCCL INFO Channel 11/24 : 0 1
pluto-prod-yutengl-dev-202-3-0:2324225:2324225 [0] NCCL INFO Channel 12/24 : 0 1
pluto-prod-yutengl-dev-202-3-0:2324225:2324225 [0] NCCL INFO Channel 13/24 : 0 1
pluto-prod-yutengl-dev-202-3-0:2324225:2324225 [0] NCCL INFO Channel 14/24 : 0 1
pluto-prod-yutengl-dev-202-3-0:2324225:2324225 [0] NCCL INFO Channel 15/24 : 0 1
pluto-prod-yutengl-dev-202-3-0:2324225:2324225 [0] NCCL INFO Channel 16/24 : 0 1
pluto-prod-yutengl-dev-202-3-0:2324225:2324225 [0] NCCL INFO Channel 17/24 : 0 1
pluto-prod-yutengl-dev-202-3-0:2324225:2324225 [0] NCCL INFO Channel 18/24 : 0 1
pluto-prod-yutengl-dev-202-3-0:2324225:2324225 [0] NCCL INFO Channel 19/24 : 0 1
pluto-prod-yutengl-dev-202-3-0:2324225:2324225 [0] NCCL INFO Channel 20/24 : 0 1
pluto-prod-yutengl-dev-202-3-0:2324225:2324225 [0] NCCL INFO Channel 21/24 : 0 1
pluto-prod-yutengl-dev-202-3-0:2324225:2324225 [0] NCCL INFO Channel 22/24 : 0 1
pluto-prod-yutengl-dev-202-3-0:2324225:2324225 [0] NCCL INFO Channel 23/24 : 0 1
pluto-prod-yutengl-dev-202-3-0:2324225:2324225 [0] NCCL INFO Trees [0] 1/-1/-1->0->-1 [1] 1/-1/-1->0->-1 [2] 1/-1/-1->0->-1 [3] 1/-1/-1->0->-1 [4] 1/-1/-1->0->-1 [5] 1/-1/-1->0->-1 [6] -1/-1/-1->0->1 [7] -1/-1/-1->0->1 [8] -1/-1/-1->0->1 [9] -1/-1/-1->0->1 [10] -1/-1/-1->0->1 [11] -1/-1/-1->0->1 [12] 1/-1/-1->0->-1 [13] 1/-1/-1->0->-1 [14] 1/-1/-1->0->-1 [15] 1/-1/-1->0->-1 [16] 1/-1/-1->0->-1 [17] 1/-1/-1->0->-1 [18] -1/-1/-1->0->1 [19] -1/-1/-1->0->1 [20] -1/-1/-1->0->1 [21] -1/-1/-1->0->1 [22] -1/-1/-1->0->1 [23] -1/-1/-1->0->1
pluto-prod-yutengl-dev-202-3-0:2324225:2324225 [0] NCCL INFO P2P Chunksize set to 524288
pluto-prod-yutengl-dev-202-3-0:2324225:2324225 [0] NCCL INFO PROFILER/Plugin: Could not find: libnccl-profiler.so
pluto-prod-yutengl-dev-202-3-0:2324225:2324225 [0] NCCL INFO Check P2P Type isAllDirectP2p 1 directMode 0 isAllCudaP2p 1
pluto-prod-yutengl-dev-202-3-0:2324225:2324862 [0] NCCL INFO [Proxy Service] Device 0 CPU core 41
pluto-prod-yutengl-dev-202-3-0:2324225:2324863 [0] NCCL INFO [Proxy Service UDS] Device 0 CPU core 121
pluto-prod-yutengl-dev-202-3-0:2324225:2324225 [0] NCCL INFO TUNER/Plugin: Could not find: libnccl-tuner.so
pluto-prod-yutengl-dev-202-3-0:2324225:2324225 [0] NCCL INFO TUNER/Plugin: Using nccl_ofi_tuner (v3)
pluto-prod-yutengl-dev-202-3-0:2324225:2324225 [0] NCCL INFO NET/OFI Region base Tuner is chosen for platform: p5.48xlarge
pluto-prod-yutengl-dev-202-3-0:2324225:2324225 [0] NCCL INFO NET/OFI Region Tuner init (platform 0): comm with 2 ranks and 1 nodes.
pluto-prod-yutengl-dev-202-3-0:2324225:2324225 [0] NCCL INFO NET/OFI Tuner init: comm with 2 ranks and 1 nodes.
pluto-prod-yutengl-dev-202-3-0:2324225:2324225 [0] NCCL INFO threadThresholds 8/8/64 | 16/8/64 | 512 | 512
pluto-prod-yutengl-dev-202-3-0:2324225:2324225 [0] NCCL INFO 24 coll channels, 24 collnet channels, 16 nvls channels, 32 p2p channels, 32 p).
pluto-prod-yutengl-dev-202-3-0:2324226:2324226 [1] NCCL INFO NVLS multicast support is available on dev 1 (NVLS_NCHANNELS 16)
pluto-prod-yutengl-dev-202-3-0:2324226:2324226 [1] NCCL INFO comm 0x564a3b4d22a0 rank 1 nRanks 2 nNodes 1 localRanks 2 localRank 1 MNNVL 0
pluto-prod-yutengl-dev-202-3-0:2324226:2324226 [1] NCCL INFO Trees [0] -1/-1/-1->1->0 [1] -1/-1/-1->1->0 [2] -1/-1/-1->1->0 [3] -1/-1/-1->1->0 [4] -1/-1/-1->1->0 [5] -1/-1/-1->1->0 [6] 0/-1/-1->1->-1 [7] 0/-1/-1->1->-1 [8] 0/-1/-1->1->-1 [9] 0/-1/-1->1->-1 [10] 0/-1/-1->1->-1 [11] 0/-1/-1->1->-1 [12] -1/-1/-1->1->0 [13] -1/-1/-1->1->0 [14] -1/-1/-1->1->0 [15] -1/-1/-1->1->0 [16] -1/-1/-1->1->0 [17] -1/-1/-1->1->0 [18] 0/-1/-1->1->-1 [19] 0/-1/-1->1->-1 [20] 0/-1/-1->1->-1 [21] 0/-1/-1->1->-1 [22] 0/-1/-1->1->-1 [23] 0/-1/-1->1->-1
pluto-prod-yutengl-dev-202-3-0:2324226:2324226 [1] NCCL INFO P2P Chunksize set to 524288
pluto-prod-yutengl-dev-202-3-0:2324226:2324226 [1] NCCL INFO PROFILER/Plugin: Could not find: libnccl-profiler.so
pluto-prod-yutengl-dev-202-3-0:2324226:2324226 [1] NCCL INFO Check P2P Type isAllDirectP2p 1 directMode 0 isAllCudaP2p 1
pluto-prod-yutengl-dev-202-3-0:2324226:2324861 [0] NCCL INFO [Proxy Service] Device 1 CPU core 41
pluto-prod-yutengl-dev-202-3-0:2324226:2324864 [0] NCCL INFO [Proxy Service UDS] Device 1 CPU core 121
pluto-prod-yutengl-dev-202-3-0:2324226:2324226 [1] NCCL INFO TUNER/Plugin: Could not find: libnccl-tuner.so
pluto-prod-yutengl-dev-202-3-0:2324226:2324226 [1] NCCL INFO TUNER/Plugin: Using nccl_ofi_tuner (v3)
pluto-prod-yutengl-dev-202-3-0:2324226:2324226 [1] NCCL INFO NET/OFI Region base Tuner is chosen for platform: p5.48xlarge
pluto-prod-yutengl-dev-202-3-0:2324226:2324226 [1] NCCL INFO NET/OFI Region Tuner init (platform 0): comm with 2 ranks and 1 nodes.
pluto-prod-yutengl-dev-202-3-0:2324226:2324226 [1] NCCL INFO NET/OFI Tuner init: comm with 2 ranks and 1 nodes.
pluto-prod-yutengl-dev-202-3-0:2324226:2324226 [1] NCCL INFO threadThresholds 8/8/64 | 16/8/64 | 512 | 512
pluto-prod-yutengl-dev-202-3-0:2324226:2324226 [1] NCCL INFO 24 coll channels, 24 collnet channels, 16 nvls channels, 32 p2p channels, 32 p2p channels per peer
pluto-prod-yutengl-dev-202-3-0:2324226:2324226 [1] NCCL INFO Symmetric VA size=80GB
pluto-prod-yutengl-dev-202-3-0:2324226:2324226 [1] NCCL INFO ncclCommInitRankConfig comm 0x564a3b4d22a0 rank 1 nranks 2 cudaDev 1 nvmlDev 1 busId 75000 commId 0x59f965b9982e202b - Init COMPLETE
pluto-prod-yutengl-dev-202-3-0:2324226:2324226 [1] NCCL INFO Init timings - ncclCommInitRankConfig: rank 1 nranks 2 total 0.55 (kernels 0.33, alloc 0.08, bootstrap 0.01, allgathers 0.00, topo 0.02, graphs 0.01, connections 0.10, rest 0.01)
pluto-prod-yutengl-dev-202-3-0:2324226:2324226 [1] NCCL INFO Comm config Blocking set to 1
pluto-prod-yutengl-dev-202-3-0:2324226:2324226 [1] NCCL INFO Initialized NET plugin Socket
pluto-prod-yutengl-dev-202-3-0:2324226:2324226 [1] NCCL INFO Assigned NET plugin Socket to comm
pluto-prod-yutengl-dev-202-3-0:2324226:2324226 [1] NCCL INFO Failed to initialize any GIN plugin
pluto-prod-yutengl-dev-202-3-0:2324226:2324226 [1] NCCL INFO Using network Socket
pluto-prod-yutengl-dev-202-3-0:2324226:2324226 [1] NCCL INFO ncclCommSplit comm 0x564a43310280 rank 1 nranks 2 cudaDev 1 nvmlDev 1 busId 75000 parent 0x564a3b4d22a0 childCount 1 color 2130503744 key 1- Init START
pluto-prod-yutengl-dev-202-3-0:2324226:2324226 [1] NCCL INFO MNNVL busId 0x75000 fabric UUID 0.0 cliqueId 0x0 state 3 healthMask 0x0
pluto-prod-yutengl-dev-202-3-0:2324226:2324226 [1] NCCL INFO ncclTopoGetCpuAffinity: Affinity for GPU 1 is 0-47,96-143. (GPU affinity = 0-47,96-143 ; CPU affinity = 0-47,96-143).
pluto-prod-yutengl-dev-202-3-0:2324226:2324226 [1] NCCL INFO NVLS multicast support is available on dev 1 (NVLS_NCHANNELS 16)
pluto-prod-yutengl-dev-202-3-0:2324226:2324226 [1] NCCL INFO comm 0x564a43310280 rank 1 nRanks 2 nNodes 1 localRanks 2 localRank 1 MNNVL 0
pluto-prod-yutengl-dev-202-3-0:2324226:2324226 [1] NCCL INFO Trees [0] -1/-1/-1->1->0 [1] -1/-1/-1->1->0 [2] -1/-1/-1->1->0 [3] -1/-1/-1->1->0 [4] -1/-1/-1->12p channels per peer
pluto-prod-yutengl-dev-202-3-0:2324225:2324225 [0] NCCL INFO Symmetric VA size=80GB
pluto-prod-yutengl-dev-202-3-0:2324225:2324225 [0] NCCL INFO CC Off, workFifoBytes 1048576
pluto-prod-yutengl-dev-202-3-0:2324225:2324225 [0] NCCL INFO ncclCommInitRankConfig comm 0x556c1b293ea0 rank 0 nranks 2 cudaDev 0 nvmlDev 0 busId 64000 commId 0x59f965b9982e202b - Init COMPLETE
pluto-prod-yutengl-dev-202-3-0:2324225:2324225 [0] NCCL INFO Init timings - ncclCommInitRankConfig: rank 0 nranks 2 total 0.55 (kernels 0.33, alloc 0.08, bootstrap 0.00, allgathers 0.00, topo 0.02, graphs 0.01, connections 0.10, rest 0.01)
pluto-prod-yutengl-dev-202-3-0:2324225:2324225 [0] NCCL INFO Comm config Blocking set to 1
pluto-prod-yutengl-dev-202-3-0:2324225:2324225 [0] NCCL INFO Initialized NET plugin Socket
pluto-prod-yutengl-dev-202-3-0:2324225:2324225 [0] NCCL INFO Assigned NET plugin Socket to comm
pluto-prod-yutengl-dev-202-3-0:2324225:2324225 [0] NCCL INFO Failed to initialize any GIN plugin
pluto-prod-yutengl-dev-202-3-0:2324225:2324225 [0] NCCL INFO Using network Socket
pluto-prod-yutengl-dev-202-3-0:2324225:2324225 [0] NCCL INFO ncclCommSplit comm 0x556c230d2cc0 rank 0 nranks 2 cudaDev 0 nvmlDev 0 busId 64000 parent 0x556c1b293ea0 childCount 1 color 2130503744 key 0- Init START
pluto-prod-yutengl-dev-202-3-0:2324225:2324225 [0] NCCL INFO MNNVL busId 0x64000 fabric UUID 0.0 cliqueId 0x0 state 3 healthMask 0x0
pluto-prod-yutengl-dev-202-3-0:2324225:2324225 [0] NCCL INFO ncclTopoGetCpuAffinity: Affinity for GPU 0 is 0-47,96-143. (GPU affinity = 0-47,96-143 ; CPU affinity = 0-47,96-143).
pluto-prod-yutengl-dev-202-3-0:2324225:2324225 [0] NCCL INFO NVLS multicast support is available on dev 0 (NVLS_NCHANNELS 16)
pluto-prod-yutengl-dev-202-3-0:2324225:2324225 [0] NCCL INFO comm 0x556c230d2cc0 rank 0 nRanks 2 nNodes 1 localRanks 2 localRank 0 MNNVL 0
pluto-prod-yutengl-dev-202-3-0:2324225:2324225 [0] NCCL INFO Channel 00/24 : 0 1
pluto-prod-yutengl-dev-202-3-0:2324225:2324225 [0] NCCL INFO Channel 01/24 : 0 1
pluto-prod-yutengl-dev-202-3-0:2324225:2324225 [0] NCCL INFO Channel 02/24 : 0 1
pluto-prod-yutengl-dev-202-3-0:2324225:2324225 [0] NCCL INFO Channel 03/24 : 0 1
pluto-prod-yutengl-dev-202-3-0:2324225:2324225 [0] NCCL INFO Channel 04/24 : 0 1
pluto-prod-yutengl-dev-202-3-0:2324225:2324225 [0] NCCL INFO Channel 05/24 : 0 1
pluto-prod-yutengl-dev-202-3-0:2324225:2324225 [0] NCCL INFO Channel 06/24 : 0 1
pluto-prod-yutengl-dev-202-3-0:2324225:2324225 [0] NCCL INFO Channel 07/24 : 0 1
pluto-prod-yutengl-dev-202-3-0:2324225:2324225 [0] NCCL INFO Channel 08/24 : 0 1
pluto-prod-yutengl-dev-202-3-0:2324225:2324225 [0] NCCL INFO Channel 09/24 : 0 1
pluto-prod-yutengl-dev-202-3-0:2324225:2324225 [0] NCCL INFO Channel 10/24 : 0 1
pluto-prod-yutengl-dev-202-3-0:2324225:2324225 [0] NCCL INFO Channel 11/24 : 0 1
pluto-prod-yutengl-dev-202-3-0:2324225:2324225 [0] NCCL INFO Channel 12/24 : 0 1
pluto-prod-yutengl-dev-202-3-0:2324225:2324225 [0] NCCL INFO Channel 13/24 : 0 1
pluto-prod-yutengl-dev-202-3-0:2324225:2324225 [0] NCCL INFO Channel 14/24 : 0 1
pluto-prod-yutengl-dev-202-3-0:2324225:2324225 [0] NCCL INFO Channel 15/24 : 0 1
pluto-prod-yutengl-dev-202-3-0:2324225:2324225 [0] NCCL INFO Channel 16/24 : 0 1
pluto-prod-yutengl-dev-202-3-0:2324225:2324225 [0] NCCL INFO Channel 17/24 : 0 1
pluto-prod-yutengl-dev-202-3-0:2324225:2324225 [0] NCCL INFO Channel 18/24 : 0 1
pluto-prod-yutengl-dev-202-3-0:2324225:2324225 [0] NCCL INFO Channel 19/24 : 0 1
pluto-prod-yutengl-dev-202-3-0:2324225:2324225 [0] NCCL INFO Channel 20/24 : 0 1
pluto-prod-yutengl-dev-202-3-0:2324225:2324225 [0] NCCL INFO Channel 21/24 : 0 1
pluto-prod-yutengl-dev-202-3-0:2324225:2324225 [0] NCCL INFO Channel 22/24 : 0 1
pluto-prod-yutengl-dev-202-3-0:2324225:2324225 [0] NCCL INFO Channel 23/24 : 0 1
pluto-prod-yutengl-dev-202-3-0:2324225:2324225 [0] NCCL INFO Trees [0] 1/-1/-1->0->-1 [1] 1/-1/-1->0->-1 [2] 1/-1/-1->0->-1 [3] 1/-1/-1->0->-1 [4] 1/-1/-1->0->-1 [5] 1/-1/-1->0->-1 [6] -1/-1/-1->0->1 [7] -1/-1/-1->0->1 [8] -1/-1/-1->0->1 [9] -1/-1/-1->0->1 [10] -1/-1/-1->0->[09-15 17:33:27] Found nccl from library libnccl.so.2
[09-15 17:33:27] sglang-diffusion is using nccl==2.29.7
1 [11] -1/-1/-1->0->1 [12] 1/-1/-1->0->-1 [13] 1/-1/-1->0->-1 [14] 1/-1/-1->0->-1 [15] 1/-1/-1->0->-1 [16] 1/-1/-1->0->-1 [17] 1/-1/-1->0->-1 [18] -1/-1/-1->0->1 [19] -1/-1/-1->0->1 [20] -1/-1/-1->0->1 [21] -1/-1/-1->0->1 [22] -1/-1/-1->0->1 [23] -1/-1/-1->0->1
pluto-prod-yutengl-dev-202-3-0:2324225:2324225 [0] NCCL INFO P2P Chunksize set to 524288
pluto-prod-yutengl-dev-202-3-0:2324225:2324225 [0] NCCL INFO Check P2P Type isAllDirectP2p 1 directMode 0 isAllCudaP2p 1
pluto-prod-yutengl-dev-202-3-0:2324225:2324869 [0] NCCL INFO [Proxy Service] Device 0 CPU core 31
pluto-prod-yutengl-dev-202-3-0:2324225:2324871 [0] NCCL INFO [Proxy Service UDS] Device 0 CPU core 10
pluto-prod-yutengl-dev-202-3-0:2324225:2324225 [0] NCCL INFO NET/OFI Region base Tuner is chosen for platform: p5.48xlarge
pluto-prod-yutengl-dev-202-3-0:2324225:2324225 [0] NCCL INFO NET/OFI Region Tuner init (platform 0): comm with 2 ranks and 1 nodes.
pluto-prod-yutengl-dev-202-3-0:2324225:2324225 [0] NCCL INFO NET/OFI Tuner init: comm with 2 ranks and 1 nodes.
pluto-prod-yutengl-dev-202-3-0:2324225:2324225 [0] NCCL INFO threadThresholds 8/8/64 | 16/8/64 | 512 | 512
pluto-prod-yutengl-dev-202-3-0:2324225:2324225 [0] NCCL INFO 24 coll channels, 24 collnet channels, 16 nvls channels, 32 p2p channels, 32 p2p channels per peer
pluto-prod-yutengl-dev-202-3-0:2324225:2324225 [0] NCCL INFO Symmetric VA size=80GB
pluto-prod-yutengl-dev-202-3-0:2324225:2324225 [0] NCCL INFO CC Off, workFifoBytes 1048576
pluto-prod-yutengl-dev-202-3-0:2324225:2324225 [0] NCCL INFO ncclCommSplit comm 0x556c230d2cc0 rank 0 nranks 2 cudaDev 0 nvmlDev 0 busId 64000 parent 0x556c1b293ea0 childCount 1 color 2130503744 key 0 - Init COMPLETE
pluto-prod-yutengl-dev-202-3-0:2324225:2324225 [0] NCCL INFO Init timings - ncclCommSplit: rank 0 nranks 2 total 0.11 (kernels 0.00, alloc 0.00, bootstrap 0.00, allgathers 0.00, topo 0.02, graphs 0.00, connections 0.08, rest 0.01)
pluto-prod-yutengl-dev-202-3-0:2324225:2324225 [0] NCCL INFO Initialized NET plugin Socket
pluto-prod-yutengl-dev-202-3-0:2324225:2324225 [0] NCCL INFO Assigned NET plugin Socket to comm
pluto-prod-yutengl-dev-202-3-0:2324225:2324225 [0] NCCL INFO Failed to initialize any GIN plugin
pluto-prod-yutengl-dev-202-3-0:2324225:2324225 [0] NCCL INFO Using network Socket
pluto-prod-yutengl-dev-202-3-0:2324225:2324225 [0] NCCL INFO [Rank 0] ncclCommInitRank comm 0x556c2347f1f0 rank 0 nranks 2 cudaDev 0 nvmlDev 0 busId 64000 commId 0x600b2dfd6b253bc - Init START
pluto-prod-yutengl-dev-202-3-0:2324225:2324225 [0] NCCL INFO Bootstrap timings total 0.000800 (create 0.000053, send 0.000102, recv 0.000345, ring 0.000027, delay 0.000000)
pluto-prod-yutengl-dev-202-3-0:2324225:2324225 [0] NCCL INFO MNNVL busId 0x64000 fabric UUID 0.0 cliqueId 0x0 state 3 healthMask 0x0
pluto-prod-yutengl-dev-202-3-0:2324225:2324225 [0] NCCL INFO ncclTopoGetCpuAffinity: Affinity for GPU 0 is 0-47,96-143. (GPU affinity = 0-47,96-143 ; CPU affinity = 0-47,96-143).
pluto-prod-yutengl-dev-202-3-0:2324225:2324225 [0] NCCL INFO NVLS multicast support is available on dev 0 (NVLS_NCHANNELS 16)
pluto-prod-yutengl-dev-202-3-0:2324225:2324225 [0] NCCL INFO comm 0x556c2347f1f0 rank 0 nRanks 2 nNodes 1 localRanks 2 localRank 0 MNNVL 0
pluto-prod-yutengl-dev-202-3-0:2324225:2324225 [0] NCCL INFO Channel 00/24 : 0 1
pluto-prod-yutengl-dev-202-3-0:2324225:2324225 [0] NCCL INFO Channel 01/24 : 0 1
pluto-prod-yutengl-dev-202-3-0:2324225:2324225 [0] NCCL INFO Channel 02/24 : 0 1
pluto-prod-yutengl-dev-202-3-0:2324225:2324225 [0] NCCL INFO Channel 03/24 : 0 1
pluto-prod-yutengl-dev-202-3-0:2324225:2324225 [0] NCCL INFO Channel 04/24 : 0 1
pluto-prod-yutengl-dev-202-3-0:2324225:2324225 [0] NCCL INFO Channel 05/24 : 0 1
pluto-prod-yutengl-dev-202-3-0:2324225:2324225 [0] NCCL INFO Channel 06/24 : 0 1
pluto-prod-yutengl-dev-202-3-0:2324225:2324225 [0] NCCL INFO Channel 07/24 : 0 1
pluto-prod-yutengl-dev-202-3-0:2324225:2324225 [0] NCCL INFO Channel 08/24 : 0 1
pluto-prod-yutengl-dev-202-3-0:2324225:2324225 [0] NCCL INFO Channel 09/24 : 0 1
pluto-prod-yutengl-dev-202-3-0:2324225:2324225 [->0 [5] -1/-1/-1->1->0 [6] 0/-1/-1->1->-1 [7] 0/-1/-1->1->-1 [8] 0/-1/-1->1->-1 [9] 0/-1/-1->1->-1 [10] 0/-1/-1->1->-1 [11] 0/-1/-1->1->-1 [12] -1/-1/-1->1->0 [13] -1/-1/-1->1->0 [14] -1/-1/-1->1->0 [15] -1/-1/-1->1->0 [16] -1/-1/-1->1->0 [17] -1/-1/-1->1->0 [18] 0/-1/-1->1->-1 [19] 0/-1/-1->1->-1 [20] 0/-1/-1->1->-1 [21] 0/-1/-1->1->-1 [22] 0/-1/-1->1->-1 [23] 0/-1/-1->1->-1
pluto-prod-yutengl-dev-202-3-0:2324226:2324226 [1] NCCL INFO P2P Chunksize set to 524288
pluto-prod-yutengl-dev-202-3-0:2324226:2324226 [1] NCCL INFO Check P2P Type isAllDirectP2p 1 directMode 0 isAllCudaP2p 1
pluto-prod-yutengl-dev-202-3-0:2324226:2324870 [0] NCCL INFO [Proxy Service] Device 1 CPU core 134
pluto-prod-yutengl-dev-202-3-0:2324226:2324872 [0] NCCL INFO [Proxy Service UDS] Device 1 CPU core 137
pluto-prod-yutengl-dev-202-3-0:2324226:2324226 [1] NCCL INFO NET/OFI Region base Tuner is chosen for platform: p5.48xlarge
pluto-prod-yutengl-dev-202-3-0:2324226:2324226 [1] NCCL INFO NET/OFI Region Tuner init (platform 0): comm with 2 ranks and 1 nodes.
pluto-prod-yutengl-dev-202-3-0:2324226:2324226 [1] NCCL INFO NET/OFI Tuner init: comm with 2 ranks and 1 nodes.
pluto-prod-yutengl-dev-202-3-0:2324226:2324226 [1] NCCL INFO threadThresholds 8/8/64 | 16/8/64 | 512 | 512
pluto-prod-yutengl-dev-202-3-0:2324226:2324226 [1] NCCL INFO 24 coll channels, 24 collnet channels, 16 nvls channels, 32 p2p channels, 32 p2p channels per peer
pluto-prod-yutengl-dev-202-3-0:2324226:2324226 [1] NCCL INFO Symmetric VA size=80GB
pluto-prod-yutengl-dev-202-3-0:2324226:2324226 [1] NCCL INFO ncclCommSplit comm 0x564a43310280 rank 1 nranks 2 cudaDev 1 nvmlDev 1 busId 75000 parent 0x564a3b4d22a0 childCount 1 color 2130503744 key 1 - Init COMPLETE
pluto-prod-yutengl-dev-202-3-0:2324226:2324226 [1] NCCL INFO Init timings - ncclCommSplit: rank 1 nranks 2 total 0.11 (kernels 0.00, alloc 0.00, bootstrap 0.00, allgathers 0.00, topo 0.02, graphs 0.00, connections 0.08, rest 0.01)
pluto-prod-yutengl-dev-202-3-0:2324226:2324226 [1] NCCL INFO Initialized NET plugin Socket
pluto-prod-yutengl-dev-202-3-0:2324226:2324226 [1] NCCL INFO Assigned NET plugin Socket to comm
pluto-prod-yutengl-dev-202-3-0:2324226:2324226 [1] NCCL INFO Failed to initialize any GIN plugin
pluto-prod-yutengl-dev-202-3-0:2324226:2324226 [1] NCCL INFO Using network Socket
pluto-prod-yutengl-dev-202-3-0:2324226:2324226 [1] NCCL INFO [Rank 1] ncclCommInitRank comm 0x564a436bceb0 rank 1 nranks 2 cudaDev 1 nvmlDev 1 busId 75000 commId 0x600b2dfd6b253bc - Init START
pluto-prod-yutengl-dev-202-3-0:2324226:2324226 [1] NCCL INFO Bootstrap timings total 0.000745 (create 0.000058, send 0.000094, recv 0.000392, ring 0.000027, delay 0.000000)
pluto-prod-yutengl-dev-202-3-0:2324226:2324226 [1] NCCL INFO MNNVL busId 0x75000 fabric UUID 0.0 cliqueId 0x0 state 3 healthMask 0x0
pluto-prod-yutengl-dev-202-3-0:2324226:2324226 [1] NCCL INFO ncclTopoGetCpuAffinity: Affinity for GPU 1 is 0-47,96-143. (GPU affinity = 0-47,96-143 ; CPU affinity = 0-47,96-143).
pluto-prod-yutengl-dev-202-3-0:2324226:2324226 [1] NCCL INFO NVLS multicast support is available on dev 1 (NVLS_NCHANNELS 16)
pluto-prod-yutengl-dev-202-3-0:2324226:2324226 [1] NCCL INFO comm 0x564a436bceb0 rank 1 nRanks 2 nNodes 1 localRanks 2 localRank 1 MNNVL 0
pluto-prod-yutengl-dev-202-3-0:2324226:2324226 [1] NCCL INFO Trees [0] -1/-1/-1->1->0 [1] -1/-1/-1->1->0 [2] -1/-1/-1->1->0 [3] -1/-1/-1->1->0 [4] -1/-1/-1->1->0 [5] -1/-1/-1->1->0 [6] 0/-1/-1->1->-1 [7] 0/-1/-1->1->-1 [8] 0/-1/-1->1->-1 [9] 0/-1/-1->1->-1 [10] 0/-1/-1->1->-1 [11] 0/-1/-1->1->-1 [12] -1/-1/-1->1->0 [13] -1/-1/-1->1->0 [14] -1/-1/-1->1->0 [15] -1/-1/-1->1->0 [16] -1/-1/-1->1->0 [17] -1/-1/-1->1->0 [18] 0/-1/-1->1->-1 [19] 0/-1/-1->1->-1 [20] 0/-1/-1->1->-1 [21] 0/-1/-1->1->-1 [22] 0/-1/-1->1->-1 [23] 0/-1/-1->1->-1
pluto-prod-yutengl-dev-202-3-0:2324226:2324226 [1] NCCL INFO P2P Chunksize set to 524288
pluto-prod-yutengl-dev-202-3-0:2324226:2324226 [1] NCCL INFO Check P2P Type isAllDirectP2p 1 directMode 0 isAllCudaP2p 1
pluto-prod-yutengl-dev-202-3-0:2324226:2324880 [0] NCCL INFO [Proxy Service] Device0] NCCL INFO Channel 10/24 : 0 1
pluto-prod-yutengl-dev-202-3-0:2324225:2324225 [0] NCCL INFO Channel 11/24 : 0 1
pluto-prod-yutengl-dev-202-3-0:2324225:2324225 [0] NCCL INFO Channel 12/24 : 0 1
pluto-prod-yutengl-dev-202-3-0:2324225:2324225 [0] NCCL INFO Channel 13/24 : 0 1
pluto-prod-yutengl-dev-202-3-0:2324225:2324225 [0] NCCL INFO Channel 14/24 : 0 1
pluto-prod-yutengl-dev-202-3-0:2324225:2324225 [0] NCCL INFO Channel 15/24 : 0 1
pluto-prod-yutengl-dev-202-3-0:2324225:2324225 [0] NCCL INFO Channel 16/24 : 0 1
pluto-prod-yutengl-dev-202-3-0:2324225:2324225 [0] NCCL INFO Channel 17/24 : 0 1
pluto-prod-yutengl-dev-202-3-0:2324225:2324225 [0] NCCL INFO Channel 18/24 : 0 1
pluto-prod-yutengl-dev-202-3-0:2324225:2324225 [0] NCCL INFO Channel 19/24 : 0 1
pluto-prod-yutengl-dev-202-3-0:2324225:2324225 [0] NCCL INFO Channel 20/24 : 0 1
pluto-prod-yutengl-dev-202-3-0:2324225:2324225 [0] NCCL INFO Channel 21/24 : 0 1
pluto-prod-yutengl-dev-202-3-0:2324225:2324225 [0] NCCL INFO Channel 22/24 : 0 1
pluto-prod-yutengl-dev-202-3-0:2324225:2324225 [0] NCCL INFO Channel 23/24 : 0 1
pluto-prod-yutengl-dev-202-3-0:2324225:2324225 [0] NCCL INFO Trees [0] 1/-1/-1->0->-1 [1] 1/-1/-1->0->-1 [2] 1/-1/-1->0->-1 [3] 1/-1/-1->0->-1 [4] 1/-1/-1->0->-1 [5] 1/-1/-1->0->-1 [6] -1/-1/-1->0->1 [7] -1/-1/-1->0->1 [8] -1/-1/-1->0->1 [9] -1/-1/-1->0->1 [10] -1/-1/-1->0->1 [11] -1/-1/-1->0->1 [12] 1/-1/-1->0->-1 [13] 1/-1/-1->0->-1 [14] 1/-1/-1->0->-1 [15] 1/-1/-1->0->-1 [16] 1/-1/-1->0->-1 [17] 1/-1/-1->0->-1 [18] -1/-1/-1->0->1 [19] -1/-1/-1->0->1 [20] -1/-1/-1->0->1 [21] -1/-1/-1->0->1 [22] -1/-1/-1->0->1 [23] -1/-1/-1->0->1
pluto-prod-yutengl-dev-202-3-0:2324225:2324225 [0] NCCL INFO P2P Chunksize set to 524288
pluto-prod-yutengl-dev-202-3-0:2324225:2324225 [0] NCCL INFO Check P2P Type isAllDirectP2p 1 directMode 0 isAllCudaP2p 1
pluto-prod-yutengl-dev-202-3-0:2324225:2324882 [0] NCCL INFO [Proxy Service] Device 0 CPU core 37
pluto-prod-yutengl-dev-202-3-0:2324225:2324883 [0] NCCL INFO [Proxy Service UDS] Device 0 CPU core 46
pluto-prod-yutengl-dev-202-3-0:2324225:2324225 [0] NCCL INFO NET/OFI Region base Tuner is chosen for platform: p5.48xlarge
pluto-prod-yutengl-dev-202-3-0:2324225:2324225 [0] NCCL INFO NET/OFI Region Tuner init (platform 0): comm with 2 ranks and 1 nodes.
pluto-prod-yutengl-dev-202-3-0:2324225:2324225 [0] NCCL INFO NET/OFI Tuner init: comm with 2 ranks and 1 nodes.
pluto-prod-yutengl-dev-202-3-0:2324225:2324225 [0] NCCL INFO threadThresholds 8/8/64 | 16/8/64 | 512 | 512
pluto-prod-yutengl-dev-202-3-0:2324225:2324225 [0] NCCL INFO 24 coll channels, 24 collnet channels, 16 nvls channels, 32 p2p channels, 32 p2p channels per peer
pluto-prod-yutengl-dev-202-3-0:2324225:2324225 [0] NCCL INFO Symmetric VA size=80GB
pluto-prod-yutengl-dev-202-3-0:2324225:2324225 [0] NCCL INFO CC Off, workFifoBytes 1048576
pluto-prod-yutengl-dev-202-3-0:2324225:2324225 [0] NCCL INFO ncclCommInitRank comm 0x556c2347f1f0 rank 0 nranks 2 cudaDev 0 nvmlDev 0 busId 64000 commId 0x600b2dfd6b253bc - Init COMPLETE
pluto-prod-yutengl-dev-202-3-0:2324225:2324225 [0] NCCL INFO Init timings - ncclCommInitRank: rank 0 nranks 2 total 0.11 (kernels 0.00, alloc 0.00, bootstrap 0.00, allgathers 0.00, topo 0.02, graphs 0.00, connections 0.08, rest 0.01)
pluto-prod-yutengl-dev-202-3-0:2324225:2324225 [0] NCCL INFO Symmetric VA size=80GB
pluto-prod-yutengl-dev-202-3-0:2324225:2324225 [0] NCCL INFO Channel 00/0 : 0[0] -> 1[1] via P2P/CUMEM
pluto-prod-yutengl-dev-202-3-0:2324225:2324225 [0] NCCL INFO Channel 01/0 : 0[0] -> 1[1] via P2P/CUMEM
pluto-prod-yutengl-dev-202-3-0:2324225:2324225 [0] NCCL INFO Channel 02/0 : 0[0] -> 1[1] via P2P/CUMEM
pluto-prod-yutengl-dev-202-3-0:2324225:2324225 [0] NCCL INFO Channel 03/0 : 0[0] -> 1[1] via P2P/CUMEM
pluto-prod-yutengl-dev-202-3-0:2324225:2324225 [0] NCCL INFO Channel 04/0 : 0[0] -> 1[1] via P2P/CUMEM
pluto-prod-yutengl-dev-202-3-0:2324225:2324225 [0] NCCL INFO Channel 05/0 : 0[0] -> 1[1] via P2P/CUMEM
pluto-prod-yutengl-dev-202-3-0:2324225:2324225 [0] NCCL INFO Channel 06/0 : 0[0] -> 1[1] via P2P/CUMEM
pluto-prod-yutengl-dev-202-3-0:2324225:2324225 [0] NCCL INFO Channel 07/0 : 0[0] -> 1[1] via P2P/CUMEM
pluto-prod-yutengl-dev-202-3-0:2324225:2324225 [0] NCCL INFO Channel 08/0 : 0[0] -> 1[1] via P2P/CUMEM
pluto-prod-yutengl-dev-202-3-0:2324225:2324225 [0] NCCL INFO Channel 09/0 : 0[0] -> 1[1] via P2P/CUMEM
pluto-prod-yutengl-dev-202-3-0:2324225:2324225 [0] NCCL INFO Channel 10/0 : 0[0] -> 1[1] via P2P/CUMEM
pluto-prod-yutengl-dev-202-3-0:2324225:2324225 [0] NCCL INFO Channel 11/0 : 0[0] -> 1[1] via P2P/CUMEM
pluto-prod-yutengl-dev-202-3-0:2324225:2324225 [0] NCCL INFO Channel 12/0 : 0[0] -> 1[1] via P2P/CUMEM
pluto-prod-yutengl-dev-202-3-0:2324225:2324225 [0] NCCL INFO Channel 13/0 : 0[0] -> 1[1] via P2P/CUMEM
pluto-prod-yutengl-dev-202-3-0:2324225:2324225 [0] NCCL INFO Channel 14/0 : 0[0] -> 1[1] via P2P/CUMEM
pluto-prod-yutengl-dev-202-3-0:2324225:2324225 [0] NCCL INFO Channel 15/0 : 0[0] -> 1[1] via P2P/CUMEM
pluto-prod-yutengl-dev-202-3-0:2324225:2324225 [0] NCCL INFO Channel 16/0 : 0[0] -> 1[1] via P2P/CUMEM
pluto-prod-yutengl-dev-202-3-0:2324225:2324225 [0] NCCL INFO Channel 17/0 : 0[0] -> 1[1] via P2P/CUMEM
pluto-prod-yutengl-dev-202-3-0:2324225:2324225 [0] NCCL INFO Channel 18/0 : 0[0] -> 1[1] via P2P/CUMEM
pluto-prod-yutengl-dev-202-3-0:2324225:2324225 [0] NCCL INFO Channel 19/0 : 0[0] -> 1[1] via P2P/CUMEM
pluto-prod-yutengl-dev-202-3-0:2324225:2324225 [0] NCCL INFO Channel 20/0 : 0[0] -> 1[1] via P2P/CUMEM
pluto-prod-yutengl-dev-202-3-0:2324225:2324225 [0] NCCL INFO Channel 21/0 : 0[0] -> 1[1] via P2P/CUMEM
pluto-prod-yutengl-dev-202-3-0:2324225:2324225 [0] NCCL INFO Channel 22/0 : 0[0] -> 1[1] via P2P/CUMEM
pluto-prod-yutengl-dev-202-3-0:2324225:2324225 [0] NCCL INFO Channel 23/0 : 0[0] -> 1[1] via P2P/CUMEM
pluto-prod-yutengl-dev-202-3-0:2324225:2324225 [0] NCCL INFO Connected all rings, use ring PXN 0 GDR 1
pluto-prod-yutengl-dev-202-3-0:2324225:2324225 [0] NCCL INFO Rank 0 has color with NCCL_SPLIT_NOCOLOR, not creating a new communicator
pluto-prod-yutengl-dev-202-3-0:2324225:2324225 [0] NCCL INFO Rank 0 has color with NCCL_SPLIT_NOCOLOR, not creating a new communicator
pluto-prod-yutengl-dev-202-3-0:2324225:2324225 [0] NCCL INFO Comm config Blocking set to 1
pluto-prod-yutengl-dev-202-3-0:2324225:2324225 [0] NCCL INFO Initialized NET plugin Socket
pluto-prod-yutengl-dev-202-3-0:2324225:2324225 [0] NCCL INFO Assigned NET plugin Socket to comm
pluto-prod-yutengl-dev-202-3-0:2324225:2324225 [0] NCCL INFO Failed to initialize any GIN plugin
pluto-prod-yutengl-dev-202-3-0:2324225:2324225 [0] NCCL INFO Using network Socket
pluto-prod-yutengl-dev-202-3-0:2324225:2324225 [0] NCCL INFO ncclCommSplit comm 0x556c243ce2a0 rank 0 nranks 2 cudaDev 0 nvmlDev 0 busId 64000 parent 0x556c1b293ea0 childCount 4 color 2130503744 key 0- Init START
pluto-prod-yutengl-dev-202-3-0:2324225:2324225 [0] NCCL INFO MNNVL busId 0x64000 fabric UUID 0.0 cliqueId 0x0 state 3 healthMask 0x0
pluto-prod-yutengl-dev-202-3-0:2324225:2324225 [0] NCCL INFO ncclTopoGetCpuAffinity: Affinity for GPU 0 is 0-47,96-143. (GPU affinity = 0-47,96-143 ; CPU affinity = 0-47,96-143).
pluto-prod-yutengl-dev-202-3-0:2324225:2324225 [0] NCCL INFO NVLS multicast support is available on dev 0 (NVLS_NCHANNELS 16)
pluto-prod-yutengl-dev-202-3-0:2324225:2324225 [0] NCCL INFO comm 0x556c243ce2a0 rank 0 nRanks 2 nNodes 1 localRanks 2 localRank 0 MNNVL 0
pluto-prod-yutengl-dev-202-3-0:2324225:2324225 [0] NCCL INFO Channel 00/24 : 0 1
pluto-prod-yutengl-dev-202-3-0:2324225:2324225 [0] NCCL INFO Channel 01/24 : 0 1
pluto-prod-yutengl-dev-202-3-0:2324225:2324225 [0] NCCL INFO Channel 02/24 : 0 1
pluto-prod-yutengl-dev-202-3-0:2324225:2324225 [0] NCCL INFO Channel 03/24 : 0 1
pluto-prod-yutengl-dev-202-3-0:2324225:2324225 [0] NCCL INFO Channel 04/24 : 0 1
pluto-prod-yutengl-dev-202-3-0:2324225:2324225 [0] NCCL INFO Channel 05/24 : 0 1
pluto-prod-yutengl-dev-202-3-0:2324225:2324225 [0] NCCL INFO Channel 06/24 : 0 1
pluto-prod-yutengl-dev-202-3-0:2324225:2324225 [0] NCCL INFO Channel 07/24 : 0 1
pluto-prod-yutengl-dev-202-3-0:2324225:2324225 [0] NCCL INFO Channel 08/24 : 0 1
pluto-prod-yutengl-dev-2[09-15 17:33:28] Found nccl from library libnccl.so.2
[09-15 17:33:28] sglang-diffusion is using nccl==2.29.7
 [1] NCCL INFO Rank 1 has color with NCCL_SPLIT_NOCOLOR, not creating a new communicator
pluto-prod-yutengl-dev-202-3-0:2324226:2324226 [1] NCCL INFO Comm config Blocking set to 1
pluto-prod-yutengl-dev-202-3-0:2324226:2324226 [1] NCCL INFO Initialized NET plugin Socket
pluto-prod-yutengl-dev-202-3-0:2324226:2324226 [1] NCCL INFO Assigned NET plugin Socket to comm
pluto-prod-yutengl-dev-202-3-0:2324226:2324226 [1] NCCL INFO Failed to initialize any GIN plugin
pluto-prod-yutengl-dev-202-3-0:2324226:2324226 [1] NCCL INFO Using network Socket
pluto-prod-yutengl-dev-202-3-0:2324226:2324226 [1] NCCL INFO ncclCommSplit comm 0x564a4460c220 rank 1 nranks 2 cudaDev 1 nvmlDev 1 busId 75000 parent 0x564a3b4d22a0 childCount 4 color 2130503744 key 1- Init START
pluto-prod-yutengl-dev-202-3-0:2324226:2324226 [1] NCCL INFO MNNVL busId 0x75000 fabric UUID 0.0 cliqueId 0x0 state 3 healthMask 0x0
pluto-prod-yutengl-dev-202-3-0:2324226:2324226 [1] NCCL INFO ncclTopoGetCpuAffinity: Affinity for GPU 1 is 0-47,96-143. (GPU affinity = 0-47,96-143 ; CPU affinity = 0-47,96-143).
pluto-prod-yutengl-dev-202-3-0:2324226:2324226 [1] NCCL INFO NVLS multicast support is available on dev 1 (NVLS_NCHANNELS 16)
pluto-prod-yutengl-dev-202-3-0:2324226:2324226 [1] NCCL INFO comm 0x564a4460c220 rank 1 nRanks 2 nNodes 1 localRanks 2 localRank 1 MNNVL 0
pluto-prod-yutengl-dev-202-3-0:2324226:2324226 [1] NCCL INFO Trees [0] -1/-1/-1->1->0 [1] -1/-1/-1->1->0 [2] -1/-1/-1->1->0 [3] -1/-1/-1->1->0 [4] -1/-1/-1->1->0 [5] -1/-1/-1->1->0 [6] 0/-1/-1->1->-1 [7] 0/-1/-1->1->-1 [8] 0/-1/-1->1->-1 [9] 0/-1/-1->1->-1 [10] 0/-1/-1->1->-1 [11] 0/-1/-1->1->-1 [12] -1/-1/-1->1->0 [13] -1/-1/-1->1->0 [14] -1/-1/-1->1->0 [15] -1/-1/-1->1->0 [16] -1/-1/-1->1->0 [17] -1/-1/-1->1->0 [18] 0/-1/-1->1->-1 [19] 0/-1/-1->1->-1 [20] 0/-1/-1->1->-1 [21] 0/-1/-1->1->-1 [22] 0/-1/-1->1->-1 [23] 0/-1/-1->1->-1
pluto-prod-yutengl-dev-202-3-0:2324226:2324226 [1] NCCL INFO P2P Chunksize set to 524288
pluto-prod-yutengl-dev-202-3-0:2324226:2324226 [1] NCCL INFO Check P2P Type isAllDirectP2p 1 directMode 0 isAllCudaP2p 1
pluto-prod-yutengl-dev-202-3-0:2324226:2324911 [0] NCCL INFO [Proxy Service] Device 1 CPU core 107
pluto-prod-yutengl-dev-202-3-0:2324226:2324913 [0] NCCL INFO [Proxy Service UDS] Device 1 CPU core 42
pluto-prod-yutengl-dev-202-3-0:2324226:2324226 [1] NCCL INFO NET/OFI Region base Tuner is chosen for platform: p5.48xlarge
pluto-prod-yutengl-dev-202-3-0:2324226:2324226 [1] NCCL INFO NET/OFI Region Tuner init (platform 0): comm with 2 ranks and 1 nodes.
pluto-prod-yutengl-dev-202-3-0:2324226:2324226 [1] NCCL INFO NET/OFI Tuner init: comm with 2 ranks and 1 nodes.
pluto-prod-yutengl-dev-202-3-0:2324226:2324226 [1] NCCL INFO threadThresholds 8/8/64 | 16/8/64 | 512 | 512
pluto-prod-yutengl-dev-202-3-0:2324226:2324226 [1] NCCL INFO 24 coll channels, 24 collnet channels, 16 nvls channels, 32 p2p channels, 32 p2p channels per peer
pluto-prod-yutengl-dev-202-3-0:2324226:2324226 [1] NCCL INFO Symmetric VA size=80GB
pluto-prod-yutengl-dev-202-3-0:2324226:2324226 [1] NCCL INFO ncclCommSplit comm 0x564a4460c220 rank 1 nranks 2 cudaDev 1 nvmlDev 1 busId 75000 parent 0x564a3b4d22a0 childCount 4 color 2130503744 key 1 - Init COMPLETE
pluto-prod-yutengl-dev-202-3-0:2324226:2324226 [1] NCCL INFO Init timings - ncclCommSplit: rank 1 nranks 2 total 0.11 (kernels 0.00, alloc 0.00, bootstrap 0.00, allgathers 0.00, topo 0.02, graphs 0.00, connections 0.08, rest 0.01)
pluto-prod-yutengl-dev-202-3-0:2324226:2324226 [1] NCCL INFO Initialized NET plugin Socket
pluto-prod-yutengl-dev-202-3-0:2324226:2324226 [1] NCCL INFO Assigned NET plugin Socket to comm
pluto-prod-yutengl-dev-202-3-0:2324226:2324226 [1] NCCL INFO Failed to initialize any GIN plugin
pluto-prod-yutengl-dev-202-3-0:2324226:2324226 [1] NCCL INFO Using network Socket
pluto-prod-yutengl-dev-202-3-0:2324226:2324226 [1] NCCL INFO [Rank 1] ncclCommInitRank comm 0x564a449b84c0 rank 1 nranks 2 cudaDev 1 nvmlDev 1 busId 75000 commId 0xe40d23ab3df47103 - Init START
pluto-prod-yutengl-dev-202-3-0:2324226:2324226 [1] NCCL INFO Bootstrap timings total 002-3-0:2324225:2324225 [0] NCCL INFO Channel 09/24 : 0 1
pluto-prod-yutengl-dev-202-3-0:2324225:2324225 [0] NCCL INFO Channel 10/24 : 0 1
pluto-prod-yutengl-dev-202-3-0:2324225:2324225 [0] NCCL INFO Channel 11/24 : 0 1
pluto-prod-yutengl-dev-202-3-0:2324225:2324225 [0] NCCL INFO Channel 12/24 : 0 1
pluto-prod-yutengl-dev-202-3-0:2324225:2324225 [0] NCCL INFO Channel 13/24 : 0 1
pluto-prod-yutengl-dev-202-3-0:2324225:2324225 [0] NCCL INFO Channel 14/24 : 0 1
pluto-prod-yutengl-dev-202-3-0:2324225:2324225 [0] NCCL INFO Channel 15/24 : 0 1
pluto-prod-yutengl-dev-202-3-0:2324225:2324225 [0] NCCL INFO Channel 16/24 : 0 1
pluto-prod-yutengl-dev-202-3-0:2324225:2324225 [0] NCCL INFO Channel 17/24 : 0 1
pluto-prod-yutengl-dev-202-3-0:2324225:2324225 [0] NCCL INFO Channel 18/24 : 0 1
pluto-prod-yutengl-dev-202-3-0:2324225:2324225 [0] NCCL INFO Channel 19/24 : 0 1
pluto-prod-yutengl-dev-202-3-0:2324225:2324225 [0] NCCL INFO Channel 20/24 : 0 1
pluto-prod-yutengl-dev-202-3-0:2324225:2324225 [0] NCCL INFO Channel 21/24 : 0 1
pluto-prod-yutengl-dev-202-3-0:2324225:2324225 [0] NCCL INFO Channel 22/24 : 0 1
pluto-prod-yutengl-dev-202-3-0:2324225:2324225 [0] NCCL INFO Channel 23/24 : 0 1
pluto-prod-yutengl-dev-202-3-0:2324225:2324225 [0] NCCL INFO Trees [0] 1/-1/-1->0->-1 [1] 1/-1/-1->0->-1 [2] 1/-1/-1->0->-1 [3] 1/-1/-1->0->-1 [4] 1/-1/-1->0->-1 [5] 1/-1/-1->0->-1 [6] -1/-1/-1->0->1 [7] -1/-1/-1->0->1 [8] -1/-1/-1->0->1 [9] -1/-1/-1->0->1 [10] -1/-1/-1->0->1 [11] -1/-1/-1->0->1 [12] 1/-1/-1->0->-1 [13] 1/-1/-1->0->-1 [14] 1/-1/-1->0->-1 [15] 1/-1/-1->0->-1 [16] 1/-1/-1->0->-1 [17] 1/-1/-1->0->-1 [18] -1/-1/-1->0->1 [19] -1/-1/-1->0->1 [20] -1/-1/-1->0->1 [21] -1/-1/-1->0->1 [22] -1/-1/-1->0->1 [23] -1/-1/-1->0->1
pluto-prod-yutengl-dev-202-3-0:2324225:2324225 [0] NCCL INFO P2P Chunksize set to 524288
pluto-prod-yutengl-dev-202-3-0:2324225:2324225 [0] NCCL INFO Check P2P Type isAllDirectP2p 1 directMode 0 isAllCudaP2p 1
pluto-prod-yutengl-dev-202-3-0:2324225:2324910 [0] NCCL INFO [Proxy Service] Device 0 CPU core 37
pluto-prod-yutengl-dev-202-3-0:2324225:2324912 [0] NCCL INFO [Proxy Service UDS] Device 0 CPU core 118
pluto-prod-yutengl-dev-202-3-0:2324225:2324225 [0] NCCL INFO NET/OFI Region base Tuner is chosen for platform: p5.48xlarge
pluto-prod-yutengl-dev-202-3-0:2324225:2324225 [0] NCCL INFO NET/OFI Region Tuner init (platform 0): comm with 2 ranks and 1 nodes.
pluto-prod-yutengl-dev-202-3-0:2324225:2324225 [0] NCCL INFO NET/OFI Tuner init: comm with 2 ranks and 1 nodes.
pluto-prod-yutengl-dev-202-3-0:2324225:2324225 [0] NCCL INFO threadThresholds 8/8/64 | 16/8/64 | 512 | 512
pluto-prod-yutengl-dev-202-3-0:2324225:2324225 [0] NCCL INFO 24 coll channels, 24 collnet channels, 16 nvls channels, 32 p2p channels, 32 p2p channels per peer
pluto-prod-yutengl-dev-202-3-0:2324225:2324225 [0] NCCL INFO Symmetric VA size=80GB
pluto-prod-yutengl-dev-202-3-0:2324225:2324225 [0] NCCL INFO CC Off, workFifoBytes 1048576
pluto-prod-yutengl-dev-202-3-0:2324225:2324225 [0] NCCL INFO ncclCommSplit comm 0x556c243ce2a0 rank 0 nranks 2 cudaDev 0 nvmlDev 0 busId 64000 parent 0x556c1b293ea0 childCount 4 color 2130503744 key 0 - Init COMPLETE
pluto-prod-yutengl-dev-202-3-0:2324225:2324225 [0] NCCL INFO Init timings - ncclCommSplit: rank 0 nranks 2 total 0.11 (kernels 0.00, alloc 0.00, bootstrap 0.00, allgathers 0.00, topo 0.02, graphs 0.00, connections 0.08, rest 0.01)
pluto-prod-yutengl-dev-202-3-0:2324225:2324225 [0] NCCL INFO Initialized NET plugin Socket
pluto-prod-yutengl-dev-202-3-0:2324225:2324225 [0] NCCL INFO Assigned NET plugin Socket to comm
pluto-prod-yutengl-dev-202-3-0:2324225:2324225 [0] NCCL INFO Failed to initialize any GIN plugin
pluto-prod-yutengl-dev-202-3-0:2324225:2324225 [0] NCCL INFO Using network Socket
pluto-prod-yutengl-dev-202-3-0:2324225:2324225 [0] NCCL INFO [Rank 0] ncclCommInitRank comm 0x556c2477a9f0 rank 0 nranks 2 cudaDev 0 nvmlDev 0 busId 64000 commId 0xe40d23ab3df47103 - Init START
pluto-prod-yutengl-dev-202-3-0:2324225:2324225 [0] NCCL INFO Bootstrap timings total 0.000807 (create 0.000055, send 0.000163, recv 0.000258, ring 0.000037, delay 0.000000)
pluto-prod-yutengl-dev-202-3-0:2324225:2324225 [0] NCCL INFO MNNVL busId 0x64000 fabric UUID 0.0 cliqueId 0x0 state 3 healthMask 0x0
pluto-prod-yutengl-dev-202-3-0:2324225:2324225 [0] NCCL INFO ncclTopoGetCpuAffinity: Affinity for GPU 0 is 0-47,96-143. (GPU affinity = 0-47,96-143 ; CPU affinity = 0-47,96-143).
pluto-prod-yutengl-dev-202-3-0:2324225:2324225 [0] NCCL INFO NVLS multicast support is available on dev 0 (NVLS_NCHANNELS 16)
pluto-prod-yutengl-dev-202-3-0:2324225:2324225 [0] NCCL INFO comm 0x556c2477a9f0 rank 0 nRanks 2 nNodes 1 localRanks 2 localRank 0 MNNVL 0
pluto-prod-yutengl-dev-202-3-0:2324225:2324225 [0] NCCL INFO Channel 00/24 : 0 1
pluto-prod-yutengl-dev-202-3-0:2324225:2324225 [0] NCCL INFO Channel 01/24 : 0 1
pluto-prod-yutengl-dev-202-3-0:2324225:2324225 [0] NCCL INFO Channel 02/24 : 0 1
pluto-prod-yutengl-dev-202-3-0:2324225:2324225 [0] NCCL INFO Channel 03/24 : 0 1
pluto-prod-yutengl-dev-202-3-0:2324225:2324225 [0] NCCL INFO Channel 04/24 : 0 1
pluto-prod-yutengl-dev-202-3-0:2324225:2324225 [0] NCCL INFO Channel 05/24 : 0 1
pluto-prod-yutengl-dev-202-3-0:2324225:2324225 [0] NCCL INFO Channel 06/24 : 0 1
pluto-prod-yutengl-dev-202-3-0:2324225:2324225 [0] NCCL INFO Channel 07/24 : 0 1
pluto-prod-yutengl-dev-202-3-0:2324225:2324225 [0] NCCL INFO Channel 08/24 : 0 1
pluto-prod-yutengl-dev-202-3-0:2324225:2324225 [0] NCCL INFO Channel 09/24 : 0 1
pluto-prod-yutengl-dev-202-3-0:2324225:2324225 [0] NCCL INFO Channel 10/24 : 0 1
pluto-prod-yutengl-dev-202-3-0:2324225:2324225 [0] NCCL INFO Channel 11/24 : 0 1
pluto-prod-yutengl-dev-202-3-0:2324225:2324225 [0] NCCL INFO Channel 12/24 : 0 1
pluto-prod-yutengl-dev-202-3-0:2324225:2324225 [0] NCCL INFO Channel 13/24 : 0 1
pluto-prod-yutengl-dev-202-3-0:2324225:2324225 [0] NCCL INFO Channel 14/24 : 0 1
pluto-prod-yutengl-dev-202-3-0:2324225:2324225 [0] NCCL INFO Channel 15/24 : 0 1
pluto-prod-yutengl-dev-202-3-0:2324225:2324225 [0] NCCL INFO Channel 16/24 : 0 1
pluto-prod-yutengl-dev-202-3-0:2324225:2324225 [0] NCCL INFO Channel 17/24 : 0 1
pluto-prod-yutengl-dev-202-3-0:2324225:2324225 [0] NCCL INFO Channel 18/24 : 0 1
pluto-prod-yutengl-dev-202-3-0:2324225:2324225 [0] NCCL INFO Channel 19/24 : 0 1
pluto-prod-yutengl-dev-202-3-0:2324225:2324225 [0] NCCL INFO Channel 20/24 : 0 1
pluto-prod-yutengl-dev-202-3-0:2324225:2324225 [0] NCCL INFO Channel 21/24 : 0 1
pluto-prod-yutengl-dev-202-3-0:2324225:2324225 [0] NCCL INFO Channel 22/24 : 0 1
pluto-prod-yutengl-dev-202-3-0:2324225:2324225 [0] NCCL INFO Channel 23/24 : 0 1
pluto-prod-yutengl-dev-202-3-0:2324225:2324225 [0] NCCL INFO Trees [0] 1/-1/-1->0->-1 [1] 1/-1/-1->0->-1 [2] 1/-1/-1->0->-1 [3] 1/-1/-1->0->-1 [4] 1/-1/-1->0->-1 [5] 1/-1/-1->0->-1 [6] -1/-1/-1->0->1 [7] -1/-1/-1->0->1 [8] -1/-1/-1->0->1 [9] -1/-1/-1->0->1 [10] -1/-1/-1->0->1 [11] -1/-1/-1->0->1 [12] 1/-1/-1->0->-1 [13] 1/-1/-1->0->-1 [14] 1/-1/-1->0->-1 [15] 1/-1/-1->0->-1 [16] 1/-1/-1->0->-1 [17] 1/-1/-1->0->-1 [18] -1/-1/-1->0->1 [19] -1/-1/-1->0->1 [20] -1/-1/-1->0->1 [21] -1/-1/-1->0->1 [22] -1/-1/-1->0->1 [23] -1/-1/-1->0->1
pluto-prod-yutengl-dev-202-3-0:2324225:2324225 [0] NCCL INFO P2P Chunksize set to 524288
pluto-prod-yutengl-dev-202-3-0:2324225:2324225 [0] NCCL INFO Check P2P Type isAllDirectP2p 1 directMode 0 isAllCudaP2p 1
pluto-prod-yutengl-dev-202-3-0:2324225:2324922 [0] NCCL INFO [Proxy Service] Device 0 CPU core 37
pluto-prod-yutengl-dev-202-3-0:2324225:2324924 [0] NCCL INFO [Proxy Service UDS] Device 0 CPU core 10
pluto-prod-yutengl-dev-202-3-0:2324225:2324225 [0] NCCL INFO NET/OFI Region base Tuner is chosen for platform: p5.48xlarge
pluto-prod-yutengl-dev-202-3-0:2324225:2324225 [0] NCCL INFO NET/OFI Region Tuner init (platform 0): comm with 2 ranks and 1 nodes.
pluto-prod-yutengl-dev-202-3-0:2324225:2324225 [0] NCCL INFO NET/OFI Tuner init: comm with 2 ranks and 1 nodes.
pluto-prod-yutengl-dev-202-3-0:2324225:2324225 [0] NCCL INFO threadThresholds 8/8/64 | 16/8/64 | 512 | 512
pluto-prod-yutengl-dev-202-3-0:2324225:2324225 [0] NCCL INFO 24 coll channels, 24 collnet channels, 16 nvls channels, 32 .000708 (create 0.000055, send 0.000090, recv 0.000359, ring 0.000026, delay 0.000000)
pluto-prod-yutengl-dev-202-3-0:2324226:2324226 [1] NCCL INFO MNNVL busId 0x75000 fabric UUID 0.0 cliqueId 0x0 state 3 healthMask 0x0
pluto-prod-yutengl-dev-202-3-0:2324226:2324226 [1] NCCL INFO ncclTopoGetCpuAffinity: Affinity for GPU 1 is 0-47,96-143. (GPU affinity = 0-47,96-143 ; CPU affinity = 0-47,96-143).
pluto-prod-yutengl-dev-202-3-0:2324226:2324226 [1] NCCL INFO NVLS multicast support is available on dev 1 (NVLS_NCHANNELS 16)
pluto-prod-yutengl-dev-202-3-0:2324226:2324226 [1] NCCL INFO comm 0x564a449b84c0 rank 1 nRanks 2 nNodes 1 localRanks 2 localRank 1 MNNVL 0
pluto-prod-yutengl-dev-202-3-0:2324226:2324226 [1] NCCL INFO Trees [0] -1/-1/-1->1->0 [1] -1/-1/-1->1->0 [2] -1/-1/-1->1->0 [3] -1/-1/-1->1->0 [4] -1/-1/-1->1->0 [5] -1/-1/-1->1->0 [6] 0/-1/-1->1->-1 [7] 0/-1/-1->1->-1 [8] 0/-1/-1->1->-1 [9] 0/-1/-1->1->-1 [10] 0/-1/-1->1->-1 [11] 0/-1/-1->1->-1 [12] -1/-1/-1->1->0 [13] -1/-1/-1->1->0 [14] -1/-1/-1->1->0 [15] -1/-1/-1->1->0 [16] -1/-1/-1->1->0 [17] -1/-1/-1->1->0 [18] 0/-1/-1->1->-1 [19] 0/-1/-1->1->-1 [20] 0/-1/-1->1->-1 [21] 0/-1/-1->1->-1 [22] 0/-1/-1->1->-1 [23] 0/-1/-1->1->-1
pluto-prod-yutengl-dev-202-3-0:2324226:2324226 [1] NCCL INFO P2P Chunksize set to 524288
pluto-prod-yutengl-dev-202-3-0:2324226:2324226 [1] NCCL INFO Check P2P Type isAllDirectP2p 1 directMode 0 isAllCudaP2p 1
pluto-prod-yutengl-dev-202-3-0:2324226:2324923 [0] NCCL INFO [Proxy Service UDS] Device 1 CPU core 46
pluto-prod-yutengl-dev-202-3-0:2324226:2324921 [0] NCCL INFO [Proxy Service] Device 1 CPU core 37
pluto-prod-yutengl-dev-202-3-0:2324226:2324226 [1] NCCL INFO NET/OFI Region base Tuner is chosen for platform: p5.48xlarge
pluto-prod-yutengl-dev-202-3-0:2324226:2324226 [1] NCCL INFO NET/OFI Region Tuner init (platform 0): comm with 2 ranks and 1 nodes.
pluto-prod-yutengl-dev-202-3-0:2324226:2324226 [1] NCCL INFO NET/OFI Tuner init: comm with 2 ranks and 1 nodes.
pluto-prod-yutengl-dev-202-3-0:2324226:2324226 [1] NCCL INFO threadThresholds 8/8/64 | 16/8/64 | 512 | 512
pluto-prod-yutengl-dev-202-3-0:2324226:2324226 [1] NCCL INFO 24 coll channels, 24 collnet channels, 16 nvls channels, 32 p2p channels, 32 p2p channels per peer
pluto-prod-yutengl-dev-202-3-0:2324226:2324226 [1] NCCL INFO Symmetric VA size=80GB
pluto-prod-yutengl-dev-202-3-0:2324226:2324226 [1] NCCL INFO ncclCommInitRank comm 0x564a449b84c0 rank 1 nranks 2 cudaDev 1 nvmlDev 1 busId 75000 commId 0xe40d23ab3df47103 - Init COMPLETE
pluto-prod-yutengl-dev-202-3-0:2324226:2324226 [1] NCCL INFO Init timings - ncclCommInitRank: rank 1 nranks 2 total 0.20 (kernels 0.00, alloc 0.00, bootstrap 0.00, allgathers 0.00, topo 0.01, graphs 0.00, connections 0.17, rest 0.01)
pluto-prod-yutengl-dev-202-3-0:2324226:2324226 [1] NCCL INFO Symmetric VA size=80GB
pluto-prod-yutengl-dev-202-3-0:2324226:2324226 [1] NCCL INFO Channel 00/0 : 1[1] -> 0[0] via P2P/CUMEM
pluto-prod-yutengl-dev-202-3-0:2324226:2324226 [1] NCCL INFO Channel 01/0 : 1[1] -> 0[0] via P2P/CUMEM
pluto-prod-yutengl-dev-202-3-0:2324226:2324226 [1] NCCL INFO Channel 02/0 : 1[1] -> 0[0] via P2P/CUMEM
pluto-prod-yutengl-dev-202-3-0:2324226:2324226 [1] NCCL INFO Channel 03/0 : 1[1] -> 0[0] via P2P/CUMEM
pluto-prod-yutengl-dev-202-3-0:2324226:2324226 [1] NCCL INFO Channel 04/0 : 1[1] -> 0[0] via P2P/CUMEM
pluto-prod-yutengl-dev-202-3-0:2324226:2324226 [1] NCCL INFO Channel 05/0 : 1[1] -> 0[0] via P2P/CUMEM
pluto-prod-yutengl-dev-202-3-0:2324226:2324226 [1] NCCL INFO Channel 06/0 : 1[1] -> 0[0] via P2P/CUMEM
pluto-prod-yutengl-dev-202-3-0:2324226:2324226 [1] NCCL INFO Channel 07/0 : 1[1] -> 0[0] via P2P/CUMEM
pluto-prod-yutengl-dev-202-3-0:2324226:2324226 [1] NCCL INFO Channel 08/0 : 1[1] -> 0[0] via P2P/CUMEM
pluto-prod-yutengl-dev-202-3-0:2324226:2324226 [1] NCCL INFO Channel 09/0 : 1[1] -> 0[0] via P2P/CUMEM
pluto-prod-yutengl-dev-202-3-0:2324226:2324226 [1] NCCL INFO Channel 10/0 : 1[1] -> 0[0] via P2P/CUMEM
pluto-prod-yutengl-dev-202-3-0:2324226:2324226 [1] NCCL INFO Channel 11/0 : 1[1] -> 0[0] via P2P/CUMEM
pluto-prod-yutengl-dev-20p2p channels, 32 p2p channels per peer
pluto-prod-yutengl-dev-202-3-0:2324225:2324225 [0] NCCL INFO Symmetric VA size=80GB
pluto-prod-yutengl-dev-202-3-0:2324225:2324225 [0] NCCL INFO CC Off, workFifoBytes 1048576
pluto-prod-yutengl-dev-202-3-0:2324225:2324225 [0] NCCL INFO ncclCommInitRank comm 0x556c2477a9f0 rank 0 nranks 2 cudaDev 0 nvmlDev 0 busId 64000 commId 0xe40d23ab3df47103 - Init COMPLETE
pluto-prod-yutengl-dev-202-3-0:2324225:2324225 [0] NCCL INFO Init timings - ncclCommInitRank: rank 0 nranks 2 total 0.20 (kernels 0.00, alloc 0.00, bootstrap 0.00, allgathers 0.00, topo 0.02, graphs 0.00, connections 0.17, rest 0.01)
pluto-prod-yutengl-dev-202-3-0:2324225:2324225 [0] NCCL INFO Symmetric VA size=80GB
pluto-prod-yutengl-dev-202-3-0:2324225:2324225 [0] NCCL INFO Channel 00/0 : 0[0] -> 1[1] via P2P/CUMEM
pluto-prod-yutengl-dev-202-3-0:2324225:2324225 [0] NCCL INFO Channel 01/0 : 0[0] -> 1[1] via P2P/CUMEM
pluto-prod-yutengl-dev-202-3-0:2324225:2324225 [0] NCCL INFO Channel 02/0 : 0[0] -> 1[1] via P2P/CUMEM
pluto-prod-yutengl-dev-202-3-0:2324225:2324225 [0] NCCL INFO Channel 03/0 : 0[0] -> 1[1] via P2P/CUMEM
pluto-prod-yutengl-dev-202-3-0:2324225:2324225 [0] NCCL INFO Channel 04/0 : 0[0] -> 1[1] via P2P/CUMEM
pluto-prod-yutengl-dev-202-3-0:2324225:2324225 [0] NCCL INFO Channel 05/0 : 0[0] -> 1[1] via P2P/CUMEM
pluto-prod-yutengl-dev-202-3-0:2324225:2324225 [0] NCCL INFO Channel 06/0 : 0[0] -> 1[1] via P2P/CUMEM
pluto-prod-yutengl-dev-202-3-0:2324225:2324225 [0] NCCL INFO Channel 07/0 : 0[0] -> 1[1] via P2P/CUMEM
pluto-prod-yutengl-dev-202-3-0:2324225:2324225 [0] NCCL INFO Channel 08/0 : 0[0] -> 1[1] via P2P/CUMEM
pluto-prod-yutengl-dev-202-3-0:2324225:2324225 [0] NCCL INFO Channel 09/0 : 0[0] -> 1[1] via P2P/CUMEM
pluto-prod-yutengl-dev-202-3-0:2324225:2324225 [0] NCCL INFO Channel 10/0 : 0[0] -> 1[1] via P2P/CUMEM
pluto-prod-yutengl-dev-202-3-0:2324225:2324225 [0] NCCL INFO Channel 11/0 : 0[0] -> 1[1] via P2P/CUMEM
pluto-prod-yutengl-dev-202-3-0:2324225:2324225 [0] NCCL INFO Channel 12/0 : 0[0] -> 1[1] via P2P/CUMEM
pluto-prod-yutengl-dev-202-3-0:2324225:2324225 [0] NCCL INFO Channel 13/0 : 0[0] -> 1[1] via P2P/CUMEM
pluto-prod-yutengl-dev-202-3-0:2324225:2324225 [0] NCCL INFO Channel 14/0 : 0[0] -> 1[1] via P2P/CUMEM
pluto-prod-yutengl-dev-202-3-0:2324225:2324225 [0] NCCL INFO Channel 15/0 : 0[0] -> 1[1] via P2P/CUMEM
pluto-prod-yutengl-dev-202-3-0:2324225:2324225 [0] NCCL INFO Channel 16/0 : 0[0] -> 1[1] via P2P/CUMEM
pluto-prod-yutengl-dev-202-3-0:2324225:2324225 [0] NCCL INFO Channel 17/0 : 0[0] -> 1[1] via P2P/CUMEM
pluto-prod-yutengl-dev-202-3-0:2324225:2324225 [0] NCCL INFO Channel 18/0 : 0[0] -> 1[1] via P2P/CUMEM
pluto-prod-yutengl-dev-202-3-0:2324225:2324225 [0] NCCL INFO Channel 19/0 : 0[0] -> 1[1] via P2P/CUMEM
pluto-prod-yutengl-dev-202-3-0:2324225:2324225 [0] NCCL INFO Channel 20/0 : 0[0] -> 1[1] via P2P/CUMEM
pluto-prod-yutengl-dev-202-3-0:2324225:2324225 [0] NCCL INFO Channel 21/0 : 0[0] -> 1[1] via P2P/CUMEM
pluto-prod-yutengl-dev-202-3-0:2324225:2324225 [0] NCCL INFO Channel 22/0 : 0[0] -> 1[1] via P2P/CUMEM
pluto-prod-yutengl-dev-202-3-0:2324225:2324225 [0] NCCL INFO Channel 23/0 : 0[0] -> 1[1] via P2P/CUMEM
pluto-prod-yutengl-dev-202-3-0:2324225:2324225 [0] NCCL INFO Connected all rings, use ring PXN 0 GDR 1
pluto-prod-yutengl-dev-202-3-0:2324225:2324225 [0] NCCL INFO Rank 0 has color with NCCL_SPLIT_NOCOLOR, not creating a new communicator
pluto-prod-yutengl-dev-202-3-0:2324225:2324225 [0] NCCL INFO Rank 0 has color with NCCL_SPLIT_NOCOLOR, not creating a new communicator
pluto-prod-yutengl-dev-202-3-0:2324225:2324225 [0] NCCL INFO Rank 0 has color with NCCL_SPLIT_NOCOLOR, not creating a new communicator
pluto-prod-yutengl-dev-202-3-0:2324225:2324225 [0] NCCL INFO Rank 0 has color with NCCL_SPLIT_NOCOLOR, not creating a new communicator
pluto-prod-yutengl-dev-202-3-0:2324225:2324225 [0] NCCL INFO Rank 0 has color with NCCL_SPLIT_NOCOLOR, not creating a new communicator
pluto-prod-yutengl-dev-202-3-0:2324225:2324225 [0] NCCL INFO Rank 0 has color with NCCL_SPLIT_NOCOLOR, not creating a new comm2-3-0:2324226:2324226 [1] NCCL INFO Channel 12/0 : 1[1] -> 0[0] via P2P/CUMEM
pluto-prod-yutengl-dev-202-3-0:2324226:2324226 [1] NCCL INFO Channel 13/0 : 1[1] -> 0[0] via P2P/CUMEM
pluto-prod-yutengl-dev-202-3-0:2324226:2324226 [1] NCCL INFO Channel 14/0 : 1[1] -> 0[0] via P2P/CUMEM
pluto-prod-yutengl-dev-202-3-0:2324226:2324226 [1] NCCL INFO Channel 15/0 : 1[1] -> 0[0] via P2P/CUMEM
pluto-prod-yutengl-dev-202-3-0:2324226:2324226 [1] NCCL INFO Channel 16/0 : 1[1] -> 0[0] via P2P/CUMEM
pluto-prod-yutengl-dev-202-3-0:2324226:2324226 [1] NCCL INFO Channel 17/0 : 1[1] -> 0[0] via P2P/CUMEM
pluto-prod-yutengl-dev-202-3-0:2324226:2324226 [1] NCCL INFO Channel 18/0 : 1[1] -> 0[0] via P2P/CUMEM
pluto-prod-yutengl-dev-202-3-0:2324226:2324226 [1] NCCL INFO Channel 19/0 : 1[1] -> 0[0] via P2P/CUMEM
pluto-prod-yutengl-dev-202-3-0:2324226:2324226 [1] NCCL INFO Channel 20/0 : 1[1] -> 0[0] via P2P/CUMEM
pluto-prod-yutengl-dev-202-3-0:2324226:2324226 [1] NCCL INFO Channel 21/0 : 1[1] -> 0[0] via P2P/CUMEM
pluto-prod-yutengl-dev-202-3-0:2324226:2324226 [1] NCCL INFO Channel 22/0 : 1[1] -> 0[0] via P2P/CUMEM
pluto-prod-yutengl-dev-202-3-0:2324226:2324226 [1] NCCL INFO Channel 23/0 : 1[1] -> 0[0] via P2P/CUMEM
pluto-prod-yutengl-dev-202-3-0:2324226:2324226 [1] NCCL INFO Connected all rings, use ring PXN 0 GDR 1
pluto-prod-yutengl-dev-202-3-0:2324226:2324226 [1] NCCL INFO Rank 1 has color with NCCL_SPLIT_NOCOLOR, not creating a new communicator
pluto-prod-yutengl-dev-202-3-0:2324226:2324226 [1] NCCL INFO Rank 1 has color with NCCL_SPLIT_NOCOLOR, not creating a new communicator
pluto-prod-yutengl-dev-202-3-0:2324226:2324226 [1] NCCL INFO Rank 1 has color with NCCL_SPLIT_NOCOLOR, not creating a new communicator
pluto-prod-yutengl-dev-202-3-0:2324226:2324226 [1] NCCL INFO Rank 1 has color with NCCL_SPLIT_NOCOLOR, not creating a new communicator
pluto-prod-yutengl-dev-202-3-0:2324226:2324226 [1] NCCL INFO Rank 1 has color with NCCL_SPLIT_NOCOLOR, not creating a new communicator
pluto-prod-yutengl-dev-202-3-0:2324226:2324226 [1] NCCL INFO Rank 1 has color with NCCL_SPLIT_NOCOLOR, not creating a new communicator
pluto-prod-yutengl-dev-202-3-0:2324226:2324226 [1] NCCL INFO Rank 1 has color with NCCL_SPLIT_NOCOLOR, not creating a new communicator
pluto-prod-yutengl-dev-202-3-0:2324226:2324226 [1] NCCL INFO Rank 1 has color with NCCL_SPLIT_NOCOLOR, not creating a new communicator
pluto-prod-yutengl-dev-202-3-0:2324226:2324226 [1] NCCL INFO Rank 1 has color with NCCL_SPLIT_NOCOLOR, not creating a new communicator
pluto-prod-yutengl-dev-202-3-0:2324226:2324226 [1] NCCL INFO Rank 1 has color with NCCL_SPLIT_NOCOLOR, not creating a new communicator
pluto-prod-yutengl-dev-202-3-0:2324226:2324226 [1] NCCL INFO Rank 1 has color with NCCL_SPLIT_NOCOLOR, not creating a new communicator
pluto-prod-yutengl-dev-202-3-0:2324226:2324226 [1] NCCL INFO Comm config Blocking set to 1
pluto-prod-yutengl-dev-202-3-0:2324226:2324226 [1] NCCL INFO Initialized NET plugin Socket
pluto-prod-yutengl-dev-202-3-0:2324226:2324226 [1] NCCL INFO Assigned NET plugin Socket to comm
pluto-prod-yutengl-dev-202-3-0:2324226:2324226 [1] NCCL INFO Failed to initialize any GIN plugin
pluto-prod-yutengl-dev-202-3-0:2324226:2324226 [1] NCCL INFO Using network Socket
pluto-prod-yutengl-dev-202-3-0:2324226:2324226 [1] NCCL INFO ncclCommSplit comm 0x564a44dd6320 rank 1 nranks 2 cudaDev 1 nvmlDev 1 busId 75000 parent 0x564a3b4d22a0 childCount 16 color 2130503744 key 1- Init START
pluto-prod-yutengl-dev-202-3-0:2324226:2324226 [1] NCCL INFO MNNVL busId 0x75000 fabric UUID 0.0 cliqueId 0x0 state 3 healthMask 0x0
pluto-prod-yutengl-dev-202-3-0:2324226:2324226 [1] NCCL INFO ncclTopoGetCpuAffinity: Affinity for GPU 1 is 0-47,96-143. (GPU affinity = 0-47,96-143 ; CPU affinity = 0-47,96-143).
pluto-prod-yutengl-dev-202-3-0:2324226:2324226 [1] NCCL INFO NVLS multicast support is available on dev 1 (NVLS_NCHANNELS 16)
pluto-prod-yutengl-dev-202-3-0:2324226:2324226 [1] NCCL INFO comm 0x564a44dd6320 rank 1 nRanks 2 nNodes 1 localRanks 2 localRank 1 MNNVL 0
pluto-prod-yutengl-dev-202-3-0:2324226:2324226 [1unicator
pluto-prod-yutengl-dev-202-3-0:2324225:2324225 [0] NCCL INFO Rank 0 has color with NCCL_SPLIT_NOCOLOR, not creating a new communicator
pluto-prod-yutengl-dev-202-3-0:2324225:2324225 [0] NCCL INFO Rank 0 has color with NCCL_SPLIT_NOCOLOR, not creating a new communicator
pluto-prod-yutengl-dev-202-3-0:2324225:2324225 [0] NCCL INFO Rank 0 has color with NCCL_SPLIT_NOCOLOR, not creating a new communicator
pluto-prod-yutengl-dev-202-3-0:2324225:2324225 [0] NCCL INFO Rank 0 has color with NCCL_SPLIT_NOCOLOR, not creating a new communicator
pluto-prod-yutengl-dev-202-3-0:2324225:2324225 [0] NCCL INFO Rank 0 has color with NCCL_SPLIT_NOCOLOR, not creating a new communicator
pluto-prod-yutengl-dev-202-3-0:2324225:2324225 [0] NCCL INFO Comm config Blocking set to 1
pluto-prod-yutengl-dev-202-3-0:2324225:2324225 [0] NCCL INFO Initialized NET plugin Socket
pluto-prod-yutengl-dev-202-3-0:2324225:2324225 [0] NCCL INFO Assigned NET plugin Socket to comm
pluto-prod-yutengl-dev-202-3-0:2324225:2324225 [0] NCCL INFO Failed to initialize any GIN plugin
pluto-prod-yutengl-dev-202-3-0:2324225:2324225 [0] NCCL INFO Using network Socket
pluto-prod-yutengl-dev-202-3-0:2324225:2324225 [0] NCCL INFO ncclCommSplit comm 0x556c24b98120 rank 0 nranks 2 cudaDev 0 nvmlDev 0 busId 64000 parent 0x556c1b293ea0 childCount 16 color 2130503744 key 0- Init START
pluto-prod-yutengl-dev-202-3-0:2324225:2324225 [0] NCCL INFO MNNVL busId 0x64000 fabric UUID 0.0 cliqueId 0x0 state 3 healthMask 0x0
pluto-prod-yutengl-dev-202-3-0:2324225:2324225 [0] NCCL INFO ncclTopoGetCpuAffinity: Affinity for GPU 0 is 0-47,96-143. (GPU affinity = 0-47,96-143 ; CPU affinity = 0-47,96-143).
pluto-prod-yutengl-dev-202-3-0:2324225:2324225 [0] NCCL INFO NVLS multicast support is available on dev 0 (NVLS_NCHANNELS 16)
pluto-prod-yutengl-dev-202-3-0:2324225:2324225 [0] NCCL INFO comm 0x556c24b98120 rank 0 nRanks 2 nNodes 1 localRanks 2 localRank 0 MNNVL 0
pluto-prod-yutengl-dev-202-3-0:2324225:2324225 [0] NCCL INFO Channel 00/24 : 0 1
pluto-prod-yutengl-dev-202-3-0:2324225:2324225 [0] NCCL INFO Channel 01/24 : 0 1
pluto-prod-yutengl-dev-202-3-0:2324225:2324225 [0] NCCL INFO Channel 02/24 : 0 1
pluto-prod-yutengl-dev-202-3-0:2324225:2324225 [0] NCCL INFO Channel 03/24 : 0 1
pluto-prod-yutengl-dev-202-3-0:2324225:2324225 [0] NCCL INFO Channel 04/24 : 0 1
pluto-prod-yutengl-dev-202-3-0:2324225:2324225 [0] NCCL INFO Channel 05/24 : 0 1
pluto-prod-yutengl-dev-202-3-0:2324225:2324225 [0] NCCL INFO Channel 06/24 : 0 1
pluto-prod-yutengl-dev-202-3-0:2324225:2324225 [0] NCCL INFO Channel 07/24 : 0 1
pluto-prod-yutengl-dev-202-3-0:2324225:2324225 [0] NCCL INFO Channel 08/24 : 0 1
pluto-prod-yutengl-dev-202-3-0:2324225:2324225 [0] NCCL INFO Channel 09/24 : 0 1
pluto-prod-yutengl-dev-202-3-0:2324225:2324225 [0] NCCL INFO Channel 10/24 : 0 1
pluto-prod-yutengl-dev-202-3-0:2324225:2324225 [0] NCCL INFO Channel 11/24 : 0 1
pluto-prod-yutengl-dev-202-3-0:2324225:2324225 [0] NCCL INFO Channel 12/24 : 0 1
pluto-prod-yutengl-dev-202-3-0:2324225:2324225 [0] NCCL INFO Channel 13/24 : 0 1
pluto-prod-yutengl-dev-202-3-0:2324225:2324225 [0] NCCL INFO Channel 14/24 : 0 1
pluto-prod-yutengl-dev-202-3-0:2324225:2324225 [0] NCCL INFO Channel 15/24 : 0 1
pluto-prod-yutengl-dev-202-3-0:2324225:2324225 [0] NCCL INFO Channel 16/24 : 0 1
pluto-prod-yutengl-dev-202-3-0:2324225:2324225 [0] NCCL INFO Channel 17/24 : 0 1
pluto-prod-yutengl-dev-202-3-0:2324225:2324225 [0] NCCL INFO Channel 18/24 : 0 1
pluto-prod-yutengl-dev-202-3-0:2324225:2324225 [0] NCCL INFO Channel 19/24 : 0 1
pluto-prod-yutengl-dev-202-3-0:2324225:2324225 [0] NCCL INFO Channel 20/24 : 0 1
pluto-prod-yutengl-dev-202-3-0:2324225:2324225 [0] NCCL INFO Channel 21/24 : 0 1
pluto-prod-yutengl-dev-202-3-0:2324225:2324225 [0] NCCL INFO Channel 22/24 : 0 1
pluto-prod-yutengl-dev-202-3-0:2324225:2324225 [0] NCCL INFO Channel 23/24 : 0 1
pluto-prod-yutengl-dev-202-3-0:2324225:2324225 [0] NCCL INFO Trees [0] 1/-1/-1->0->-1 [1] 1/-1/-1->0->-1 [2] 1/-1/-1->0->-1 [3] 1/-1/-1->0->-1 [4] 1/-1/-1->0->-1 [5] 1/-1/-1->0->-1 [6] -1/-1/-1->0->1 [7] -1/-1/-1->0->1 [[09-15 17:33:29] Found nccl from library libnccl.so.2
[09-15 17:33:29] sglang-diffusion is using nccl==2.29.7
8] -1/-1/-1->0->1 [9] -1/-1/-1->0->1 [10] -1/-1/-1->0->1 [11] -1/-1/-1->0->1 [12] 1/-1/-1->0->-1 [13] 1/-1/-1->0->-1 [14] 1/-1/-1->0->-1 [15] 1/-1/-1->0->-1 [16] 1/-1/-1->0->-1 [17] 1/-1/-1->0->-1 [18] -1/-1/-1->0->1 [19] -1/-1/-1->0->1 [20] -1/-1/-1->0->1 [21] -1/-1/-1->0->1 [22] -1/-1/-1->0->1 [23] -1/-1/-1->0->1
pluto-prod-yutengl-dev-202-3-0:2324225:2324225 [0] NCCL INFO P2P Chunksize set to 524288
pluto-prod-yutengl-dev-202-3-0:2324225:2324225 [0] NCCL INFO Check P2P Type isAllDirectP2p 1 directMode 0 isAllCudaP2p 1
pluto-prod-yutengl-dev-202-3-0:2324225:2324995 [0] NCCL INFO [Proxy Service] Device 0 CPU core 42
pluto-prod-yutengl-dev-202-3-0:2324225:2324997 [0] NCCL INFO [Proxy Service UDS] Device 0 CPU core 137
pluto-prod-yutengl-dev-202-3-0:2324225:2324225 [0] NCCL INFO NET/OFI Region base Tuner is chosen for platform: p5.48xlarge
pluto-prod-yutengl-dev-202-3-0:2324225:2324225 [0] NCCL INFO NET/OFI Region Tuner init (platform 0): comm with 2 ranks and 1 nodes.
pluto-prod-yutengl-dev-202-3-0:2324225:2324225 [0] NCCL INFO NET/OFI Tuner init: comm with 2 ranks and 1 nodes.
pluto-prod-yutengl-dev-202-3-0:2324225:2324225 [0] NCCL INFO threadThresholds 8/8/64 | 16/8/64 | 512 | 512
pluto-prod-yutengl-dev-202-3-0:2324225:2324225 [0] NCCL INFO 24 coll channels, 24 collnet channels, 16 nvls channels, 32 p2p channels, 32 p2p channels per peer
pluto-prod-yutengl-dev-202-3-0:2324225:2324225 [0] NCCL INFO Symmetric VA size=80GB
pluto-prod-yutengl-dev-202-3-0:2324225:2324225 [0] NCCL INFO CC Off, workFifoBytes 1048576
pluto-prod-yutengl-dev-202-3-0:2324225:2324225 [0] NCCL INFO ncclCommSplit comm 0x556c24b98120 rank 0 nranks 2 cudaDev 0 nvmlDev 0 busId 64000 parent 0x556c1b293ea0 childCount 16 color 2130503744 key 0 - Init COMPLETE
pluto-prod-yutengl-dev-202-3-0:2324225:2324225 [0] NCCL INFO Init timings - ncclCommSplit: rank 0 nranks 2 total 0.12 (kernels 0.00, alloc 0.00, bootstrap 0.00, allgathers 0.00, topo 0.02, graphs 0.00, connections 0.09, rest 0.01)
pluto-prod-yutengl-dev-202-3-0:2324225:2324225 [0] NCCL INFO Initialized NET plugin Socket
pluto-prod-yutengl-dev-202-3-0:2324225:2324225 [0] NCCL INFO Assigned NET plugin Socket to comm
pluto-prod-yutengl-dev-202-3-0:2324225:2324225 [0] NCCL INFO Failed to initialize any GIN plugin
pluto-prod-yutengl-dev-202-3-0:2324225:2324225 [0] NCCL INFO Using network Socket
pluto-prod-yutengl-dev-202-3-0:2324225:2324225 [0] NCCL INFO [Rank 0] ncclCommInitRank comm 0x556c24f3d740 rank 0 nranks 2 cudaDev 0 nvmlDev 0 busId 64000 commId 0x4f6c8ff086686fa0 - Init START
pluto-prod-yutengl-dev-202-3-0:2324225:2324225 [0] NCCL INFO Bootstrap timings total 0.000808 (create 0.000055, send 0.000167, recv 0.000266, ring 0.000035, delay 0.000000)
pluto-prod-yutengl-dev-202-3-0:2324225:2324225 [0] NCCL INFO MNNVL busId 0x64000 fabric UUID 0.0 cliqueId 0x0 state 3 healthMask 0x0
pluto-prod-yutengl-dev-202-3-0:2324225:2324225 [0] NCCL INFO ncclTopoGetCpuAffinity: Affinity for GPU 0 is 0-47,96-143. (GPU affinity = 0-47,96-143 ; CPU affinity = 0-47,96-143).
pluto-prod-yutengl-dev-202-3-0:2324225:2324225 [0] NCCL INFO NVLS multicast support is available on dev 0 (NVLS_NCHANNELS 16)
pluto-prod-yutengl-dev-202-3-0:2324225:2324225 [0] NCCL INFO comm 0x556c24f3d740 rank 0 nRanks 2 nNodes 1 localRanks 2 localRank 0 MNNVL 0
pluto-prod-yutengl-dev-202-3-0:2324225:2324225 [0] NCCL INFO Channel 00/24 : 0 1
pluto-prod-yutengl-dev-202-3-0:2324225:2324225 [0] NCCL INFO Channel 01/24 : 0 1
pluto-prod-yutengl-dev-202-3-0:2324225:2324225 [0] NCCL INFO Channel 02/24 : 0 1
pluto-prod-yutengl-dev-202-3-0:2324225:2324225 [0] NCCL INFO Channel 03/24 : 0 1
pluto-prod-yutengl-dev-202-3-0:2324225:2324225 [0] NCCL INFO Channel 04/24 : 0 1
pluto-prod-yutengl-dev-202-3-0:2324225:2324225 [0] NCCL INFO Channel 05/24 : 0 1
pluto-prod-yutengl-dev-202-3-0:2324225:2324225 [0] NCCL INFO Channel 06/24 : 0 1
pluto-prod-yutengl-dev-202-3-0:2324225:2324225 [0] NCCL INFO Channel 07/24 : 0 1
pluto-prod-yutengl-dev-202-3-0:2324225:2324225 [0] NCCL INFO Channel 08/24 : 0 1
pluto-prod-yutengl-dev-202-3-0:2324225:2324225 [0] NCCL INFO Channel 09] NCCL INFO Trees [0] -1/-1/-1->1->0 [1] -1/-1/-1->1->0 [2] -1/-1/-1->1->0 [3] -1/-1/-1->1->0 [4] -1/-1/-1->1->0 [5] -1/-1/-1->1->0 [6] 0/-1/-1->1->-1 [7] 0/-1/-1->1->-1 [8] 0/-1/-1->1->-1 [9] 0/-1/-1->1->-1 [10] 0/-1/-1->1->-1 [11] 0/-1/-1->1->-1 [12] -1/-1/-1->1->0 [13] -1/-1/-1->1->0 [14] -1/-1/-1->1->0 [15] -1/-1/-1->1->0 [16] -1/-1/-1->1->0 [17] -1/-1/-1->1->0 [18] 0/-1/-1->1->-1 [19] 0/-1/-1->1->-1 [20] 0/-1/-1->1->-1 [21] 0/-1/-1->1->-1 [22] 0/-1/-1->1->-1 [23] 0/-1/-1->1->-1
pluto-prod-yutengl-dev-202-3-0:2324226:2324226 [1] NCCL INFO P2P Chunksize set to 524288
pluto-prod-yutengl-dev-202-3-0:2324226:2324226 [1] NCCL INFO Check P2P Type isAllDirectP2p 1 directMode 0 isAllCudaP2p 1
pluto-prod-yutengl-dev-202-3-0:2324226:2324998 [0] NCCL INFO [Proxy Service UDS] Device 1 CPU core 9
pluto-prod-yutengl-dev-202-3-0:2324226:2324996 [0] NCCL INFO [Proxy Service] Device 1 CPU core 121
pluto-prod-yutengl-dev-202-3-0:2324226:2324226 [1] NCCL INFO NET/OFI Region base Tuner is chosen for platform: p5.48xlarge
pluto-prod-yutengl-dev-202-3-0:2324226:2324226 [1] NCCL INFO NET/OFI Region Tuner init (platform 0): comm with 2 ranks and 1 nodes.
pluto-prod-yutengl-dev-202-3-0:2324226:2324226 [1] NCCL INFO NET/OFI Tuner init: comm with 2 ranks and 1 nodes.
pluto-prod-yutengl-dev-202-3-0:2324226:2324226 [1] NCCL INFO threadThresholds 8/8/64 | 16/8/64 | 512 | 512
pluto-prod-yutengl-dev-202-3-0:2324226:2324226 [1] NCCL INFO 24 coll channels, 24 collnet channels, 16 nvls channels, 32 p2p channels, 32 p2p channels per peer
pluto-prod-yutengl-dev-202-3-0:2324226:2324226 [1] NCCL INFO Symmetric VA size=80GB
pluto-prod-yutengl-dev-202-3-0:2324226:2324226 [1] NCCL INFO ncclCommSplit comm 0x564a44dd6320 rank 1 nranks 2 cudaDev 1 nvmlDev 1 busId 75000 parent 0x564a3b4d22a0 childCount 16 color 2130503744 key 1 - Init COMPLETE
pluto-prod-yutengl-dev-202-3-0:2324226:2324226 [1] NCCL INFO Init timings - ncclCommSplit: rank 1 nranks 2 total 0.12 (kernels 0.00, alloc 0.00, bootstrap 0.00, allgathers 0.00, topo 0.02, graphs 0.00, connections 0.09, rest 0.01)
pluto-prod-yutengl-dev-202-3-0:2324226:2324226 [1] NCCL INFO Initialized NET plugin Socket
pluto-prod-yutengl-dev-202-3-0:2324226:2324226 [1] NCCL INFO Assigned NET plugin Socket to comm
pluto-prod-yutengl-dev-202-3-0:2324226:2324226 [1] NCCL INFO Failed to initialize any GIN plugin
pluto-prod-yutengl-dev-202-3-0:2324226:2324226 [1] NCCL INFO Using network Socket
pluto-prod-yutengl-dev-202-3-0:2324226:2324226 [1] NCCL INFO [Rank 1] ncclCommInitRank comm 0x564a4517b280 rank 1 nranks 2 cudaDev 1 nvmlDev 1 busId 75000 commId 0x4f6c8ff086686fa0 - Init START
pluto-prod-yutengl-dev-202-3-0:2324226:2324226 [1] NCCL INFO Bootstrap timings total 0.000763 (create 0.000054, send 0.000114, recv 0.000390, ring 0.000030, delay 0.000000)
pluto-prod-yutengl-dev-202-3-0:2324226:2324226 [1] NCCL INFO MNNVL busId 0x75000 fabric UUID 0.0 cliqueId 0x0 state 3 healthMask 0x0
pluto-prod-yutengl-dev-202-3-0:2324226:2324226 [1] NCCL INFO ncclTopoGetCpuAffinity: Affinity for GPU 1 is 0-47,96-143. (GPU affinity = 0-47,96-143 ; CPU affinity = 0-47,96-143).
pluto-prod-yutengl-dev-202-3-0:2324226:2324226 [1] NCCL INFO NVLS multicast support is available on dev 1 (NVLS_NCHANNELS 16)
pluto-prod-yutengl-dev-202-3-0:2324226:2324226 [1] NCCL INFO comm 0x564a4517b280 rank 1 nRanks 2 nNodes 1 localRanks 2 localRank 1 MNNVL 0
pluto-prod-yutengl-dev-202-3-0:2324226:2324226 [1] NCCL INFO Trees [0] -1/-1/-1->1->0 [1] -1/-1/-1->1->0 [2] -1/-1/-1->1->0 [3] -1/-1/-1->1->0 [4] -1/-1/-1->1->0 [5] -1/-1/-1->1->0 [6] 0/-1/-1->1->-1 [7] 0/-1/-1->1->-1 [8] 0/-1/-1->1->-1 [9] 0/-1/-1->1->-1 [10] 0/-1/-1->1->-1 [11] 0/-1/-1->1->-1 [12] -1/-1/-1->1->0 [13] -1/-1/-1->1->0 [14] -1/-1/-1->1->0 [15] -1/-1/-1->1->0 [16] -1/-1/-1->1->0 [17] -1/-1/-1->1->0 [18] 0/-1/-1->1->-1 [19] 0/-1/-1->1->-1 [20] 0/-1/-1->1->-1 [21] 0/-1/-1->1->-1 [22] 0/-1/-1->1->-1 [23] 0/-1/-1->1->-1
pluto-prod-yutengl-dev-202-3-0:2324226:2324226 [1] NCCL INFO P2P Chunksize set to 524288
pluto-prod-yutengl-dev-202-3-0:2324226:2324226 [1] NCCL INFO Check P2P Type isAllDirectP2p 1 di/24 : 0 1
pluto-prod-yutengl-dev-202-3-0:2324225:2324225 [0] NCCL INFO Channel 10/24 : 0 1
pluto-prod-yutengl-dev-202-3-0:2324225:2324225 [0] NCCL INFO Channel 11/24 : 0 1
pluto-prod-yutengl-dev-202-3-0:2324225:2324225 [0] NCCL INFO Channel 12/24 : 0 1
pluto-prod-yutengl-dev-202-3-0:2324225:2324225 [0] NCCL INFO Channel 13/24 : 0 1
pluto-prod-yutengl-dev-202-3-0:2324225:2324225 [0] NCCL INFO Channel 14/24 : 0 1
pluto-prod-yutengl-dev-202-3-0:2324225:2324225 [0] NCCL INFO Channel 15/24 : 0 1
pluto-prod-yutengl-dev-202-3-0:2324225:2324225 [0] NCCL INFO Channel 16/24 : 0 1
pluto-prod-yutengl-dev-202-3-0:2324225:2324225 [0] NCCL INFO Channel 17/24 : 0 1
pluto-prod-yutengl-dev-202-3-0:2324225:2324225 [0] NCCL INFO Channel 18/24 : 0 1
pluto-prod-yutengl-dev-202-3-0:2324225:2324225 [0] NCCL INFO Channel 19/24 : 0 1
pluto-prod-yutengl-dev-202-3-0:2324225:2324225 [0] NCCL INFO Channel 20/24 : 0 1
pluto-prod-yutengl-dev-202-3-0:2324225:2324225 [0] NCCL INFO Channel 21/24 : 0 1
pluto-prod-yutengl-dev-202-3-0:2324225:2324225 [0] NCCL INFO Channel 22/24 : 0 1
pluto-prod-yutengl-dev-202-3-0:2324225:2324225 [0] NCCL INFO Channel 23/24 : 0 1
pluto-prod-yutengl-dev-202-3-0:2324225:2324225 [0] NCCL INFO Trees [0] 1/-1/-1->0->-1 [1] 1/-1/-1->0->-1 [2] 1/-1/-1->0->-1 [3] 1/-1/-1->0->-1 [4] 1/-1/-1->0->-1 [5] 1/-1/-1->0->-1 [6] -1/-1/-1->0->1 [7] -1/-1/-1->0->1 [8] -1/-1/-1->0->1 [9] -1/-1/-1->0->1 [10] -1/-1/-1->0->1 [11] -1/-1/-1->0->1 [12] 1/-1/-1->0->-1 [13] 1/-1/-1->0->-1 [14] 1/-1/-1->0->-1 [15] 1/-1/-1->0->-1 [16] 1/-1/-1->0->-1 [17] 1/-1/-1->0->-1 [18] -1/-1/-1->0->1 [19] -1/-1/-1->0->1 [20] -1/-1/-1->0->1 [21] -1/-1/-1->0->1 [22] -1/-1/-1->0->1 [23] -1/-1/-1->0->1
pluto-prod-yutengl-dev-202-3-0:2324225:2324225 [0] NCCL INFO P2P Chunksize set to 524288
pluto-prod-yutengl-dev-202-3-0:2324225:2324225 [0] NCCL INFO Check P2P Type isAllDirectP2p 1 directMode 0 isAllCudaP2p 1
pluto-prod-yutengl-dev-202-3-0:2324225:2325006 [0] NCCL INFO [Proxy Service] Device 0 CPU core 35
pluto-prod-yutengl-dev-202-3-0:2324225:2325007 [0] NCCL INFO [Proxy Service UDS] Device 0 CPU core 24
pluto-prod-yutengl-dev-202-3-0:2324225:2324225 [0] NCCL INFO NET/OFI Region base Tuner is chosen for platform: p5.48xlarge
pluto-prod-yutengl-dev-202-3-0:2324225:2324225 [0] NCCL INFO NET/OFI Region Tuner init (platform 0): comm with 2 ranks and 1 nodes.
pluto-prod-yutengl-dev-202-3-0:2324225:2324225 [0] NCCL INFO NET/OFI Tuner init: comm with 2 ranks and 1 nodes.
pluto-prod-yutengl-dev-202-3-0:2324225:2324225 [0] NCCL INFO threadThresholds 8/8/64 | 16/8/64 | 512 | 512
pluto-prod-yutengl-dev-202-3-0:2324225:2324225 [0] NCCL INFO 24 coll channels, 24 collnet channels, 16 nvls channels, 32 p2p channels, 32 p2p channels per peer
pluto-prod-yutengl-dev-202-3-0:2324225:2324225 [0] NCCL INFO Symmetric VA size=80GB
pluto-prod-yutengl-dev-202-3-0:2324225:2324225 [0] NCCL INFO CC Off, workFifoBytes 1048576
pluto-prod-yutengl-dev-202-3-0:2324225:2324225 [0] NCCL INFO ncclCommInitRank comm 0x556c24f3d740 rank 0 nranks 2 cudaDev 0 nvmlDev 0 busId 64000 commId 0x4f6c8ff086686fa0 - Init COMPLETE
pluto-prod-yutengl-dev-202-3-0:2324225:2324225 [0] NCCL INFO Init timings - ncclCommInitRank: rank 0 nranks 2 total 0.11 (kernels 0.00, alloc 0.00, bootstrap 0.00, allgathers 0.00, topo 0.02, graphs 0.00, connections 0.08, rest 0.01)
pluto-prod-yutengl-dev-202-3-0:2324225:2324225 [0] NCCL INFO Symmetric VA size=80GB
pluto-prod-yutengl-dev-202-3-0:2324225:2324225 [0] NCCL INFO Channel 00/0 : 0[0] -> 1[1] via P2P/CUMEM
pluto-prod-yutengl-dev-202-3-0:2324225:2324225 [0] NCCL INFO Channel 01/0 : 0[0] -> 1[1] via P2P/CUMEM
pluto-prod-yutengl-dev-202-3-0:2324225:2324225 [0] NCCL INFO Channel 02/0 : 0[0] -> 1[1] via P2P/CUMEM
pluto-prod-yutengl-dev-202-3-0:2324225:2324225 [0] NCCL INFO Channel 03/0 : 0[0] -> 1[1] via P2P/CUMEM
pluto-prod-yutengl-dev-202-3-0:2324225:2324225 [0] NCCL INFO Channel 04/0 : 0[0] -> 1[1] via P2P/CUMEM
pluto-prod-yutengl-dev-202-3-0:2324225:2324225 [0] NCCL INFO Channel 05/0 : 0[0] -> 1[1] via P2P/CUMEM
pluto-prod-yutengl-dev-202-3-0:2324225:2324225 [0] NCCL INFO Channel 06/rectMode 0 isAllCudaP2p 1
pluto-prod-yutengl-dev-202-3-0:2324226:2325008 [0] NCCL INFO [Proxy Service] Device 1 CPU core 43
pluto-prod-yutengl-dev-202-3-0:2324226:2325009 [0] NCCL INFO [Proxy Service UDS] Device 1 CPU core 35
pluto-prod-yutengl-dev-202-3-0:2324226:2324226 [1] NCCL INFO NET/OFI Region base Tuner is chosen for platform: p5.48xlarge
pluto-prod-yutengl-dev-202-3-0:2324226:2324226 [1] NCCL INFO NET/OFI Region Tuner init (platform 0): comm with 2 ranks and 1 nodes.
pluto-prod-yutengl-dev-202-3-0:2324226:2324226 [1] NCCL INFO NET/OFI Tuner init: comm with 2 ranks and 1 nodes.
pluto-prod-yutengl-dev-202-3-0:2324226:2324226 [1] NCCL INFO threadThresholds 8/8/64 | 16/8/64 | 512 | 512
pluto-prod-yutengl-dev-202-3-0:2324226:2324226 [1] NCCL INFO 24 coll channels, 24 collnet channels, 16 nvls channels, 32 p2p channels, 32 p2p channels per peer
pluto-prod-yutengl-dev-202-3-0:2324226:2324226 [1] NCCL INFO Symmetric VA size=80GB
pluto-prod-yutengl-dev-202-3-0:2324226:2324226 [1] NCCL INFO ncclCommInitRank comm 0x564a4517b280 rank 1 nranks 2 cudaDev 1 nvmlDev 1 busId 75000 commId 0x4f6c8ff086686fa0 - Init COMPLETE
pluto-prod-yutengl-dev-202-3-0:2324226:2324226 [1] NCCL INFO Init timings - ncclCommInitRank: rank 1 nranks 2 total 0.11 (kernels 0.00, alloc 0.00, bootstrap 0.00, allgathers 0.00, topo 0.01, graphs 0.00, connections 0.08, rest 0.01)
pluto-prod-yutengl-dev-202-3-0:2324226:2324226 [1] NCCL INFO Symmetric VA size=80GB
pluto-prod-yutengl-dev-202-3-0:2324226:2324226 [1] NCCL INFO Channel 00/0 : 1[1] -> 0[0] via P2P/CUMEM
pluto-prod-yutengl-dev-202-3-0:2324226:2324226 [1] NCCL INFO Channel 01/0 : 1[1] -> 0[0] via P2P/CUMEM
pluto-prod-yutengl-dev-202-3-0:2324226:2324226 [1] NCCL INFO Channel 02/0 : 1[1] -> 0[0] via P2P/CUMEM
pluto-prod-yutengl-dev-202-3-0:2324226:2324226 [1] NCCL INFO Channel 03/0 : 1[1] -> 0[0] via P2P/CUMEM
pluto-prod-yutengl-dev-202-3-0:2324226:2324226 [1] NCCL INFO Channel 04/0 : 1[1] -> 0[0] via P2P/CUMEM
pluto-prod-yutengl-dev-202-3-0:2324226:2324226 [1] NCCL INFO Channel 05/0 : 1[1] -> 0[0] via P2P/CUMEM
pluto-prod-yutengl-dev-202-3-0:2324226:2324226 [1] NCCL INFO Channel 06/0 : 1[1] -> 0[0] via P2P/CUMEM
pluto-prod-yutengl-dev-202-3-0:2324226:2324226 [1] NCCL INFO Channel 07/0 : 1[1] -> 0[0] via P2P/CUMEM
pluto-prod-yutengl-dev-202-3-0:2324226:2324226 [1] NCCL INFO Channel 08/0 : 1[1] -> 0[0] via P2P/CUMEM
pluto-prod-yutengl-dev-202-3-0:2324226:2324226 [1] NCCL INFO Channel 09/0 : 1[1] -> 0[0] via P2P/CUMEM
pluto-prod-yutengl-dev-202-3-0:2324226:2324226 [1] NCCL INFO Channel 10/0 : 1[1] -> 0[0] via P2P/CUMEM
pluto-prod-yutengl-dev-202-3-0:2324226:2324226 [1] NCCL INFO Channel 11/0 : 1[1] -> 0[0] via P2P/CUMEM
pluto-prod-yutengl-dev-202-3-0:2324226:2324226 [1] NCCL INFO Channel 12/0 : 1[1] -> 0[0] via P2P/CUMEM
pluto-prod-yutengl-dev-202-3-0:2324226:2324226 [1] NCCL INFO Channel 13/0 : 1[1] -> 0[0] via P2P/CUMEM
pluto-prod-yutengl-dev-202-3-0:2324226:2324226 [1] NCCL INFO Channel 14/0 : 1[1] -> 0[0] via P2P/CUMEM
pluto-prod-yutengl-dev-202-3-0:2324226:2324226 [1] NCCL INFO Channel 15/0 : 1[1] -> 0[0] via P2P/CUMEM
pluto-prod-yutengl-dev-202-3-0:2324226:2324226 [1] NCCL INFO Channel 16/0 : 1[1] -> 0[0] via P2P/CUMEM
pluto-prod-yutengl-dev-202-3-0:2324226:2324226 [1] NCCL INFO Channel 17/0 : 1[1] -> 0[0] via P2P/CUMEM
pluto-prod-yutengl-dev-202-3-0:2324226:2324226 [1] NCCL INFO Channel 18/0 : 1[1] -> 0[0] via P2P/CUMEM
pluto-prod-yutengl-dev-202-3-0:2324226:2324226 [1] NCCL INFO Channel 19/0 : 1[1] -> 0[0] via P2P/CUMEM
pluto-prod-yutengl-dev-202-3-0:2324226:2324226 [1] NCCL INFO Channel 20/0 : 1[1] -> 0[0] via P2P/CUMEM
pluto-prod-yutengl-dev-202-3-0:2324226:2324226 [1] NCCL INFO Channel 21/0 : 1[1] -> 0[0] via P2P/CUMEM
pluto-prod-yutengl-dev-202-3-0:2324226:2324226 [1] NCCL INFO Channel 22/0 : 1[1] -> 0[0] via P2P/CUMEM
pluto-prod-yutengl-dev-202-3-0:2324226:2324226 [1] NCCL INFO Channel 23/0 : 1[1] -> 0[0] via P2P/CUMEM
pluto-prod-yutengl-dev-202-3-0:2324226:2324226 [1] NCCL INFO Connected all rings, use ring PXN 0 GDR 1
pluto-prod-yutengl-dev-202-3-0:2324226:2324226 [1] NCCL INFO Comm confi0 : 0[0] -> 1[1] via P2P/CUMEM
pluto-prod-yutengl-dev-202-3-0:2324225:2324225 [0] NCCL INFO Channel 07/0 : 0[0] -> 1[1] via P2P/CUMEM
pluto-prod-yutengl-dev-202-3-0:2324225:2324225 [0] NCCL INFO Channel 08/0 : 0[0] -> 1[1] via P2P/CUMEM
pluto-prod-yutengl-dev-202-3-0:2324225:2324225 [0] NCCL INFO Channel 09/0 : 0[0] -> 1[1] via P2P/CUMEM
pluto-prod-yutengl-dev-202-3-0:2324225:2324225 [0] NCCL INFO Channel 10/0 : 0[0] -> 1[1] via P2P/CUMEM
pluto-prod-yutengl-dev-202-3-0:2324225:2324225 [0] NCCL INFO Channel 11/0 : 0[0] -> 1[1] via P2P/CUMEM
pluto-prod-yutengl-dev-202-3-0:2324225:2324225 [0] NCCL INFO Channel 12/0 : 0[0] -> 1[1] via P2P/CUMEM
pluto-prod-yutengl-dev-202-3-0:2324225:2324225 [0] NCCL INFO Channel 13/0 : 0[0] -> 1[1] via P2P/CUMEM
pluto-prod-yutengl-dev-202-3-0:2324225:2324225 [0] NCCL INFO Channel 14/0 : 0[0] -> 1[1] via P2P/CUMEM
pluto-prod-yutengl-dev-202-3-0:2324225:2324225 [0] NCCL INFO Channel 15/0 : 0[0] -> 1[1] via P2P/CUMEM
pluto-prod-yutengl-dev-202-3-0:2324225:2324225 [0] NCCL INFO Channel 16/0 : 0[0] -> 1[1] via P2P/CUMEM
pluto-prod-yutengl-dev-202-3-0:2324225:2324225 [0] NCCL INFO Channel 17/0 : 0[0] -> 1[1] via P2P/CUMEM
pluto-prod-yutengl-dev-202-3-0:2324225:2324225 [0] NCCL INFO Channel 18/0 : 0[0] -> 1[1] via P2P/CUMEM
pluto-prod-yutengl-dev-202-3-0:2324225:2324225 [0] NCCL INFO Channel 19/0 : 0[0] -> 1[1] via P2P/CUMEM
pluto-prod-yutengl-dev-202-3-0:2324225:2324225 [0] NCCL INFO Channel 20/0 : 0[0] -> 1[1] via P2P/CUMEM
pluto-prod-yutengl-dev-202-3-0:2324225:2324225 [0] NCCL INFO Channel 21/0 : 0[0] -> 1[1] via P2P/CUMEM
pluto-prod-yutengl-dev-202-3-0:2324225:2324225 [0] NCCL INFO Channel 22/0 : 0[0] -> 1[1] via P2P/CUMEM
pluto-prod-yutengl-dev-202-3-0:2324225:2324225 [0] NCCL INFO Channel 23/0 : 0[0] -> 1[1] via P2P/CUMEM
pluto-prod-yutengl-dev-202-3-0:2324225:2324225 [0] NCCL INFO Connected all rings, use ring PXN 0 GDR 1
pluto-prod-yutengl-dev-202-3-0:2324225:2324225 [0] NCCL INFO Comm config Blocking set to 1
pluto-prod-yutengl-dev-202-3-0:2324225:2324225 [0] NCCL INFO Initialized NET plugin Socket
pluto-prod-yutengl-dev-202-3-0:2324225:2324225 [0] NCCL INFO Assigned NET plugin Socket to comm
pluto-prod-yutengl-dev-202-3-0:2324225:2324225 [0] NCCL INFO Failed to initialize any GIN plugin
pluto-prod-yutengl-dev-202-3-0:2324225:2324225 [0] NCCL INFO Using network Socket
pluto-prod-yutengl-dev-202-3-0:2324225:2324225 [0] NCCL INFO ncclCommSplit comm 0x556c25345020 rank 0 nranks 2 cudaDev 0 nvmlDev 0 busId 64000 parent 0x556c1b293ea0 childCount 17 color 2130503744 key 0- Init START
pluto-prod-yutengl-dev-202-3-0:2324225:2324225 [0] NCCL INFO MNNVL busId 0x64000 fabric UUID 0.0 cliqueId 0x0 state 3 healthMask 0x0
pluto-prod-yutengl-dev-202-3-0:2324225:2324225 [0] NCCL INFO ncclTopoGetCpuAffinity: Affinity for GPU 0 is 0-47,96-143. (GPU affinity = 0-47,96-143 ; CPU affinity = 0-47,96-143).
pluto-prod-yutengl-dev-202-3-0:2324225:2324225 [0] NCCL INFO NVLS multicast support is available on dev 0 (NVLS_NCHANNELS 16)
pluto-prod-yutengl-dev-202-3-0:2324225:2324225 [0] NCCL INFO comm 0x556c25345020 rank 0 nRanks 2 nNodes 1 localRanks 2 localRank 0 MNNVL 0
pluto-prod-yutengl-dev-202-3-0:2324225:2324225 [0] NCCL INFO Channel 00/24 : 0 1
pluto-prod-yutengl-dev-202-3-0:2324225:2324225 [0] NCCL INFO Channel 01/24 : 0 1
pluto-prod-yutengl-dev-202-3-0:2324225:2324225 [0] NCCL INFO Channel 02/24 : 0 1
pluto-prod-yutengl-dev-202-3-0:2324225:2324225 [0] NCCL INFO Channel 03/24 : 0 1
pluto-prod-yutengl-dev-202-3-0:2324225:2324225 [0] NCCL INFO Channel 04/24 : 0 1
pluto-prod-yutengl-dev-202-3-0:2324225:2324225 [0] NCCL INFO Channel 05/24 : 0 1
pluto-prod-yutengl-dev-202-3-0:2324225:2324225 [0] NCCL INFO Channel 06/24 : 0 1
pluto-prod-yutengl-dev-202-3-0:2324225:2324225 [0] NCCL INFO Channel 07/24 : 0 1
pluto-prod-yutengl-dev-202-3-0:2324225:2324225 [0] NCCL INFO Channel 08/24 : 0 1
pluto-prod-yutengl-dev-202-3-0:2324225:2324225 [0] NCCL INFO Channel 09/24 : 0 1
pluto-prod-yutengl-dev-202-3-0:2324225:2324225 [0] NCCL INFO Channel 10/24 : 0 1
pluto-prod-yutengl-dev-202-3-0:2324225:2324225 [0] NCCL INFO Channel 11/[09-15 17:33:29] No pipeline_class_name specified, using model_index.json
[93m[09-15 17:33:29] Skipping pipeline module sglang.multimodal_gen.runtime.pipelines.hunyuan3d_pipeline during discovery due to import failure: Duplicate NCCL runtime found in the current system: /home/colligo/sglang-wiki/envs/run/lib/python3.10/site-packages/nvidia/nccl/lib/libnccl.so.2 and /opt/aws-ofi-nccl/install/lib/libnccl-net-ofi.so[0;0m
[93m[09-15 17:33:29] Skipping pipeline module sglang.multimodal_gen.runtime.pipelines.pi05 during discovery due to import failure: Duplicate NCCL runtime found in the current system: /home/colligo/sglang-wiki/envs/run/lib/python3.10/site-packages/nvidia/nccl/lib/libnccl.so.2 and /opt/aws-ofi-nccl/install/lib/libnccl-net-ofi.so[0;0m
[09-15 17:33:29] Diffusers version: 0.37.1
[09-15 17:33:29] Using pipeline from model_index.json: Cosmos3OmniDiffusersPipeline
[09-15 17:33:29] Loading pipeline modules...
[09-15 17:33:29] Model already exists locally and is complete
[09-15 17:33:29] Model path: /mnt/localssd/models/Cosmos3-Super-fe77b66696d645f663b8f27e942b3b43e4629e23
[09-15 17:33:29] Diffusers version: 0.37.1
[09-15 17:33:29] Model already exists locally and is complete
[09-15 17:33:29] Model path: /mnt/localssd/models/Cosmos3-Super-fe77b66696d645f663b8f27e942b3b43e4629e23
[09-15 17:33:29] Diffusers version: 0.37.1
[09-15 17:33:29] Loading pipeline modules from config: {'_class_name': 'Cosmos3OmniDiffusersPipeline', '_diffusers_version': '0.37.1', 'scheduler': ['diffusers', 'UniPCMultistepScheduler'], 'text_tokenizer': ['transformers', 'Qwen2TokenizerFast'], 'transformer': ['diffusers', 'Cosmos3OmniTransformer'], 'vae': ['diffusers', 'AutoencoderKLWan'], 'vision_encoder': ['transformers', 'Qwen3VLVisionModel'], 'sound_tokenizer': ['diffusers', 'Cosmos3AVAEAudioTokenizer']}
[09-15 17:33:29] Loading required components: ['text_tokenizer', 'vae', 'transformer', 'scheduler', 'sound_tokenizer']
Loading required modules:   0%|          | 0/5 [00:00<?, ?it/s][09-15 17:33:29] Memory-aware component load order: ['transformer', 'sound_tokenizer', 'vae', 'text_tokenizer', 'scheduler']
Loading required modules:   0%|          | 0/5 [00:00<?, ?it/s][09-15 17:33:29] Loading transformer from /mnt/localssd/models/Cosmos3-Super-fe77b66696d645f663b8f27e942b3b43e4629e23/transformer. avail mem: 75.07 GB
[09-15 17:33:30] Loading Cosmos3OmniTransformer from 27 safetensors file(s) , param_dtype: torch.bfloat16

Loading safetensors checkpoint shards: 0%|          | 0/27[A
Loading safetensors checkpoint shards: 4%|▎         | 1/27[A
Loading safetensors checkpoint shards: 7%|▋         | 2/27[A
Loading safetensors checkpoint shards: 11%|█         | 3/27[A
Loading safetensors checkpoint shards: 15%|█▍        | 4/27[A
Loading safetensors checkpoint shards: 19%|█▊        | 5/27[A
Loading safetensors checkpoint shards: 22%|██▏       | 6/27[A
Loading safetensors checkpoint shards: 26%|██▌       | 7/27[A
Loading safetensors checkpoint shards: 30%|██▉       | 8/27[A
Loading safetensors checkpoint shards: 33%|███▎      | 9/27[A
Loading safetensors checkpoint shards: 37%|███▋      | 10/27[A
Loading safetensors checkpoint shards: 41%|████      | 11/27[A
Loading safetensors checkpoint shards: 44%|████▍     | 12/27[A
Loading safetensors checkpoint shards: 48%|████▊     | 13/27[A
Loading safetensors checkpoint shards: 52%|█████▏    | 14/27[A
Loading safetensors checkpoint shards: 56%|█████▌    | 15/27[A
Loading safetensors checkpoint shards: 59%|█████▉    | 16/27[A
Loading safetensors checkpoint shards: 63%|██████▎   | 17/27[A
Loading safetensors checkpoint shards: 67%|██████▋   | 18/27[A
Loading safetensors checkpoint shards: 70%|███████   | 19/27[A
Loading safetensors checkpoint shards: 74%|███████▍  | 20/27[A
Loading safetensors checkpoint shards: 78%|███████▊  | 21/27[A
Loading safetensors checkpoint shards: 81%|████████▏ | 22/27[A
Loading safetensors checkpoint shards: 85%|████████▌ | 23/27[A
Loading safetensors checkpoint shards: 89%|████████▉ | 24/27[A
Loading safetensors checkpoint shards: 93%|█████████▎| 25/27[A
Loading safetensors checkpoint shards: 96%|█████████▋| 26/27[ALoading safetensors checkpoint shards: 100%|██████████| 27/27
[09-15 17:33:36] Attention backends for transformer: fa
[09-15 17:33:36] Loaded transformer: Cosmos3OmniTransformer (sgl-diffusion version). model size: 117.85 GB, host mmap: 41.30 GB, host pageable: 76.55 GB. avail GPU mem: 75.07 GB
Loading required modules:  20%|██        | 1/5 [00:06<00:27,  6.89s/it][09-15 17:33:36] Loading sound_tokenizer from /mnt/localssd/models/Cosmos3-Super-fe77b66696d645f663b8f27e942b3b43e4629e23/sound_tokenizer. avail mem: 75.07 GB
Loading required modules:  20%|██        | 1/5 [00:06<00:27,  6.89s/it]/home/colligo/sglang-wiki/envs/run/lib/python3.10/site-packages/torch/nn/utils/weight_norm.py:144: FutureWarning: `torch.nn.utils.weight_norm` is deprecated in favor of `torch.nn.utils.parametrizations.weight_norm`.
  WeightNorm.apply(module, name, dim)
/home/colligo/sglang-wiki/envs/run/lib/python3.10/site-packages/torch/nn/utils/weight_norm.py:144: FutureWarning: `torch.nn.utils.weight_norm` is deprecated in favor of `torch.nn.utils.parametrizations.weight_norm`.
  WeightNorm.apply(module, name, dim)
Loading required modules:  40%|████      | 2/5 [00:08<00:11,  3.96s/it][09-15 17:33:38] Loaded sound_tokenizer: Cosmos3AVAEAudioTokenizer (sgl-diffusion version). model size: 0.88 GB, vram: 0.88 GB. avail GPU mem: 74.18 GB
Loading required modules:  40%|████      | 2/5 [00:08<00:11,  3.98s/it][09-15 17:33:38] Loading vae from /mnt/localssd/models/Cosmos3-Super-fe77b66696d645f663b8f27e942b3b43e4629e23/vae. avail mem: 74.18 GB
[09-15 17:33:38] vae (VAE) stays on its checkpoint mapping: the deployment is 123.52 GiB of weights against 5.82 GiB of host memory, so copies are host memory the streamed components need more.
[09-15 17:33:38] Wan VAE: spatial-parallel decode; skipping fast path.
[09-15 17:33:38] Loaded vae: AutoencoderKLWan (sgl-diffusion version). model size: 1.31 GB, host mmap: 1.31 GB. avail GPU mem: 74.18 GB
[09-15 17:33:38] Loading text_tokenizer from /mnt/localssd/models/Cosmos3-Super-fe77b66696d645f663b8f27e942b3b43e4629e23/text_tokenizer. avail mem: 74.18 GB
[09-15 17:33:39] Loaded text_tokenizer: Qwen2Tokenizer (sgl-diffusion version). model size: NA GB, weights: none. avail GPU mem: 74.18 GB
Loading required modules:  80%|████████  | 4/5 [00:09<00:01,  1.71s/it][09-15 17:33:39] Loading scheduler from /mnt/localssd/models/Cosmos3-Super-fe77b66696d645f663b8f27e942b3b43e4629e23/scheduler. avail mem: 74.18 GB
[09-15 17:33:39] Overriding scheduler class from UniPCMultistepScheduler to FlowUniPCMultistepScheduler
[09-15 17:33:39] Loaded scheduler: FlowUniPCMultistepScheduler (sgl-diffusion version). model size: NA GB, weights: none. avail GPU mem: 74.18 GB
Loading required modules: 100%|██████████| 5/5 [00:09<00:00,  1.91s/it]
[09-15 17:33:39] Creating pipeline stages...
[93m[09-15 17:33:39] Cosmos3 guardrails disabled because cosmos-guardrail is not installed. Install it with: pip install cosmos-guardrail==0.3.1[0;0m
[09-15 17:33:39] Cosmos3 pipeline stages created successfully (guardrails=False)
[09-15 17:33:39] Pipeline instantiated
[09-15 17:33:39] Layerwise offload host memory: 5.6 GiB available (cgroup cap 292.8 GiB, in use 287.3 GiB)
[09-15 17:33:39] Configuring layerwise offload for transformer (Cosmos3OmniTransformer): gen_layers (64 layers), language_model.layers (64 layers)
[09-15 17:33:39] Layerwise offload: transformer.gen_layers pins 3 of 64 layers (2.72 GiB of 3.56 GiB spendable). Of the rest, 0 are copied into pageable host memory and 61 stay on the checkpoint mapping. Pinning every layer would need 58.13 GiB.
Loading required modules:  80%|████████  | 4/5 [00:09<00:01,  1.78s/it]Loading required modules: 100%|██████████| 5/5 [00:09<00:00,  1.95s/it]
[09-15 17:33:47] Layerwise offload: transformer.language_model.layers pins 0 of 64 layers (0.00 GiB of 0.83 GiB spendable). Of the rest, 0 are copied into pageable host memory and 64 stay on the checkpoint mapping. Pinning every layer would need 58.13 GiB.
[09-15 17:33:53] Layerwise offload: gen_layers ships mapped layers through a courier thread with 2 pinned slots, so their device copies overlap compute instead of stalling it.
[09-15 17:33:54] Layerwise offload: language_model.layers ships mapped layers through a courier thread with 2 pinned slots, so their device copies overlap compute instead of stalling it.
[09-15 17:33:54] Layerwise offload ready for transformer (Cosmos3OmniTransformer) in 15.10s: groups=2, layers=128, prefetch/group=1, resident=2/128, policy=leading
[09-15 17:33:54] Configuring layerwise offload for vae (AutoencoderKLWan): encoder.down_blocks (4 layers), decoder.up_blocks (4 layers)
[09-15 17:33:55] Layerwise offload: vae.encoder.down_blocks pins 0 of 4 layers (0.00 GiB of 0.02 GiB spendable). Of the rest, 0 are copied into pageable host memory and 4 stay on the checkpoint mapping. Pinning every layer would need 0.19 GiB.
[09-15 17:33:55] Layerwise offload: encoder.down_blocks ships mapped layers through a courier thread with 2 pinned slots, so their device copies overlap compute instead of stalling it.
[09-15 17:33:55] Layerwise offload ready for vae (AutoencoderKLWan) in 1.26s: groups=2, layers=8, prefetch/group=1, resident=0/8, policy=leading
[09-15 17:33:55] Layerwise offload summary: transformer (vram: 2.77 GB, host pinned: 2.72 GB, host mmap: 40.29 GB, host pageable: 73.24 GB), vae (vram: 0.66 GB, host pinned: 0.81 GB, host mmap: 0.19 GB)
[09-15 17:33:55] Worker 0: Initialized device, model, and distributed environment.
[09-15 17:33:55] Worker 0: Scheduler loop started.
[09-15 17:33:56] Stage generation control plane started
[09-15 17:33:56] Scheduler thread for stage generation set cuda device to 0
[09-15 17:33:56] Stage generation started
[09-15 17:33:56] Process generation ready with stages=['generation']
[09-15 17:33:56] Diffusers version: 0.37.1
[09-15 17:33:56] Sequence dimension shard is enabled, disabling frame adjustment for better performance
[09-15 17:33:56] Adjusting number of frames from 17 to 17 based on model
[09-15 17:33:56] Processing 1 grouped request(s)
[09-15 17:33:56] Sampling params:
                       width: 832
                      height: 480
                  num_frames: 17
                         fps: 24
                      prompt: <redacted, len=65>
                  neg_prompt: <redacted, len=0>
                        seed: 0
                 infer_steps: 4
      num_outputs_per_prompt: 1
              guidance_scale: 5.0
     embedded_guidance_scale: 6.0
                    n_tokens: None
                  flow_shift: None
                  image_path: /home/colligo/sglang-wiki/repos/sglang-omni/results/cosmos3-super/2gpu/smoke-generation-layerwise-artifacts/test_super_generation_i2v_0/synthetic.png
                 save_output: True
            output_file_path: /home/colligo/sglang-wiki/repos/sglang-omni/results/cosmos3-super/2gpu/smoke-generation-layerwise-artifacts/test_super_generation_i2v_0/media/request_g4v3g7e4/0a197c3676244688b3783c144eb7212c.mp4
        
[09-15 17:33:56] Running pipeline stages: ['Cosmos3ImagePreprocessStage', 'Cosmos3TokenizationStage', 'Cosmos3LatentPreparationStage', 'Cosmos3TimestepPreparationStage', 'Cosmos3DenoisingStage', 'Cosmos3DecodingStage']
[09-15 17:33:56] [Cosmos3ImagePreprocessStage] started...
[09-15 17:33:56] [Cosmos3ImagePreprocessStage] Preprocessed 1 conditioning image(s) to 832x480
[09-15 17:33:56] [Cosmos3ImagePreprocessStage] finished in 0.0141 seconds
[09-15 17:33:56] [Cosmos3TokenizationStage] started...
[09-15 17:33:56] [Cosmos3TokenizationStage] Prompt with duration: 'A red box moves slowly right on a white table, stationary camera. The video is 0.7 seconds long and is of 24 FPS.'
[09-15 17:33:56] [Cosmos3TokenizationStage] finished in 0.0188 seconds
[09-15 17:33:56] [Cosmos3LatentPreparationStage] started...
[09-15 17:33:57] [Cosmos3LatentPreparationStage] Prepared I2V latents with conditioning at frames [0]
[09-15 17:33:57] [Cosmos3LatentPreparationStage] Prepared latents with shape (1, 48, 5, 30, 52)
[09-15 17:33:57] [Cosmos3LatentPreparationStage] finished in 0.5451 seconds
[09-15 17:33:57] [Cosmos3TimestepPreparationStage] started...
[09-15 17:33:57] [Cosmos3TimestepPreparationStage] Prepared 4 timesteps (flow_shift=10.0)
[09-15 17:33:57] [Cosmos3TimestepPreparationStage] finished in 0.0004 seconds
[09-15 17:33:57] [Cosmos3DenoisingStage] started...
[09-15 17:33:57] [Cosmos3DenoisingStage] CFG parallel enabled: cfg_size=2, cfg_rank=0
[09-15 17:33:57] [Cosmos3DenoisingStage] Starting denoising with 4 steps, CFG=True, CFG_parallel=True, cfg_rank=0
Denoising:   0%|          | 0/4 [00:00<?, ?it/s][09-15 17:33:57] [Cosmos3DenoisingStage] Prompt and negative prompt tokenize to different lengths (41 vs 10); running the CFG branches in separate forwards to keep padding out of the cross-attention
24 : 0 1
pluto-prod-yutengl-dev-202-3-0:2324225:2324225 [0] NCCL INFO Channel 12/24 : 0 1
pluto-prod-yutengl-dev-202-3-0:2324225:2324225 [0] NCCL INFO Channel 13/24 : 0 1
pluto-prod-yutengl-dev-202-3-0:2324225:2324225 [0] NCCL INFO Channel 14/24 : 0 1
pluto-prod-yutengl-dev-202-3-0:2324225:2324225 [0] NCCL INFO Channel 15/24 : 0 1
pluto-prod-yutengl-dev-202-3-0:2324225:2324225 [0] NCCL INFO Channel 16/24 : 0 1
pluto-prod-yutengl-dev-202-3-0:2324225:2324225 [0] NCCL INFO Channel 17/24 : 0 1
pluto-prod-yutengl-dev-202-3-0:2324225:2324225 [0] NCCL INFO Channel 18/24 : 0 1
pluto-prod-yutengl-dev-202-3-0:2324225:2324225 [0] NCCL INFO Channel 19/24 : 0 1
pluto-prod-yutengl-dev-202-3-0:2324225:2324225 [0] NCCL INFO Channel 20/24 : 0 1
pluto-prod-yutengl-dev-202-3-0:2324225:2324225 [0] NCCL INFO Channel 21/24 : 0 1
pluto-prod-yutengl-dev-202-3-0:2324225:2324225 [0] NCCL INFO Channel 22/24 : 0 1
pluto-prod-yutengl-dev-202-3-0:2324225:2324225 [0] NCCL INFO Channel 23/24 : 0 1
pluto-prod-yutengl-dev-202-3-0:2324225:2324225 [0] NCCL INFO Trees [0] 1/-1/-1->0->-1 [1] 1/-1/-1->0->-1 [2] 1/-1/-1->0->-1 [3] 1/-1/-1->0->-1 [4] 1/-1/-1->0->-1 [5] 1/-1/-1->0->-1 [6] -1/-1/-1->0->1 [7] -1/-1/-1->0->1 [8] -1/-1/-1->0->1 [9] -1/-1/-1->0->1 [10] -1/-1/-1->0->1 [11] -1/-1/-1->0->1 [12] 1/-1/-1->0->-1 [13] 1/-1/-1->0->-1 [14] 1/-1/-1->0->-1 [15] 1/-1/-1->0->-1 [16] 1/-1/-1->0->-1 [17] 1/-1/-1->0->-1 [18] -1/-1/-1->0->1 [19] -1/-1/-1->0->1 [20] -1/-1/-1->0->1 [21] -1/-1/-1->0->1 [22] -1/-1/-1->0->1 [23] -1/-1/-1->0->1
pluto-prod-yutengl-dev-202-3-0:2324225:2324225 [0] NCCL INFO P2P Chunksize set to 524288
pluto-prod-yutengl-dev-202-3-0:2324225:2324225 [0] NCCL INFO Check P2P Type isAllDirectP2p 1 directMode 0 isAllCudaP2p 1
pluto-prod-yutengl-dev-202-3-0:2324225:2325019 [0] NCCL INFO [Proxy Service] Device 0 CPU core 128
pluto-prod-yutengl-dev-202-3-0:2324225:2325021 [0] NCCL INFO [Proxy Service UDS] Device 0 CPU core 42
pluto-prod-yutengl-dev-202-3-0:2324225:2324225 [0] NCCL INFO NET/OFI Region base Tuner is chosen for platform: p5.48xlarge
pluto-prod-yutengl-dev-202-3-0:2324225:2324225 [0] NCCL INFO NET/OFI Region Tuner init (platform 0): comm with 2 ranks and 1 nodes.
pluto-prod-yutengl-dev-202-3-0:2324225:2324225 [0] NCCL INFO NET/OFI Tuner init: comm with 2 ranks and 1 nodes.
pluto-prod-yutengl-dev-202-3-0:2324225:2324225 [0] NCCL INFO threadThresholds 8/8/64 | 16/8/64 | 512 | 512
pluto-prod-yutengl-dev-202-3-0:2324225:2324225 [0] NCCL INFO 24 coll channels, 24 collnet channels, 16 nvls channels, 32 p2p channels, 32 p2p channels per peer
pluto-prod-yutengl-dev-202-3-0:2324225:2324225 [0] NCCL INFO Symmetric VA size=80GB
pluto-prod-yutengl-dev-202-3-0:2324225:2324225 [0] NCCL INFO CC Off, workFifoBytes 1048576
pluto-prod-yutengl-dev-202-3-0:2324225:2324225 [0] NCCL INFO ncclCommSplit comm 0x556c25345020 rank 0 nranks 2 cudaDev 0 nvmlDev 0 busId 64000 parent 0x556c1b293ea0 childCount 17 color 2130503744 key 0 - Init COMPLETE
pluto-prod-yutengl-dev-202-3-0:2324225:2324225 [0] NCCL INFO Init timings - ncclCommSplit: rank 0 nranks 2 total 0.11 (kernels 0.00, alloc 0.00, bootstrap 0.00, allgathers 0.00, topo 0.02, graphs 0.00, connections 0.08, rest 0.01)
pluto-prod-yutengl-dev-202-3-0:2324225:2324225 [0] NCCL INFO Symmetric VA size=80GB
pluto-prod-yutengl-dev-202-3-0:2324225:2324225 [0] NCCL INFO Channel 00/0 : 0[0] -> 1[1] via P2P/CUMEM
pluto-prod-yutengl-dev-202-3-0:2324225:2324225 [0] NCCL INFO Channel 01/0 : 0[0] -> 1[1] via P2P/CUMEM
pluto-prod-yutengl-dev-202-3-0:2324225:2324225 [0] NCCL INFO Channel 02/0 : 0[0] -> 1[1] via P2P/CUMEM
pluto-prod-yutengl-dev-202-3-0:2324225:2324225 [0] NCCL INFO Channel 03/0 : 0[0] -> 1[1] via P2P/CUMEM
pluto-prod-yutengl-dev-202-3-0:2324225:2324225 [0] NCCL INFO Channel 04/0 : 0[0] -> 1[1] via P2P/CUMEM
pluto-prod-yutengl-dev-202-3-0:2324225:2324225 [0] NCCL INFO Channel 05/0 : 0[0] -> 1[1] via P2P/CUMEM
pluto-prod-yutengl-dev-202-3-0:2324225:2324225 [0] NCCL INFO Channel 06/0 : 0[0] -> 1[1] via P2P/CUMEM
pluto-prod-yutengl-dev-202-3-0:2324225:2324225 [0] NCCL INFO Channel 07/0 : 0[0] -> 1[1] via P2P/CUMEM
pg Blocking set to 1
pluto-prod-yutengl-dev-202-3-0:2324226:2324226 [1] NCCL INFO Initialized NET plugin Socket
pluto-prod-yutengl-dev-202-3-0:2324226:2324226 [1] NCCL INFO Assigned NET plugin Socket to comm
pluto-prod-yutengl-dev-202-3-0:2324226:2324226 [1] NCCL INFO Failed to initialize any GIN plugin
pluto-prod-yutengl-dev-202-3-0:2324226:2324226 [1] NCCL INFO Using network Socket
pluto-prod-yutengl-dev-202-3-0:2324226:2324226 [1] NCCL INFO ncclCommSplit comm 0x564a45583430 rank 1 nranks 2 cudaDev 1 nvmlDev 1 busId 75000 parent 0x564a3b4d22a0 childCount 17 color 2130503744 key 1- Init START
pluto-prod-yutengl-dev-202-3-0:2324226:2324226 [1] NCCL INFO MNNVL busId 0x75000 fabric UUID 0.0 cliqueId 0x0 state 3 healthMask 0x0
pluto-prod-yutengl-dev-202-3-0:2324226:2324226 [1] NCCL INFO ncclTopoGetCpuAffinity: Affinity for GPU 1 is 0-47,96-143. (GPU affinity = 0-47,96-143 ; CPU affinity = 0-47,96-143).
pluto-prod-yutengl-dev-202-3-0:2324226:2324226 [1] NCCL INFO NVLS multicast support is available on dev 1 (NVLS_NCHANNELS 16)
pluto-prod-yutengl-dev-202-3-0:2324226:2324226 [1] NCCL INFO comm 0x564a45583430 rank 1 nRanks 2 nNodes 1 localRanks 2 localRank 1 MNNVL 0
pluto-prod-yutengl-dev-202-3-0:2324226:2324226 [1] NCCL INFO Trees [0] -1/-1/-1->1->0 [1] -1/-1/-1->1->0 [2] -1/-1/-1->1->0 [3] -1/-1/-1->1->0 [4] -1/-1/-1->1->0 [5] -1/-1/-1->1->0 [6] 0/-1/-1->1->-1 [7] 0/-1/-1->1->-1 [8] 0/-1/-1->1->-1 [9] 0/-1/-1->1->-1 [10] 0/-1/-1->1->-1 [11] 0/-1/-1->1->-1 [12] -1/-1/-1->1->0 [13] -1/-1/-1->1->0 [14] -1/-1/-1->1->0 [15] -1/-1/-1->1->0 [16] -1/-1/-1->1->0 [17] -1/-1/-1->1->0 [18] 0/-1/-1->1->-1 [19] 0/-1/-1->1->-1 [20] 0/-1/-1->1->-1 [21] 0/-1/-1->1->-1 [22] 0/-1/-1->1->-1 [23] 0/-1/-1->1->-1
pluto-prod-yutengl-dev-202-3-0:2324226:2324226 [1] NCCL INFO P2P Chunksize set to 524288
pluto-prod-yutengl-dev-202-3-0:2324226:2324226 [1] NCCL INFO Check P2P Type isAllDirectP2p 1 directMode 0 isAllCudaP2p 1
pluto-prod-yutengl-dev-202-3-0:2324226:2325020 [0] NCCL INFO [Proxy Service] Device 1 CPU core 121
pluto-prod-yutengl-dev-202-3-0:2324226:2325022 [0] NCCL INFO [Proxy Service UDS] Device 1 CPU core 109
pluto-prod-yutengl-dev-202-3-0:2324226:2324226 [1] NCCL INFO NET/OFI Region base Tuner is chosen for platform: p5.48xlarge
pluto-prod-yutengl-dev-202-3-0:2324226:2324226 [1] NCCL INFO NET/OFI Region Tuner init (platform 0): comm with 2 ranks and 1 nodes.
pluto-prod-yutengl-dev-202-3-0:2324226:2324226 [1] NCCL INFO NET/OFI Tuner init: comm with 2 ranks and 1 nodes.
pluto-prod-yutengl-dev-202-3-0:2324226:2324226 [1] NCCL INFO threadThresholds 8/8/64 | 16/8/64 | 512 | 512
pluto-prod-yutengl-dev-202-3-0:2324226:2324226 [1] NCCL INFO 24 coll channels, 24 collnet channels, 16 nvls channels, 32 p2p channels, 32 p2p channels per peer
pluto-prod-yutengl-dev-202-3-0:2324226:2324226 [1] NCCL INFO Symmetric VA size=80GB
pluto-prod-yutengl-dev-202-3-0:2324226:2324226 [1] NCCL INFO ncclCommSplit comm 0x564a45583430 rank 1 nranks 2 cudaDev 1 nvmlDev 1 busId 75000 parent 0x564a3b4d22a0 childCount 17 color 2130503744 key 1 - Init COMPLETE
pluto-prod-yutengl-dev-202-3-0:2324226:2324226 [1] NCCL INFO Init timings - ncclCommSplit: rank 1 nranks 2 total 0.11 (kernels 0.00, alloc 0.00, bootstrap 0.00, allgathers 0.00, topo 0.02, graphs 0.00, connections 0.08, rest 0.01)
pluto-prod-yutengl-dev-202-3-0:2324226:2324226 [1] NCCL INFO Symmetric VA size=80GB
pluto-prod-yutengl-dev-202-3-0:2324226:2324226 [1] NCCL INFO Channel 00/0 : 1[1] -> 0[0] via P2P/CUMEM
pluto-prod-yutengl-dev-202-3-0:2324226:2324226 [1] NCCL INFO Channel 01/0 : 1[1] -> 0[0] via P2P/CUMEM
pluto-prod-yutengl-dev-202-3-0:2324226:2324226 [1] NCCL INFO Channel 02/0 : 1[1] -> 0[0] via P2P/CUMEM
pluto-prod-yutengl-dev-202-3-0:2324226:2324226 [1] NCCL INFO Channel 03/0 : 1[1] -> 0[0] via P2P/CUMEM
pluto-prod-yutengl-dev-202-3-0:2324226:2324226 [1] NCCL INFO Channel 04/0 : 1[1] -> 0[0] via P2P/CUMEM
pluto-prod-yutengl-dev-202-3-0:2324226:2324226 [1] NCCL INFO Channel 05/0 : 1[1] -> 0[0] via P2P/CUMEM
pluto-prod-yutengl-dev-202-3-0:2324226:2324226 [1] NCCL INFO Channel 06/0 : 1[1] -> 0[0] via P2P/CUMEDenoising:  25%|██▌       | 1/4 [00:11<00:35, 11.98s/it]Denoising:  50%|█████     | 2/4 [00:16<00:15,  7.88s/it]Denoising:  75%|███████▌  | 3/4 [00:22<00:06,  6.58s/it]Denoising: 100%|██████████| 4/4 [00:27<00:00,  5.97s/it]Denoising: 100%|██████████| 4/4 [00:27<00:00,  6.77s/it]
[09-15 17:34:24] [Cosmos3DenoisingStage] Denoising complete
[09-15 17:34:25] [Cosmos3DenoisingStage] finished in 28.0641 seconds
[09-15 17:34:25] [Cosmos3DecodingStage] started...
[09-15 17:34:25] [Cosmos3DecodingStage] Decoding latents to video...
[09-15 17:34:25] [Cosmos3DecodingStage] finished in 0.5439 seconds
[09-15 17:34:26] Output saved to [1;36m/home/colligo/sglang-wiki/repos/sglang-omni/results/cosmos3-super/2gpu/smoke-generation-layerwise-artifacts/test_super_generation_i2v_0/media/request_g4v3g7e4/0a197c3676244688b3783c144eb7212c.mp4[0;0m
[09-15 17:34:26] Pixel data generated successfully in [92m29.78[0;0m seconds
[09-15 17:34:26] Memory usage - Max peak: 10242.00 MB, Avg peak: 10242.00 MB
M
pluto-prod-yutengl-dev-202-3-0:2324226:2324226 [1] NCCL INFO Channel 07/0 : 1[1] -> 0[0] via P2P/CUMEM
pluto-prod-yutengl-dev-202-3-0:2324226:2324226 [1] NCCL INFO Channel 08/0 : 1[1] -> 0[0] via P2P/CUMEM
pluto-prod-yutengl-dev-202-3-0:2324226:2324226 [1] NCCL INFO Channel 09/0 : 1[1] -> 0[0] via P2P/CUMEM
pluto-prod-yutengl-dev-202-3-0:2324226:2324226 [1] NCCL INFO Channel 10/0 : 1[1] -> 0[0] via P2P/CUMEM
pluto-prod-yutengl-dev-202-3-0:2324226:2324226 [1] NCCL INFO Channel 11/0 : 1[1] -> 0[0] via P2P/CUMEM
pluto-prod-yutengl-dev-202-3-0:2324226:2324226 [1] NCCL INFO Channel 12/0 : 1[1] -> 0[0] via P2P/CUMEM
pluto-prod-yutengl-dev-202-3-0:2324226:2324226 [1] NCCL INFO Channel 13/0 : 1[1] -> 0[0] via P2P/CUMEM
pluto-prod-yutengl-dev-202-3-0:2324226:2324226 [1] NCCL INFO Channel 14/0 : 1[1] -> 0[0] via P2P/CUMEM
pluto-prod-yutengl-dev-202-3-0:2324226:2324226 [1] NCCL INFO Channel 15/0 : 1[1] -> 0[0] via P2P/CUMEM
pluto-prod-yutengl-dev-202-3-0:2324226:2324226 [1] NCCL INFO Channel 16/0 : 1[1] -> 0[0] via P2P/CUMEM
pluto-prod-yutengl-dev-202-3-0:2324226:2324226 [1] NCCL INFO Channel 17/0 : 1[1] -> 0[0] via P2P/CUMEM
pluto-prod-yutengl-dev-202-3-0:2324226:2324226 [1] NCCL INFO Channel 18/0 : 1[1] -> 0[0] via P2P/CUMEM
pluto-prod-yutengl-dev-202-3-0:2324226:2324226 [1] NCCL INFO Channel 19/0 : 1[1] -> 0[0] via P2P/CUMEM
pluto-prod-yutengl-dev-202-3-0:2324226:2324226 [1] NCCL INFO Channel 20/0 : 1[1] -> 0[0] via P2P/CUMEM
pluto-prod-yutengl-dev-202-3-0:2324226:2324226 [1] NCCL INFO Channel 21/0 : 1[1] -> 0[0] via P2P/CUMEM
pluto-prod-yutengl-dev-202-3-0:2324226:2324226 [1] NCCL INFO Channel 22/0 : 1[1] -> 0[0] via P2P/CUMEM
pluto-prod-yutengl-dev-202-3-0:2324226:2324226 [1] NCCL INFO Channel 23/0 : 1[1] -> 0[0] via P2P/CUMEM
pluto-prod-yutengl-dev-202-3-0:2324226:2324226 [1] NCCL INFO Connected all rings, use ring PXN 0 GDR 1
pluto-prod-yutengl-dev-202-3-0:2324226:2324226 [1] NCCL INFO comm 0x564a4460c220 rank 1 nranks 2 cudaDev 1 busId 75000 - Destroy COMPLETE
pluto-prod-yutengl-dev-202-3-0:2324226:2324226 [1] NCCL INFO comm 0x564a45583430 rank 1 nranks 2 cudaDev 1 busId 75000 - Destroy COMPLETE
pluto-prod-yutengl-dev-202-3-0:2324226:2324226 [1] NCCL INFO comm 0x564a44dd6320 rank 1 nranks 2 cudaDev 1 busId 75000 - Destroy COMPLETE
pluto-prod-yutengl-dev-202-3-0:2324226:2324226 [1] NCCL INFO comm 0x564a43310280 rank 1 nranks 2 cudaDev 1 busId 75000 - Destroy COMPLETE
pluto-prod-yutengl-dev-202-3-0:2324226:2324226 [1] NCCL INFO comm 0x564a3b4d22a0 rank 1 nranks 2 cudaDev 1 busId 75000 - Destroy COMPLETE
[09-15 17:34:28] Worker 0: Shutdown complete.
luto-prod-yutengl-dev-202-3-0:2324225:2324225 [0] NCCL INFO Channel 08/0 : 0[0] -> 1[1] via P2P/CUMEM
pluto-prod-yutengl-dev-202-3-0:2324225:2324225 [0] NCCL INFO Channel 09/0 : 0[0] -> 1[1] via P2P/CUMEM
pluto-prod-yutengl-dev-202-3-0:2324225:2324225 [0] NCCL INFO Channel 10/0 : 0[0] -> 1[1] via P2P/CUMEM
pluto-prod-yutengl-dev-202-3-0:2324225:2324225 [0] NCCL INFO Channel 11/0 : 0[0] -> 1[1] via P2P/CUMEM
pluto-prod-yutengl-dev-202-3-0:2324225:2324225 [0] NCCL INFO Channel 12/0 : 0[0] -> 1[1] via P2P/CUMEM
pluto-prod-yutengl-dev-202-3-0:2324225:2324225 [0] NCCL INFO Channel 13/0 : 0[0] -> 1[1] via P2P/CUMEM
pluto-prod-yutengl-dev-202-3-0:2324225:2324225 [0] NCCL INFO Channel 14/0 : 0[0] -> 1[1] via P2P/CUMEM
pluto-prod-yutengl-dev-202-3-0:2324225:2324225 [0] NCCL INFO Channel 15/0 : 0[0] -> 1[1] via P2P/CUMEM
pluto-prod-yutengl-dev-202-3-0:2324225:2324225 [0] NCCL INFO Channel 16/0 : 0[0] -> 1[1] via P2P/CUMEM
pluto-prod-yutengl-dev-202-3-0:2324225:2324225 [0] NCCL INFO Channel 17/0 : 0[0] -> 1[1] via P2P/CUMEM
pluto-prod-yutengl-dev-202-3-0:2324225:2324225 [0] NCCL INFO Channel 18/0 : 0[0] -> 1[1] via P2P/CUMEM
pluto-prod-yutengl-dev-202-3-0:2324225:2324225 [0] NCCL INFO Channel 19/0 : 0[0] -> 1[1] via P2P/CUMEM
pluto-prod-yutengl-dev-202-3-0:2324225:2324225 [0] NCCL INFO Channel 20/0 : 0[0] -> 1[1] via P2P/CUMEM
pluto-prod-yutengl-dev-202-3-0:2324225:2324225 [0] NCCL INFO Channel 21/0 : 0[0] -> 1[1] via P2P/CUMEM
pluto-prod-yutengl-dev-202-3-0:2324225:2324225 [0] NCCL INFO Channel 22/0 : 0[0] -> 1[1] via P2P/CUMEM
pluto-prod-yutengl-dev-202-3-0:2324225:2324225 [0] NCCL INFO Channel 23/0 : 0[0] -> 1[1] via P2P/CUMEM
pluto-prod-yutengl-dev-202-3-0:2324225:2324225 [0] NCCL INFO Connected all rings, use ring PXN 0 GDR 1
pluto-prod-yutengl-dev-202-3-0:2324225:2324225 [0] NCCL INFO comm 0x556c243ce2a0 rank 0 nranks 2 cudaDev 0 busId 64000 - Destroy COMPLETE
pluto-prod-yutengl-dev-202-3-0:2324225:2324225 [0] NCCL INFO comm 0x556c25345020 rank 0 nranks 2 cudaDev 0 busId 64000 - Destroy COMPLETE
pluto-prod-yutengl-dev-202-3-0:2324225:2324225 [0] NCCL INFO comm 0x556c24b98120 rank 0 nranks 2 cudaDev 0 busId 64000 - Destroy COMPLETE
pluto-prod-yutengl-dev-202-3-0:2324225:2324225 [0] NCCL INFO comm 0x556c230d2cc0 rank 0 nranks 2 cudaDev 0 busId 64000 - Destroy COMPLETE
pluto-prod-yutengl-dev-202-3-0:2324225:2324225 [0] NCCL INFO comm 0x556c1b293ea0 rank 0 nranks 2 cudaDev 0 busId 64000 - Destroy COMPLETE
pluto-prod-yutengl-dev-202-3-0:2324225:2324225 [0] NCCL INFO ENV/Plugin: Closing env plugin ncclEnvDefault
pluto-prod-yutengl-dev-202-3-0:2324226:2325008 [1] NCCL INFO [Service thread] Connection closed by localRank 0
pluto-prod-yutengl-dev-202-3-0:2324226:2324921 [1] NCCL INFO [Service thread] Connection closed by localRank 0
pluto-prod-yutengl-dev-202-3-0:2324226:2324880 [1] NCCL INFO [Service thread] Connection closed by localRank 0
pluto-prod-yutengl-dev-202-3-0:2324226:2324226 [1] NCCL INFO ENV/Plugin: Closing env plugin ncclEnvDefault
[09-15 17:34:45] Stage generation stopped
PASSED
tests/integration/cosmos3/test_super_gpu.py::test_super_generation[v2v] Failed to import mooncake: No module named 'mooncake'. MooncakeRelay will not work. Install with: pip install mooncake-transfer-engine
Failed to import nixl: No module named 'nixl'. NixlRelay will not work.
Failed to import torchada: No module named 'torchada'. MUSA platform compatibility will not work.
[09-15 17:35:00] Auto memory policy for Cosmos3Config: 78.7 GiB of free device memory selects layerwise offload for text_encoder, image_encoder, vae. Explicit placement flags always win, and the per-component lines below say where each one's weights landed -- see the model's cookbook page for what to expect from your memory budget.
[93m[09-15 17:35:00] Cosmos3Config keeps its DiT resident with 78.7 GiB of device memory available, below the 120.0 GiB this model declares as its threshold for keeping components resident. The DiT is not in the automatic layerwise selection because the model does not list 'auto' in dit_layerwise_offload_modes. If the DiT does not fit, pass --layerwise-offload-components dit,... explicitly, or add the mode to the model's deployment config.[0;0m
[09-15 17:35:00] Diffusers version: 0.37.1
[09-15 17:35:00] Automatically enabled CFG parallel at degree 2 for 2 GPUs. Use --sp-degree / --ulysses-degree to use sequence parallelism instead.
[09-15 17:35:00] Proposed encoder parallel folding (mode=world) for ServerArgs (tp=1 sp=1 cfg=2 replica=2); the loader keeps it for encoders wide enough to benefit.
[09-15 17:35:00] Using layerwise offload components: text_encoder, image_encoder, vae, transformer. This reduces peak GPU memory and can increase latency; use --performance-mode speed for GPU-resident defaults when memory allows.
[09-15 17:35:00] server_args: {"model_path": "/mnt/localssd/models/Cosmos3-Super-fe77b66696d645f663b8f27e942b3b43e4629e23", "model_subfolder": null, "model_variant": null, "model_id": null, "served_model_name": "/mnt/localssd/models/Cosmos3-Super-fe77b66696d645f663b8f27e942b3b43e4629e23", "backend": "auto", "attention_backend": null, "attention_backend_config": {}, "component_attention_backends": {}, "cache_dit_config": null, "nccl_port": null, "enable_nccl_nvls": false, "trust_remote_code": false, "revision": null, "num_gpus": 2, "performance_mode": "auto", "base_gpu_id": 0, "gpu_ids": [0, 1], "nnodes": 1, "node_rank": 0, "dist_init_addr": null, "tp_size": 1, "sp_degree": 1, "ulysses_degree": 1, "ring_degree": 1, "kv_gather_degree": 1, "sp_split_auto": false, "dp_size": 1, "enable_cfg_parallel": true, "cfg_parallel_degree": 2, "encoder_parallel": "auto", "hsdp_replicate_dim": 1, "hsdp_shard_dim": 2, "dist_timeout": 3600, "scheduler_rpc_timeout": null, "pipeline_class_name": null, "lora_path": null, "lora_nickname": "default", "lora_scale": 1.0, "lora_alpha": null, "lora_merge_mode": "auto", "lora_weight_name": null, "component_paths": {}, "component_weights_paths": {}, "component_direct_gpu_weight_loading": {}, "component_quantizations": {}, "component_precisions": {}, "component_quantization_ignored_layers": {}, "load_diffusion_decoder": false, "transformer_weights_path": null, "minimax_h3_adaln_cache_path": null, "minimax_h3_adaln_online": false, "minimax_h3_adaln_plan_width": 4, "quantization": null, "quantization_ignored_layers": null, "lora_target_modules": null, "component_residency": {"transformer": "layerwise-offload"}, "cpu_offload_components": null, "dit_cpu_offload": true, "direct_gpu_weight_loading": false, "dit_layerwise_offload": false, "layerwise_offload_components": ["text_encoder", "image_encoder", "vae"], "dit_offload_prefetch_size": 0.0, "dit_layerwise_resident_layers": 0.0, "dit_layerwise_residency_policy": "leading", "layerwise_prefetch_size": {}, "layerwise_resident_layers": {"transformer": 1}, "layerwise_residency_policy": {}, "offload_during_compile": true, "text_encoder_cpu_offload": false, "image_encoder_cpu_offload": false, "vae_cpu_offload": false, "use_fsdp_inference": true, "pin_cpu_memory": true, "ltx2_two_stage_device_mode": null, "comfyui_mode": false, "enable_torch_compile": false, "regional_compile": false, "enable_breakable_cuda_graph": false, "bcg_text_buckets": null, "enable_layerwise_nvtx_marker": false, "warmup_mode": "off", "warmup_resolutions": null, "warmup_num_frames": null, "warmup_steps": 1, "disable_autocast": false, "master_port": 30005, "host": "127.0.0.1", "port": 30000, "webui": false, "webui_port": 12312, "scheduler_port": 5576, "scheduler_ports": [5576], "batching_mode": "dynamic", "batching_max_size": 1, "batching_delay_ms": 0.0, "batching_config": null, "enable_batching_metrics": false, "strict_ports": false, "output_path": "outputs/", "input_save_path": "inputs/uploads", "prompt_file_path": null, "model_paths": {}, "model_loaded": {"transformer": true, "vae": true, "video_vae": true, "audio_vae": true, "video_dit": true, "audio_dit": true, "dual_tower_bridge": true}, "boundary_ratio": null, "disagg_role": "monolithic", "disagg_timeout": 3600, "disagg_downstream_wait_timeout": 1800, "disagg_dispatch_policy": "round_robin", "disagg_mode": false, "disagg_instance_id": 0, "disagg_max_slots_per_instance": 8, "disagg_transfer_redundancy": 1.25, "disagg_role_device": "auto", "disagg_transfer_backend": "auto", "disagg_transfer_pool_size": 268435456, "disagg_transfer_pin_memory": "auto", "disagg_p2p_hostname": "127.0.0.1", "disagg_ib_device": null, "disagg_server_addr": null, "encoder_urls": null, "denoiser_urls": null, "decoder_urls": null, "encoder_tp": null, "denoiser_tp": null, "denoiser_sp": null, "denoiser_ulysses": null, "denoiser_ring": null, "decoder_sp": null, "pool_work_endpoint": null, "pool_result_endpoint": null, "pool_control_endpoint": null, "pool_control_advertised_endpoint": null, "log_level": "info", "log_requests": false, "log_requests_level": 2, "log_requests_format": "text", "log_requests_target": null, "uvicorn_access_log_exclude_prefixes": [], "enable_cache_report": false, "enable_trace": false, "otlp_traces_endpoint": "localhost:4317", "srt_encoder_url": null, "srt_encoder_connect_timeout": 3.05, "srt_encoder_timeout": 100, "pe_server_url": null}
[09-15 17:35:00] Local mode: True
[09-15 17:35:00] Starting server...
[09-15 17:35:12] Scheduler (dp replica 0) bind at endpoint: tcp://127.0.0.1:5576
[09-15 17:35:12] torch.compile cache: TORCHINDUCTOR_CACHE_DIR=/mnt/localssd/.cache/sgl_diffusion/torch_compile_cache/inductor TRITON_CACHE_DIR=/mnt/localssd/.cache/sgl_diffusion/torch_compile_cache/triton
[09-15 17:35:12] Initializing distributed environment with world_size=2, device=cuda:0, timeout=3600
[09-15 17:35:12] Setting distributed timeout to 3600 seconds
libfabric:2326851:1789518913::core:core:cuda_gdrcopy_hmem_init():192<warn> gdrcopy_dl_hmem_init failed!
libfabric:2326852:1789518913::core:core:cuda_gdrcopy_hmem_init():192<warn> gdrcopy_dl_hmem_init failed!
libfabric:2326851:1789518913::core:core:fi_getinfo_():1392<warn> fi_getinfo: provider efa output empty list
libfabric:2326852:1789518913::core:core:fi_getinfo_():1392<warn> fi_getinfo: provider efa output empty list
pluto-prod-yutengl-dev-202-3-0:2326851:2326851 [0] NCCL INFO ENV/Plugin: Could not find: libnccl-env.so
pluto-prod-yutengl-dev-202-3-0:2326851:2326851 [0] NCCL INFO Bootstrap: Using eth0:10.91.207.160<0>
pluto-prod-yutengl-dev-202-3-0:2326851:2326851 [0] NCCL INFO cudaDriverVersion 13000
pluto-prod-yutengl-dev-202-3-0:2326851:2326851 [0] NCCL INFO NCCL version 2.29.7+cuda13.2
pluto-prod-yutengl-dev-202-3-0:2326851:2326851 [0] NCCL INFO NCCL git version stable b81d6a5a3
pluto-prod-yutengl-dev-202-3-0:2326851:2326851 [0] NCCL INFO Comm config Blocking set to 1
pluto-prod-yutengl-dev-202-3-0:2326851:2326851 [0] NCCL INFO NET/Plugin: Loaded net plugin Libfabric (v10)
pluto-prod-yutengl-dev-202-3-0:2326851:2326851 [0] NCCL INFO Successfully loaded external network plugin /opt/aws-ofi-nccl/install/lib/libnccl-net.so
pluto-prod-yutengl-dev-202-3-0:2326851:2326851 [0] NCCL INFO NET/OFI Initializing aws-ofi-nccl 1.16.1
pluto-prod-yutengl-dev-202-3-0:2326851:2326851 [0] NCCL INFO NET/OFI Using Libfabric version 2.1
pluto-prod-yutengl-dev-202-3-0:2326851:2326851 [0] NCCL INFO NET/OFI Using CUDA driver version 13000 with runtime 12080
pluto-prod-yutengl-dev-202-3-0:2326851:2326851 [0] NCCL INFO NET/OFI Configuring AWS-specific options
pluto-prod-yutengl-dev-202-3-0:2326851:2326851 [0] NCCL INFO NET/OFI Internode latency set at 75.0 us
pluto-prod-yutengl-dev-202-3-0:2326851:2326851 [0] NCCL INFO NET/OFI Using transport protocol RDMA (platform set)
pluto-prod-yutengl-dev-202-3-0:2326851:2326851 [0] NCCL INFO NET/OFI No eligible providers were found

[2026-09-15 17:35:13] pluto-prod-yutengl-dev-202-3-0:2326851:2326851 [0] int nccl_net_ofi_create_plugin(nccl_net_ofi_plugin_t**):215 NCCL WARN NET/OFI Failed to initialize rdma protocol

[2026-09-15 17:35:13] pluto-prod-yutengl-dev-202-3-0:2326851:2326851 [0] int nccl_net_ofi_create_plugin(nccl_net_ofi_plugin_t**):352 NCCL WARN NET/OFI aws-ofi-nccl initialization failed

[2026-09-15 17:35:13] pluto-prod-yutengl-dev-202-3-0:2326851:2326851 [0] ncclResult_t nccl_net_ofi_init_v6(ncclDebugLogger_t):166 NCCL WARN NET/OFI Initializing plugin failed
pluto-prod-yutengl-dev-202-3-0:2326851:2326851 [0] NCCL INFO plugin/net/net_v10.cc:82 -> 2
pluto-prod-yutengl-dev-202-3-0:2326851:2326851 [0] NCCL INFO Failed to initialize NET plugin Libfabric
pluto-prod-yutengl-dev-202-3-0:2326851:2326851 [0] NCCL INFO NET/IB : No device found.
pluto-prod-yutengl-dev-202-3-0:2326851:2326851 [0] NCCL INFO NET/IB : Using [RO]; OOB eth0:10.91.207.160<0>
pluto-prod-yutengl-dev-202-3-0:2326851:2326851 [0] NCCL INFO Failed to initialize NET plugin IB
pluto-prod-yutengl-dev-202-3-0:2326851:2326851 [0] NCCL INFO NET/Socket : Using [0]eth0:10.91.207.160<0>
pluto-prod-yutengl-dev-202-3-0:2326851:2326851 [0] NCCL INFO Initialized NET plugin Socket
pluto-prod-yutengl-dev-202-3-0:2326851:2326851 [0] NCCL INFO Assigned NET plugin Socket to comm
pluto-prod-yutengl-dev-202-3-0:2326851:2326851 [0] NCCL INFO GIN/Plugin: Could not find: libnccl-gin.so
pluto-prod-yutengl-dev-202-3-0:2326851:2326851 [0] NCCL INFO Successfully loaded external gin plugin /opt/aws-ofi-nccl/install/lib/libnccl-net.so
pluto-prod-yutengl-dev-202-3-0:2326851:2326851 [0] NCCL INFO Failed to initialize any GIN plugin
pluto-prod-yutengl-dev-202-3-0:2326851:2326851 [0] NCCL INFO Using network Socket
pluto-prod-yutengl-dev-202-3-0:2326851:2326851 [0] NCCL INFO [Rank 0] ncclCommInitRankConfig comm 0x557369fd65c0 rank 0 nranks 2 cudaDev 0 nvmlDev 0 busId 64000 commId 0xf37bd493ef025675 - Init START
pluto-prod-yutengl-dev-202-3-0:2326851:2326851 [0] NCCL INFO RAS client listening socket at ::1<28028>
pluto-prod-yutengl-dev-202-3-0:2326851:2326851 [0] NCCL INFO Bootstrap timings total 0.001272 (create 0.000067, send 0.000144, recv 0.000391, ring 0.000034, delay 0.000001)
pluto-prod-yutengl-dev-202-3-0:2326851:2326851 [0] NCCL INFO MNNVL busId 0x64000 fabric UUID 0.0 cliqueId 0x0 state 3 healthMask 0x0
pluto-prod-yutengl-dev-202-3-0:2326851:2326851 [0] NCCL INFO ncclTopoGetCpuAffinity: Affinity for GPU 0 is 0-47,96-143. (GPU affinity = 0-47,96-143 ; CPU affinity = 0-191pluto-prod-yutengl-dev-202-3-0:2326852:2326852 [1] NCCL INFO ENV/Plugin: Could not find: libnccl-env.so
pluto-prod-yutengl-dev-202-3-0:2326852:2326852 [1] NCCL INFO cudaDriverVersion 13000
pluto-prod-yutengl-dev-202-3-0:2326852:2326852 [1] NCCL INFO Bootstrap: Using eth0:10.91.207.160<0>
pluto-prod-yutengl-dev-202-3-0:2326852:2326852 [1] NCCL INFO NCCL version 2.29.7+cuda13.2
pluto-prod-yutengl-dev-202-3-0:2326852:2326852 [1] NCCL INFO NCCL git version stable b81d6a5a3
pluto-prod-yutengl-dev-202-3-0:2326852:2326852 [1] NCCL INFO Comm config Blocking set to 1
pluto-prod-yutengl-dev-202-3-0:2326852:2326852 [1] NCCL INFO NET/Plugin: Loaded net plugin Libfabric (v10)
pluto-prod-yutengl-dev-202-3-0:2326852:2326852 [1] NCCL INFO Successfully loaded external network plugin /opt/aws-ofi-nccl/install/lib/libnccl-net.so
pluto-prod-yutengl-dev-202-3-0:2326852:2326852 [1] NCCL INFO NET/OFI Initializing aws-ofi-nccl 1.16.1
pluto-prod-yutengl-dev-202-3-0:2326852:2326852 [1] NCCL INFO NET/OFI Using Libfabric version 2.1
pluto-prod-yutengl-dev-202-3-0:2326852:2326852 [1] NCCL INFO NET/OFI Using CUDA driver version 13000 with runtime 12080
pluto-prod-yutengl-dev-202-3-0:2326852:2326852 [1] NCCL INFO NET/OFI Configuring AWS-specific options
pluto-prod-yutengl-dev-202-3-0:2326852:2326852 [1] NCCL INFO NET/OFI Internode latency set at 75.0 us
pluto-prod-yutengl-dev-202-3-0:2326852:2326852 [1] NCCL INFO NET/OFI Using transport protocol RDMA (platform set)
pluto-prod-yutengl-dev-202-3-0:2326852:2326852 [1] NCCL INFO NET/OFI No eligible providers were found

[2026-09-15 17:35:13] pluto-prod-yutengl-dev-202-3-0:2326852:2326852 [1] int nccl_net_ofi_create_plugin(nccl_net_ofi_plugin_t**):215 NCCL WARN NET/OFI Failed to initialize rdma protocol

[2026-09-15 17:35:13] pluto-prod-yutengl-dev-202-3-0:2326852:2326852 [1] int nccl_net_ofi_create_plugin(nccl_net_ofi_plugin_t**):352 NCCL WARN NET/OFI aws-ofi-nccl initialization failed

[2026-09-15 17:35:13] pluto-prod-yutengl-dev-202-3-0:2326852:2326852 [1] ncclResult_t nccl_net_ofi_init_v6(ncclDebugLogger_t):166 NCCL WARN NET/OFI Initializing plugin failed
pluto-prod-yutengl-dev-202-3-0:2326852:2326852 [1] NCCL INFO plugin/net/net_v10.cc:82 -> 2
pluto-prod-yutengl-dev-202-3-0:2326852:2326852 [1] NCCL INFO Failed to initialize NET plugin Libfabric
pluto-prod-yutengl-dev-202-3-0:2326852:2326852 [1] NCCL INFO NET/IB : No device found.
pluto-prod-yutengl-dev-202-3-0:2326852:2326852 [1] NCCL INFO NET/IB : Using [RO]; OOB eth0:10.91.207.160<0>
pluto-prod-yutengl-dev-202-3-0:2326852:2326852 [1] NCCL INFO Failed to initialize NET plugin IB
pluto-prod-yutengl-dev-202-3-0:2326852:2326852 [1] NCCL INFO NET/Socket : Using [0]eth0:10.91.207.160<0>
pluto-prod-yutengl-dev-202-3-0:2326852:2326852 [1] NCCL INFO Initialized NET plugin Socket
pluto-prod-yutengl-dev-202-3-0:2326852:2326852 [1] NCCL INFO Assigned NET plugin Socket to comm
pluto-prod-yutengl-dev-202-3-0:2326852:2326852 [1] NCCL INFO GIN/Plugin: Could not find: libnccl-gin.so
pluto-prod-yutengl-dev-202-3-0:2326852:2326852 [1] NCCL INFO Successfully loaded external gin plugin /opt/aws-ofi-nccl/install/lib/libnccl-net.so
pluto-prod-yutengl-dev-202-3-0:2326852:2326852 [1] NCCL INFO Failed to initialize any GIN plugin
pluto-prod-yutengl-dev-202-3-0:2326852:2326852 [1] NCCL INFO Using network Socket
pluto-prod-yutengl-dev-202-3-0:2326852:2326852 [1] NCCL INFO [Rank 1] ncclCommInitRankConfig comm 0x56197dc35b90 rank 1 nranks 2 cudaDev 1 nvmlDev 1 busId 75000 commId 0xf37bd493ef025675 - Init START
pluto-prod-yutengl-dev-202-3-0:2326852:2326852 [1] NCCL INFO RAS client listening socket at ::1<28028>
pluto-prod-yutengl-dev-202-3-0:2326852:2326852 [1] NCCL INFO Bootstrap timings total 0.004951 (create 0.000116, send 0.000274, recv 0.003723, ring 0.000032, delay 0.000001)
pluto-prod-yutengl-dev-202-3-0:2326852:2326852 [1] NCCL INFO MNNVL busId 0x75000 fabric UUID 0.0 cliqueId 0x0 state 3 healthMask 0x0
pluto-prod-yutengl-dev-202-3-0:2326852:2326852 [1] NCCL INFO ncclTopoGetCpuAffinity: Affinity for GPU 1 is 0-47,96-143. (GPU affinity = 0-47,96-143 ; CPU affinity = 0-191).
pluto-prod-yutengl-dev-202-3-0:2326851:2326851 [0] NCCL INFO NVLS multicast support is available on dev 0 (NVLS_NCHANNELS 16)
pluto-prod-yutengl-dev-202-3-0:2326851:2326851 [0] NCCL INFO comm 0x557369fd65c0 rank 0 nRanks 2 nNodes 1 localRanks 2 localRank 0 MNNVL 0
pluto-prod-yutengl-dev-202-3-0:2326851:2326851 [0] NCCL INFO Channel 00/24 : 0 1
pluto-prod-yutengl-dev-202-3-0:2326851:2326851 [0] NCCL INFO Channel 01/24 : 0 1
pluto-prod-yutengl-dev-202-3-0:2326851:2326851 [0] NCCL INFO Channel 02/24 : 0 1
pluto-prod-yutengl-dev-202-3-0:2326851:2326851 [0] NCCL INFO Channel 03/24 : 0 1
pluto-prod-yutengl-dev-202-3-0:2326851:2326851 [0] NCCL INFO Channel 04/24 : 0 1
pluto-prod-yutengl-dev-202-3-0:2326851:2326851 [0] NCCL INFO Channel 05/24 : 0 1
pluto-prod-yutengl-dev-202-3-0:2326851:2326851 [0] NCCL INFO Channel 06/24 : 0 1
pluto-prod-yutengl-dev-202-3-0:2326851:2326851 [0] NCCL INFO Channel 07/24 : 0 1
pluto-prod-yutengl-dev-202-3-0:2326851:2326851 [0] NCCL INFO Channel 08/24 : 0 1
pluto-prod-yutengl-dev-202-3-0:2326851:2326851 [0] NCCL INFO Channel 09/24 : 0 1
pluto-prod-yutengl-dev-202-3-0:2326851:2326851 [0] NCCL INFO Channel 10/24 : 0 1
pluto-prod-yutengl-dev-202-3-0:2326851:2326851 [0] NCCL INFO Channel 11/24 : 0 1
pluto-prod-yutengl-dev-202-3-0:2326851:2326851 [0] NCCL INFO Channel 12/24 : 0 1
pluto-prod-yutengl-dev-202-3-0:2326851:2326851 [0] NCCL INFO Channel 13/24 : 0 1
pluto-prod-yutengl-dev-202-3-0:2326851:2326851 [0] NCCL INFO Channel 14/24 : 0 1
pluto-prod-yutengl-dev-202-3-0:2326851:2326851 [0] NCCL INFO Channel 15/24 : 0 1
pluto-prod-yutengl-dev-202-3-0:2326851:2326851 [0] NCCL INFO Channel 16/24 : 0 1
pluto-prod-yutengl-dev-202-3-0:2326851:2326851 [0] NCCL INFO Channel 17/24 : 0 1
pluto-prod-yutengl-dev-202-3-0:2326851:2326851 [0] NCCL INFO Channel 18/24 : 0 1
pluto-prod-yutengl-dev-202-3-0:2326851:2326851 [0] NCCL INFO Channel 19/24 : 0 1
pluto-prod-yutengl-dev-202-3-0:2326851:2326851 [0] NCCL INFO Channel 20/24 : 0 1
pluto-prod-yutengl-dev-202-3-0:2326851:2326851 [0] NCCL INFO Channel 21/24 : 0 1
pluto-prod-yutengl-dev-202-3-0:2326851:2326851 [0] NCCL INFO Channel 22/24 : 0 1
pluto-prod-yutengl-dev-202-3-0:2326851:2326851 [0] NCCL INFO Channel 23/24 : 0 1
pluto-prod-yutengl-dev-202-3-0:2326851:2326851 [0] NCCL INFO Trees [0] 1/-1/-1->0->-1 [1] 1/-1/-1->0->-1 [2] 1/-1/-1->0->-1 [3] 1/-1/-1->0->-1 [4] 1/-1/-1->0->-1 [5] 1/-1/-1->0->-1 [6] -1/-1/-1->0->1 [7] -1/-1/-1->0->1 [8] -1/-1/-1->0->1 [9] -1/-1/-1->0->1 [10] -1/-1/-1->0->1 [11] -1/-1/-1->0->1 [12] 1/-1/-1->0->-1 [13] 1/-1/-1->0->-1 [14] 1/-1/-1->0->-1 [15] 1/-1/-1->0->-1 [16] 1/-1/-1->0->-1 [17] 1/-1/-1->0->-1 [18] -1/-1/-1->0->1 [19] -1/-1/-1->0->1 [20] -1/-1/-1->0->1 [21] -1/-1/-1->0->1 [22] -1/-1/-1->0->1 [23] -1/-1/-1->0->1
pluto-prod-yutengl-dev-202-3-0:2326851:2326851 [0] NCCL INFO P2P Chunksize set to 524288
pluto-prod-yutengl-dev-202-3-0:2326851:2326851 [0] NCCL INFO PROFILER/Plugin: Could not find: libnccl-profiler.so
pluto-prod-yutengl-dev-202-3-0:2326851:2326851 [0] NCCL INFO Check P2P Type isAllDirectP2p 1 directMode 0 isAllCudaP2p 1
pluto-prod-yutengl-dev-202-3-0:2326851:2327474 [0] NCCL INFO [Proxy Service] Device 0 CPU core 130
pluto-prod-yutengl-dev-202-3-0:2326851:2327476 [0] NCCL INFO [Proxy Service UDS] Device 0 CPU core 141
pluto-prod-yutengl-dev-202-3-0:2326851:2326851 [0] NCCL INFO TUNER/Plugin: Could not find: libnccl-tuner.so
pluto-prod-yutengl-dev-202-3-0:2326851:2326851 [0] NCCL INFO TUNER/Plugin: Using nccl_ofi_tuner (v3)
pluto-prod-yutengl-dev-202-3-0:2326851:2326851 [0] NCCL INFO NET/OFI Region base Tuner is chosen for platform: p5.48xlarge
pluto-prod-yutengl-dev-202-3-0:2326851:2326851 [0] NCCL INFO NET/OFI Region Tuner init (platform 0): comm with 2 ranks and 1 nodes.
pluto-prod-yutengl-dev-202-3-0:2326851:2326851 [0] NCCL INFO NET/OFI Tuner init: comm with 2 ranks and 1 nodes.
pluto-prod-yutengl-dev-202-3-0:2326851:2326851 [0] NCCL INFO threadThresholds 8/8/64 | 16/8/64 | 512 | 512
pluto-prod-yutengl-dev-202-3-0:2326851:2326851 [0] NCCL INFO 24 coll channels, 24 collnet channels, 16 nvls channels, 32 p2p channels, 32 ).
pluto-prod-yutengl-dev-202-3-0:2326852:2326852 [1] NCCL INFO NVLS multicast support is available on dev 1 (NVLS_NCHANNELS 16)
pluto-prod-yutengl-dev-202-3-0:2326852:2326852 [1] NCCL INFO comm 0x56197dc35b90 rank 1 nRanks 2 nNodes 1 localRanks 2 localRank 1 MNNVL 0
pluto-prod-yutengl-dev-202-3-0:2326852:2326852 [1] NCCL INFO Trees [0] -1/-1/-1->1->0 [1] -1/-1/-1->1->0 [2] -1/-1/-1->1->0 [3] -1/-1/-1->1->0 [4] -1/-1/-1->1->0 [5] -1/-1/-1->1->0 [6] 0/-1/-1->1->-1 [7] 0/-1/-1->1->-1 [8] 0/-1/-1->1->-1 [9] 0/-1/-1->1->-1 [10] 0/-1/-1->1->-1 [11] 0/-1/-1->1->-1 [12] -1/-1/-1->1->0 [13] -1/-1/-1->1->0 [14] -1/-1/-1->1->0 [15] -1/-1/-1->1->0 [16] -1/-1/-1->1->0 [17] -1/-1/-1->1->0 [18] 0/-1/-1->1->-1 [19] 0/-1/-1->1->-1 [20] 0/-1/-1->1->-1 [21] 0/-1/-1->1->-1 [22] 0/-1/-1->1->-1 [23] 0/-1/-1->1->-1
pluto-prod-yutengl-dev-202-3-0:2326852:2326852 [1] NCCL INFO P2P Chunksize set to 524288
pluto-prod-yutengl-dev-202-3-0:2326852:2326852 [1] NCCL INFO PROFILER/Plugin: Could not find: libnccl-profiler.so
pluto-prod-yutengl-dev-202-3-0:2326852:2326852 [1] NCCL INFO Check P2P Type isAllDirectP2p 1 directMode 0 isAllCudaP2p 1
pluto-prod-yutengl-dev-202-3-0:2326852:2327475 [0] NCCL INFO [Proxy Service] Device 1 CPU core 108
pluto-prod-yutengl-dev-202-3-0:2326852:2327477 [0] NCCL INFO [Proxy Service UDS] Device 1 CPU core 32
pluto-prod-yutengl-dev-202-3-0:2326852:2326852 [1] NCCL INFO TUNER/Plugin: Could not find: libnccl-tuner.so
pluto-prod-yutengl-dev-202-3-0:2326852:2326852 [1] NCCL INFO TUNER/Plugin: Using nccl_ofi_tuner (v3)
pluto-prod-yutengl-dev-202-3-0:2326852:2326852 [1] NCCL INFO NET/OFI Region base Tuner is chosen for platform: p5.48xlarge
pluto-prod-yutengl-dev-202-3-0:2326852:2326852 [1] NCCL INFO NET/OFI Region Tuner init (platform 0): comm with 2 ranks and 1 nodes.
pluto-prod-yutengl-dev-202-3-0:2326852:2326852 [1] NCCL INFO NET/OFI Tuner init: comm with 2 ranks and 1 nodes.
pluto-prod-yutengl-dev-202-3-0:2326852:2326852 [1] NCCL INFO threadThresholds 8/8/64 | 16/8/64 | 512 | 512
pluto-prod-yutengl-dev-202-3-0:2326852:2326852 [1] NCCL INFO 24 coll channels, 24 collnet channels, 16 nvls channels, 32 p2p channels, 32 p2p channels per peer
pluto-prod-yutengl-dev-202-3-0:2326852:2326852 [1] NCCL INFO Symmetric VA size=80GB
pluto-prod-yutengl-dev-202-3-0:2326852:2326852 [1] NCCL INFO ncclCommInitRankConfig comm 0x56197dc35b90 rank 1 nranks 2 cudaDev 1 nvmlDev 1 busId 75000 commId 0xf37bd493ef025675 - Init COMPLETE
pluto-prod-yutengl-dev-202-3-0:2326852:2326852 [1] NCCL INFO Init timings - ncclCommInitRankConfig: rank 1 nranks 2 total 0.55 (kernels 0.33, alloc 0.08, bootstrap 0.00, allgathers 0.00, topo 0.02, graphs 0.00, connections 0.10, rest 0.01)
pluto-prod-yutengl-dev-202-3-0:2326852:2326852 [1] NCCL INFO Comm config Blocking set to 1
pluto-prod-yutengl-dev-202-3-0:2326852:2326852 [1] NCCL INFO Initialized NET plugin Socket
pluto-prod-yutengl-dev-202-3-0:2326852:2326852 [1] NCCL INFO Assigned NET plugin Socket to comm
pluto-prod-yutengl-dev-202-3-0:2326852:2326852 [1] NCCL INFO Failed to initialize any GIN plugin
pluto-prod-yutengl-dev-202-3-0:2326852:2326852 [1] NCCL INFO Using network Socket
pluto-prod-yutengl-dev-202-3-0:2326852:2326852 [1] NCCL INFO ncclCommSplit comm 0x561985a73b00 rank 1 nranks 2 cudaDev 1 nvmlDev 1 busId 75000 parent 0x56197dc35b90 childCount 1 color 2130503744 key 1- Init START
pluto-prod-yutengl-dev-202-3-0:2326852:2326852 [1] NCCL INFO MNNVL busId 0x75000 fabric UUID 0.0 cliqueId 0x0 state 3 healthMask 0x0
pluto-prod-yutengl-dev-202-3-0:2326852:2326852 [1] NCCL INFO ncclTopoGetCpuAffinity: Affinity for GPU 1 is 0-47,96-143. (GPU affinity = 0-47,96-143 ; CPU affinity = 0-47,96-143).
pluto-prod-yutengl-dev-202-3-0:2326852:2326852 [1] NCCL INFO NVLS multicast support is available on dev 1 (NVLS_NCHANNELS 16)
pluto-prod-yutengl-dev-202-3-0:2326852:2326852 [1] NCCL INFO comm 0x561985a73b00 rank 1 nRanks 2 nNodes 1 localRanks 2 localRank 1 MNNVL 0
pluto-prod-yutengl-dev-202-3-0:2326852:2326852 [1] NCCL INFO Trees [0] -1/-1/-1->1->0 [1] -1/-1/-1->1->0 [2] -1/-1/-1->1->0 [3] -1/-1/-1->1->0 [4] -1/-1/-1->1p2p channels per peer
pluto-prod-yutengl-dev-202-3-0:2326851:2326851 [0] NCCL INFO Symmetric VA size=80GB
pluto-prod-yutengl-dev-202-3-0:2326851:2326851 [0] NCCL INFO CC Off, workFifoBytes 1048576
pluto-prod-yutengl-dev-202-3-0:2326851:2326851 [0] NCCL INFO ncclCommInitRankConfig comm 0x557369fd65c0 rank 0 nranks 2 cudaDev 0 nvmlDev 0 busId 64000 commId 0xf37bd493ef025675 - Init COMPLETE
pluto-prod-yutengl-dev-202-3-0:2326851:2326851 [0] NCCL INFO Init timings - ncclCommInitRankConfig: rank 0 nranks 2 total 0.55 (kernels 0.33, alloc 0.08, bootstrap 0.00, allgathers 0.00, topo 0.02, graphs 0.00, connections 0.10, rest 0.01)
pluto-prod-yutengl-dev-202-3-0:2326851:2326851 [0] NCCL INFO Comm config Blocking set to 1
pluto-prod-yutengl-dev-202-3-0:2326851:2326851 [0] NCCL INFO Initialized NET plugin Socket
pluto-prod-yutengl-dev-202-3-0:2326851:2326851 [0] NCCL INFO Assigned NET plugin Socket to comm
pluto-prod-yutengl-dev-202-3-0:2326851:2326851 [0] NCCL INFO Failed to initialize any GIN plugin
pluto-prod-yutengl-dev-202-3-0:2326851:2326851 [0] NCCL INFO Using network Socket
pluto-prod-yutengl-dev-202-3-0:2326851:2326851 [0] NCCL INFO ncclCommSplit comm 0x557371e120e0 rank 0 nranks 2 cudaDev 0 nvmlDev 0 busId 64000 parent 0x557369fd65c0 childCount 1 color 2130503744 key 0- Init START
pluto-prod-yutengl-dev-202-3-0:2326851:2326851 [0] NCCL INFO MNNVL busId 0x64000 fabric UUID 0.0 cliqueId 0x0 state 3 healthMask 0x0
pluto-prod-yutengl-dev-202-3-0:2326851:2326851 [0] NCCL INFO ncclTopoGetCpuAffinity: Affinity for GPU 0 is 0-47,96-143. (GPU affinity = 0-47,96-143 ; CPU affinity = 0-47,96-143).
pluto-prod-yutengl-dev-202-3-0:2326851:2326851 [0] NCCL INFO NVLS multicast support is available on dev 0 (NVLS_NCHANNELS 16)
pluto-prod-yutengl-dev-202-3-0:2326851:2326851 [0] NCCL INFO comm 0x557371e120e0 rank 0 nRanks 2 nNodes 1 localRanks 2 localRank 0 MNNVL 0
pluto-prod-yutengl-dev-202-3-0:2326851:2326851 [0] NCCL INFO Channel 00/24 : 0 1
pluto-prod-yutengl-dev-202-3-0:2326851:2326851 [0] NCCL INFO Channel 01/24 : 0 1
pluto-prod-yutengl-dev-202-3-0:2326851:2326851 [0] NCCL INFO Channel 02/24 : 0 1
pluto-prod-yutengl-dev-202-3-0:2326851:2326851 [0] NCCL INFO Channel 03/24 : 0 1
pluto-prod-yutengl-dev-202-3-0:2326851:2326851 [0] NCCL INFO Channel 04/24 : 0 1
pluto-prod-yutengl-dev-202-3-0:2326851:2326851 [0] NCCL INFO Channel 05/24 : 0 1
pluto-prod-yutengl-dev-202-3-0:2326851:2326851 [0] NCCL INFO Channel 06/24 : 0 1
pluto-prod-yutengl-dev-202-3-0:2326851:2326851 [0] NCCL INFO Channel 07/24 : 0 1
pluto-prod-yutengl-dev-202-3-0:2326851:2326851 [0] NCCL INFO Channel 08/24 : 0 1
pluto-prod-yutengl-dev-202-3-0:2326851:2326851 [0] NCCL INFO Channel 09/24 : 0 1
pluto-prod-yutengl-dev-202-3-0:2326851:2326851 [0] NCCL INFO Channel 10/24 : 0 1
pluto-prod-yutengl-dev-202-3-0:2326851:2326851 [0] NCCL INFO Channel 11/24 : 0 1
pluto-prod-yutengl-dev-202-3-0:2326851:2326851 [0] NCCL INFO Channel 12/24 : 0 1
pluto-prod-yutengl-dev-202-3-0:2326851:2326851 [0] NCCL INFO Channel 13/24 : 0 1
pluto-prod-yutengl-dev-202-3-0:2326851:2326851 [0] NCCL INFO Channel 14/24 : 0 1
pluto-prod-yutengl-dev-202-3-0:2326851:2326851 [0] NCCL INFO Channel 15/24 : 0 1
pluto-prod-yutengl-dev-202-3-0:2326851:2326851 [0] NCCL INFO Channel 16/24 : 0 1
pluto-prod-yutengl-dev-202-3-0:2326851:2326851 [0] NCCL INFO Channel 17/24 : 0 1
pluto-prod-yutengl-dev-202-3-0:2326851:2326851 [0] NCCL INFO Channel 18/24 : 0 1
pluto-prod-yutengl-dev-202-3-0:2326851:2326851 [0] NCCL INFO Channel 19/24 : 0 1
pluto-prod-yutengl-dev-202-3-0:2326851:2326851 [0] NCCL INFO Channel 20/24 : 0 1
pluto-prod-yutengl-dev-202-3-0:2326851:2326851 [0] NCCL INFO Channel 21/24 : 0 1
pluto-prod-yutengl-dev-202-3-0:2326851:2326851 [0] NCCL INFO Channel 22/24 : 0 1
pluto-prod-yutengl-dev-202-3-0:2326851:2326851 [0] NCCL INFO Channel 23/24 : 0 1
pluto-prod-yutengl-dev-202-3-0:2326851:2326851 [0] NCCL INFO Trees [0] 1/-1/-1->0->-1 [1] 1/-1/-1->0->-1 [2] 1/-1/-1->0->-1 [3] 1/-1/-1->0->-1 [4] 1/-1/-1->0->-1 [5] 1/-1/-1->0->-1 [6] -1/-1/-1->0->1 [7] -1/-1/-1->0->1 [8] -1/-1/-1->0->1 [9] -1/-1/-1->0->1 [10] -1/-1/-1->0-[09-15 17:35:13] Found nccl from library libnccl.so.2
[09-15 17:35:13] sglang-diffusion is using nccl==2.29.7
>1 [11] -1/-1/-1->0->1 [12] 1/-1/-1->0->-1 [13] 1/-1/-1->0->-1 [14] 1/-1/-1->0->-1 [15] 1/-1/-1->0->-1 [16] 1/-1/-1->0->-1 [17] 1/-1/-1->0->-1 [18] -1/-1/-1->0->1 [19] -1/-1/-1->0->1 [20] -1/-1/-1->0->1 [21] -1/-1/-1->0->1 [22] -1/-1/-1->0->1 [23] -1/-1/-1->0->1
pluto-prod-yutengl-dev-202-3-0:2326851:2326851 [0] NCCL INFO P2P Chunksize set to 524288
pluto-prod-yutengl-dev-202-3-0:2326851:2326851 [0] NCCL INFO Check P2P Type isAllDirectP2p 1 directMode 0 isAllCudaP2p 1
pluto-prod-yutengl-dev-202-3-0:2326851:2327484 [0] NCCL INFO [Proxy Service] Device 0 CPU core 28
pluto-prod-yutengl-dev-202-3-0:2326851:2327485 [0] NCCL INFO [Proxy Service UDS] Device 0 CPU core 23
pluto-prod-yutengl-dev-202-3-0:2326851:2326851 [0] NCCL INFO NET/OFI Region base Tuner is chosen for platform: p5.48xlarge
pluto-prod-yutengl-dev-202-3-0:2326851:2326851 [0] NCCL INFO NET/OFI Region Tuner init (platform 0): comm with 2 ranks and 1 nodes.
pluto-prod-yutengl-dev-202-3-0:2326851:2326851 [0] NCCL INFO NET/OFI Tuner init: comm with 2 ranks and 1 nodes.
pluto-prod-yutengl-dev-202-3-0:2326851:2326851 [0] NCCL INFO threadThresholds 8/8/64 | 16/8/64 | 512 | 512
pluto-prod-yutengl-dev-202-3-0:2326851:2326851 [0] NCCL INFO 24 coll channels, 24 collnet channels, 16 nvls channels, 32 p2p channels, 32 p2p channels per peer
pluto-prod-yutengl-dev-202-3-0:2326851:2326851 [0] NCCL INFO Symmetric VA size=80GB
pluto-prod-yutengl-dev-202-3-0:2326851:2326851 [0] NCCL INFO CC Off, workFifoBytes 1048576
pluto-prod-yutengl-dev-202-3-0:2326851:2326851 [0] NCCL INFO ncclCommSplit comm 0x557371e120e0 rank 0 nranks 2 cudaDev 0 nvmlDev 0 busId 64000 parent 0x557369fd65c0 childCount 1 color 2130503744 key 0 - Init COMPLETE
pluto-prod-yutengl-dev-202-3-0:2326851:2326851 [0] NCCL INFO Init timings - ncclCommSplit: rank 0 nranks 2 total 0.12 (kernels 0.00, alloc 0.00, bootstrap 0.00, allgathers 0.00, topo 0.02, graphs 0.00, connections 0.09, rest 0.01)
pluto-prod-yutengl-dev-202-3-0:2326851:2326851 [0] NCCL INFO Initialized NET plugin Socket
pluto-prod-yutengl-dev-202-3-0:2326851:2326851 [0] NCCL INFO Assigned NET plugin Socket to comm
pluto-prod-yutengl-dev-202-3-0:2326851:2326851 [0] NCCL INFO Failed to initialize any GIN plugin
pluto-prod-yutengl-dev-202-3-0:2326851:2326851 [0] NCCL INFO Using network Socket
pluto-prod-yutengl-dev-202-3-0:2326851:2326851 [0] NCCL INFO [Rank 0] ncclCommInitRank comm 0x5573721bef70 rank 0 nranks 2 cudaDev 0 nvmlDev 0 busId 64000 commId 0x142e9d3b2d209639 - Init START
pluto-prod-yutengl-dev-202-3-0:2326851:2326851 [0] NCCL INFO Bootstrap timings total 0.000966 (create 0.000054, send 0.000148, recv 0.000441, ring 0.000035, delay 0.000000)
pluto-prod-yutengl-dev-202-3-0:2326851:2326851 [0] NCCL INFO MNNVL busId 0x64000 fabric UUID 0.0 cliqueId 0x0 state 3 healthMask 0x0
pluto-prod-yutengl-dev-202-3-0:2326851:2326851 [0] NCCL INFO ncclTopoGetCpuAffinity: Affinity for GPU 0 is 0-47,96-143. (GPU affinity = 0-47,96-143 ; CPU affinity = 0-47,96-143).
pluto-prod-yutengl-dev-202-3-0:2326851:2326851 [0] NCCL INFO NVLS multicast support is available on dev 0 (NVLS_NCHANNELS 16)
pluto-prod-yutengl-dev-202-3-0:2326851:2326851 [0] NCCL INFO comm 0x5573721bef70 rank 0 nRanks 2 nNodes 1 localRanks 2 localRank 0 MNNVL 0
pluto-prod-yutengl-dev-202-3-0:2326851:2326851 [0] NCCL INFO Channel 00/24 : 0 1
pluto-prod-yutengl-dev-202-3-0:2326851:2326851 [0] NCCL INFO Channel 01/24 : 0 1
pluto-prod-yutengl-dev-202-3-0:2326851:2326851 [0] NCCL INFO Channel 02/24 : 0 1
pluto-prod-yutengl-dev-202-3-0:2326851:2326851 [0] NCCL INFO Channel 03/24 : 0 1
pluto-prod-yutengl-dev-202-3-0:2326851:2326851 [0] NCCL INFO Channel 04/24 : 0 1
pluto-prod-yutengl-dev-202-3-0:2326851:2326851 [0] NCCL INFO Channel 05/24 : 0 1
pluto-prod-yutengl-dev-202-3-0:2326851:2326851 [0] NCCL INFO Channel 06/24 : 0 1
pluto-prod-yutengl-dev-202-3-0:2326851:2326851 [0] NCCL INFO Channel 07/24 : 0 1
pluto-prod-yutengl-dev-202-3-0:2326851:2326851 [0] NCCL INFO Channel 08/24 : 0 1
pluto-prod-yutengl-dev-202-3-0:2326851:2326851 [0] NCCL INFO Channel 09/24 : 0 1
pluto-prod-yutengl-dev-202-3-0:2326851:2326851->0 [5] -1/-1/-1->1->0 [6] 0/-1/-1->1->-1 [7] 0/-1/-1->1->-1 [8] 0/-1/-1->1->-1 [9] 0/-1/-1->1->-1 [10] 0/-1/-1->1->-1 [11] 0/-1/-1->1->-1 [12] -1/-1/-1->1->0 [13] -1/-1/-1->1->0 [14] -1/-1/-1->1->0 [15] -1/-1/-1->1->0 [16] -1/-1/-1->1->0 [17] -1/-1/-1->1->0 [18] 0/-1/-1->1->-1 [19] 0/-1/-1->1->-1 [20] 0/-1/-1->1->-1 [21] 0/-1/-1->1->-1 [22] 0/-1/-1->1->-1 [23] 0/-1/-1->1->-1
pluto-prod-yutengl-dev-202-3-0:2326852:2326852 [1] NCCL INFO P2P Chunksize set to 524288
pluto-prod-yutengl-dev-202-3-0:2326852:2326852 [1] NCCL INFO Check P2P Type isAllDirectP2p 1 directMode 0 isAllCudaP2p 1
pluto-prod-yutengl-dev-202-3-0:2326852:2327482 [0] NCCL INFO [Proxy Service] Device 1 CPU core 47
pluto-prod-yutengl-dev-202-3-0:2326852:2327483 [0] NCCL INFO [Proxy Service UDS] Device 1 CPU core 15
pluto-prod-yutengl-dev-202-3-0:2326852:2326852 [1] NCCL INFO NET/OFI Region base Tuner is chosen for platform: p5.48xlarge
pluto-prod-yutengl-dev-202-3-0:2326852:2326852 [1] NCCL INFO NET/OFI Region Tuner init (platform 0): comm with 2 ranks and 1 nodes.
pluto-prod-yutengl-dev-202-3-0:2326852:2326852 [1] NCCL INFO NET/OFI Tuner init: comm with 2 ranks and 1 nodes.
pluto-prod-yutengl-dev-202-3-0:2326852:2326852 [1] NCCL INFO threadThresholds 8/8/64 | 16/8/64 | 512 | 512
pluto-prod-yutengl-dev-202-3-0:2326852:2326852 [1] NCCL INFO 24 coll channels, 24 collnet channels, 16 nvls channels, 32 p2p channels, 32 p2p channels per peer
pluto-prod-yutengl-dev-202-3-0:2326852:2326852 [1] NCCL INFO Symmetric VA size=80GB
pluto-prod-yutengl-dev-202-3-0:2326852:2326852 [1] NCCL INFO ncclCommSplit comm 0x561985a73b00 rank 1 nranks 2 cudaDev 1 nvmlDev 1 busId 75000 parent 0x56197dc35b90 childCount 1 color 2130503744 key 1 - Init COMPLETE
pluto-prod-yutengl-dev-202-3-0:2326852:2326852 [1] NCCL INFO Init timings - ncclCommSplit: rank 1 nranks 2 total 0.12 (kernels 0.00, alloc 0.00, bootstrap 0.00, allgathers 0.00, topo 0.02, graphs 0.00, connections 0.09, rest 0.01)
pluto-prod-yutengl-dev-202-3-0:2326852:2326852 [1] NCCL INFO Initialized NET plugin Socket
pluto-prod-yutengl-dev-202-3-0:2326852:2326852 [1] NCCL INFO Assigned NET plugin Socket to comm
pluto-prod-yutengl-dev-202-3-0:2326852:2326852 [1] NCCL INFO Failed to initialize any GIN plugin
pluto-prod-yutengl-dev-202-3-0:2326852:2326852 [1] NCCL INFO Using network Socket
pluto-prod-yutengl-dev-202-3-0:2326852:2326852 [1] NCCL INFO [Rank 1] ncclCommInitRank comm 0x561985e20540 rank 1 nranks 2 cudaDev 1 nvmlDev 1 busId 75000 commId 0x142e9d3b2d209639 - Init START
pluto-prod-yutengl-dev-202-3-0:2326852:2326852 [1] NCCL INFO Bootstrap timings total 0.000634 (create 0.000056, send 0.000099, recv 0.000273, ring 0.000029, delay 0.000000)
pluto-prod-yutengl-dev-202-3-0:2326852:2326852 [1] NCCL INFO MNNVL busId 0x75000 fabric UUID 0.0 cliqueId 0x0 state 3 healthMask 0x0
pluto-prod-yutengl-dev-202-3-0:2326852:2326852 [1] NCCL INFO ncclTopoGetCpuAffinity: Affinity for GPU 1 is 0-47,96-143. (GPU affinity = 0-47,96-143 ; CPU affinity = 0-47,96-143).
pluto-prod-yutengl-dev-202-3-0:2326852:2326852 [1] NCCL INFO NVLS multicast support is available on dev 1 (NVLS_NCHANNELS 16)
pluto-prod-yutengl-dev-202-3-0:2326852:2326852 [1] NCCL INFO comm 0x561985e20540 rank 1 nRanks 2 nNodes 1 localRanks 2 localRank 1 MNNVL 0
pluto-prod-yutengl-dev-202-3-0:2326852:2326852 [1] NCCL INFO Trees [0] -1/-1/-1->1->0 [1] -1/-1/-1->1->0 [2] -1/-1/-1->1->0 [3] -1/-1/-1->1->0 [4] -1/-1/-1->1->0 [5] -1/-1/-1->1->0 [6] 0/-1/-1->1->-1 [7] 0/-1/-1->1->-1 [8] 0/-1/-1->1->-1 [9] 0/-1/-1->1->-1 [10] 0/-1/-1->1->-1 [11] 0/-1/-1->1->-1 [12] -1/-1/-1->1->0 [13] -1/-1/-1->1->0 [14] -1/-1/-1->1->0 [15] -1/-1/-1->1->0 [16] -1/-1/-1->1->0 [17] -1/-1/-1->1->0 [18] 0/-1/-1->1->-1 [19] 0/-1/-1->1->-1 [20] 0/-1/-1->1->-1 [21] 0/-1/-1->1->-1 [22] 0/-1/-1->1->-1 [23] 0/-1/-1->1->-1
pluto-prod-yutengl-dev-202-3-0:2326852:2326852 [1] NCCL INFO P2P Chunksize set to 524288
pluto-prod-yutengl-dev-202-3-0:2326852:2326852 [1] NCCL INFO Check P2P Type isAllDirectP2p 1 directMode 0 isAllCudaP2p 1
pluto-prod-yutengl-dev-202-3-0:2326852:2327493 [0] NCCL INFO [Proxy Service] Device  [0] NCCL INFO Channel 10/24 : 0 1
pluto-prod-yutengl-dev-202-3-0:2326851:2326851 [0] NCCL INFO Channel 11/24 : 0 1
pluto-prod-yutengl-dev-202-3-0:2326851:2326851 [0] NCCL INFO Channel 12/24 : 0 1
pluto-prod-yutengl-dev-202-3-0:2326851:2326851 [0] NCCL INFO Channel 13/24 : 0 1
pluto-prod-yutengl-dev-202-3-0:2326851:2326851 [0] NCCL INFO Channel 14/24 : 0 1
pluto-prod-yutengl-dev-202-3-0:2326851:2326851 [0] NCCL INFO Channel 15/24 : 0 1
pluto-prod-yutengl-dev-202-3-0:2326851:2326851 [0] NCCL INFO Channel 16/24 : 0 1
pluto-prod-yutengl-dev-202-3-0:2326851:2326851 [0] NCCL INFO Channel 17/24 : 0 1
pluto-prod-yutengl-dev-202-3-0:2326851:2326851 [0] NCCL INFO Channel 18/24 : 0 1
pluto-prod-yutengl-dev-202-3-0:2326851:2326851 [0] NCCL INFO Channel 19/24 : 0 1
pluto-prod-yutengl-dev-202-3-0:2326851:2326851 [0] NCCL INFO Channel 20/24 : 0 1
pluto-prod-yutengl-dev-202-3-0:2326851:2326851 [0] NCCL INFO Channel 21/24 : 0 1
pluto-prod-yutengl-dev-202-3-0:2326851:2326851 [0] NCCL INFO Channel 22/24 : 0 1
pluto-prod-yutengl-dev-202-3-0:2326851:2326851 [0] NCCL INFO Channel 23/24 : 0 1
pluto-prod-yutengl-dev-202-3-0:2326851:2326851 [0] NCCL INFO Trees [0] 1/-1/-1->0->-1 [1] 1/-1/-1->0->-1 [2] 1/-1/-1->0->-1 [3] 1/-1/-1->0->-1 [4] 1/-1/-1->0->-1 [5] 1/-1/-1->0->-1 [6] -1/-1/-1->0->1 [7] -1/-1/-1->0->1 [8] -1/-1/-1->0->1 [9] -1/-1/-1->0->1 [10] -1/-1/-1->0->1 [11] -1/-1/-1->0->1 [12] 1/-1/-1->0->-1 [13] 1/-1/-1->0->-1 [14] 1/-1/-1->0->-1 [15] 1/-1/-1->0->-1 [16] 1/-1/-1->0->-1 [17] 1/-1/-1->0->-1 [18] -1/-1/-1->0->1 [19] -1/-1/-1->0->1 [20] -1/-1/-1->0->1 [21] -1/-1/-1->0->1 [22] -1/-1/-1->0->1 [23] -1/-1/-1->0->1
pluto-prod-yutengl-dev-202-3-0:2326851:2326851 [0] NCCL INFO P2P Chunksize set to 524288
pluto-prod-yutengl-dev-202-3-0:2326851:2326851 [0] NCCL INFO Check P2P Type isAllDirectP2p 1 directMode 0 isAllCudaP2p 1
pluto-prod-yutengl-dev-202-3-0:2326851:2327495 [0] NCCL INFO [Proxy Service UDS] Device 0 CPU core 141
pluto-prod-yutengl-dev-202-3-0:2326851:2327494 [0] NCCL INFO [Proxy Service] Device 0 CPU core 3
pluto-prod-yutengl-dev-202-3-0:2326851:2326851 [0] NCCL INFO NET/OFI Region base Tuner is chosen for platform: p5.48xlarge
pluto-prod-yutengl-dev-202-3-0:2326851:2326851 [0] NCCL INFO NET/OFI Region Tuner init (platform 0): comm with 2 ranks and 1 nodes.
pluto-prod-yutengl-dev-202-3-0:2326851:2326851 [0] NCCL INFO NET/OFI Tuner init: comm with 2 ranks and 1 nodes.
pluto-prod-yutengl-dev-202-3-0:2326851:2326851 [0] NCCL INFO threadThresholds 8/8/64 | 16/8/64 | 512 | 512
pluto-prod-yutengl-dev-202-3-0:2326851:2326851 [0] NCCL INFO 24 coll channels, 24 collnet channels, 16 nvls channels, 32 p2p channels, 32 p2p channels per peer
pluto-prod-yutengl-dev-202-3-0:2326851:2326851 [0] NCCL INFO Symmetric VA size=80GB
pluto-prod-yutengl-dev-202-3-0:2326851:2326851 [0] NCCL INFO CC Off, workFifoBytes 1048576
pluto-prod-yutengl-dev-202-3-0:2326851:2326851 [0] NCCL INFO ncclCommInitRank comm 0x5573721bef70 rank 0 nranks 2 cudaDev 0 nvmlDev 0 busId 64000 commId 0x142e9d3b2d209639 - Init COMPLETE
pluto-prod-yutengl-dev-202-3-0:2326851:2326851 [0] NCCL INFO Init timings - ncclCommInitRank: rank 0 nranks 2 total 0.11 (kernels 0.00, alloc 0.00, bootstrap 0.00, allgathers 0.00, topo 0.02, graphs 0.00, connections 0.08, rest 0.01)
pluto-prod-yutengl-dev-202-3-0:2326851:2326851 [0] NCCL INFO Symmetric VA size=80GB
pluto-prod-yutengl-dev-202-3-0:2326851:2326851 [0] NCCL INFO Channel 00/0 : 0[0] -> 1[1] via P2P/CUMEM
pluto-prod-yutengl-dev-202-3-0:2326851:2326851 [0] NCCL INFO Channel 01/0 : 0[0] -> 1[1] via P2P/CUMEM
pluto-prod-yutengl-dev-202-3-0:2326851:2326851 [0] NCCL INFO Channel 02/0 : 0[0] -> 1[1] via P2P/CUMEM
pluto-prod-yutengl-dev-202-3-0:2326851:2326851 [0] NCCL INFO Channel 03/0 : 0[0] -> 1[1] via P2P/CUMEM
pluto-prod-yutengl-dev-202-3-0:2326851:2326851 [0] NCCL INFO Channel 04/0 : 0[0] -> 1[1] via P2P/CUMEM
pluto-prod-yutengl-dev-202-3-0:2326851:2326851 [0] NCCL INFO Channel 05/0 : 0[0] -> 1[1] via P2P/CUMEM
pluto-prod-yutengl-dev-202-3-0:2326851:2326851 [0] NCCL INFO Channel 06/0 : 0[0] -> 1[1] via P2P/CUMEM
pluto-prod-yutengl-dev-202-3-0:2326851:2326851 [0] NCCL INFO Channel 07/0 : 0[0] -> 1[1] via P2P/CUMEM
pluto-prod-yutengl-dev-202-3-0:2326851:2326851 [0] NCCL INFO Channel 08/0 : 0[0] -> 1[1] via P2P/CUMEM
pluto-prod-yutengl-dev-202-3-0:2326851:2326851 [0] NCCL INFO Channel 09/0 : 0[0] -> 1[1] via P2P/CUMEM
pluto-prod-yutengl-dev-202-3-0:2326851:2326851 [0] NCCL INFO Channel 10/0 : 0[0] -> 1[1] via P2P/CUMEM
pluto-prod-yutengl-dev-202-3-0:2326851:2326851 [0] NCCL INFO Channel 11/0 : 0[0] -> 1[1] via P2P/CUMEM
pluto-prod-yutengl-dev-202-3-0:2326851:2326851 [0] NCCL INFO Channel 12/0 : 0[0] -> 1[1] via P2P/CUMEM
pluto-prod-yutengl-dev-202-3-0:2326851:2326851 [0] NCCL INFO Channel 13/0 : 0[0] -> 1[1] via P2P/CUMEM
pluto-prod-yutengl-dev-202-3-0:2326851:2326851 [0] NCCL INFO Channel 14/0 : 0[0] -> 1[1] via P2P/CUMEM
pluto-prod-yutengl-dev-202-3-0:2326851:2326851 [0] NCCL INFO Channel 15/0 : 0[0] -> 1[1] via P2P/CUMEM
pluto-prod-yutengl-dev-202-3-0:2326851:2326851 [0] NCCL INFO Channel 16/0 : 0[0] -> 1[1] via P2P/CUMEM
pluto-prod-yutengl-dev-202-3-0:2326851:2326851 [0] NCCL INFO Channel 17/0 : 0[0] -> 1[1] via P2P/CUMEM
pluto-prod-yutengl-dev-202-3-0:2326851:2326851 [0] NCCL INFO Channel 18/0 : 0[0] -> 1[1] via P2P/CUMEM
pluto-prod-yutengl-dev-202-3-0:2326851:2326851 [0] NCCL INFO Channel 19/0 : 0[0] -> 1[1] via P2P/CUMEM
pluto-prod-yutengl-dev-202-3-0:2326851:2326851 [0] NCCL INFO Channel 20/0 : 0[0] -> 1[1] via P2P/CUMEM
pluto-prod-yutengl-dev-202-3-0:2326851:2326851 [0] NCCL INFO Channel 21/0 : 0[0] -> 1[1] via P2P/CUMEM
pluto-prod-yutengl-dev-202-3-0:2326851:2326851 [0] NCCL INFO Channel 22/0 : 0[0] -> 1[1] via P2P/CUMEM
pluto-prod-yutengl-dev-202-3-0:2326851:2326851 [0] NCCL INFO Channel 23/0 : 0[0] -> 1[1] via P2P/CUMEM
pluto-prod-yutengl-dev-202-3-0:2326851:2326851 [0] NCCL INFO Connected all rings, use ring PXN 0 GDR 1
pluto-prod-yutengl-dev-202-3-0:2326851:2326851 [0] NCCL INFO Rank 0 has color with NCCL_SPLIT_NOCOLOR, not creating a new communicator
pluto-prod-yutengl-dev-202-3-0:2326851:2326851 [0] NCCL INFO Rank 0 has color with NCCL_SPLIT_NOCOLOR, not creating a new communicator
pluto-prod-yutengl-dev-202-3-0:2326851:2326851 [0] NCCL INFO Comm config Blocking set to 1
pluto-prod-yutengl-dev-202-3-0:2326851:2326851 [0] NCCL INFO Initialized NET plugin Socket
pluto-prod-yutengl-dev-202-3-0:2326851:2326851 [0] NCCL INFO Assigned NET plugin Socket to comm
pluto-prod-yutengl-dev-202-3-0:2326851:2326851 [0] NCCL INFO Failed to initialize any GIN plugin
pluto-prod-yutengl-dev-202-3-0:2326851:2326851 [0] NCCL INFO Using network Socket
pluto-prod-yutengl-dev-202-3-0:2326851:2326851 [0] NCCL INFO ncclCommSplit comm 0x55737310df60 rank 0 nranks 2 cudaDev 0 nvmlDev 0 busId 64000 parent 0x557369fd65c0 childCount 4 color 2130503744 key 0- Init START
pluto-prod-yutengl-dev-202-3-0:2326851:2326851 [0] NCCL INFO MNNVL busId 0x64000 fabric UUID 0.0 cliqueId 0x0 state 3 healthMask 0x0
pluto-prod-yutengl-dev-202-3-0:2326851:2326851 [0] NCCL INFO ncclTopoGetCpuAffinity: Affinity for GPU 0 is 0-47,96-143. (GPU affinity = 0-47,96-143 ; CPU affinity = 0-47,96-143).
pluto-prod-yutengl-dev-202-3-0:2326851:2326851 [0] NCCL INFO NVLS multicast support is available on dev 0 (NVLS_NCHANNELS 16)
pluto-prod-yutengl-dev-202-3-0:2326851:2326851 [0] NCCL INFO comm 0x55737310df60 rank 0 nRanks 2 nNodes 1 localRanks 2 localRank 0 MNNVL 0
pluto-prod-yutengl-dev-202-3-0:2326851:2326851 [0] NCCL INFO Channel 00/24 : 0 1
pluto-prod-yutengl-dev-202-3-0:2326851:2326851 [0] NCCL INFO Channel 01/24 : 0 1
pluto-prod-yutengl-dev-202-3-0:2326851:2326851 [0] NCCL INFO Channel 02/24 : 0 1
pluto-prod-yutengl-dev-202-3-0:2326851:2326851 [0] NCCL INFO Channel 03/24 : 0 1
pluto-prod-yutengl-dev-202-3-0:2326851:2326851 [0] NCCL INFO Channel 04/24 : 0 1
pluto-prod-yutengl-dev-202-3-0:2326851:2326851 [0] NCCL INFO Channel 05/24 : 0 1
pluto-prod-yutengl-dev-202-3-0:2326851:2326851 [0] NCCL INFO Channel 06/24 : 0 1
pluto-prod-yutengl-dev-202-3-0:2326851:2326851 [0] NCCL INFO Channel 07/24 : 0 1
pluto-prod-yutengl-dev-202-3-0:2326851:2326851 [0] NCCL INFO Channel 08/24 : 0 1
pluto-prod-yutengl-de[09-15 17:35:14] Found nccl from library libnccl.so.2
[09-15 17:35:14] sglang-diffusion is using nccl==2.29.7
 [1] NCCL INFO Rank 1 has color with NCCL_SPLIT_NOCOLOR, not creating a new communicator
pluto-prod-yutengl-dev-202-3-0:2326852:2326852 [1] NCCL INFO Comm config Blocking set to 1
pluto-prod-yutengl-dev-202-3-0:2326852:2326852 [1] NCCL INFO Initialized NET plugin Socket
pluto-prod-yutengl-dev-202-3-0:2326852:2326852 [1] NCCL INFO Assigned NET plugin Socket to comm
pluto-prod-yutengl-dev-202-3-0:2326852:2326852 [1] NCCL INFO Failed to initialize any GIN plugin
pluto-prod-yutengl-dev-202-3-0:2326852:2326852 [1] NCCL INFO Using network Socket
pluto-prod-yutengl-dev-202-3-0:2326852:2326852 [1] NCCL INFO ncclCommSplit comm 0x561986d6f570 rank 1 nranks 2 cudaDev 1 nvmlDev 1 busId 75000 parent 0x56197dc35b90 childCount 4 color 2130503744 key 1- Init START
pluto-prod-yutengl-dev-202-3-0:2326852:2326852 [1] NCCL INFO MNNVL busId 0x75000 fabric UUID 0.0 cliqueId 0x0 state 3 healthMask 0x0
pluto-prod-yutengl-dev-202-3-0:2326852:2326852 [1] NCCL INFO ncclTopoGetCpuAffinity: Affinity for GPU 1 is 0-47,96-143. (GPU affinity = 0-47,96-143 ; CPU affinity = 0-47,96-143).
pluto-prod-yutengl-dev-202-3-0:2326852:2326852 [1] NCCL INFO NVLS multicast support is available on dev 1 (NVLS_NCHANNELS 16)
pluto-prod-yutengl-dev-202-3-0:2326852:2326852 [1] NCCL INFO comm 0x561986d6f570 rank 1 nRanks 2 nNodes 1 localRanks 2 localRank 1 MNNVL 0
pluto-prod-yutengl-dev-202-3-0:2326852:2326852 [1] NCCL INFO Trees [0] -1/-1/-1->1->0 [1] -1/-1/-1->1->0 [2] -1/-1/-1->1->0 [3] -1/-1/-1->1->0 [4] -1/-1/-1->1->0 [5] -1/-1/-1->1->0 [6] 0/-1/-1->1->-1 [7] 0/-1/-1->1->-1 [8] 0/-1/-1->1->-1 [9] 0/-1/-1->1->-1 [10] 0/-1/-1->1->-1 [11] 0/-1/-1->1->-1 [12] -1/-1/-1->1->0 [13] -1/-1/-1->1->0 [14] -1/-1/-1->1->0 [15] -1/-1/-1->1->0 [16] -1/-1/-1->1->0 [17] -1/-1/-1->1->0 [18] 0/-1/-1->1->-1 [19] 0/-1/-1->1->-1 [20] 0/-1/-1->1->-1 [21] 0/-1/-1->1->-1 [22] 0/-1/-1->1->-1 [23] 0/-1/-1->1->-1
pluto-prod-yutengl-dev-202-3-0:2326852:2326852 [1] NCCL INFO P2P Chunksize set to 524288
pluto-prod-yutengl-dev-202-3-0:2326852:2326852 [1] NCCL INFO Check P2P Type isAllDirectP2p 1 directMode 0 isAllCudaP2p 1
pluto-prod-yutengl-dev-202-3-0:2326852:2327518 [0] NCCL INFO [Proxy Service] Device 1 CPU core 104
pluto-prod-yutengl-dev-202-3-0:2326852:2327519 [0] NCCL INFO [Proxy Service UDS] Device 1 CPU core 130
pluto-prod-yutengl-dev-202-3-0:2326852:2326852 [1] NCCL INFO NET/OFI Region base Tuner is chosen for platform: p5.48xlarge
pluto-prod-yutengl-dev-202-3-0:2326852:2326852 [1] NCCL INFO NET/OFI Region Tuner init (platform 0): comm with 2 ranks and 1 nodes.
pluto-prod-yutengl-dev-202-3-0:2326852:2326852 [1] NCCL INFO NET/OFI Tuner init: comm with 2 ranks and 1 nodes.
pluto-prod-yutengl-dev-202-3-0:2326852:2326852 [1] NCCL INFO threadThresholds 8/8/64 | 16/8/64 | 512 | 512
pluto-prod-yutengl-dev-202-3-0:2326852:2326852 [1] NCCL INFO 24 coll channels, 24 collnet channels, 16 nvls channels, 32 p2p channels, 32 p2p channels per peer
pluto-prod-yutengl-dev-202-3-0:2326852:2326852 [1] NCCL INFO Symmetric VA size=80GB
pluto-prod-yutengl-dev-202-3-0:2326852:2326852 [1] NCCL INFO ncclCommSplit comm 0x561986d6f570 rank 1 nranks 2 cudaDev 1 nvmlDev 1 busId 75000 parent 0x56197dc35b90 childCount 4 color 2130503744 key 1 - Init COMPLETE
pluto-prod-yutengl-dev-202-3-0:2326852:2326852 [1] NCCL INFO Init timings - ncclCommSplit: rank 1 nranks 2 total 0.11 (kernels 0.00, alloc 0.00, bootstrap 0.00, allgathers 0.00, topo 0.02, graphs 0.00, connections 0.08, rest 0.01)
pluto-prod-yutengl-dev-202-3-0:2326852:2326852 [1] NCCL INFO Initialized NET plugin Socket
pluto-prod-yutengl-dev-202-3-0:2326852:2326852 [1] NCCL INFO Assigned NET plugin Socket to comm
pluto-prod-yutengl-dev-202-3-0:2326852:2326852 [1] NCCL INFO Failed to initialize any GIN plugin
pluto-prod-yutengl-dev-202-3-0:2326852:2326852 [1] NCCL INFO Using network Socket
pluto-prod-yutengl-dev-202-3-0:2326852:2326852 [1] NCCL INFO [Rank 1] ncclCommInitRank comm 0x56198711b550 rank 1 nranks 2 cudaDev 1 nvmlDev 1 busId 75000 commId 0x5e8a65e62c3fccb8 - Init START
pluto-prod-yutengl-dev-202-3-0:2326852:2326852 [1] NCCL INFO Bootstrap timings total v-202-3-0:2326851:2326851 [0] NCCL INFO Channel 09/24 : 0 1
pluto-prod-yutengl-dev-202-3-0:2326851:2326851 [0] NCCL INFO Channel 10/24 : 0 1
pluto-prod-yutengl-dev-202-3-0:2326851:2326851 [0] NCCL INFO Channel 11/24 : 0 1
pluto-prod-yutengl-dev-202-3-0:2326851:2326851 [0] NCCL INFO Channel 12/24 : 0 1
pluto-prod-yutengl-dev-202-3-0:2326851:2326851 [0] NCCL INFO Channel 13/24 : 0 1
pluto-prod-yutengl-dev-202-3-0:2326851:2326851 [0] NCCL INFO Channel 14/24 : 0 1
pluto-prod-yutengl-dev-202-3-0:2326851:2326851 [0] NCCL INFO Channel 15/24 : 0 1
pluto-prod-yutengl-dev-202-3-0:2326851:2326851 [0] NCCL INFO Channel 16/24 : 0 1
pluto-prod-yutengl-dev-202-3-0:2326851:2326851 [0] NCCL INFO Channel 17/24 : 0 1
pluto-prod-yutengl-dev-202-3-0:2326851:2326851 [0] NCCL INFO Channel 18/24 : 0 1
pluto-prod-yutengl-dev-202-3-0:2326851:2326851 [0] NCCL INFO Channel 19/24 : 0 1
pluto-prod-yutengl-dev-202-3-0:2326851:2326851 [0] NCCL INFO Channel 20/24 : 0 1
pluto-prod-yutengl-dev-202-3-0:2326851:2326851 [0] NCCL INFO Channel 21/24 : 0 1
pluto-prod-yutengl-dev-202-3-0:2326851:2326851 [0] NCCL INFO Channel 22/24 : 0 1
pluto-prod-yutengl-dev-202-3-0:2326851:2326851 [0] NCCL INFO Channel 23/24 : 0 1
pluto-prod-yutengl-dev-202-3-0:2326851:2326851 [0] NCCL INFO Trees [0] 1/-1/-1->0->-1 [1] 1/-1/-1->0->-1 [2] 1/-1/-1->0->-1 [3] 1/-1/-1->0->-1 [4] 1/-1/-1->0->-1 [5] 1/-1/-1->0->-1 [6] -1/-1/-1->0->1 [7] -1/-1/-1->0->1 [8] -1/-1/-1->0->1 [9] -1/-1/-1->0->1 [10] -1/-1/-1->0->1 [11] -1/-1/-1->0->1 [12] 1/-1/-1->0->-1 [13] 1/-1/-1->0->-1 [14] 1/-1/-1->0->-1 [15] 1/-1/-1->0->-1 [16] 1/-1/-1->0->-1 [17] 1/-1/-1->0->-1 [18] -1/-1/-1->0->1 [19] -1/-1/-1->0->1 [20] -1/-1/-1->0->1 [21] -1/-1/-1->0->1 [22] -1/-1/-1->0->1 [23] -1/-1/-1->0->1
pluto-prod-yutengl-dev-202-3-0:2326851:2326851 [0] NCCL INFO P2P Chunksize set to 524288
pluto-prod-yutengl-dev-202-3-0:2326851:2326851 [0] NCCL INFO Check P2P Type isAllDirectP2p 1 directMode 0 isAllCudaP2p 1
pluto-prod-yutengl-dev-202-3-0:2326851:2327520 [0] NCCL INFO [Proxy Service] Device 0 CPU core 100
pluto-prod-yutengl-dev-202-3-0:2326851:2327521 [0] NCCL INFO [Proxy Service UDS] Device 0 CPU core 138
pluto-prod-yutengl-dev-202-3-0:2326851:2326851 [0] NCCL INFO NET/OFI Region base Tuner is chosen for platform: p5.48xlarge
pluto-prod-yutengl-dev-202-3-0:2326851:2326851 [0] NCCL INFO NET/OFI Region Tuner init (platform 0): comm with 2 ranks and 1 nodes.
pluto-prod-yutengl-dev-202-3-0:2326851:2326851 [0] NCCL INFO NET/OFI Tuner init: comm with 2 ranks and 1 nodes.
pluto-prod-yutengl-dev-202-3-0:2326851:2326851 [0] NCCL INFO threadThresholds 8/8/64 | 16/8/64 | 512 | 512
pluto-prod-yutengl-dev-202-3-0:2326851:2326851 [0] NCCL INFO 24 coll channels, 24 collnet channels, 16 nvls channels, 32 p2p channels, 32 p2p channels per peer
pluto-prod-yutengl-dev-202-3-0:2326851:2326851 [0] NCCL INFO Symmetric VA size=80GB
pluto-prod-yutengl-dev-202-3-0:2326851:2326851 [0] NCCL INFO CC Off, workFifoBytes 1048576
pluto-prod-yutengl-dev-202-3-0:2326851:2326851 [0] NCCL INFO ncclCommSplit comm 0x55737310df60 rank 0 nranks 2 cudaDev 0 nvmlDev 0 busId 64000 parent 0x557369fd65c0 childCount 4 color 2130503744 key 0 - Init COMPLETE
pluto-prod-yutengl-dev-202-3-0:2326851:2326851 [0] NCCL INFO Init timings - ncclCommSplit: rank 0 nranks 2 total 0.12 (kernels 0.00, alloc 0.00, bootstrap 0.00, allgathers 0.00, topo 0.02, graphs 0.00, connections 0.08, rest 0.01)
pluto-prod-yutengl-dev-202-3-0:2326851:2326851 [0] NCCL INFO Initialized NET plugin Socket
pluto-prod-yutengl-dev-202-3-0:2326851:2326851 [0] NCCL INFO Assigned NET plugin Socket to comm
pluto-prod-yutengl-dev-202-3-0:2326851:2326851 [0] NCCL INFO Failed to initialize any GIN plugin
pluto-prod-yutengl-dev-202-3-0:2326851:2326851 [0] NCCL INFO Using network Socket
pluto-prod-yutengl-dev-202-3-0:2326851:2326851 [0] NCCL INFO [Rank 0] ncclCommInitRank comm 0x5573734ba900 rank 0 nranks 2 cudaDev 0 nvmlDev 0 busId 64000 commId 0x5e8a65e62c3fccb8 - Init START
pluto-prod-yutengl-dev-202-3-0:2326851:2326851 [0] NCCL INFO Bootstrap timings total 0.000662 (create 0.000055, send 0.000093, recv 0.000291, ring 0.000030, delay 0.000000)
pluto-prod-yutengl-dev-202-3-0:2326851:2326851 [0] NCCL INFO MNNVL busId 0x64000 fabric UUID 0.0 cliqueId 0x0 state 3 healthMask 0x0
pluto-prod-yutengl-dev-202-3-0:2326851:2326851 [0] NCCL INFO ncclTopoGetCpuAffinity: Affinity for GPU 0 is 0-47,96-143. (GPU affinity = 0-47,96-143 ; CPU affinity = 0-47,96-143).
pluto-prod-yutengl-dev-202-3-0:2326851:2326851 [0] NCCL INFO NVLS multicast support is available on dev 0 (NVLS_NCHANNELS 16)
pluto-prod-yutengl-dev-202-3-0:2326851:2326851 [0] NCCL INFO comm 0x5573734ba900 rank 0 nRanks 2 nNodes 1 localRanks 2 localRank 0 MNNVL 0
pluto-prod-yutengl-dev-202-3-0:2326851:2326851 [0] NCCL INFO Channel 00/24 : 0 1
pluto-prod-yutengl-dev-202-3-0:2326851:2326851 [0] NCCL INFO Channel 01/24 : 0 1
pluto-prod-yutengl-dev-202-3-0:2326851:2326851 [0] NCCL INFO Channel 02/24 : 0 1
pluto-prod-yutengl-dev-202-3-0:2326851:2326851 [0] NCCL INFO Channel 03/24 : 0 1
pluto-prod-yutengl-dev-202-3-0:2326851:2326851 [0] NCCL INFO Channel 04/24 : 0 1
pluto-prod-yutengl-dev-202-3-0:2326851:2326851 [0] NCCL INFO Channel 05/24 : 0 1
pluto-prod-yutengl-dev-202-3-0:2326851:2326851 [0] NCCL INFO Channel 06/24 : 0 1
pluto-prod-yutengl-dev-202-3-0:2326851:2326851 [0] NCCL INFO Channel 07/24 : 0 1
pluto-prod-yutengl-dev-202-3-0:2326851:2326851 [0] NCCL INFO Channel 08/24 : 0 1
pluto-prod-yutengl-dev-202-3-0:2326851:2326851 [0] NCCL INFO Channel 09/24 : 0 1
pluto-prod-yutengl-dev-202-3-0:2326851:2326851 [0] NCCL INFO Channel 10/24 : 0 1
pluto-prod-yutengl-dev-202-3-0:2326851:2326851 [0] NCCL INFO Channel 11/24 : 0 1
pluto-prod-yutengl-dev-202-3-0:2326851:2326851 [0] NCCL INFO Channel 12/24 : 0 1
pluto-prod-yutengl-dev-202-3-0:2326851:2326851 [0] NCCL INFO Channel 13/24 : 0 1
pluto-prod-yutengl-dev-202-3-0:2326851:2326851 [0] NCCL INFO Channel 14/24 : 0 1
pluto-prod-yutengl-dev-202-3-0:2326851:2326851 [0] NCCL INFO Channel 15/24 : 0 1
pluto-prod-yutengl-dev-202-3-0:2326851:2326851 [0] NCCL INFO Channel 16/24 : 0 1
pluto-prod-yutengl-dev-202-3-0:2326851:2326851 [0] NCCL INFO Channel 17/24 : 0 1
pluto-prod-yutengl-dev-202-3-0:2326851:2326851 [0] NCCL INFO Channel 18/24 : 0 1
pluto-prod-yutengl-dev-202-3-0:2326851:2326851 [0] NCCL INFO Channel 19/24 : 0 1
pluto-prod-yutengl-dev-202-3-0:2326851:2326851 [0] NCCL INFO Channel 20/24 : 0 1
pluto-prod-yutengl-dev-202-3-0:2326851:2326851 [0] NCCL INFO Channel 21/24 : 0 1
pluto-prod-yutengl-dev-202-3-0:2326851:2326851 [0] NCCL INFO Channel 22/24 : 0 1
pluto-prod-yutengl-dev-202-3-0:2326851:2326851 [0] NCCL INFO Channel 23/24 : 0 1
pluto-prod-yutengl-dev-202-3-0:2326851:2326851 [0] NCCL INFO Trees [0] 1/-1/-1->0->-1 [1] 1/-1/-1->0->-1 [2] 1/-1/-1->0->-1 [3] 1/-1/-1->0->-1 [4] 1/-1/-1->0->-1 [5] 1/-1/-1->0->-1 [6] -1/-1/-1->0->1 [7] -1/-1/-1->0->1 [8] -1/-1/-1->0->1 [9] -1/-1/-1->0->1 [10] -1/-1/-1->0->1 [11] -1/-1/-1->0->1 [12] 1/-1/-1->0->-1 [13] 1/-1/-1->0->-1 [14] 1/-1/-1->0->-1 [15] 1/-1/-1->0->-1 [16] 1/-1/-1->0->-1 [17] 1/-1/-1->0->-1 [18] -1/-1/-1->0->1 [19] -1/-1/-1->0->1 [20] -1/-1/-1->0->1 [21] -1/-1/-1->0->1 [22] -1/-1/-1->0->1 [23] -1/-1/-1->0->1
pluto-prod-yutengl-dev-202-3-0:2326851:2326851 [0] NCCL INFO P2P Chunksize set to 524288
pluto-prod-yutengl-dev-202-3-0:2326851:2326851 [0] NCCL INFO Check P2P Type isAllDirectP2p 1 directMode 0 isAllCudaP2p 1
pluto-prod-yutengl-dev-202-3-0:2326851:2327529 [0] NCCL INFO [Proxy Service] Device 0 CPU core 101
pluto-prod-yutengl-dev-202-3-0:2326851:2327531 [0] NCCL INFO [Proxy Service UDS] Device 0 CPU core 14
pluto-prod-yutengl-dev-202-3-0:2326851:2326851 [0] NCCL INFO NET/OFI Region base Tuner is chosen for platform: p5.48xlarge
pluto-prod-yutengl-dev-202-3-0:2326851:2326851 [0] NCCL INFO NET/OFI Region Tuner init (platform 0): comm with 2 ranks and 1 nodes.
pluto-prod-yutengl-dev-202-3-0:2326851:2326851 [0] NCCL INFO NET/OFI Tuner init: comm with 2 ranks and 1 nodes.
pluto-prod-yutengl-dev-202-3-0:2326851:2326851 [0] NCCL INFO threadThresholds 8/8/64 | 16/8/64 | 512 | 512
pluto-prod-yutengl-dev-202-3-0:2326851:2326851 [0] NCCL INFO 24 coll channels, 24 collnet channels, 16 nvls channels0.000792 (create 0.000051, send 0.000116, recv 0.000283, ring 0.000041, delay 0.000000)
pluto-prod-yutengl-dev-202-3-0:2326852:2326852 [1] NCCL INFO MNNVL busId 0x75000 fabric UUID 0.0 cliqueId 0x0 state 3 healthMask 0x0
pluto-prod-yutengl-dev-202-3-0:2326852:2326852 [1] NCCL INFO ncclTopoGetCpuAffinity: Affinity for GPU 1 is 0-47,96-143. (GPU affinity = 0-47,96-143 ; CPU affinity = 0-47,96-143).
pluto-prod-yutengl-dev-202-3-0:2326852:2326852 [1] NCCL INFO NVLS multicast support is available on dev 1 (NVLS_NCHANNELS 16)
pluto-prod-yutengl-dev-202-3-0:2326852:2326852 [1] NCCL INFO comm 0x56198711b550 rank 1 nRanks 2 nNodes 1 localRanks 2 localRank 1 MNNVL 0
pluto-prod-yutengl-dev-202-3-0:2326852:2326852 [1] NCCL INFO Trees [0] -1/-1/-1->1->0 [1] -1/-1/-1->1->0 [2] -1/-1/-1->1->0 [3] -1/-1/-1->1->0 [4] -1/-1/-1->1->0 [5] -1/-1/-1->1->0 [6] 0/-1/-1->1->-1 [7] 0/-1/-1->1->-1 [8] 0/-1/-1->1->-1 [9] 0/-1/-1->1->-1 [10] 0/-1/-1->1->-1 [11] 0/-1/-1->1->-1 [12] -1/-1/-1->1->0 [13] -1/-1/-1->1->0 [14] -1/-1/-1->1->0 [15] -1/-1/-1->1->0 [16] -1/-1/-1->1->0 [17] -1/-1/-1->1->0 [18] 0/-1/-1->1->-1 [19] 0/-1/-1->1->-1 [20] 0/-1/-1->1->-1 [21] 0/-1/-1->1->-1 [22] 0/-1/-1->1->-1 [23] 0/-1/-1->1->-1
pluto-prod-yutengl-dev-202-3-0:2326852:2326852 [1] NCCL INFO P2P Chunksize set to 524288
pluto-prod-yutengl-dev-202-3-0:2326852:2326852 [1] NCCL INFO Check P2P Type isAllDirectP2p 1 directMode 0 isAllCudaP2p 1
pluto-prod-yutengl-dev-202-3-0:2326852:2327532 [0] NCCL INFO [Proxy Service UDS] Device 1 CPU core 142
pluto-prod-yutengl-dev-202-3-0:2326852:2327530 [0] NCCL INFO [Proxy Service] Device 1 CPU core 14
pluto-prod-yutengl-dev-202-3-0:2326852:2326852 [1] NCCL INFO NET/OFI Region base Tuner is chosen for platform: p5.48xlarge
pluto-prod-yutengl-dev-202-3-0:2326852:2326852 [1] NCCL INFO NET/OFI Region Tuner init (platform 0): comm with 2 ranks and 1 nodes.
pluto-prod-yutengl-dev-202-3-0:2326852:2326852 [1] NCCL INFO NET/OFI Tuner init: comm with 2 ranks and 1 nodes.
pluto-prod-yutengl-dev-202-3-0:2326852:2326852 [1] NCCL INFO threadThresholds 8/8/64 | 16/8/64 | 512 | 512
pluto-prod-yutengl-dev-202-3-0:2326852:2326852 [1] NCCL INFO 24 coll channels, 24 collnet channels, 16 nvls channels, 32 p2p channels, 32 p2p channels per peer
pluto-prod-yutengl-dev-202-3-0:2326852:2326852 [1] NCCL INFO Symmetric VA size=80GB
pluto-prod-yutengl-dev-202-3-0:2326852:2326852 [1] NCCL INFO ncclCommInitRank comm 0x56198711b550 rank 1 nranks 2 cudaDev 1 nvmlDev 1 busId 75000 commId 0x5e8a65e62c3fccb8 - Init COMPLETE
pluto-prod-yutengl-dev-202-3-0:2326852:2326852 [1] NCCL INFO Init timings - ncclCommInitRank: rank 1 nranks 2 total 0.23 (kernels 0.00, alloc 0.00, bootstrap 0.00, allgathers 0.00, topo 0.02, graphs 0.00, connections 0.21, rest 0.01)
pluto-prod-yutengl-dev-202-3-0:2326852:2326852 [1] NCCL INFO Symmetric VA size=80GB
pluto-prod-yutengl-dev-202-3-0:2326852:2326852 [1] NCCL INFO Channel 00/0 : 1[1] -> 0[0] via P2P/CUMEM
pluto-prod-yutengl-dev-202-3-0:2326852:2326852 [1] NCCL INFO Channel 01/0 : 1[1] -> 0[0] via P2P/CUMEM
pluto-prod-yutengl-dev-202-3-0:2326852:2326852 [1] NCCL INFO Channel 02/0 : 1[1] -> 0[0] via P2P/CUMEM
pluto-prod-yutengl-dev-202-3-0:2326852:2326852 [1] NCCL INFO Channel 03/0 : 1[1] -> 0[0] via P2P/CUMEM
pluto-prod-yutengl-dev-202-3-0:2326852:2326852 [1] NCCL INFO Channel 04/0 : 1[1] -> 0[0] via P2P/CUMEM
pluto-prod-yutengl-dev-202-3-0:2326852:2326852 [1] NCCL INFO Channel 05/0 : 1[1] -> 0[0] via P2P/CUMEM
pluto-prod-yutengl-dev-202-3-0:2326852:2326852 [1] NCCL INFO Channel 06/0 : 1[1] -> 0[0] via P2P/CUMEM
pluto-prod-yutengl-dev-202-3-0:2326852:2326852 [1] NCCL INFO Channel 07/0 : 1[1] -> 0[0] via P2P/CUMEM
pluto-prod-yutengl-dev-202-3-0:2326852:2326852 [1] NCCL INFO Channel 08/0 : 1[1] -> 0[0] via P2P/CUMEM
pluto-prod-yutengl-dev-202-3-0:2326852:2326852 [1] NCCL INFO Channel 09/0 : 1[1] -> 0[0] via P2P/CUMEM
pluto-prod-yutengl-dev-202-3-0:2326852:2326852 [1] NCCL INFO Channel 10/0 : 1[1] -> 0[0] via P2P/CUMEM
pluto-prod-yutengl-dev-202-3-0:2326852:2326852 [1] NCCL INFO Channel 11/0 : 1[1] -> 0[0] via P2P/CUMEM
pluto-prod-yutengl-dev-, 32 p2p channels, 32 p2p channels per peer
pluto-prod-yutengl-dev-202-3-0:2326851:2326851 [0] NCCL INFO Symmetric VA size=80GB
pluto-prod-yutengl-dev-202-3-0:2326851:2326851 [0] NCCL INFO CC Off, workFifoBytes 1048576
pluto-prod-yutengl-dev-202-3-0:2326851:2326851 [0] NCCL INFO ncclCommInitRank comm 0x5573734ba900 rank 0 nranks 2 cudaDev 0 nvmlDev 0 busId 64000 commId 0x5e8a65e62c3fccb8 - Init COMPLETE
pluto-prod-yutengl-dev-202-3-0:2326851:2326851 [0] NCCL INFO Init timings - ncclCommInitRank: rank 0 nranks 2 total 0.23 (kernels 0.00, alloc 0.00, bootstrap 0.00, allgathers 0.00, topo 0.02, graphs 0.00, connections 0.21, rest 0.01)
pluto-prod-yutengl-dev-202-3-0:2326851:2326851 [0] NCCL INFO Symmetric VA size=80GB
pluto-prod-yutengl-dev-202-3-0:2326851:2326851 [0] NCCL INFO Channel 00/0 : 0[0] -> 1[1] via P2P/CUMEM
pluto-prod-yutengl-dev-202-3-0:2326851:2326851 [0] NCCL INFO Channel 01/0 : 0[0] -> 1[1] via P2P/CUMEM
pluto-prod-yutengl-dev-202-3-0:2326851:2326851 [0] NCCL INFO Channel 02/0 : 0[0] -> 1[1] via P2P/CUMEM
pluto-prod-yutengl-dev-202-3-0:2326851:2326851 [0] NCCL INFO Channel 03/0 : 0[0] -> 1[1] via P2P/CUMEM
pluto-prod-yutengl-dev-202-3-0:2326851:2326851 [0] NCCL INFO Channel 04/0 : 0[0] -> 1[1] via P2P/CUMEM
pluto-prod-yutengl-dev-202-3-0:2326851:2326851 [0] NCCL INFO Channel 05/0 : 0[0] -> 1[1] via P2P/CUMEM
pluto-prod-yutengl-dev-202-3-0:2326851:2326851 [0] NCCL INFO Channel 06/0 : 0[0] -> 1[1] via P2P/CUMEM
pluto-prod-yutengl-dev-202-3-0:2326851:2326851 [0] NCCL INFO Channel 07/0 : 0[0] -> 1[1] via P2P/CUMEM
pluto-prod-yutengl-dev-202-3-0:2326851:2326851 [0] NCCL INFO Channel 08/0 : 0[0] -> 1[1] via P2P/CUMEM
pluto-prod-yutengl-dev-202-3-0:2326851:2326851 [0] NCCL INFO Channel 09/0 : 0[0] -> 1[1] via P2P/CUMEM
pluto-prod-yutengl-dev-202-3-0:2326851:2326851 [0] NCCL INFO Channel 10/0 : 0[0] -> 1[1] via P2P/CUMEM
pluto-prod-yutengl-dev-202-3-0:2326851:2326851 [0] NCCL INFO Channel 11/0 : 0[0] -> 1[1] via P2P/CUMEM
pluto-prod-yutengl-dev-202-3-0:2326851:2326851 [0] NCCL INFO Channel 12/0 : 0[0] -> 1[1] via P2P/CUMEM
pluto-prod-yutengl-dev-202-3-0:2326851:2326851 [0] NCCL INFO Channel 13/0 : 0[0] -> 1[1] via P2P/CUMEM
pluto-prod-yutengl-dev-202-3-0:2326851:2326851 [0] NCCL INFO Channel 14/0 : 0[0] -> 1[1] via P2P/CUMEM
pluto-prod-yutengl-dev-202-3-0:2326851:2326851 [0] NCCL INFO Channel 15/0 : 0[0] -> 1[1] via P2P/CUMEM
pluto-prod-yutengl-dev-202-3-0:2326851:2326851 [0] NCCL INFO Channel 16/0 : 0[0] -> 1[1] via P2P/CUMEM
pluto-prod-yutengl-dev-202-3-0:2326851:2326851 [0] NCCL INFO Channel 17/0 : 0[0] -> 1[1] via P2P/CUMEM
pluto-prod-yutengl-dev-202-3-0:2326851:2326851 [0] NCCL INFO Channel 18/0 : 0[0] -> 1[1] via P2P/CUMEM
pluto-prod-yutengl-dev-202-3-0:2326851:2326851 [0] NCCL INFO Channel 19/0 : 0[0] -> 1[1] via P2P/CUMEM
pluto-prod-yutengl-dev-202-3-0:2326851:2326851 [0] NCCL INFO Channel 20/0 : 0[0] -> 1[1] via P2P/CUMEM
pluto-prod-yutengl-dev-202-3-0:2326851:2326851 [0] NCCL INFO Channel 21/0 : 0[0] -> 1[1] via P2P/CUMEM
pluto-prod-yutengl-dev-202-3-0:2326851:2326851 [0] NCCL INFO Channel 22/0 : 0[0] -> 1[1] via P2P/CUMEM
pluto-prod-yutengl-dev-202-3-0:2326851:2326851 [0] NCCL INFO Channel 23/0 : 0[0] -> 1[1] via P2P/CUMEM
pluto-prod-yutengl-dev-202-3-0:2326851:2326851 [0] NCCL INFO Connected all rings, use ring PXN 0 GDR 1
pluto-prod-yutengl-dev-202-3-0:2326851:2326851 [0] NCCL INFO Rank 0 has color with NCCL_SPLIT_NOCOLOR, not creating a new communicator
pluto-prod-yutengl-dev-202-3-0:2326851:2326851 [0] NCCL INFO Rank 0 has color with NCCL_SPLIT_NOCOLOR, not creating a new communicator
pluto-prod-yutengl-dev-202-3-0:2326851:2326851 [0] NCCL INFO Rank 0 has color with NCCL_SPLIT_NOCOLOR, not creating a new communicator
pluto-prod-yutengl-dev-202-3-0:2326851:2326851 [0] NCCL INFO Rank 0 has color with NCCL_SPLIT_NOCOLOR, not creating a new communicator
pluto-prod-yutengl-dev-202-3-0:2326851:2326851 [0] NCCL INFO Rank 0 has color with NCCL_SPLIT_NOCOLOR, not creating a new communicator
pluto-prod-yutengl-dev-202-3-0:2326851:2326851 [0] NCCL INFO Rank 0 has color with NCCL_SPLIT_NOCOLOR, not creating a new202-3-0:2326852:2326852 [1] NCCL INFO Channel 12/0 : 1[1] -> 0[0] via P2P/CUMEM
pluto-prod-yutengl-dev-202-3-0:2326852:2326852 [1] NCCL INFO Channel 13/0 : 1[1] -> 0[0] via P2P/CUMEM
pluto-prod-yutengl-dev-202-3-0:2326852:2326852 [1] NCCL INFO Channel 14/0 : 1[1] -> 0[0] via P2P/CUMEM
pluto-prod-yutengl-dev-202-3-0:2326852:2326852 [1] NCCL INFO Channel 15/0 : 1[1] -> 0[0] via P2P/CUMEM
pluto-prod-yutengl-dev-202-3-0:2326852:2326852 [1] NCCL INFO Channel 16/0 : 1[1] -> 0[0] via P2P/CUMEM
pluto-prod-yutengl-dev-202-3-0:2326852:2326852 [1] NCCL INFO Channel 17/0 : 1[1] -> 0[0] via P2P/CUMEM
pluto-prod-yutengl-dev-202-3-0:2326852:2326852 [1] NCCL INFO Channel 18/0 : 1[1] -> 0[0] via P2P/CUMEM
pluto-prod-yutengl-dev-202-3-0:2326852:2326852 [1] NCCL INFO Channel 19/0 : 1[1] -> 0[0] via P2P/CUMEM
pluto-prod-yutengl-dev-202-3-0:2326852:2326852 [1] NCCL INFO Channel 20/0 : 1[1] -> 0[0] via P2P/CUMEM
pluto-prod-yutengl-dev-202-3-0:2326852:2326852 [1] NCCL INFO Channel 21/0 : 1[1] -> 0[0] via P2P/CUMEM
pluto-prod-yutengl-dev-202-3-0:2326852:2326852 [1] NCCL INFO Channel 22/0 : 1[1] -> 0[0] via P2P/CUMEM
pluto-prod-yutengl-dev-202-3-0:2326852:2326852 [1] NCCL INFO Channel 23/0 : 1[1] -> 0[0] via P2P/CUMEM
pluto-prod-yutengl-dev-202-3-0:2326852:2326852 [1] NCCL INFO Connected all rings, use ring PXN 0 GDR 1
pluto-prod-yutengl-dev-202-3-0:2326852:2326852 [1] NCCL INFO Rank 1 has color with NCCL_SPLIT_NOCOLOR, not creating a new communicator
pluto-prod-yutengl-dev-202-3-0:2326852:2326852 [1] NCCL INFO Rank 1 has color with NCCL_SPLIT_NOCOLOR, not creating a new communicator
pluto-prod-yutengl-dev-202-3-0:2326852:2326852 [1] NCCL INFO Rank 1 has color with NCCL_SPLIT_NOCOLOR, not creating a new communicator
pluto-prod-yutengl-dev-202-3-0:2326852:2326852 [1] NCCL INFO Rank 1 has color with NCCL_SPLIT_NOCOLOR, not creating a new communicator
pluto-prod-yutengl-dev-202-3-0:2326852:2326852 [1] NCCL INFO Rank 1 has color with NCCL_SPLIT_NOCOLOR, not creating a new communicator
pluto-prod-yutengl-dev-202-3-0:2326852:2326852 [1] NCCL INFO Rank 1 has color with NCCL_SPLIT_NOCOLOR, not creating a new communicator
pluto-prod-yutengl-dev-202-3-0:2326852:2326852 [1] NCCL INFO Rank 1 has color with NCCL_SPLIT_NOCOLOR, not creating a new communicator
pluto-prod-yutengl-dev-202-3-0:2326852:2326852 [1] NCCL INFO Rank 1 has color with NCCL_SPLIT_NOCOLOR, not creating a new communicator
pluto-prod-yutengl-dev-202-3-0:2326852:2326852 [1] NCCL INFO Rank 1 has color with NCCL_SPLIT_NOCOLOR, not creating a new communicator
pluto-prod-yutengl-dev-202-3-0:2326852:2326852 [1] NCCL INFO Rank 1 has color with NCCL_SPLIT_NOCOLOR, not creating a new communicator
pluto-prod-yutengl-dev-202-3-0:2326852:2326852 [1] NCCL INFO Rank 1 has color with NCCL_SPLIT_NOCOLOR, not creating a new communicator
pluto-prod-yutengl-dev-202-3-0:2326852:2326852 [1] NCCL INFO Comm config Blocking set to 1
pluto-prod-yutengl-dev-202-3-0:2326852:2326852 [1] NCCL INFO Initialized NET plugin Socket
pluto-prod-yutengl-dev-202-3-0:2326852:2326852 [1] NCCL INFO Assigned NET plugin Socket to comm
pluto-prod-yutengl-dev-202-3-0:2326852:2326852 [1] NCCL INFO Failed to initialize any GIN plugin
pluto-prod-yutengl-dev-202-3-0:2326852:2326852 [1] NCCL INFO Using network Socket
pluto-prod-yutengl-dev-202-3-0:2326852:2326852 [1] NCCL INFO ncclCommSplit comm 0x561987539530 rank 1 nranks 2 cudaDev 1 nvmlDev 1 busId 75000 parent 0x56197dc35b90 childCount 16 color 2130503744 key 1- Init START
pluto-prod-yutengl-dev-202-3-0:2326852:2326852 [1] NCCL INFO MNNVL busId 0x75000 fabric UUID 0.0 cliqueId 0x0 state 3 healthMask 0x0
pluto-prod-yutengl-dev-202-3-0:2326852:2326852 [1] NCCL INFO ncclTopoGetCpuAffinity: Affinity for GPU 1 is 0-47,96-143. (GPU affinity = 0-47,96-143 ; CPU affinity = 0-47,96-143).
pluto-prod-yutengl-dev-202-3-0:2326852:2326852 [1] NCCL INFO NVLS multicast support is available on dev 1 (NVLS_NCHANNELS 16)
pluto-prod-yutengl-dev-202-3-0:2326852:2326852 [1] NCCL INFO comm 0x561987539530 rank 1 nRanks 2 nNodes 1 localRanks 2 localRank 1 MNNVL 0
pluto-prod-yutengl-dev-202-3-0:2326852:2326852  communicator
pluto-prod-yutengl-dev-202-3-0:2326851:2326851 [0] NCCL INFO Rank 0 has color with NCCL_SPLIT_NOCOLOR, not creating a new communicator
pluto-prod-yutengl-dev-202-3-0:2326851:2326851 [0] NCCL INFO Rank 0 has color with NCCL_SPLIT_NOCOLOR, not creating a new communicator
pluto-prod-yutengl-dev-202-3-0:2326851:2326851 [0] NCCL INFO Rank 0 has color with NCCL_SPLIT_NOCOLOR, not creating a new communicator
pluto-prod-yutengl-dev-202-3-0:2326851:2326851 [0] NCCL INFO Rank 0 has color with NCCL_SPLIT_NOCOLOR, not creating a new communicator
pluto-prod-yutengl-dev-202-3-0:2326851:2326851 [0] NCCL INFO Rank 0 has color with NCCL_SPLIT_NOCOLOR, not creating a new communicator
pluto-prod-yutengl-dev-202-3-0:2326851:2326851 [0] NCCL INFO Comm config Blocking set to 1
pluto-prod-yutengl-dev-202-3-0:2326851:2326851 [0] NCCL INFO Initialized NET plugin Socket
pluto-prod-yutengl-dev-202-3-0:2326851:2326851 [0] NCCL INFO Assigned NET plugin Socket to comm
pluto-prod-yutengl-dev-202-3-0:2326851:2326851 [0] NCCL INFO Failed to initialize any GIN plugin
pluto-prod-yutengl-dev-202-3-0:2326851:2326851 [0] NCCL INFO Using network Socket
pluto-prod-yutengl-dev-202-3-0:2326851:2326851 [0] NCCL INFO ncclCommSplit comm 0x5573738d7f40 rank 0 nranks 2 cudaDev 0 nvmlDev 0 busId 64000 parent 0x557369fd65c0 childCount 16 color 2130503744 key 0- Init START
pluto-prod-yutengl-dev-202-3-0:2326851:2326851 [0] NCCL INFO MNNVL busId 0x64000 fabric UUID 0.0 cliqueId 0x0 state 3 healthMask 0x0
pluto-prod-yutengl-dev-202-3-0:2326851:2326851 [0] NCCL INFO ncclTopoGetCpuAffinity: Affinity for GPU 0 is 0-47,96-143. (GPU affinity = 0-47,96-143 ; CPU affinity = 0-47,96-143).
pluto-prod-yutengl-dev-202-3-0:2326851:2326851 [0] NCCL INFO NVLS multicast support is available on dev 0 (NVLS_NCHANNELS 16)
pluto-prod-yutengl-dev-202-3-0:2326851:2326851 [0] NCCL INFO comm 0x5573738d7f40 rank 0 nRanks 2 nNodes 1 localRanks 2 localRank 0 MNNVL 0
pluto-prod-yutengl-dev-202-3-0:2326851:2326851 [0] NCCL INFO Channel 00/24 : 0 1
pluto-prod-yutengl-dev-202-3-0:2326851:2326851 [0] NCCL INFO Channel 01/24 : 0 1
pluto-prod-yutengl-dev-202-3-0:2326851:2326851 [0] NCCL INFO Channel 02/24 : 0 1
pluto-prod-yutengl-dev-202-3-0:2326851:2326851 [0] NCCL INFO Channel 03/24 : 0 1
pluto-prod-yutengl-dev-202-3-0:2326851:2326851 [0] NCCL INFO Channel 04/24 : 0 1
pluto-prod-yutengl-dev-202-3-0:2326851:2326851 [0] NCCL INFO Channel 05/24 : 0 1
pluto-prod-yutengl-dev-202-3-0:2326851:2326851 [0] NCCL INFO Channel 06/24 : 0 1
pluto-prod-yutengl-dev-202-3-0:2326851:2326851 [0] NCCL INFO Channel 07/24 : 0 1
pluto-prod-yutengl-dev-202-3-0:2326851:2326851 [0] NCCL INFO Channel 08/24 : 0 1
pluto-prod-yutengl-dev-202-3-0:2326851:2326851 [0] NCCL INFO Channel 09/24 : 0 1
pluto-prod-yutengl-dev-202-3-0:2326851:2326851 [0] NCCL INFO Channel 10/24 : 0 1
pluto-prod-yutengl-dev-202-3-0:2326851:2326851 [0] NCCL INFO Channel 11/24 : 0 1
pluto-prod-yutengl-dev-202-3-0:2326851:2326851 [0] NCCL INFO Channel 12/24 : 0 1
pluto-prod-yutengl-dev-202-3-0:2326851:2326851 [0] NCCL INFO Channel 13/24 : 0 1
pluto-prod-yutengl-dev-202-3-0:2326851:2326851 [0] NCCL INFO Channel 14/24 : 0 1
pluto-prod-yutengl-dev-202-3-0:2326851:2326851 [0] NCCL INFO Channel 15/24 : 0 1
pluto-prod-yutengl-dev-202-3-0:2326851:2326851 [0] NCCL INFO Channel 16/24 : 0 1
pluto-prod-yutengl-dev-202-3-0:2326851:2326851 [0] NCCL INFO Channel 17/24 : 0 1
pluto-prod-yutengl-dev-202-3-0:2326851:2326851 [0] NCCL INFO Channel 18/24 : 0 1
pluto-prod-yutengl-dev-202-3-0:2326851:2326851 [0] NCCL INFO Channel 19/24 : 0 1
pluto-prod-yutengl-dev-202-3-0:2326851:2326851 [0] NCCL INFO Channel 20/24 : 0 1
pluto-prod-yutengl-dev-202-3-0:2326851:2326851 [0] NCCL INFO Channel 21/24 : 0 1
pluto-prod-yutengl-dev-202-3-0:2326851:2326851 [0] NCCL INFO Channel 22/24 : 0 1
pluto-prod-yutengl-dev-202-3-0:2326851:2326851 [0] NCCL INFO Channel 23/24 : 0 1
pluto-prod-yutengl-dev-202-3-0:2326851:2326851 [0] NCCL INFO Trees [0] 1/-1/-1->0->-1 [1] 1/-1/-1->0->-1 [2] 1/-1/-1->0->-1 [3] 1/-1/-1->0->-1 [4] 1/-1/-1->0->-1 [5] 1/-1/-1->0->-1 [6] -1/-1/-1->0->1 [7] -1/-1/-1->0[09-15 17:35:14] Found nccl from library libnccl.so.2
[09-15 17:35:14] sglang-diffusion is using nccl==2.29.7
->1 [8] -1/-1/-1->0->1 [9] -1/-1/-1->0->1 [10] -1/-1/-1->0->1 [11] -1/-1/-1->0->1 [12] 1/-1/-1->0->-1 [13] 1/-1/-1->0->-1 [14] 1/-1/-1->0->-1 [15] 1/-1/-1->0->-1 [16] 1/-1/-1->0->-1 [17] 1/-1/-1->0->-1 [18] -1/-1/-1->0->1 [19] -1/-1/-1->0->1 [20] -1/-1/-1->0->1 [21] -1/-1/-1->0->1 [22] -1/-1/-1->0->1 [23] -1/-1/-1->0->1
pluto-prod-yutengl-dev-202-3-0:2326851:2326851 [0] NCCL INFO P2P Chunksize set to 524288
pluto-prod-yutengl-dev-202-3-0:2326851:2326851 [0] NCCL INFO Check P2P Type isAllDirectP2p 1 directMode 0 isAllCudaP2p 1
pluto-prod-yutengl-dev-202-3-0:2326851:2327605 [0] NCCL INFO [Proxy Service] Device 0 CPU core 28
pluto-prod-yutengl-dev-202-3-0:2326851:2327606 [0] NCCL INFO [Proxy Service UDS] Device 0 CPU core 2
pluto-prod-yutengl-dev-202-3-0:2326851:2326851 [0] NCCL INFO NET/OFI Region base Tuner is chosen for platform: p5.48xlarge
pluto-prod-yutengl-dev-202-3-0:2326851:2326851 [0] NCCL INFO NET/OFI Region Tuner init (platform 0): comm with 2 ranks and 1 nodes.
pluto-prod-yutengl-dev-202-3-0:2326851:2326851 [0] NCCL INFO NET/OFI Tuner init: comm with 2 ranks and 1 nodes.
pluto-prod-yutengl-dev-202-3-0:2326851:2326851 [0] NCCL INFO threadThresholds 8/8/64 | 16/8/64 | 512 | 512
pluto-prod-yutengl-dev-202-3-0:2326851:2326851 [0] NCCL INFO 24 coll channels, 24 collnet channels, 16 nvls channels, 32 p2p channels, 32 p2p channels per peer
pluto-prod-yutengl-dev-202-3-0:2326851:2326851 [0] NCCL INFO Symmetric VA size=80GB
pluto-prod-yutengl-dev-202-3-0:2326851:2326851 [0] NCCL INFO CC Off, workFifoBytes 1048576
pluto-prod-yutengl-dev-202-3-0:2326851:2326851 [0] NCCL INFO ncclCommSplit comm 0x5573738d7f40 rank 0 nranks 2 cudaDev 0 nvmlDev 0 busId 64000 parent 0x557369fd65c0 childCount 16 color 2130503744 key 0 - Init COMPLETE
pluto-prod-yutengl-dev-202-3-0:2326851:2326851 [0] NCCL INFO Init timings - ncclCommSplit: rank 0 nranks 2 total 0.11 (kernels 0.00, alloc 0.00, bootstrap 0.00, allgathers 0.00, topo 0.02, graphs 0.00, connections 0.08, rest 0.01)
pluto-prod-yutengl-dev-202-3-0:2326851:2326851 [0] NCCL INFO Initialized NET plugin Socket
pluto-prod-yutengl-dev-202-3-0:2326851:2326851 [0] NCCL INFO Assigned NET plugin Socket to comm
pluto-prod-yutengl-dev-202-3-0:2326851:2326851 [0] NCCL INFO Failed to initialize any GIN plugin
pluto-prod-yutengl-dev-202-3-0:2326851:2326851 [0] NCCL INFO Using network Socket
pluto-prod-yutengl-dev-202-3-0:2326851:2326851 [0] NCCL INFO [Rank 0] ncclCommInitRank comm 0x557373c7d460 rank 0 nranks 2 cudaDev 0 nvmlDev 0 busId 64000 commId 0x90f650c8b5d4ee00 - Init START
pluto-prod-yutengl-dev-202-3-0:2326851:2326851 [0] NCCL INFO Bootstrap timings total 0.000943 (create 0.000049, send 0.000139, recv 0.000413, ring 0.000037, delay 0.000000)
pluto-prod-yutengl-dev-202-3-0:2326851:2326851 [0] NCCL INFO MNNVL busId 0x64000 fabric UUID 0.0 cliqueId 0x0 state 3 healthMask 0x0
pluto-prod-yutengl-dev-202-3-0:2326851:2326851 [0] NCCL INFO ncclTopoGetCpuAffinity: Affinity for GPU 0 is 0-47,96-143. (GPU affinity = 0-47,96-143 ; CPU affinity = 0-47,96-143).
pluto-prod-yutengl-dev-202-3-0:2326851:2326851 [0] NCCL INFO NVLS multicast support is available on dev 0 (NVLS_NCHANNELS 16)
pluto-prod-yutengl-dev-202-3-0:2326851:2326851 [0] NCCL INFO comm 0x557373c7d460 rank 0 nRanks 2 nNodes 1 localRanks 2 localRank 0 MNNVL 0
pluto-prod-yutengl-dev-202-3-0:2326851:2326851 [0] NCCL INFO Channel 00/24 : 0 1
pluto-prod-yutengl-dev-202-3-0:2326851:2326851 [0] NCCL INFO Channel 01/24 : 0 1
pluto-prod-yutengl-dev-202-3-0:2326851:2326851 [0] NCCL INFO Channel 02/24 : 0 1
pluto-prod-yutengl-dev-202-3-0:2326851:2326851 [0] NCCL INFO Channel 03/24 : 0 1
pluto-prod-yutengl-dev-202-3-0:2326851:2326851 [0] NCCL INFO Channel 04/24 : 0 1
pluto-prod-yutengl-dev-202-3-0:2326851:2326851 [0] NCCL INFO Channel 05/24 : 0 1
pluto-prod-yutengl-dev-202-3-0:2326851:2326851 [0] NCCL INFO Channel 06/24 : 0 1
pluto-prod-yutengl-dev-202-3-0:2326851:2326851 [0] NCCL INFO Channel 07/24 : 0 1
pluto-prod-yutengl-dev-202-3-0:2326851:2326851 [0] NCCL INFO Channel 08/24 : 0 1
pluto-prod-yutengl-dev-202-3-0:2326851:2326851 [0] NCCL INFO Channel[1] NCCL INFO Trees [0] -1/-1/-1->1->0 [1] -1/-1/-1->1->0 [2] -1/-1/-1->1->0 [3] -1/-1/-1->1->0 [4] -1/-1/-1->1->0 [5] -1/-1/-1->1->0 [6] 0/-1/-1->1->-1 [7] 0/-1/-1->1->-1 [8] 0/-1/-1->1->-1 [9] 0/-1/-1->1->-1 [10] 0/-1/-1->1->-1 [11] 0/-1/-1->1->-1 [12] -1/-1/-1->1->0 [13] -1/-1/-1->1->0 [14] -1/-1/-1->1->0 [15] -1/-1/-1->1->0 [16] -1/-1/-1->1->0 [17] -1/-1/-1->1->0 [18] 0/-1/-1->1->-1 [19] 0/-1/-1->1->-1 [20] 0/-1/-1->1->-1 [21] 0/-1/-1->1->-1 [22] 0/-1/-1->1->-1 [23] 0/-1/-1->1->-1
pluto-prod-yutengl-dev-202-3-0:2326852:2326852 [1] NCCL INFO P2P Chunksize set to 524288
pluto-prod-yutengl-dev-202-3-0:2326852:2326852 [1] NCCL INFO Check P2P Type isAllDirectP2p 1 directMode 0 isAllCudaP2p 1
pluto-prod-yutengl-dev-202-3-0:2326852:2327603 [0] NCCL INFO [Proxy Service] Device 1 CPU core 28
pluto-prod-yutengl-dev-202-3-0:2326852:2327604 [0] NCCL INFO [Proxy Service UDS] Device 1 CPU core 15
pluto-prod-yutengl-dev-202-3-0:2326852:2326852 [1] NCCL INFO NET/OFI Region base Tuner is chosen for platform: p5.48xlarge
pluto-prod-yutengl-dev-202-3-0:2326852:2326852 [1] NCCL INFO NET/OFI Region Tuner init (platform 0): comm with 2 ranks and 1 nodes.
pluto-prod-yutengl-dev-202-3-0:2326852:2326852 [1] NCCL INFO NET/OFI Tuner init: comm with 2 ranks and 1 nodes.
pluto-prod-yutengl-dev-202-3-0:2326852:2326852 [1] NCCL INFO threadThresholds 8/8/64 | 16/8/64 | 512 | 512
pluto-prod-yutengl-dev-202-3-0:2326852:2326852 [1] NCCL INFO 24 coll channels, 24 collnet channels, 16 nvls channels, 32 p2p channels, 32 p2p channels per peer
pluto-prod-yutengl-dev-202-3-0:2326852:2326852 [1] NCCL INFO Symmetric VA size=80GB
pluto-prod-yutengl-dev-202-3-0:2326852:2326852 [1] NCCL INFO ncclCommSplit comm 0x561987539530 rank 1 nranks 2 cudaDev 1 nvmlDev 1 busId 75000 parent 0x56197dc35b90 childCount 16 color 2130503744 key 1 - Init COMPLETE
pluto-prod-yutengl-dev-202-3-0:2326852:2326852 [1] NCCL INFO Init timings - ncclCommSplit: rank 1 nranks 2 total 0.11 (kernels 0.00, alloc 0.00, bootstrap 0.00, allgathers 0.00, topo 0.02, graphs 0.00, connections 0.08, rest 0.01)
pluto-prod-yutengl-dev-202-3-0:2326852:2326852 [1] NCCL INFO Initialized NET plugin Socket
pluto-prod-yutengl-dev-202-3-0:2326852:2326852 [1] NCCL INFO Assigned NET plugin Socket to comm
pluto-prod-yutengl-dev-202-3-0:2326852:2326852 [1] NCCL INFO Failed to initialize any GIN plugin
pluto-prod-yutengl-dev-202-3-0:2326852:2326852 [1] NCCL INFO Using network Socket
pluto-prod-yutengl-dev-202-3-0:2326852:2326852 [1] NCCL INFO [Rank 1] ncclCommInitRank comm 0x5619878de580 rank 1 nranks 2 cudaDev 1 nvmlDev 1 busId 75000 commId 0x90f650c8b5d4ee00 - Init START
pluto-prod-yutengl-dev-202-3-0:2326852:2326852 [1] NCCL INFO Bootstrap timings total 0.000694 (create 0.000066, send 0.000124, recv 0.000277, ring 0.000031, delay 0.000000)
pluto-prod-yutengl-dev-202-3-0:2326852:2326852 [1] NCCL INFO MNNVL busId 0x75000 fabric UUID 0.0 cliqueId 0x0 state 3 healthMask 0x0
pluto-prod-yutengl-dev-202-3-0:2326852:2326852 [1] NCCL INFO ncclTopoGetCpuAffinity: Affinity for GPU 1 is 0-47,96-143. (GPU affinity = 0-47,96-143 ; CPU affinity = 0-47,96-143).
pluto-prod-yutengl-dev-202-3-0:2326852:2326852 [1] NCCL INFO NVLS multicast support is available on dev 1 (NVLS_NCHANNELS 16)
pluto-prod-yutengl-dev-202-3-0:2326852:2326852 [1] NCCL INFO comm 0x5619878de580 rank 1 nRanks 2 nNodes 1 localRanks 2 localRank 1 MNNVL 0
pluto-prod-yutengl-dev-202-3-0:2326852:2326852 [1] NCCL INFO Trees [0] -1/-1/-1->1->0 [1] -1/-1/-1->1->0 [2] -1/-1/-1->1->0 [3] -1/-1/-1->1->0 [4] -1/-1/-1->1->0 [5] -1/-1/-1->1->0 [6] 0/-1/-1->1->-1 [7] 0/-1/-1->1->-1 [8] 0/-1/-1->1->-1 [9] 0/-1/-1->1->-1 [10] 0/-1/-1->1->-1 [11] 0/-1/-1->1->-1 [12] -1/-1/-1->1->0 [13] -1/-1/-1->1->0 [14] -1/-1/-1->1->0 [15] -1/-1/-1->1->0 [16] -1/-1/-1->1->0 [17] -1/-1/-1->1->0 [18] 0/-1/-1->1->-1 [19] 0/-1/-1->1->-1 [20] 0/-1/-1->1->-1 [21] 0/-1/-1->1->-1 [22] 0/-1/-1->1->-1 [23] 0/-1/-1->1->-1
pluto-prod-yutengl-dev-202-3-0:2326852:2326852 [1] NCCL INFO P2P Chunksize set to 524288
pluto-prod-yutengl-dev-202-3-0:2326852:2326852 [1] NCCL INFO Check P2P Type isAllDirectP2p 1  09/24 : 0 1
pluto-prod-yutengl-dev-202-3-0:2326851:2326851 [0] NCCL INFO Channel 10/24 : 0 1
pluto-prod-yutengl-dev-202-3-0:2326851:2326851 [0] NCCL INFO Channel 11/24 : 0 1
pluto-prod-yutengl-dev-202-3-0:2326851:2326851 [0] NCCL INFO Channel 12/24 : 0 1
pluto-prod-yutengl-dev-202-3-0:2326851:2326851 [0] NCCL INFO Channel 13/24 : 0 1
pluto-prod-yutengl-dev-202-3-0:2326851:2326851 [0] NCCL INFO Channel 14/24 : 0 1
pluto-prod-yutengl-dev-202-3-0:2326851:2326851 [0] NCCL INFO Channel 15/24 : 0 1
pluto-prod-yutengl-dev-202-3-0:2326851:2326851 [0] NCCL INFO Channel 16/24 : 0 1
pluto-prod-yutengl-dev-202-3-0:2326851:2326851 [0] NCCL INFO Channel 17/24 : 0 1
pluto-prod-yutengl-dev-202-3-0:2326851:2326851 [0] NCCL INFO Channel 18/24 : 0 1
pluto-prod-yutengl-dev-202-3-0:2326851:2326851 [0] NCCL INFO Channel 19/24 : 0 1
pluto-prod-yutengl-dev-202-3-0:2326851:2326851 [0] NCCL INFO Channel 20/24 : 0 1
pluto-prod-yutengl-dev-202-3-0:2326851:2326851 [0] NCCL INFO Channel 21/24 : 0 1
pluto-prod-yutengl-dev-202-3-0:2326851:2326851 [0] NCCL INFO Channel 22/24 : 0 1
pluto-prod-yutengl-dev-202-3-0:2326851:2326851 [0] NCCL INFO Channel 23/24 : 0 1
pluto-prod-yutengl-dev-202-3-0:2326851:2326851 [0] NCCL INFO Trees [0] 1/-1/-1->0->-1 [1] 1/-1/-1->0->-1 [2] 1/-1/-1->0->-1 [3] 1/-1/-1->0->-1 [4] 1/-1/-1->0->-1 [5] 1/-1/-1->0->-1 [6] -1/-1/-1->0->1 [7] -1/-1/-1->0->1 [8] -1/-1/-1->0->1 [9] -1/-1/-1->0->1 [10] -1/-1/-1->0->1 [11] -1/-1/-1->0->1 [12] 1/-1/-1->0->-1 [13] 1/-1/-1->0->-1 [14] 1/-1/-1->0->-1 [15] 1/-1/-1->0->-1 [16] 1/-1/-1->0->-1 [17] 1/-1/-1->0->-1 [18] -1/-1/-1->0->1 [19] -1/-1/-1->0->1 [20] -1/-1/-1->0->1 [21] -1/-1/-1->0->1 [22] -1/-1/-1->0->1 [23] -1/-1/-1->0->1
pluto-prod-yutengl-dev-202-3-0:2326851:2326851 [0] NCCL INFO P2P Chunksize set to 524288
pluto-prod-yutengl-dev-202-3-0:2326851:2326851 [0] NCCL INFO Check P2P Type isAllDirectP2p 1 directMode 0 isAllCudaP2p 1
pluto-prod-yutengl-dev-202-3-0:2326851:2327615 [0] NCCL INFO [Proxy Service] Device 0 CPU core 105
pluto-prod-yutengl-dev-202-3-0:2326851:2327617 [0] NCCL INFO [Proxy Service UDS] Device 0 CPU core 101
pluto-prod-yutengl-dev-202-3-0:2326851:2326851 [0] NCCL INFO NET/OFI Region base Tuner is chosen for platform: p5.48xlarge
pluto-prod-yutengl-dev-202-3-0:2326851:2326851 [0] NCCL INFO NET/OFI Region Tuner init (platform 0): comm with 2 ranks and 1 nodes.
pluto-prod-yutengl-dev-202-3-0:2326851:2326851 [0] NCCL INFO NET/OFI Tuner init: comm with 2 ranks and 1 nodes.
pluto-prod-yutengl-dev-202-3-0:2326851:2326851 [0] NCCL INFO threadThresholds 8/8/64 | 16/8/64 | 512 | 512
pluto-prod-yutengl-dev-202-3-0:2326851:2326851 [0] NCCL INFO 24 coll channels, 24 collnet channels, 16 nvls channels, 32 p2p channels, 32 p2p channels per peer
pluto-prod-yutengl-dev-202-3-0:2326851:2326851 [0] NCCL INFO Symmetric VA size=80GB
pluto-prod-yutengl-dev-202-3-0:2326851:2326851 [0] NCCL INFO CC Off, workFifoBytes 1048576
pluto-prod-yutengl-dev-202-3-0:2326851:2326851 [0] NCCL INFO ncclCommInitRank comm 0x557373c7d460 rank 0 nranks 2 cudaDev 0 nvmlDev 0 busId 64000 commId 0x90f650c8b5d4ee00 - Init COMPLETE
pluto-prod-yutengl-dev-202-3-0:2326851:2326851 [0] NCCL INFO Init timings - ncclCommInitRank: rank 0 nranks 2 total 0.11 (kernels 0.00, alloc 0.00, bootstrap 0.00, allgathers 0.00, topo 0.02, graphs 0.00, connections 0.08, rest 0.01)
pluto-prod-yutengl-dev-202-3-0:2326851:2326851 [0] NCCL INFO Symmetric VA size=80GB
pluto-prod-yutengl-dev-202-3-0:2326851:2326851 [0] NCCL INFO Channel 00/0 : 0[0] -> 1[1] via P2P/CUMEM
pluto-prod-yutengl-dev-202-3-0:2326851:2326851 [0] NCCL INFO Channel 01/0 : 0[0] -> 1[1] via P2P/CUMEM
pluto-prod-yutengl-dev-202-3-0:2326851:2326851 [0] NCCL INFO Channel 02/0 : 0[0] -> 1[1] via P2P/CUMEM
pluto-prod-yutengl-dev-202-3-0:2326851:2326851 [0] NCCL INFO Channel 03/0 : 0[0] -> 1[1] via P2P/CUMEM
pluto-prod-yutengl-dev-202-3-0:2326851:2326851 [0] NCCL INFO Channel 04/0 : 0[0] -> 1[1] via P2P/CUMEM
pluto-prod-yutengl-dev-202-3-0:2326851:2326851 [0] NCCL INFO Channel 05/0 : 0[0] -> 1[1] via P2P/CUMEM
pluto-prod-yutengl-dev-202-3-0:2326851:2326851 [0] NCCL INFO ChannedirectMode 0 isAllCudaP2p 1
pluto-prod-yutengl-dev-202-3-0:2326852:2327614 [0] NCCL INFO [Proxy Service] Device 1 CPU core 115
pluto-prod-yutengl-dev-202-3-0:2326852:2327616 [0] NCCL INFO [Proxy Service UDS] Device 1 CPU core 28
pluto-prod-yutengl-dev-202-3-0:2326852:2326852 [1] NCCL INFO NET/OFI Region base Tuner is chosen for platform: p5.48xlarge
pluto-prod-yutengl-dev-202-3-0:2326852:2326852 [1] NCCL INFO NET/OFI Region Tuner init (platform 0): comm with 2 ranks and 1 nodes.
pluto-prod-yutengl-dev-202-3-0:2326852:2326852 [1] NCCL INFO NET/OFI Tuner init: comm with 2 ranks and 1 nodes.
pluto-prod-yutengl-dev-202-3-0:2326852:2326852 [1] NCCL INFO threadThresholds 8/8/64 | 16/8/64 | 512 | 512
pluto-prod-yutengl-dev-202-3-0:2326852:2326852 [1] NCCL INFO 24 coll channels, 24 collnet channels, 16 nvls channels, 32 p2p channels, 32 p2p channels per peer
pluto-prod-yutengl-dev-202-3-0:2326852:2326852 [1] NCCL INFO Symmetric VA size=80GB
pluto-prod-yutengl-dev-202-3-0:2326852:2326852 [1] NCCL INFO ncclCommInitRank comm 0x5619878de580 rank 1 nranks 2 cudaDev 1 nvmlDev 1 busId 75000 commId 0x90f650c8b5d4ee00 - Init COMPLETE
pluto-prod-yutengl-dev-202-3-0:2326852:2326852 [1] NCCL INFO Init timings - ncclCommInitRank: rank 1 nranks 2 total 0.11 (kernels 0.00, alloc 0.00, bootstrap 0.00, allgathers 0.00, topo 0.02, graphs 0.00, connections 0.08, rest 0.01)
pluto-prod-yutengl-dev-202-3-0:2326852:2326852 [1] NCCL INFO Symmetric VA size=80GB
pluto-prod-yutengl-dev-202-3-0:2326852:2326852 [1] NCCL INFO Channel 00/0 : 1[1] -> 0[0] via P2P/CUMEM
pluto-prod-yutengl-dev-202-3-0:2326852:2326852 [1] NCCL INFO Channel 01/0 : 1[1] -> 0[0] via P2P/CUMEM
pluto-prod-yutengl-dev-202-3-0:2326852:2326852 [1] NCCL INFO Channel 02/0 : 1[1] -> 0[0] via P2P/CUMEM
pluto-prod-yutengl-dev-202-3-0:2326852:2326852 [1] NCCL INFO Channel 03/0 : 1[1] -> 0[0] via P2P/CUMEM
pluto-prod-yutengl-dev-202-3-0:2326852:2326852 [1] NCCL INFO Channel 04/0 : 1[1] -> 0[0] via P2P/CUMEM
pluto-prod-yutengl-dev-202-3-0:2326852:2326852 [1] NCCL INFO Channel 05/0 : 1[1] -> 0[0] via P2P/CUMEM
pluto-prod-yutengl-dev-202-3-0:2326852:2326852 [1] NCCL INFO Channel 06/0 : 1[1] -> 0[0] via P2P/CUMEM
pluto-prod-yutengl-dev-202-3-0:2326852:2326852 [1] NCCL INFO Channel 07/0 : 1[1] -> 0[0] via P2P/CUMEM
pluto-prod-yutengl-dev-202-3-0:2326852:2326852 [1] NCCL INFO Channel 08/0 : 1[1] -> 0[0] via P2P/CUMEM
pluto-prod-yutengl-dev-202-3-0:2326852:2326852 [1] NCCL INFO Channel 09/0 : 1[1] -> 0[0] via P2P/CUMEM
pluto-prod-yutengl-dev-202-3-0:2326852:2326852 [1] NCCL INFO Channel 10/0 : 1[1] -> 0[0] via P2P/CUMEM
pluto-prod-yutengl-dev-202-3-0:2326852:2326852 [1] NCCL INFO Channel 11/0 : 1[1] -> 0[0] via P2P/CUMEM
pluto-prod-yutengl-dev-202-3-0:2326852:2326852 [1] NCCL INFO Channel 12/0 : 1[1] -> 0[0] via P2P/CUMEM
pluto-prod-yutengl-dev-202-3-0:2326852:2326852 [1] NCCL INFO Channel 13/0 : 1[1] -> 0[0] via P2P/CUMEM
pluto-prod-yutengl-dev-202-3-0:2326852:2326852 [1] NCCL INFO Channel 14/0 : 1[1] -> 0[0] via P2P/CUMEM
pluto-prod-yutengl-dev-202-3-0:2326852:2326852 [1] NCCL INFO Channel 15/0 : 1[1] -> 0[0] via P2P/CUMEM
pluto-prod-yutengl-dev-202-3-0:2326852:2326852 [1] NCCL INFO Channel 16/0 : 1[1] -> 0[0] via P2P/CUMEM
pluto-prod-yutengl-dev-202-3-0:2326852:2326852 [1] NCCL INFO Channel 17/0 : 1[1] -> 0[0] via P2P/CUMEM
pluto-prod-yutengl-dev-202-3-0:2326852:2326852 [1] NCCL INFO Channel 18/0 : 1[1] -> 0[0] via P2P/CUMEM
pluto-prod-yutengl-dev-202-3-0:2326852:2326852 [1] NCCL INFO Channel 19/0 : 1[1] -> 0[0] via P2P/CUMEM
pluto-prod-yutengl-dev-202-3-0:2326852:2326852 [1] NCCL INFO Channel 20/0 : 1[1] -> 0[0] via P2P/CUMEM
pluto-prod-yutengl-dev-202-3-0:2326852:2326852 [1] NCCL INFO Channel 21/0 : 1[1] -> 0[0] via P2P/CUMEM
pluto-prod-yutengl-dev-202-3-0:2326852:2326852 [1] NCCL INFO Channel 22/0 : 1[1] -> 0[0] via P2P/CUMEM
pluto-prod-yutengl-dev-202-3-0:2326852:2326852 [1] NCCL INFO Channel 23/0 : 1[1] -> 0[0] via P2P/CUMEM
pluto-prod-yutengl-dev-202-3-0:2326852:2326852 [1] NCCL INFO Connected all rings, use ring PXN 0 GDR 1
pluto-prod-yutengl-dev-202-3-0:2326852:2326852 [1] NCCL INFO Comm col 06/0 : 0[0] -> 1[1] via P2P/CUMEM
pluto-prod-yutengl-dev-202-3-0:2326851:2326851 [0] NCCL INFO Channel 07/0 : 0[0] -> 1[1] via P2P/CUMEM
pluto-prod-yutengl-dev-202-3-0:2326851:2326851 [0] NCCL INFO Channel 08/0 : 0[0] -> 1[1] via P2P/CUMEM
pluto-prod-yutengl-dev-202-3-0:2326851:2326851 [0] NCCL INFO Channel 09/0 : 0[0] -> 1[1] via P2P/CUMEM
pluto-prod-yutengl-dev-202-3-0:2326851:2326851 [0] NCCL INFO Channel 10/0 : 0[0] -> 1[1] via P2P/CUMEM
pluto-prod-yutengl-dev-202-3-0:2326851:2326851 [0] NCCL INFO Channel 11/0 : 0[0] -> 1[1] via P2P/CUMEM
pluto-prod-yutengl-dev-202-3-0:2326851:2326851 [0] NCCL INFO Channel 12/0 : 0[0] -> 1[1] via P2P/CUMEM
pluto-prod-yutengl-dev-202-3-0:2326851:2326851 [0] NCCL INFO Channel 13/0 : 0[0] -> 1[1] via P2P/CUMEM
pluto-prod-yutengl-dev-202-3-0:2326851:2326851 [0] NCCL INFO Channel 14/0 : 0[0] -> 1[1] via P2P/CUMEM
pluto-prod-yutengl-dev-202-3-0:2326851:2326851 [0] NCCL INFO Channel 15/0 : 0[0] -> 1[1] via P2P/CUMEM
pluto-prod-yutengl-dev-202-3-0:2326851:2326851 [0] NCCL INFO Channel 16/0 : 0[0] -> 1[1] via P2P/CUMEM
pluto-prod-yutengl-dev-202-3-0:2326851:2326851 [0] NCCL INFO Channel 17/0 : 0[0] -> 1[1] via P2P/CUMEM
pluto-prod-yutengl-dev-202-3-0:2326851:2326851 [0] NCCL INFO Channel 18/0 : 0[0] -> 1[1] via P2P/CUMEM
pluto-prod-yutengl-dev-202-3-0:2326851:2326851 [0] NCCL INFO Channel 19/0 : 0[0] -> 1[1] via P2P/CUMEM
pluto-prod-yutengl-dev-202-3-0:2326851:2326851 [0] NCCL INFO Channel 20/0 : 0[0] -> 1[1] via P2P/CUMEM
pluto-prod-yutengl-dev-202-3-0:2326851:2326851 [0] NCCL INFO Channel 21/0 : 0[0] -> 1[1] via P2P/CUMEM
pluto-prod-yutengl-dev-202-3-0:2326851:2326851 [0] NCCL INFO Channel 22/0 : 0[0] -> 1[1] via P2P/CUMEM
pluto-prod-yutengl-dev-202-3-0:2326851:2326851 [0] NCCL INFO Channel 23/0 : 0[0] -> 1[1] via P2P/CUMEM
pluto-prod-yutengl-dev-202-3-0:2326851:2326851 [0] NCCL INFO Connected all rings, use ring PXN 0 GDR 1
pluto-prod-yutengl-dev-202-3-0:2326851:2326851 [0] NCCL INFO Comm config Blocking set to 1
pluto-prod-yutengl-dev-202-3-0:2326851:2326851 [0] NCCL INFO Initialized NET plugin Socket
pluto-prod-yutengl-dev-202-3-0:2326851:2326851 [0] NCCL INFO Assigned NET plugin Socket to comm
pluto-prod-yutengl-dev-202-3-0:2326851:2326851 [0] NCCL INFO Failed to initialize any GIN plugin
pluto-prod-yutengl-dev-202-3-0:2326851:2326851 [0] NCCL INFO Using network Socket
pluto-prod-yutengl-dev-202-3-0:2326851:2326851 [0] NCCL INFO ncclCommSplit comm 0x557374084e40 rank 0 nranks 2 cudaDev 0 nvmlDev 0 busId 64000 parent 0x557369fd65c0 childCount 17 color 2130503744 key 0- Init START
pluto-prod-yutengl-dev-202-3-0:2326851:2326851 [0] NCCL INFO MNNVL busId 0x64000 fabric UUID 0.0 cliqueId 0x0 state 3 healthMask 0x0
pluto-prod-yutengl-dev-202-3-0:2326851:2326851 [0] NCCL INFO ncclTopoGetCpuAffinity: Affinity for GPU 0 is 0-47,96-143. (GPU affinity = 0-47,96-143 ; CPU affinity = 0-47,96-143).
pluto-prod-yutengl-dev-202-3-0:2326851:2326851 [0] NCCL INFO NVLS multicast support is available on dev 0 (NVLS_NCHANNELS 16)
pluto-prod-yutengl-dev-202-3-0:2326851:2326851 [0] NCCL INFO comm 0x557374084e40 rank 0 nRanks 2 nNodes 1 localRanks 2 localRank 0 MNNVL 0
pluto-prod-yutengl-dev-202-3-0:2326851:2326851 [0] NCCL INFO Channel 00/24 : 0 1
pluto-prod-yutengl-dev-202-3-0:2326851:2326851 [0] NCCL INFO Channel 01/24 : 0 1
pluto-prod-yutengl-dev-202-3-0:2326851:2326851 [0] NCCL INFO Channel 02/24 : 0 1
pluto-prod-yutengl-dev-202-3-0:2326851:2326851 [0] NCCL INFO Channel 03/24 : 0 1
pluto-prod-yutengl-dev-202-3-0:2326851:2326851 [0] NCCL INFO Channel 04/24 : 0 1
pluto-prod-yutengl-dev-202-3-0:2326851:2326851 [0] NCCL INFO Channel 05/24 : 0 1
pluto-prod-yutengl-dev-202-3-0:2326851:2326851 [0] NCCL INFO Channel 06/24 : 0 1
pluto-prod-yutengl-dev-202-3-0:2326851:2326851 [0] NCCL INFO Channel 07/24 : 0 1
pluto-prod-yutengl-dev-202-3-0:2326851:2326851 [0] NCCL INFO Channel 08/24 : 0 1
pluto-prod-yutengl-dev-202-3-0:2326851:2326851 [0] NCCL INFO Channel 09/24 : 0 1
pluto-prod-yutengl-dev-202-3-0:2326851:2326851 [0] NCCL INFO Channel 10/24 : 0 1
pluto-prod-yutengl-dev-202-3-0:2326851:2326851 [0] NCCL INFO Channe[09-15 17:35:15] No pipeline_class_name specified, using model_index.json
[93m[09-15 17:35:15] Skipping pipeline module sglang.multimodal_gen.runtime.pipelines.hunyuan3d_pipeline during discovery due to import failure: Duplicate NCCL runtime found in the current system: /home/colligo/sglang-wiki/envs/run/lib/python3.10/site-packages/nvidia/nccl/lib/libnccl.so.2 and /opt/aws-ofi-nccl/install/lib/libnccl-net-ofi.so[0;0m
[93m[09-15 17:35:15] Skipping pipeline module sglang.multimodal_gen.runtime.pipelines.pi05 during discovery due to import failure: Duplicate NCCL runtime found in the current system: /home/colligo/sglang-wiki/envs/run/lib/python3.10/site-packages/nvidia/nccl/lib/libnccl.so.2 and /opt/aws-ofi-nccl/install/lib/libnccl-net-ofi.so[0;0m
[09-15 17:35:15] Diffusers version: 0.37.1
[09-15 17:35:15] Using pipeline from model_index.json: Cosmos3OmniDiffusersPipeline
[09-15 17:35:15] Loading pipeline modules...
[09-15 17:35:15] Model already exists locally and is complete
[09-15 17:35:15] Model path: /mnt/localssd/models/Cosmos3-Super-fe77b66696d645f663b8f27e942b3b43e4629e23
[09-15 17:35:15] Diffusers version: 0.37.1
[09-15 17:35:15] Model already exists locally and is complete
[09-15 17:35:15] Model path: /mnt/localssd/models/Cosmos3-Super-fe77b66696d645f663b8f27e942b3b43e4629e23
[09-15 17:35:15] Diffusers version: 0.37.1
[09-15 17:35:15] Loading pipeline modules from config: {'_class_name': 'Cosmos3OmniDiffusersPipeline', '_diffusers_version': '0.37.1', 'scheduler': ['diffusers', 'UniPCMultistepScheduler'], 'text_tokenizer': ['transformers', 'Qwen2TokenizerFast'], 'transformer': ['diffusers', 'Cosmos3OmniTransformer'], 'vae': ['diffusers', 'AutoencoderKLWan'], 'vision_encoder': ['transformers', 'Qwen3VLVisionModel'], 'sound_tokenizer': ['diffusers', 'Cosmos3AVAEAudioTokenizer']}
[09-15 17:35:15] Loading required components: ['text_tokenizer', 'vae', 'transformer', 'scheduler', 'sound_tokenizer']
[09-15 17:35:15] Memory-aware component load order: ['transformer', 'sound_tokenizer', 'vae', 'text_tokenizer', 'scheduler']
Loading required modules:   0%|          | 0/5 [00:00<?, ?it/s]Loading required modules:   0%|          | 0/5 [00:00<?, ?it/s][09-15 17:35:15] Loading transformer from /mnt/localssd/models/Cosmos3-Super-fe77b66696d645f663b8f27e942b3b43e4629e23/transformer. avail mem: 75.07 GB
[09-15 17:35:15] Loading Cosmos3OmniTransformer from 27 safetensors file(s) , param_dtype: torch.bfloat16

Loading safetensors checkpoint shards: 0%|          | 0/27[A
Loading safetensors checkpoint shards: 4%|▎         | 1/27[A
Loading safetensors checkpoint shards: 7%|▋         | 2/27[A
Loading safetensors checkpoint shards: 11%|█         | 3/27[A
Loading safetensors checkpoint shards: 15%|█▍        | 4/27[A
Loading safetensors checkpoint shards: 19%|█▊        | 5/27[A
Loading safetensors checkpoint shards: 22%|██▏       | 6/27[A
Loading safetensors checkpoint shards: 26%|██▌       | 7/27[A
Loading safetensors checkpoint shards: 30%|██▉       | 8/27[A
Loading safetensors checkpoint shards: 33%|███▎      | 9/27[A
Loading safetensors checkpoint shards: 37%|███▋      | 10/27[A
Loading safetensors checkpoint shards: 41%|████      | 11/27[A
Loading safetensors checkpoint shards: 44%|████▍     | 12/27[A
Loading safetensors checkpoint shards: 48%|████▊     | 13/27[A
Loading safetensors checkpoint shards: 52%|█████▏    | 14/27[A
Loading safetensors checkpoint shards: 56%|█████▌    | 15/27[A
Loading safetensors checkpoint shards: 59%|█████▉    | 16/27[A
Loading safetensors checkpoint shards: 63%|██████▎   | 17/27[A
Loading safetensors checkpoint shards: 67%|██████▋   | 18/27[A
Loading safetensors checkpoint shards: 70%|███████   | 19/27[A
Loading safetensors checkpoint shards: 74%|███████▍  | 20/27[A
Loading safetensors checkpoint shards: 78%|███████▊  | 21/27[A
Loading safetensors checkpoint shards: 81%|████████▏ | 22/27[A
Loading safetensors checkpoint shards: 85%|████████▌ | 23/27[A
Loading safetensors checkpoint shards: 89%|████████▉ | 24/27[A
Loading safetensors checkpoint shards: 93%|█████████▎| 25/27[A
Loading safetensors checkpoint shards: 96%|█████████▋| 26/27[ALoading safetensors checkpoint shards: 100%|██████████| 27/27
[09-15 17:35:22] Attention backends for transformer: fa
Loading required modules:  20%|██        | 1/5 [00:08<00:32,  8.04s/it][09-15 17:35:23] Loaded transformer: Cosmos3OmniTransformer (sgl-diffusion version). model size: 117.85 GB, host mmap: 41.30 GB, host pageable: 76.55 GB. avail GPU mem: 75.07 GB
Loading required modules:  20%|██        | 1/5 [00:08<00:32,  8.05s/it][09-15 17:35:23] Loading sound_tokenizer from /mnt/localssd/models/Cosmos3-Super-fe77b66696d645f663b8f27e942b3b43e4629e23/sound_tokenizer. avail mem: 75.07 GB
/home/colligo/sglang-wiki/envs/run/lib/python3.10/site-packages/torch/nn/utils/weight_norm.py:144: FutureWarning: `torch.nn.utils.weight_norm` is deprecated in favor of `torch.nn.utils.parametrizations.weight_norm`.
  WeightNorm.apply(module, name, dim)
/home/colligo/sglang-wiki/envs/run/lib/python3.10/site-packages/torch/nn/utils/weight_norm.py:144: FutureWarning: `torch.nn.utils.weight_norm` is deprecated in favor of `torch.nn.utils.parametrizations.weight_norm`.
  WeightNorm.apply(module, name, dim)
[09-15 17:35:25] Loaded sound_tokenizer: Cosmos3AVAEAudioTokenizer (sgl-diffusion version). model size: 0.88 GB, vram: 0.88 GB. avail GPU mem: 74.18 GB
Loading required modules:  40%|████      | 2/5 [00:10<00:13,  4.54s/it][09-15 17:35:25] Loading vae from /mnt/localssd/models/Cosmos3-Super-fe77b66696d645f663b8f27e942b3b43e4629e23/vae. avail mem: 74.18 GB
[09-15 17:35:25] vae (VAE) stays on its checkpoint mapping: the deployment is 123.52 GiB of weights against 7.12 GiB of host memory, so copies are host memory the streamed components need more.
[09-15 17:35:25] Wan VAE: spatial-parallel decode; skipping fast path.
[09-15 17:35:25] Loaded vae: AutoencoderKLWan (sgl-diffusion version). model size: 1.31 GB, host mmap: 1.31 GB. avail GPU mem: 74.18 GB
[09-15 17:35:25] Loading text_tokenizer from /mnt/localssd/models/Cosmos3-Super-fe77b66696d645f663b8f27e942b3b43e4629e23/text_tokenizer. avail mem: 74.18 GB
Loading required modules:  40%|████      | 2/5 [00:10<00:13,  4.57s/it]Loading required modules:  80%|████████  | 4/5 [00:11<00:01,  1.99s/it]Loading required modules: 100%|██████████| 5/5 [00:11<00:00,  2.22s/it]
[09-15 17:35:26] Loaded text_tokenizer: Qwen2Tokenizer (sgl-diffusion version). model size: NA GB, weights: none. avail GPU mem: 74.18 GB
Loading required modules:  80%|████████  | 4/5 [00:11<00:02,  2.01s/it][09-15 17:35:26] Loading scheduler from /mnt/localssd/models/Cosmos3-Super-fe77b66696d645f663b8f27e942b3b43e4629e23/scheduler. avail mem: 74.18 GB
[09-15 17:35:26] Overriding scheduler class from UniPCMultistepScheduler to FlowUniPCMultistepScheduler
[09-15 17:35:26] Loaded scheduler: FlowUniPCMultistepScheduler (sgl-diffusion version). model size: NA GB, weights: none. avail GPU mem: 74.18 GB
Loading required modules: 100%|██████████| 5/5 [00:11<00:00,  2.23s/it]
[09-15 17:35:26] Creating pipeline stages...
[93m[09-15 17:35:26] Cosmos3 guardrails disabled because cosmos-guardrail is not installed. Install it with: pip install cosmos-guardrail==0.3.1[0;0m
[09-15 17:35:26] Cosmos3 pipeline stages created successfully (guardrails=False)
[09-15 17:35:26] Pipeline instantiated
[09-15 17:35:26] Layerwise offload host memory: 6.9 GiB available (cgroup cap 292.8 GiB, in use 286.0 GiB)
[09-15 17:35:26] Configuring layerwise offload for transformer (Cosmos3OmniTransformer): gen_layers (64 layers), language_model.layers (64 layers)
[09-15 17:35:26] Layerwise offload: transformer.gen_layers pins 5 of 64 layers (4.54 GiB of 4.85 GiB spendable). Of the rest, 0 are copied into pageable host memory and 59 stay on the checkpoint mapping. Pinning every layer would need 58.13 GiB.
[09-15 17:35:35] Layerwise offload: transformer.language_model.layers pins 0 of 64 layers (0.00 GiB of 0.31 GiB spendable). Of the rest, 0 are copied into pageable host memory and 64 stay on the checkpoint mapping. Pinning every layer would need 58.13 GiB.
[09-15 17:35:42] Layerwise offload: gen_layers ships mapped layers through a courier thread with 2 pinned slots, so their device copies overlap compute instead of stalling it.
[09-15 17:35:42] Layerwise offload: language_model.layers ships mapped layers through a courier thread with 2 pinned slots, so their device copies overlap compute instead of stalling it.
[09-15 17:35:42] Layerwise offload ready for transformer (Cosmos3OmniTransformer) in 16.07s: groups=2, layers=128, prefetch/group=1, resident=2/128, policy=leading
[09-15 17:35:42] Configuring layerwise offload for vae (AutoencoderKLWan): encoder.down_blocks (4 layers), decoder.up_blocks (4 layers)
[09-15 17:35:42] Layerwise offload: vae.decoder.up_blocks pins 0 of 4 layers (0.00 GiB of 0.31 GiB spendable). Of the rest, 0 are copied into pageable host memory and 4 stay on the checkpoint mapping. Pinning every layer would need 0.81 GiB.
[09-15 17:35:43] Layerwise offload: decoder.up_blocks ships mapped layers through a courier thread with 2 pinned slots, so their device copies overlap compute instead of stalling it.
[09-15 17:35:43] Layerwise offload ready for vae (AutoencoderKLWan) in 1.16s: groups=2, layers=8, prefetch/group=1, resident=0/8, policy=leading
[09-15 17:35:43] Layerwise offload summary: transformer (vram: 2.77 GB, host pinned: 4.54 GB, host mmap: 39.64 GB, host pageable: 72.07 GB), vae (vram: 0.32 GB, host pinned: 0.19 GB, host mmap: 0.81 GB)
[09-15 17:35:43] Worker 0: Initialized device, model, and distributed environment.
[09-15 17:35:43] Worker 0: Scheduler loop started.
[09-15 17:35:45] Stage generation control plane started
[09-15 17:35:45] Scheduler thread for stage generation set cuda device to 0
[09-15 17:35:45] Stage generation started
[09-15 17:35:45] Process generation ready with stages=['generation']
[09-15 17:35:45] Diffusers version: 0.37.1
[09-15 17:35:45] Sequence dimension shard is enabled, disabling frame adjustment for better performance
[09-15 17:35:45] Adjusting number of frames from 17 to 17 based on model
[09-15 17:35:45] Processing 1 grouped request(s)
[09-15 17:35:45] Sampling params:
                       width: 832
                      height: 480
                  num_frames: 17
                         fps: 24
                      prompt: <redacted, len=65>
                  neg_prompt: <redacted, len=0>
                        seed: 0
                 infer_steps: 4
      num_outputs_per_prompt: 1
              guidance_scale: 5.0
     embedded_guidance_scale: 6.0
                    n_tokens: None
                  flow_shift: None
                  image_path: None
                 save_output: True
            output_file_path: /home/colligo/sglang-wiki/repos/sglang-omni/results/cosmos3-super/2gpu/smoke-generation-layerwise-artifacts/test_super_generation_v2v_0/media/request_24fn2fqo/3f781611554245f3b0fa0ee02cd528ae.mp4
        
[09-15 17:35:45] Running pipeline stages: ['Cosmos3ImagePreprocessStage', 'Cosmos3TokenizationStage', 'Cosmos3LatentPreparationStage', 'Cosmos3TimestepPreparationStage', 'Cosmos3DenoisingStage', 'Cosmos3DecodingStage']
[09-15 17:35:45] [Cosmos3ImagePreprocessStage] started...
[09-15 17:35:48] [Cosmos3ImagePreprocessStage] Preprocessed conditioning video to 17x480x832 (keep=first, source frames=5, padded to 17)
[09-15 17:35:48] [Cosmos3ImagePreprocessStage] finished in 2.8692 seconds
[09-15 17:35:48] [Cosmos3TokenizationStage] started...
[09-15 17:35:48] [Cosmos3TokenizationStage] Prompt with duration: 'A red box moves slowly right on a white table, stationary camera. The video is 0.7 seconds long and is of 24 FPS.'
[09-15 17:35:48] [Cosmos3TokenizationStage] finished in 0.0227 seconds
[09-15 17:35:48] [Cosmos3LatentPreparationStage] started...
[09-15 17:35:49] [Cosmos3LatentPreparationStage] Prepared V2V latents with conditioning at frames [0, 1]
[09-15 17:35:49] [Cosmos3LatentPreparationStage] Prepared latents with shape (1, 48, 5, 30, 52)
[09-15 17:35:49] [Cosmos3LatentPreparationStage] finished in 0.7879 seconds
[09-15 17:35:49] [Cosmos3TimestepPreparationStage] started...
[09-15 17:35:49] [Cosmos3TimestepPreparationStage] Prepared 4 timesteps (flow_shift=10.0)
[09-15 17:35:49] [Cosmos3TimestepPreparationStage] finished in 0.0005 seconds
[09-15 17:35:49] [Cosmos3DenoisingStage] started...
[09-15 17:35:49] [Cosmos3DenoisingStage] CFG parallel enabled: cfg_size=2, cfg_rank=0
[09-15 17:35:49] [Cosmos3DenoisingStage] Starting denoising with 4 steps, CFG=True, CFG_parallel=True, cfg_rank=0
Denoising:   0%|          | 0/4 [00:00<?, ?it/s][09-15 17:35:49] [Cosmos3DenoisingStage] Prompt and negative prompt tokenize to different lengths (41 vs 10); running the CFG branches in separate forwards to keep padding out of the cross-attention
l 11/24 : 0 1
pluto-prod-yutengl-dev-202-3-0:2326851:2326851 [0] NCCL INFO Channel 12/24 : 0 1
pluto-prod-yutengl-dev-202-3-0:2326851:2326851 [0] NCCL INFO Channel 13/24 : 0 1
pluto-prod-yutengl-dev-202-3-0:2326851:2326851 [0] NCCL INFO Channel 14/24 : 0 1
pluto-prod-yutengl-dev-202-3-0:2326851:2326851 [0] NCCL INFO Channel 15/24 : 0 1
pluto-prod-yutengl-dev-202-3-0:2326851:2326851 [0] NCCL INFO Channel 16/24 : 0 1
pluto-prod-yutengl-dev-202-3-0:2326851:2326851 [0] NCCL INFO Channel 17/24 : 0 1
pluto-prod-yutengl-dev-202-3-0:2326851:2326851 [0] NCCL INFO Channel 18/24 : 0 1
pluto-prod-yutengl-dev-202-3-0:2326851:2326851 [0] NCCL INFO Channel 19/24 : 0 1
pluto-prod-yutengl-dev-202-3-0:2326851:2326851 [0] NCCL INFO Channel 20/24 : 0 1
pluto-prod-yutengl-dev-202-3-0:2326851:2326851 [0] NCCL INFO Channel 21/24 : 0 1
pluto-prod-yutengl-dev-202-3-0:2326851:2326851 [0] NCCL INFO Channel 22/24 : 0 1
pluto-prod-yutengl-dev-202-3-0:2326851:2326851 [0] NCCL INFO Channel 23/24 : 0 1
pluto-prod-yutengl-dev-202-3-0:2326851:2326851 [0] NCCL INFO Trees [0] 1/-1/-1->0->-1 [1] 1/-1/-1->0->-1 [2] 1/-1/-1->0->-1 [3] 1/-1/-1->0->-1 [4] 1/-1/-1->0->-1 [5] 1/-1/-1->0->-1 [6] -1/-1/-1->0->1 [7] -1/-1/-1->0->1 [8] -1/-1/-1->0->1 [9] -1/-1/-1->0->1 [10] -1/-1/-1->0->1 [11] -1/-1/-1->0->1 [12] 1/-1/-1->0->-1 [13] 1/-1/-1->0->-1 [14] 1/-1/-1->0->-1 [15] 1/-1/-1->0->-1 [16] 1/-1/-1->0->-1 [17] 1/-1/-1->0->-1 [18] -1/-1/-1->0->1 [19] -1/-1/-1->0->1 [20] -1/-1/-1->0->1 [21] -1/-1/-1->0->1 [22] -1/-1/-1->0->1 [23] -1/-1/-1->0->1
pluto-prod-yutengl-dev-202-3-0:2326851:2326851 [0] NCCL INFO P2P Chunksize set to 524288
pluto-prod-yutengl-dev-202-3-0:2326851:2326851 [0] NCCL INFO Check P2P Type isAllDirectP2p 1 directMode 0 isAllCudaP2p 1
pluto-prod-yutengl-dev-202-3-0:2326851:2327635 [0] NCCL INFO [Proxy Service UDS] Device 0 CPU core 115
pluto-prod-yutengl-dev-202-3-0:2326851:2327633 [0] NCCL INFO [Proxy Service] Device 0 CPU core 100
pluto-prod-yutengl-dev-202-3-0:2326851:2326851 [0] NCCL INFO NET/OFI Region base Tuner is chosen for platform: p5.48xlarge
pluto-prod-yutengl-dev-202-3-0:2326851:2326851 [0] NCCL INFO NET/OFI Region Tuner init (platform 0): comm with 2 ranks and 1 nodes.
pluto-prod-yutengl-dev-202-3-0:2326851:2326851 [0] NCCL INFO NET/OFI Tuner init: comm with 2 ranks and 1 nodes.
pluto-prod-yutengl-dev-202-3-0:2326851:2326851 [0] NCCL INFO threadThresholds 8/8/64 | 16/8/64 | 512 | 512
pluto-prod-yutengl-dev-202-3-0:2326851:2326851 [0] NCCL INFO 24 coll channels, 24 collnet channels, 16 nvls channels, 32 p2p channels, 32 p2p channels per peer
pluto-prod-yutengl-dev-202-3-0:2326851:2326851 [0] NCCL INFO Symmetric VA size=80GB
pluto-prod-yutengl-dev-202-3-0:2326851:2326851 [0] NCCL INFO CC Off, workFifoBytes 1048576
pluto-prod-yutengl-dev-202-3-0:2326851:2326851 [0] NCCL INFO ncclCommSplit comm 0x557374084e40 rank 0 nranks 2 cudaDev 0 nvmlDev 0 busId 64000 parent 0x557369fd65c0 childCount 17 color 2130503744 key 0 - Init COMPLETE
pluto-prod-yutengl-dev-202-3-0:2326851:2326851 [0] NCCL INFO Init timings - ncclCommSplit: rank 0 nranks 2 total 0.11 (kernels 0.00, alloc 0.00, bootstrap 0.00, allgathers 0.00, topo 0.02, graphs 0.00, connections 0.08, rest 0.01)
pluto-prod-yutengl-dev-202-3-0:2326851:2326851 [0] NCCL INFO Symmetric VA size=80GB
pluto-prod-yutengl-dev-202-3-0:2326851:2326851 [0] NCCL INFO Channel 00/0 : 0[0] -> 1[1] via P2P/CUMEM
pluto-prod-yutengl-dev-202-3-0:2326851:2326851 [0] NCCL INFO Channel 01/0 : 0[0] -> 1[1] via P2P/CUMEM
pluto-prod-yutengl-dev-202-3-0:2326851:2326851 [0] NCCL INFO Channel 02/0 : 0[0] -> 1[1] via P2P/CUMEM
pluto-prod-yutengl-dev-202-3-0:2326851:2326851 [0] NCCL INFO Channel 03/0 : 0[0] -> 1[1] via P2P/CUMEM
pluto-prod-yutengl-dev-202-3-0:2326851:2326851 [0] NCCL INFO Channel 04/0 : 0[0] -> 1[1] via P2P/CUMEM
pluto-prod-yutengl-dev-202-3-0:2326851:2326851 [0] NCCL INFO Channel 05/0 : 0[0] -> 1[1] via P2P/CUMEM
pluto-prod-yutengl-dev-202-3-0:2326851:2326851 [0] NCCL INFO Channel 06/0 : 0[0] -> 1[1] via P2P/CUMEM
pluto-prod-yutengl-dev-202-3-0:2326851:2326851 [0] NCCL INFO Channel 07/0 : 0[0] -> 1[1] via P2P/Cnfig Blocking set to 1
pluto-prod-yutengl-dev-202-3-0:2326852:2326852 [1] NCCL INFO Initialized NET plugin Socket
pluto-prod-yutengl-dev-202-3-0:2326852:2326852 [1] NCCL INFO Assigned NET plugin Socket to comm
pluto-prod-yutengl-dev-202-3-0:2326852:2326852 [1] NCCL INFO Failed to initialize any GIN plugin
pluto-prod-yutengl-dev-202-3-0:2326852:2326852 [1] NCCL INFO Using network Socket
pluto-prod-yutengl-dev-202-3-0:2326852:2326852 [1] NCCL INFO ncclCommSplit comm 0x561987ce66b0 rank 1 nranks 2 cudaDev 1 nvmlDev 1 busId 75000 parent 0x56197dc35b90 childCount 17 color 2130503744 key 1- Init START
pluto-prod-yutengl-dev-202-3-0:2326852:2326852 [1] NCCL INFO MNNVL busId 0x75000 fabric UUID 0.0 cliqueId 0x0 state 3 healthMask 0x0
pluto-prod-yutengl-dev-202-3-0:2326852:2326852 [1] NCCL INFO ncclTopoGetCpuAffinity: Affinity for GPU 1 is 0-47,96-143. (GPU affinity = 0-47,96-143 ; CPU affinity = 0-47,96-143).
pluto-prod-yutengl-dev-202-3-0:2326852:2326852 [1] NCCL INFO NVLS multicast support is available on dev 1 (NVLS_NCHANNELS 16)
pluto-prod-yutengl-dev-202-3-0:2326852:2326852 [1] NCCL INFO comm 0x561987ce66b0 rank 1 nRanks 2 nNodes 1 localRanks 2 localRank 1 MNNVL 0
pluto-prod-yutengl-dev-202-3-0:2326852:2326852 [1] NCCL INFO Trees [0] -1/-1/-1->1->0 [1] -1/-1/-1->1->0 [2] -1/-1/-1->1->0 [3] -1/-1/-1->1->0 [4] -1/-1/-1->1->0 [5] -1/-1/-1->1->0 [6] 0/-1/-1->1->-1 [7] 0/-1/-1->1->-1 [8] 0/-1/-1->1->-1 [9] 0/-1/-1->1->-1 [10] 0/-1/-1->1->-1 [11] 0/-1/-1->1->-1 [12] -1/-1/-1->1->0 [13] -1/-1/-1->1->0 [14] -1/-1/-1->1->0 [15] -1/-1/-1->1->0 [16] -1/-1/-1->1->0 [17] -1/-1/-1->1->0 [18] 0/-1/-1->1->-1 [19] 0/-1/-1->1->-1 [20] 0/-1/-1->1->-1 [21] 0/-1/-1->1->-1 [22] 0/-1/-1->1->-1 [23] 0/-1/-1->1->-1
pluto-prod-yutengl-dev-202-3-0:2326852:2326852 [1] NCCL INFO P2P Chunksize set to 524288
pluto-prod-yutengl-dev-202-3-0:2326852:2326852 [1] NCCL INFO Check P2P Type isAllDirectP2p 1 directMode 0 isAllCudaP2p 1
pluto-prod-yutengl-dev-202-3-0:2326852:2327632 [0] NCCL INFO [Proxy Service] Device 1 CPU core 105
pluto-prod-yutengl-dev-202-3-0:2326852:2327634 [0] NCCL INFO [Proxy Service UDS] Device 1 CPU core 100
pluto-prod-yutengl-dev-202-3-0:2326852:2326852 [1] NCCL INFO NET/OFI Region base Tuner is chosen for platform: p5.48xlarge
pluto-prod-yutengl-dev-202-3-0:2326852:2326852 [1] NCCL INFO NET/OFI Region Tuner init (platform 0): comm with 2 ranks and 1 nodes.
pluto-prod-yutengl-dev-202-3-0:2326852:2326852 [1] NCCL INFO NET/OFI Tuner init: comm with 2 ranks and 1 nodes.
pluto-prod-yutengl-dev-202-3-0:2326852:2326852 [1] NCCL INFO threadThresholds 8/8/64 | 16/8/64 | 512 | 512
pluto-prod-yutengl-dev-202-3-0:2326852:2326852 [1] NCCL INFO 24 coll channels, 24 collnet channels, 16 nvls channels, 32 p2p channels, 32 p2p channels per peer
pluto-prod-yutengl-dev-202-3-0:2326852:2326852 [1] NCCL INFO Symmetric VA size=80GB
pluto-prod-yutengl-dev-202-3-0:2326852:2326852 [1] NCCL INFO ncclCommSplit comm 0x561987ce66b0 rank 1 nranks 2 cudaDev 1 nvmlDev 1 busId 75000 parent 0x56197dc35b90 childCount 17 color 2130503744 key 1 - Init COMPLETE
pluto-prod-yutengl-dev-202-3-0:2326852:2326852 [1] NCCL INFO Init timings - ncclCommSplit: rank 1 nranks 2 total 0.11 (kernels 0.00, alloc 0.00, bootstrap 0.00, allgathers 0.00, topo 0.02, graphs 0.00, connections 0.08, rest 0.01)
pluto-prod-yutengl-dev-202-3-0:2326852:2326852 [1] NCCL INFO Symmetric VA size=80GB
pluto-prod-yutengl-dev-202-3-0:2326852:2326852 [1] NCCL INFO Channel 00/0 : 1[1] -> 0[0] via P2P/CUMEM
pluto-prod-yutengl-dev-202-3-0:2326852:2326852 [1] NCCL INFO Channel 01/0 : 1[1] -> 0[0] via P2P/CUMEM
pluto-prod-yutengl-dev-202-3-0:2326852:2326852 [1] NCCL INFO Channel 02/0 : 1[1] -> 0[0] via P2P/CUMEM
pluto-prod-yutengl-dev-202-3-0:2326852:2326852 [1] NCCL INFO Channel 03/0 : 1[1] -> 0[0] via P2P/CUMEM
pluto-prod-yutengl-dev-202-3-0:2326852:2326852 [1] NCCL INFO Channel 04/0 : 1[1] -> 0[0] via P2P/CUMEM
pluto-prod-yutengl-dev-202-3-0:2326852:2326852 [1] NCCL INFO Channel 05/0 : 1[1] -> 0[0] via P2P/CUMEM
pluto-prod-yutengl-dev-202-3-0:2326852:2326852 [1] NCCL INFO Channel 06/0 : 1[1] -> 0[0] via P2P/CDenoising:  25%|██▌       | 1/4 [00:12<00:36, 12.26s/it]Denoising:  50%|█████     | 2/4 [00:17<00:15,  7.97s/it]Denoising:  75%|███████▌  | 3/4 [00:22<00:06,  6.68s/it]Denoising: 100%|██████████| 4/4 [00:27<00:00,  6.08s/it]Denoising: 100%|██████████| 4/4 [00:27<00:00,  6.88s/it]
[09-15 17:36:16] [Cosmos3DenoisingStage] Denoising complete
[09-15 17:36:17] [Cosmos3DenoisingStage] finished in 27.9004 seconds
[09-15 17:36:17] [Cosmos3DecodingStage] started...
[09-15 17:36:17] [Cosmos3DecodingStage] Decoding latents to video...
[09-15 17:36:17] [Cosmos3DecodingStage] finished in 0.6397 seconds
[09-15 17:36:18] Output saved to [1;36m/home/colligo/sglang-wiki/repos/sglang-omni/results/cosmos3-super/2gpu/smoke-generation-layerwise-artifacts/test_super_generation_v2v_0/media/request_24fn2fqo/3f781611554245f3b0fa0ee02cd528ae.mp4[0;0m
[09-15 17:36:18] Pixel data generated successfully in [92m32.67[0;0m seconds
[09-15 17:36:18] Memory usage - Max peak: 11502.00 MB, Avg peak: 11502.00 MB
UMEM
pluto-prod-yutengl-dev-202-3-0:2326852:2326852 [1] NCCL INFO Channel 07/0 : 1[1] -> 0[0] via P2P/CUMEM
pluto-prod-yutengl-dev-202-3-0:2326852:2326852 [1] NCCL INFO Channel 08/0 : 1[1] -> 0[0] via P2P/CUMEM
pluto-prod-yutengl-dev-202-3-0:2326852:2326852 [1] NCCL INFO Channel 09/0 : 1[1] -> 0[0] via P2P/CUMEM
pluto-prod-yutengl-dev-202-3-0:2326852:2326852 [1] NCCL INFO Channel 10/0 : 1[1] -> 0[0] via P2P/CUMEM
pluto-prod-yutengl-dev-202-3-0:2326852:2326852 [1] NCCL INFO Channel 11/0 : 1[1] -> 0[0] via P2P/CUMEM
pluto-prod-yutengl-dev-202-3-0:2326852:2326852 [1] NCCL INFO Channel 12/0 : 1[1] -> 0[0] via P2P/CUMEM
pluto-prod-yutengl-dev-202-3-0:2326852:2326852 [1] NCCL INFO Channel 13/0 : 1[1] -> 0[0] via P2P/CUMEM
pluto-prod-yutengl-dev-202-3-0:2326852:2326852 [1] NCCL INFO Channel 14/0 : 1[1] -> 0[0] via P2P/CUMEM
pluto-prod-yutengl-dev-202-3-0:2326852:2326852 [1] NCCL INFO Channel 15/0 : 1[1] -> 0[0] via P2P/CUMEM
pluto-prod-yutengl-dev-202-3-0:2326852:2326852 [1] NCCL INFO Channel 16/0 : 1[1] -> 0[0] via P2P/CUMEM
pluto-prod-yutengl-dev-202-3-0:2326852:2326852 [1] NCCL INFO Channel 17/0 : 1[1] -> 0[0] via P2P/CUMEM
pluto-prod-yutengl-dev-202-3-0:2326852:2326852 [1] NCCL INFO Channel 18/0 : 1[1] -> 0[0] via P2P/CUMEM
pluto-prod-yutengl-dev-202-3-0:2326852:2326852 [1] NCCL INFO Channel 19/0 : 1[1] -> 0[0] via P2P/CUMEM
pluto-prod-yutengl-dev-202-3-0:2326852:2326852 [1] NCCL INFO Channel 20/0 : 1[1] -> 0[0] via P2P/CUMEM
pluto-prod-yutengl-dev-202-3-0:2326852:2326852 [1] NCCL INFO Channel 21/0 : 1[1] -> 0[0] via P2P/CUMEM
pluto-prod-yutengl-dev-202-3-0:2326852:2326852 [1] NCCL INFO Channel 22/0 : 1[1] -> 0[0] via P2P/CUMEM
pluto-prod-yutengl-dev-202-3-0:2326852:2326852 [1] NCCL INFO Channel 23/0 : 1[1] -> 0[0] via P2P/CUMEM
pluto-prod-yutengl-dev-202-3-0:2326852:2326852 [1] NCCL INFO Connected all rings, use ring PXN 0 GDR 1
pluto-prod-yutengl-dev-202-3-0:2326852:2326852 [1] NCCL INFO comm 0x561986d6f570 rank 1 nranks 2 cudaDev 1 busId 75000 - Destroy COMPLETE
pluto-prod-yutengl-dev-202-3-0:2326852:2326852 [1] NCCL INFO comm 0x561987ce66b0 rank 1 nranks 2 cudaDev 1 busId 75000 - Destroy COMPLETE
pluto-prod-yutengl-dev-202-3-0:2326852:2326852 [1] NCCL INFO comm 0x561987539530 rank 1 nranks 2 cudaDev 1 busId 75000 - Destroy COMPLETE
pluto-prod-yutengl-dev-202-3-0:2326852:2326852 [1] NCCL INFO comm 0x561985a73b00 rank 1 nranks 2 cudaDev 1 busId 75000 - Destroy COMPLETE
pluto-prod-yutengl-dev-202-3-0:2326852:2326852 [1] NCCL INFO comm 0x56197dc35b90 rank 1 nranks 2 cudaDev 1 busId 75000 - Destroy COMPLETE
[09-15 17:36:20] Worker 0: Shutdown complete.
UMEM
pluto-prod-yutengl-dev-202-3-0:2326851:2326851 [0] NCCL INFO Channel 08/0 : 0[0] -> 1[1] via P2P/CUMEM
pluto-prod-yutengl-dev-202-3-0:2326851:2326851 [0] NCCL INFO Channel 09/0 : 0[0] -> 1[1] via P2P/CUMEM
pluto-prod-yutengl-dev-202-3-0:2326851:2326851 [0] NCCL INFO Channel 10/0 : 0[0] -> 1[1] via P2P/CUMEM
pluto-prod-yutengl-dev-202-3-0:2326851:2326851 [0] NCCL INFO Channel 11/0 : 0[0] -> 1[1] via P2P/CUMEM
pluto-prod-yutengl-dev-202-3-0:2326851:2326851 [0] NCCL INFO Channel 12/0 : 0[0] -> 1[1] via P2P/CUMEM
pluto-prod-yutengl-dev-202-3-0:2326851:2326851 [0] NCCL INFO Channel 13/0 : 0[0] -> 1[1] via P2P/CUMEM
pluto-prod-yutengl-dev-202-3-0:2326851:2326851 [0] NCCL INFO Channel 14/0 : 0[0] -> 1[1] via P2P/CUMEM
pluto-prod-yutengl-dev-202-3-0:2326851:2326851 [0] NCCL INFO Channel 15/0 : 0[0] -> 1[1] via P2P/CUMEM
pluto-prod-yutengl-dev-202-3-0:2326851:2326851 [0] NCCL INFO Channel 16/0 : 0[0] -> 1[1] via P2P/CUMEM
pluto-prod-yutengl-dev-202-3-0:2326851:2326851 [0] NCCL INFO Channel 17/0 : 0[0] -> 1[1] via P2P/CUMEM
pluto-prod-yutengl-dev-202-3-0:2326851:2326851 [0] NCCL INFO Channel 18/0 : 0[0] -> 1[1] via P2P/CUMEM
pluto-prod-yutengl-dev-202-3-0:2326851:2326851 [0] NCCL INFO Channel 19/0 : 0[0] -> 1[1] via P2P/CUMEM
pluto-prod-yutengl-dev-202-3-0:2326851:2326851 [0] NCCL INFO Channel 20/0 : 0[0] -> 1[1] via P2P/CUMEM
pluto-prod-yutengl-dev-202-3-0:2326851:2326851 [0] NCCL INFO Channel 21/0 : 0[0] -> 1[1] via P2P/CUMEM
pluto-prod-yutengl-dev-202-3-0:2326851:2326851 [0] NCCL INFO Channel 22/0 : 0[0] -> 1[1] via P2P/CUMEM
pluto-prod-yutengl-dev-202-3-0:2326851:2326851 [0] NCCL INFO Channel 23/0 : 0[0] -> 1[1] via P2P/CUMEM
pluto-prod-yutengl-dev-202-3-0:2326851:2326851 [0] NCCL INFO Connected all rings, use ring PXN 0 GDR 1
pluto-prod-yutengl-dev-202-3-0:2326851:2326851 [0] NCCL INFO comm 0x55737310df60 rank 0 nranks 2 cudaDev 0 busId 64000 - Destroy COMPLETE
pluto-prod-yutengl-dev-202-3-0:2326851:2326851 [0] NCCL INFO comm 0x557374084e40 rank 0 nranks 2 cudaDev 0 busId 64000 - Destroy COMPLETE
pluto-prod-yutengl-dev-202-3-0:2326851:2326851 [0] NCCL INFO comm 0x5573738d7f40 rank 0 nranks 2 cudaDev 0 busId 64000 - Destroy COMPLETE
pluto-prod-yutengl-dev-202-3-0:2326851:2326851 [0] NCCL INFO comm 0x557371e120e0 rank 0 nranks 2 cudaDev 0 busId 64000 - Destroy COMPLETE
pluto-prod-yutengl-dev-202-3-0:2326851:2326851 [0] NCCL INFO comm 0x557369fd65c0 rank 0 nranks 2 cudaDev 0 busId 64000 - Destroy COMPLETE
pluto-prod-yutengl-dev-202-3-0:2326852:2326852 [1] NCCL INFO ENV/Plugin: Closing env plugin ncclEnvDefault
pluto-prod-yutengl-dev-202-3-0:2326851:2326851 [0] NCCL INFO ENV/Plugin: Closing env plugin ncclEnvDefault
[09-15 17:36:38] Stage generation stopped
PASSED
tests/integration/cosmos3/test_super_gpu.py::test_super_generation[sound] Failed to import mooncake: No module named 'mooncake'. MooncakeRelay will not work. Install with: pip install mooncake-transfer-engine
Failed to import nixl: No module named 'nixl'. NixlRelay will not work.
Failed to import torchada: No module named 'torchada'. MUSA platform compatibility will not work.
[09-15 17:36:53] Auto memory policy for Cosmos3Config: 78.7 GiB of free device memory selects layerwise offload for text_encoder, image_encoder, vae. Explicit placement flags always win, and the per-component lines below say where each one's weights landed -- see the model's cookbook page for what to expect from your memory budget.
[93m[09-15 17:36:53] Cosmos3Config keeps its DiT resident with 78.7 GiB of device memory available, below the 120.0 GiB this model declares as its threshold for keeping components resident. The DiT is not in the automatic layerwise selection because the model does not list 'auto' in dit_layerwise_offload_modes. If the DiT does not fit, pass --layerwise-offload-components dit,... explicitly, or add the mode to the model's deployment config.[0;0m
[09-15 17:36:53] Diffusers version: 0.37.1
[09-15 17:36:53] Automatically enabled CFG parallel at degree 2 for 2 GPUs. Use --sp-degree / --ulysses-degree to use sequence parallelism instead.
[09-15 17:36:53] Proposed encoder parallel folding (mode=world) for ServerArgs (tp=1 sp=1 cfg=2 replica=2); the loader keeps it for encoders wide enough to benefit.
[09-15 17:36:53] Using layerwise offload components: text_encoder, image_encoder, vae, transformer. This reduces peak GPU memory and can increase latency; use --performance-mode speed for GPU-resident defaults when memory allows.
[09-15 17:36:53] server_args: {"model_path": "/mnt/localssd/models/Cosmos3-Super-fe77b66696d645f663b8f27e942b3b43e4629e23", "model_subfolder": null, "model_variant": null, "model_id": null, "served_model_name": "/mnt/localssd/models/Cosmos3-Super-fe77b66696d645f663b8f27e942b3b43e4629e23", "backend": "auto", "attention_backend": null, "attention_backend_config": {}, "component_attention_backends": {}, "cache_dit_config": null, "nccl_port": null, "enable_nccl_nvls": false, "trust_remote_code": false, "revision": null, "num_gpus": 2, "performance_mode": "auto", "base_gpu_id": 0, "gpu_ids": [0, 1], "nnodes": 1, "node_rank": 0, "dist_init_addr": null, "tp_size": 1, "sp_degree": 1, "ulysses_degree": 1, "ring_degree": 1, "kv_gather_degree": 1, "sp_split_auto": false, "dp_size": 1, "enable_cfg_parallel": true, "cfg_parallel_degree": 2, "encoder_parallel": "auto", "hsdp_replicate_dim": 1, "hsdp_shard_dim": 2, "dist_timeout": 3600, "scheduler_rpc_timeout": null, "pipeline_class_name": null, "lora_path": null, "lora_nickname": "default", "lora_scale": 1.0, "lora_alpha": null, "lora_merge_mode": "auto", "lora_weight_name": null, "component_paths": {}, "component_weights_paths": {}, "component_direct_gpu_weight_loading": {}, "component_quantizations": {}, "component_precisions": {}, "component_quantization_ignored_layers": {}, "load_diffusion_decoder": false, "transformer_weights_path": null, "minimax_h3_adaln_cache_path": null, "minimax_h3_adaln_online": false, "minimax_h3_adaln_plan_width": 4, "quantization": null, "quantization_ignored_layers": null, "lora_target_modules": null, "component_residency": {"transformer": "layerwise-offload"}, "cpu_offload_components": null, "dit_cpu_offload": true, "direct_gpu_weight_loading": false, "dit_layerwise_offload": false, "layerwise_offload_components": ["text_encoder", "image_encoder", "vae"], "dit_offload_prefetch_size": 0.0, "dit_layerwise_resident_layers": 0.0, "dit_layerwise_residency_policy": "leading", "layerwise_prefetch_size": {}, "layerwise_resident_layers": {"transformer": 1}, "layerwise_residency_policy": {}, "offload_during_compile": true, "text_encoder_cpu_offload": false, "image_encoder_cpu_offload": false, "vae_cpu_offload": false, "use_fsdp_inference": true, "pin_cpu_memory": true, "ltx2_two_stage_device_mode": null, "comfyui_mode": false, "enable_torch_compile": false, "regional_compile": false, "enable_breakable_cuda_graph": false, "bcg_text_buckets": null, "enable_layerwise_nvtx_marker": false, "warmup_mode": "off", "warmup_resolutions": null, "warmup_num_frames": null, "warmup_steps": 1, "disable_autocast": false, "master_port": 30005, "host": "127.0.0.1", "port": 30000, "webui": false, "webui_port": 12312, "scheduler_port": 5654, "scheduler_ports": [5654], "batching_mode": "dynamic", "batching_max_size": 1, "batching_delay_ms": 0.0, "batching_config": null, "enable_batching_metrics": false, "strict_ports": false, "output_path": "outputs/", "input_save_path": "inputs/uploads", "prompt_file_path": null, "model_paths": {}, "model_loaded": {"transformer": true, "vae": true, "video_vae": true, "audio_vae": true, "video_dit": true, "audio_dit": true, "dual_tower_bridge": true}, "boundary_ratio": null, "disagg_role": "monolithic", "disagg_timeout": 3600, "disagg_downstream_wait_timeout": 1800, "disagg_dispatch_policy": "round_robin", "disagg_mode": false, "disagg_instance_id": 0, "disagg_max_slots_per_instance": 8, "disagg_transfer_redundancy": 1.25, "disagg_role_device": "auto", "disagg_transfer_backend": "auto", "disagg_transfer_pool_size": 268435456, "disagg_transfer_pin_memory": "auto", "disagg_p2p_hostname": "127.0.0.1", "disagg_ib_device": null, "disagg_server_addr": null, "encoder_urls": null, "denoiser_urls": null, "decoder_urls": null, "encoder_tp": null, "denoiser_tp": null, "denoiser_sp": null, "denoiser_ulysses": null, "denoiser_ring": null, "decoder_sp": null, "pool_work_endpoint": null, "pool_result_endpoint": null, "pool_control_endpoint": null, "pool_control_advertised_endpoint": null, "log_level": "info", "log_requests": false, "log_requests_level": 2, "log_requests_format": "text", "log_requests_target": null, "uvicorn_access_log_exclude_prefixes": [], "enable_cache_report": false, "enable_trace": false, "otlp_traces_endpoint": "localhost:4317", "srt_encoder_url": null, "srt_encoder_connect_timeout": 3.05, "srt_encoder_timeout": 100, "pe_server_url": null}
[09-15 17:36:53] Local mode: True
[09-15 17:36:53] Starting server...
[09-15 17:37:05] Scheduler (dp replica 0) bind at endpoint: tcp://127.0.0.1:5654
[09-15 17:37:06] torch.compile cache: TORCHINDUCTOR_CACHE_DIR=/mnt/localssd/.cache/sgl_diffusion/torch_compile_cache/inductor TRITON_CACHE_DIR=/mnt/localssd/.cache/sgl_diffusion/torch_compile_cache/triton
[09-15 17:37:06] Initializing distributed environment with world_size=2, device=cuda:0, timeout=3600
[09-15 17:37:06] Setting distributed timeout to 3600 seconds
libfabric:2329975:1789519026::core:core:cuda_gdrcopy_hmem_init():192<warn> gdrcopy_dl_hmem_init failed!
libfabric:2329976:1789519026::core:core:cuda_gdrcopy_hmem_init():192<warn> gdrcopy_dl_hmem_init failed!
libfabric:2329975:1789519026::core:core:fi_getinfo_():1392<warn> fi_getinfo: provider efa output empty list
libfabric:2329976:1789519026::core:core:fi_getinfo_():1392<warn> fi_getinfo: provider efa output empty list
pluto-prod-yutengl-dev-202-3-0:2329975:2329975 [0] NCCL INFO ENV/Plugin: Could not find: libnccl-env.so
pluto-prod-yutengl-dev-202-3-0:2329975:2329975 [0] NCCL INFO Bootstrap: Using eth0:10.91.207.160<0>
pluto-prod-yutengl-dev-202-3-0:2329975:2329975 [0] NCCL INFO cudaDriverVersion 13000
pluto-prod-yutengl-dev-202-3-0:2329975:2329975 [0] NCCL INFO NCCL version 2.29.7+cuda13.2
pluto-prod-yutengl-dev-202-3-0:2329975:2329975 [0] NCCL INFO NCCL git version stable b81d6a5a3
pluto-prod-yutengl-dev-202-3-0:2329975:2329975 [0] NCCL INFO Comm config Blocking set to 1
pluto-prod-yutengl-dev-202-3-0:2329975:2329975 [0] NCCL INFO NET/Plugin: Loaded net plugin Libfabric (v10)
pluto-prod-yutengl-dev-202-3-0:2329975:2329975 [0] NCCL INFO Successfully loaded external network plugin /opt/aws-ofi-nccl/install/lib/libnccl-net.so
pluto-prod-yutengl-dev-202-3-0:2329975:2329975 [0] NCCL INFO NET/OFI Initializing aws-ofi-nccl 1.16.1
pluto-prod-yutengl-dev-202-3-0:2329975:2329975 [0] NCCL INFO NET/OFI Using Libfabric version 2.1
pluto-prod-yutengl-dev-202-3-0:2329975:2329975 [0] NCCL INFO NET/OFI Using CUDA driver version 13000 with runtime 12080
pluto-prod-yutengl-dev-202-3-0:2329975:2329975 [0] NCCL INFO NET/OFI Configuring AWS-specific options
pluto-prod-yutengl-dev-202-3-0:2329975:2329975 [0] NCCL INFO NET/OFI Internode latency set at 75.0 us
pluto-prod-yutengl-dev-202-3-0:2329975:2329975 [0] NCCL INFO NET/OFI Using transport protocol RDMA (platform set)
pluto-prod-yutengl-dev-202-3-0:2329975:2329975 [0] NCCL INFO NET/OFI No eligible providers were found

[2026-09-15 17:37:06] pluto-prod-yutengl-dev-202-3-0:2329975:2329975 [0] int nccl_net_ofi_create_plugin(nccl_net_ofi_plugin_t**):215 NCCL WARN NET/OFI Failed to initialize rdma protocol

[2026-09-15 17:37:06] pluto-prod-yutengl-dev-202-3-0:2329975:2329975 [0] int nccl_net_ofi_create_plugin(nccl_net_ofi_plugin_t**):352 NCCL WARN NET/OFI aws-ofi-nccl initialization failed

[2026-09-15 17:37:06] pluto-prod-yutengl-dev-202-3-0:2329975:2329975 [0] ncclResult_t nccl_net_ofi_init_v6(ncclDebugLogger_t):166 NCCL WARN NET/OFI Initializing plugin failed
pluto-prod-yutengl-dev-202-3-0:2329975:2329975 [0] NCCL INFO plugin/net/net_v10.cc:82 -> 2
pluto-prod-yutengl-dev-202-3-0:2329975:2329975 [0] NCCL INFO Failed to initialize NET plugin Libfabric
pluto-prod-yutengl-dev-202-3-0:2329975:2329975 [0] NCCL INFO NET/IB : No device found.
pluto-prod-yutengl-dev-202-3-0:2329975:2329975 [0] NCCL INFO NET/IB : Using [RO]; OOB eth0:10.91.207.160<0>
pluto-prod-yutengl-dev-202-3-0:2329975:2329975 [0] NCCL INFO Failed to initialize NET plugin IB
pluto-prod-yutengl-dev-202-3-0:2329975:2329975 [0] NCCL INFO NET/Socket : Using [0]eth0:10.91.207.160<0>
pluto-prod-yutengl-dev-202-3-0:2329975:2329975 [0] NCCL INFO Initialized NET plugin Socket
pluto-prod-yutengl-dev-202-3-0:2329975:2329975 [0] NCCL INFO Assigned NET plugin Socket to comm
pluto-prod-yutengl-dev-202-3-0:2329975:2329975 [0] NCCL INFO GIN/Plugin: Could not find: libnccl-gin.so
pluto-prod-yutengl-dev-202-3-0:2329975:2329975 [0] NCCL INFO Successfully loaded external gin plugin /opt/aws-ofi-nccl/install/lib/libnccl-net.so
pluto-prod-yutengl-dev-202-3-0:2329975:2329975 [0] NCCL INFO Failed to initialize any GIN plugin
pluto-prod-yutengl-dev-202-3-0:2329975:2329975 [0] NCCL INFO Using network Socket
pluto-prod-yutengl-dev-202-3-0:2329975:2329975 [0] NCCL INFO [Rank 0] ncclCommInitRankConfig comm 0x560093bc23d0 rank 0 nranks 2 cudaDev 0 nvmlDev 0 busId 64000 commId 0xe63c2f9e121fecea - Init START
pluto-prod-yutengl-dev-202-3-0:2329975:2329975 [0] NCCL INFO RAS client listening socket at ::1<28028>
pluto-prod-yutengl-dev-202-3-0:2329975:2329975 [0] NCCL INFO Bootstrap timings total 0.004080 (create 0.000076, send 0.000253, recv 0.002967, ring 0.000037, delay 0.000001)
pluto-prod-yutengl-dev-202-3-0:2329975:2329975 [0] NCCL INFO MNNVL busId 0x64000 fabric UUID 0.0 cliqueId 0x0 state 3 healthMask 0x0
pluto-prod-yutengl-dev-202-3-0:2329975:2329975 [0] NCCL INFO ncclTopoGetCpuAffinity: Affinity for GPU 0 is 0-47,96-143. (GPU affinity = 0-47,96-143 ; CPU affinity = 0-191pluto-prod-yutengl-dev-202-3-0:2329976:2329976 [1] NCCL INFO ENV/Plugin: Could not find: libnccl-env.so
pluto-prod-yutengl-dev-202-3-0:2329976:2329976 [1] NCCL INFO cudaDriverVersion 13000
pluto-prod-yutengl-dev-202-3-0:2329976:2329976 [1] NCCL INFO Bootstrap: Using eth0:10.91.207.160<0>
pluto-prod-yutengl-dev-202-3-0:2329976:2329976 [1] NCCL INFO NCCL version 2.29.7+cuda13.2
pluto-prod-yutengl-dev-202-3-0:2329976:2329976 [1] NCCL INFO NCCL git version stable b81d6a5a3
pluto-prod-yutengl-dev-202-3-0:2329976:2329976 [1] NCCL INFO Comm config Blocking set to 1
pluto-prod-yutengl-dev-202-3-0:2329976:2329976 [1] NCCL INFO NET/Plugin: Loaded net plugin Libfabric (v10)
pluto-prod-yutengl-dev-202-3-0:2329976:2329976 [1] NCCL INFO Successfully loaded external network plugin /opt/aws-ofi-nccl/install/lib/libnccl-net.so
pluto-prod-yutengl-dev-202-3-0:2329976:2329976 [1] NCCL INFO NET/OFI Initializing aws-ofi-nccl 1.16.1
pluto-prod-yutengl-dev-202-3-0:2329976:2329976 [1] NCCL INFO NET/OFI Using Libfabric version 2.1
pluto-prod-yutengl-dev-202-3-0:2329976:2329976 [1] NCCL INFO NET/OFI Using CUDA driver version 13000 with runtime 12080
pluto-prod-yutengl-dev-202-3-0:2329976:2329976 [1] NCCL INFO NET/OFI Configuring AWS-specific options
pluto-prod-yutengl-dev-202-3-0:2329976:2329976 [1] NCCL INFO NET/OFI Internode latency set at 75.0 us
pluto-prod-yutengl-dev-202-3-0:2329976:2329976 [1] NCCL INFO NET/OFI Using transport protocol RDMA (platform set)
pluto-prod-yutengl-dev-202-3-0:2329976:2329976 [1] NCCL INFO NET/OFI No eligible providers were found

[2026-09-15 17:37:06] pluto-prod-yutengl-dev-202-3-0:2329976:2329976 [1] int nccl_net_ofi_create_plugin(nccl_net_ofi_plugin_t**):215 NCCL WARN NET/OFI Failed to initialize rdma protocol

[2026-09-15 17:37:06] pluto-prod-yutengl-dev-202-3-0:2329976:2329976 [1] int nccl_net_ofi_create_plugin(nccl_net_ofi_plugin_t**):352 NCCL WARN NET/OFI aws-ofi-nccl initialization failed

[2026-09-15 17:37:06] pluto-prod-yutengl-dev-202-3-0:2329976:2329976 [1] ncclResult_t nccl_net_ofi_init_v6(ncclDebugLogger_t):166 NCCL WARN NET/OFI Initializing plugin failed
pluto-prod-yutengl-dev-202-3-0:2329976:2329976 [1] NCCL INFO plugin/net/net_v10.cc:82 -> 2
pluto-prod-yutengl-dev-202-3-0:2329976:2329976 [1] NCCL INFO Failed to initialize NET plugin Libfabric
pluto-prod-yutengl-dev-202-3-0:2329976:2329976 [1] NCCL INFO NET/IB : No device found.
pluto-prod-yutengl-dev-202-3-0:2329976:2329976 [1] NCCL INFO NET/IB : Using [RO]; OOB eth0:10.91.207.160<0>
pluto-prod-yutengl-dev-202-3-0:2329976:2329976 [1] NCCL INFO Failed to initialize NET plugin IB
pluto-prod-yutengl-dev-202-3-0:2329976:2329976 [1] NCCL INFO NET/Socket : Using [0]eth0:10.91.207.160<0>
pluto-prod-yutengl-dev-202-3-0:2329976:2329976 [1] NCCL INFO Initialized NET plugin Socket
pluto-prod-yutengl-dev-202-3-0:2329976:2329976 [1] NCCL INFO Assigned NET plugin Socket to comm
pluto-prod-yutengl-dev-202-3-0:2329976:2329976 [1] NCCL INFO GIN/Plugin: Could not find: libnccl-gin.so
pluto-prod-yutengl-dev-202-3-0:2329976:2329976 [1] NCCL INFO Successfully loaded external gin plugin /opt/aws-ofi-nccl/install/lib/libnccl-net.so
pluto-prod-yutengl-dev-202-3-0:2329976:2329976 [1] NCCL INFO Failed to initialize any GIN plugin
pluto-prod-yutengl-dev-202-3-0:2329976:2329976 [1] NCCL INFO Using network Socket
pluto-prod-yutengl-dev-202-3-0:2329976:2329976 [1] NCCL INFO [Rank 1] ncclCommInitRankConfig comm 0x55a383a60970 rank 1 nranks 2 cudaDev 1 nvmlDev 1 busId 75000 commId 0xe63c2f9e121fecea - Init START
pluto-prod-yutengl-dev-202-3-0:2329976:2329976 [1] NCCL INFO RAS client listening socket at ::1<28028>
pluto-prod-yutengl-dev-202-3-0:2329976:2329976 [1] NCCL INFO Bootstrap timings total 0.001283 (create 0.000071, send 0.000122, recv 0.000454, ring 0.000039, delay 0.000001)
pluto-prod-yutengl-dev-202-3-0:2329976:2329976 [1] NCCL INFO MNNVL busId 0x75000 fabric UUID 0.0 cliqueId 0x0 state 3 healthMask 0x0
pluto-prod-yutengl-dev-202-3-0:2329976:2329976 [1] NCCL INFO ncclTopoGetCpuAffinity: Affinity for GPU 1 is 0-47,96-143. (GPU affinity = 0-47,96-143 ; CPU affinity = 0-191).
pluto-prod-yutengl-dev-202-3-0:2329975:2329975 [0] NCCL INFO NVLS multicast support is available on dev 0 (NVLS_NCHANNELS 16)
pluto-prod-yutengl-dev-202-3-0:2329975:2329975 [0] NCCL INFO comm 0x560093bc23d0 rank 0 nRanks 2 nNodes 1 localRanks 2 localRank 0 MNNVL 0
pluto-prod-yutengl-dev-202-3-0:2329975:2329975 [0] NCCL INFO Channel 00/24 : 0 1
pluto-prod-yutengl-dev-202-3-0:2329975:2329975 [0] NCCL INFO Channel 01/24 : 0 1
pluto-prod-yutengl-dev-202-3-0:2329975:2329975 [0] NCCL INFO Channel 02/24 : 0 1
pluto-prod-yutengl-dev-202-3-0:2329975:2329975 [0] NCCL INFO Channel 03/24 : 0 1
pluto-prod-yutengl-dev-202-3-0:2329975:2329975 [0] NCCL INFO Channel 04/24 : 0 1
pluto-prod-yutengl-dev-202-3-0:2329975:2329975 [0] NCCL INFO Channel 05/24 : 0 1
pluto-prod-yutengl-dev-202-3-0:2329975:2329975 [0] NCCL INFO Channel 06/24 : 0 1
pluto-prod-yutengl-dev-202-3-0:2329975:2329975 [0] NCCL INFO Channel 07/24 : 0 1
pluto-prod-yutengl-dev-202-3-0:2329975:2329975 [0] NCCL INFO Channel 08/24 : 0 1
pluto-prod-yutengl-dev-202-3-0:2329975:2329975 [0] NCCL INFO Channel 09/24 : 0 1
pluto-prod-yutengl-dev-202-3-0:2329975:2329975 [0] NCCL INFO Channel 10/24 : 0 1
pluto-prod-yutengl-dev-202-3-0:2329975:2329975 [0] NCCL INFO Channel 11/24 : 0 1
pluto-prod-yutengl-dev-202-3-0:2329975:2329975 [0] NCCL INFO Channel 12/24 : 0 1
pluto-prod-yutengl-dev-202-3-0:2329975:2329975 [0] NCCL INFO Channel 13/24 : 0 1
pluto-prod-yutengl-dev-202-3-0:2329975:2329975 [0] NCCL INFO Channel 14/24 : 0 1
pluto-prod-yutengl-dev-202-3-0:2329975:2329975 [0] NCCL INFO Channel 15/24 : 0 1
pluto-prod-yutengl-dev-202-3-0:2329975:2329975 [0] NCCL INFO Channel 16/24 : 0 1
pluto-prod-yutengl-dev-202-3-0:2329975:2329975 [0] NCCL INFO Channel 17/24 : 0 1
pluto-prod-yutengl-dev-202-3-0:2329975:2329975 [0] NCCL INFO Channel 18/24 : 0 1
pluto-prod-yutengl-dev-202-3-0:2329975:2329975 [0] NCCL INFO Channel 19/24 : 0 1
pluto-prod-yutengl-dev-202-3-0:2329975:2329975 [0] NCCL INFO Channel 20/24 : 0 1
pluto-prod-yutengl-dev-202-3-0:2329975:2329975 [0] NCCL INFO Channel 21/24 : 0 1
pluto-prod-yutengl-dev-202-3-0:2329975:2329975 [0] NCCL INFO Channel 22/24 : 0 1
pluto-prod-yutengl-dev-202-3-0:2329975:2329975 [0] NCCL INFO Channel 23/24 : 0 1
pluto-prod-yutengl-dev-202-3-0:2329975:2329975 [0] NCCL INFO Trees [0] 1/-1/-1->0->-1 [1] 1/-1/-1->0->-1 [2] 1/-1/-1->0->-1 [3] 1/-1/-1->0->-1 [4] 1/-1/-1->0->-1 [5] 1/-1/-1->0->-1 [6] -1/-1/-1->0->1 [7] -1/-1/-1->0->1 [8] -1/-1/-1->0->1 [9] -1/-1/-1->0->1 [10] -1/-1/-1->0->1 [11] -1/-1/-1->0->1 [12] 1/-1/-1->0->-1 [13] 1/-1/-1->0->-1 [14] 1/-1/-1->0->-1 [15] 1/-1/-1->0->-1 [16] 1/-1/-1->0->-1 [17] 1/-1/-1->0->-1 [18] -1/-1/-1->0->1 [19] -1/-1/-1->0->1 [20] -1/-1/-1->0->1 [21] -1/-1/-1->0->1 [22] -1/-1/-1->0->1 [23] -1/-1/-1->0->1
pluto-prod-yutengl-dev-202-3-0:2329975:2329975 [0] NCCL INFO P2P Chunksize set to 524288
pluto-prod-yutengl-dev-202-3-0:2329975:2329975 [0] NCCL INFO PROFILER/Plugin: Could not find: libnccl-profiler.so
pluto-prod-yutengl-dev-202-3-0:2329975:2329975 [0] NCCL INFO Check P2P Type isAllDirectP2p 1 directMode 0 isAllCudaP2p 1
pluto-prod-yutengl-dev-202-3-0:2329975:2330618 [0] NCCL INFO [Proxy Service] Device 0 CPU core 28
pluto-prod-yutengl-dev-202-3-0:2329975:2330619 [0] NCCL INFO [Proxy Service UDS] Device 0 CPU core 139
pluto-prod-yutengl-dev-202-3-0:2329975:2329975 [0] NCCL INFO TUNER/Plugin: Could not find: libnccl-tuner.so
pluto-prod-yutengl-dev-202-3-0:2329975:2329975 [0] NCCL INFO TUNER/Plugin: Using nccl_ofi_tuner (v3)
pluto-prod-yutengl-dev-202-3-0:2329975:2329975 [0] NCCL INFO NET/OFI Region base Tuner is chosen for platform: p5.48xlarge
pluto-prod-yutengl-dev-202-3-0:2329975:2329975 [0] NCCL INFO NET/OFI Region Tuner init (platform 0): comm with 2 ranks and 1 nodes.
pluto-prod-yutengl-dev-202-3-0:2329975:2329975 [0] NCCL INFO NET/OFI Tuner init: comm with 2 ranks and 1 nodes.
pluto-prod-yutengl-dev-202-3-0:2329975:2329975 [0] NCCL INFO threadThresholds 8/8/64 | 16/8/64 | 512 | 512
pluto-prod-yutengl-dev-202-3-0:2329975:2329975 [0] NCCL INFO 24 coll channels, 24 collnet channels, 16 nvls channels, 32 p2p channels, 32 p).
pluto-prod-yutengl-dev-202-3-0:2329976:2329976 [1] NCCL INFO NVLS multicast support is available on dev 1 (NVLS_NCHANNELS 16)
pluto-prod-yutengl-dev-202-3-0:2329976:2329976 [1] NCCL INFO comm 0x55a383a60970 rank 1 nRanks 2 nNodes 1 localRanks 2 localRank 1 MNNVL 0
pluto-prod-yutengl-dev-202-3-0:2329976:2329976 [1] NCCL INFO Trees [0] -1/-1/-1->1->0 [1] -1/-1/-1->1->0 [2] -1/-1/-1->1->0 [3] -1/-1/-1->1->0 [4] -1/-1/-1->1->0 [5] -1/-1/-1->1->0 [6] 0/-1/-1->1->-1 [7] 0/-1/-1->1->-1 [8] 0/-1/-1->1->-1 [9] 0/-1/-1->1->-1 [10] 0/-1/-1->1->-1 [11] 0/-1/-1->1->-1 [12] -1/-1/-1->1->0 [13] -1/-1/-1->1->0 [14] -1/-1/-1->1->0 [15] -1/-1/-1->1->0 [16] -1/-1/-1->1->0 [17] -1/-1/-1->1->0 [18] 0/-1/-1->1->-1 [19] 0/-1/-1->1->-1 [20] 0/-1/-1->1->-1 [21] 0/-1/-1->1->-1 [22] 0/-1/-1->1->-1 [23] 0/-1/-1->1->-1
pluto-prod-yutengl-dev-202-3-0:2329976:2329976 [1] NCCL INFO P2P Chunksize set to 524288
pluto-prod-yutengl-dev-202-3-0:2329976:2329976 [1] NCCL INFO PROFILER/Plugin: Could not find: libnccl-profiler.so
pluto-prod-yutengl-dev-202-3-0:2329976:2329976 [1] NCCL INFO Check P2P Type isAllDirectP2p 1 directMode 0 isAllCudaP2p 1
pluto-prod-yutengl-dev-202-3-0:2329976:2330620 [0] NCCL INFO [Proxy Service] Device 1 CPU core 2
pluto-prod-yutengl-dev-202-3-0:2329976:2330621 [0] NCCL INFO [Proxy Service UDS] Device 1 CPU core 112
pluto-prod-yutengl-dev-202-3-0:2329976:2329976 [1] NCCL INFO TUNER/Plugin: Could not find: libnccl-tuner.so
pluto-prod-yutengl-dev-202-3-0:2329976:2329976 [1] NCCL INFO TUNER/Plugin: Using nccl_ofi_tuner (v3)
pluto-prod-yutengl-dev-202-3-0:2329976:2329976 [1] NCCL INFO NET/OFI Region base Tuner is chosen for platform: p5.48xlarge
pluto-prod-yutengl-dev-202-3-0:2329976:2329976 [1] NCCL INFO NET/OFI Region Tuner init (platform 0): comm with 2 ranks and 1 nodes.
pluto-prod-yutengl-dev-202-3-0:2329976:2329976 [1] NCCL INFO NET/OFI Tuner init: comm with 2 ranks and 1 nodes.
pluto-prod-yutengl-dev-202-3-0:2329976:2329976 [1] NCCL INFO threadThresholds 8/8/64 | 16/8/64 | 512 | 512
pluto-prod-yutengl-dev-202-3-0:2329976:2329976 [1] NCCL INFO 24 coll channels, 24 collnet channels, 16 nvls channels, 32 p2p channels, 32 p2p channels per peer
pluto-prod-yutengl-dev-202-3-0:2329976:2329976 [1] NCCL INFO Symmetric VA size=80GB
pluto-prod-yutengl-dev-202-3-0:2329976:2329976 [1] NCCL INFO ncclCommInitRankConfig comm 0x55a383a60970 rank 1 nranks 2 cudaDev 1 nvmlDev 1 busId 75000 commId 0xe63c2f9e121fecea - Init COMPLETE
pluto-prod-yutengl-dev-202-3-0:2329976:2329976 [1] NCCL INFO Init timings - ncclCommInitRankConfig: rank 1 nranks 2 total 0.54 (kernels 0.32, alloc 0.08, bootstrap 0.00, allgathers 0.00, topo 0.03, graphs 0.00, connections 0.10, rest 0.01)
pluto-prod-yutengl-dev-202-3-0:2329976:2329976 [1] NCCL INFO Comm config Blocking set to 1
pluto-prod-yutengl-dev-202-3-0:2329976:2329976 [1] NCCL INFO Initialized NET plugin Socket
pluto-prod-yutengl-dev-202-3-0:2329976:2329976 [1] NCCL INFO Assigned NET plugin Socket to comm
pluto-prod-yutengl-dev-202-3-0:2329976:2329976 [1] NCCL INFO Failed to initialize any GIN plugin
pluto-prod-yutengl-dev-202-3-0:2329976:2329976 [1] NCCL INFO Using network Socket
pluto-prod-yutengl-dev-202-3-0:2329976:2329976 [1] NCCL INFO ncclCommSplit comm 0x55a38b89ac00 rank 1 nranks 2 cudaDev 1 nvmlDev 1 busId 75000 parent 0x55a383a60970 childCount 1 color 2130503744 key 1- Init START
pluto-prod-yutengl-dev-202-3-0:2329976:2329976 [1] NCCL INFO MNNVL busId 0x75000 fabric UUID 0.0 cliqueId 0x0 state 3 healthMask 0x0
pluto-prod-yutengl-dev-202-3-0:2329976:2329976 [1] NCCL INFO ncclTopoGetCpuAffinity: Affinity for GPU 1 is 0-47,96-143. (GPU affinity = 0-47,96-143 ; CPU affinity = 0-47,96-143).
pluto-prod-yutengl-dev-202-3-0:2329976:2329976 [1] NCCL INFO NVLS multicast support is available on dev 1 (NVLS_NCHANNELS 16)
pluto-prod-yutengl-dev-202-3-0:2329976:2329976 [1] NCCL INFO comm 0x55a38b89ac00 rank 1 nRanks 2 nNodes 1 localRanks 2 localRank 1 MNNVL 0
pluto-prod-yutengl-dev-202-3-0:2329976:2329976 [1] NCCL INFO Trees [0] -1/-1/-1->1->0 [1] -1/-1/-1->1->0 [2] -1/-1/-1->1->0 [3] -1/-1/-1->1->0 [4] -1/-1/-1->1-2p channels per peer
pluto-prod-yutengl-dev-202-3-0:2329975:2329975 [0] NCCL INFO Symmetric VA size=80GB
pluto-prod-yutengl-dev-202-3-0:2329975:2329975 [0] NCCL INFO CC Off, workFifoBytes 1048576
pluto-prod-yutengl-dev-202-3-0:2329975:2329975 [0] NCCL INFO ncclCommInitRankConfig comm 0x560093bc23d0 rank 0 nranks 2 cudaDev 0 nvmlDev 0 busId 64000 commId 0xe63c2f9e121fecea - Init COMPLETE
pluto-prod-yutengl-dev-202-3-0:2329975:2329975 [0] NCCL INFO Init timings - ncclCommInitRankConfig: rank 0 nranks 2 total 0.54 (kernels 0.32, alloc 0.08, bootstrap 0.00, allgathers 0.00, topo 0.03, graphs 0.00, connections 0.10, rest 0.01)
pluto-prod-yutengl-dev-202-3-0:2329975:2329975 [0] NCCL INFO Comm config Blocking set to 1
pluto-prod-yutengl-dev-202-3-0:2329975:2329975 [0] NCCL INFO Initialized NET plugin Socket
pluto-prod-yutengl-dev-202-3-0:2329975:2329975 [0] NCCL INFO Assigned NET plugin Socket to comm
pluto-prod-yutengl-dev-202-3-0:2329975:2329975 [0] NCCL INFO Failed to initialize any GIN plugin
pluto-prod-yutengl-dev-202-3-0:2329975:2329975 [0] NCCL INFO Using network Socket
pluto-prod-yutengl-dev-202-3-0:2329975:2329975 [0] NCCL INFO ncclCommSplit comm 0x56009b9f88e0 rank 0 nranks 2 cudaDev 0 nvmlDev 0 busId 64000 parent 0x560093bc23d0 childCount 1 color 2130503744 key 0- Init START
pluto-prod-yutengl-dev-202-3-0:2329975:2329975 [0] NCCL INFO MNNVL busId 0x64000 fabric UUID 0.0 cliqueId 0x0 state 3 healthMask 0x0
pluto-prod-yutengl-dev-202-3-0:2329975:2329975 [0] NCCL INFO ncclTopoGetCpuAffinity: Affinity for GPU 0 is 0-47,96-143. (GPU affinity = 0-47,96-143 ; CPU affinity = 0-47,96-143).
pluto-prod-yutengl-dev-202-3-0:2329975:2329975 [0] NCCL INFO NVLS multicast support is available on dev 0 (NVLS_NCHANNELS 16)
pluto-prod-yutengl-dev-202-3-0:2329975:2329975 [0] NCCL INFO comm 0x56009b9f88e0 rank 0 nRanks 2 nNodes 1 localRanks 2 localRank 0 MNNVL 0
pluto-prod-yutengl-dev-202-3-0:2329975:2329975 [0] NCCL INFO Channel 00/24 : 0 1
pluto-prod-yutengl-dev-202-3-0:2329975:2329975 [0] NCCL INFO Channel 01/24 : 0 1
pluto-prod-yutengl-dev-202-3-0:2329975:2329975 [0] NCCL INFO Channel 02/24 : 0 1
pluto-prod-yutengl-dev-202-3-0:2329975:2329975 [0] NCCL INFO Channel 03/24 : 0 1
pluto-prod-yutengl-dev-202-3-0:2329975:2329975 [0] NCCL INFO Channel 04/24 : 0 1
pluto-prod-yutengl-dev-202-3-0:2329975:2329975 [0] NCCL INFO Channel 05/24 : 0 1
pluto-prod-yutengl-dev-202-3-0:2329975:2329975 [0] NCCL INFO Channel 06/24 : 0 1
pluto-prod-yutengl-dev-202-3-0:2329975:2329975 [0] NCCL INFO Channel 07/24 : 0 1
pluto-prod-yutengl-dev-202-3-0:2329975:2329975 [0] NCCL INFO Channel 08/24 : 0 1
pluto-prod-yutengl-dev-202-3-0:2329975:2329975 [0] NCCL INFO Channel 09/24 : 0 1
pluto-prod-yutengl-dev-202-3-0:2329975:2329975 [0] NCCL INFO Channel 10/24 : 0 1
pluto-prod-yutengl-dev-202-3-0:2329975:2329975 [0] NCCL INFO Channel 11/24 : 0 1
pluto-prod-yutengl-dev-202-3-0:2329975:2329975 [0] NCCL INFO Channel 12/24 : 0 1
pluto-prod-yutengl-dev-202-3-0:2329975:2329975 [0] NCCL INFO Channel 13/24 : 0 1
pluto-prod-yutengl-dev-202-3-0:2329975:2329975 [0] NCCL INFO Channel 14/24 : 0 1
pluto-prod-yutengl-dev-202-3-0:2329975:2329975 [0] NCCL INFO Channel 15/24 : 0 1
pluto-prod-yutengl-dev-202-3-0:2329975:2329975 [0] NCCL INFO Channel 16/24 : 0 1
pluto-prod-yutengl-dev-202-3-0:2329975:2329975 [0] NCCL INFO Channel 17/24 : 0 1
pluto-prod-yutengl-dev-202-3-0:2329975:2329975 [0] NCCL INFO Channel 18/24 : 0 1
pluto-prod-yutengl-dev-202-3-0:2329975:2329975 [0] NCCL INFO Channel 19/24 : 0 1
pluto-prod-yutengl-dev-202-3-0:2329975:2329975 [0] NCCL INFO Channel 20/24 : 0 1
pluto-prod-yutengl-dev-202-3-0:2329975:2329975 [0] NCCL INFO Channel 21/24 : 0 1
pluto-prod-yutengl-dev-202-3-0:2329975:2329975 [0] NCCL INFO Channel 22/24 : 0 1
pluto-prod-yutengl-dev-202-3-0:2329975:2329975 [0] NCCL INFO Channel 23/24 : 0 1
pluto-prod-yutengl-dev-202-3-0:2329975:2329975 [0] NCCL INFO Trees [0] 1/-1/-1->0->-1 [1] 1/-1/-1->0->-1 [2] 1/-1/-1->0->-1 [3] 1/-1/-1->0->-1 [4] 1/-1/-1->0->-1 [5] 1/-1/-1->0->-1 [6] -1/-1/-1->0->1 [7] -1/-1/-1->0->1 [8] -1/-1/-1->0->1 [9] -1/-1/-1->0->1 [10] -1/-1/-1->0->[09-15 17:37:07] Found nccl from library libnccl.so.2
[09-15 17:37:07] sglang-diffusion is using nccl==2.29.7
1 [11] -1/-1/-1->0->1 [12] 1/-1/-1->0->-1 [13] 1/-1/-1->0->-1 [14] 1/-1/-1->0->-1 [15] 1/-1/-1->0->-1 [16] 1/-1/-1->0->-1 [17] 1/-1/-1->0->-1 [18] -1/-1/-1->0->1 [19] -1/-1/-1->0->1 [20] -1/-1/-1->0->1 [21] -1/-1/-1->0->1 [22] -1/-1/-1->0->1 [23] -1/-1/-1->0->1
pluto-prod-yutengl-dev-202-3-0:2329975:2329975 [0] NCCL INFO P2P Chunksize set to 524288
pluto-prod-yutengl-dev-202-3-0:2329975:2329975 [0] NCCL INFO Check P2P Type isAllDirectP2p 1 directMode 0 isAllCudaP2p 1
pluto-prod-yutengl-dev-202-3-0:2329975:2330626 [0] NCCL INFO [Proxy Service] Device 0 CPU core 45
pluto-prod-yutengl-dev-202-3-0:2329975:2330628 [0] NCCL INFO [Proxy Service UDS] Device 0 CPU core 3
pluto-prod-yutengl-dev-202-3-0:2329975:2329975 [0] NCCL INFO NET/OFI Region base Tuner is chosen for platform: p5.48xlarge
pluto-prod-yutengl-dev-202-3-0:2329975:2329975 [0] NCCL INFO NET/OFI Region Tuner init (platform 0): comm with 2 ranks and 1 nodes.
pluto-prod-yutengl-dev-202-3-0:2329975:2329975 [0] NCCL INFO NET/OFI Tuner init: comm with 2 ranks and 1 nodes.
pluto-prod-yutengl-dev-202-3-0:2329975:2329975 [0] NCCL INFO threadThresholds 8/8/64 | 16/8/64 | 512 | 512
pluto-prod-yutengl-dev-202-3-0:2329975:2329975 [0] NCCL INFO 24 coll channels, 24 collnet channels, 16 nvls channels, 32 p2p channels, 32 p2p channels per peer
pluto-prod-yutengl-dev-202-3-0:2329975:2329975 [0] NCCL INFO Symmetric VA size=80GB
pluto-prod-yutengl-dev-202-3-0:2329975:2329975 [0] NCCL INFO CC Off, workFifoBytes 1048576
pluto-prod-yutengl-dev-202-3-0:2329975:2329975 [0] NCCL INFO ncclCommSplit comm 0x56009b9f88e0 rank 0 nranks 2 cudaDev 0 nvmlDev 0 busId 64000 parent 0x560093bc23d0 childCount 1 color 2130503744 key 0 - Init COMPLETE
pluto-prod-yutengl-dev-202-3-0:2329975:2329975 [0] NCCL INFO Init timings - ncclCommSplit: rank 0 nranks 2 total 0.12 (kernels 0.00, alloc 0.00, bootstrap 0.00, allgathers 0.00, topo 0.02, graphs 0.00, connections 0.09, rest 0.01)
pluto-prod-yutengl-dev-202-3-0:2329975:2329975 [0] NCCL INFO Initialized NET plugin Socket
pluto-prod-yutengl-dev-202-3-0:2329975:2329975 [0] NCCL INFO Assigned NET plugin Socket to comm
pluto-prod-yutengl-dev-202-3-0:2329975:2329975 [0] NCCL INFO Failed to initialize any GIN plugin
pluto-prod-yutengl-dev-202-3-0:2329975:2329975 [0] NCCL INFO Using network Socket
pluto-prod-yutengl-dev-202-3-0:2329975:2329975 [0] NCCL INFO [Rank 0] ncclCommInitRank comm 0x56009bda57a0 rank 0 nranks 2 cudaDev 0 nvmlDev 0 busId 64000 commId 0x56dac5694d6045af - Init START
pluto-prod-yutengl-dev-202-3-0:2329975:2329975 [0] NCCL INFO Bootstrap timings total 0.000792 (create 0.000055, send 0.000097, recv 0.000436, ring 0.000027, delay 0.000000)
pluto-prod-yutengl-dev-202-3-0:2329975:2329975 [0] NCCL INFO MNNVL busId 0x64000 fabric UUID 0.0 cliqueId 0x0 state 3 healthMask 0x0
pluto-prod-yutengl-dev-202-3-0:2329975:2329975 [0] NCCL INFO ncclTopoGetCpuAffinity: Affinity for GPU 0 is 0-47,96-143. (GPU affinity = 0-47,96-143 ; CPU affinity = 0-47,96-143).
pluto-prod-yutengl-dev-202-3-0:2329975:2329975 [0] NCCL INFO NVLS multicast support is available on dev 0 (NVLS_NCHANNELS 16)
pluto-prod-yutengl-dev-202-3-0:2329975:2329975 [0] NCCL INFO comm 0x56009bda57a0 rank 0 nRanks 2 nNodes 1 localRanks 2 localRank 0 MNNVL 0
pluto-prod-yutengl-dev-202-3-0:2329975:2329975 [0] NCCL INFO Channel 00/24 : 0 1
pluto-prod-yutengl-dev-202-3-0:2329975:2329975 [0] NCCL INFO Channel 01/24 : 0 1
pluto-prod-yutengl-dev-202-3-0:2329975:2329975 [0] NCCL INFO Channel 02/24 : 0 1
pluto-prod-yutengl-dev-202-3-0:2329975:2329975 [0] NCCL INFO Channel 03/24 : 0 1
pluto-prod-yutengl-dev-202-3-0:2329975:2329975 [0] NCCL INFO Channel 04/24 : 0 1
pluto-prod-yutengl-dev-202-3-0:2329975:2329975 [0] NCCL INFO Channel 05/24 : 0 1
pluto-prod-yutengl-dev-202-3-0:2329975:2329975 [0] NCCL INFO Channel 06/24 : 0 1
pluto-prod-yutengl-dev-202-3-0:2329975:2329975 [0] NCCL INFO Channel 07/24 : 0 1
pluto-prod-yutengl-dev-202-3-0:2329975:2329975 [0] NCCL INFO Channel 08/24 : 0 1
pluto-prod-yutengl-dev-202-3-0:2329975:2329975 [0] NCCL INFO Channel 09/24 : 0 1
pluto-prod-yutengl-dev-202-3-0:2329975:2329975 [>0 [5] -1/-1/-1->1->0 [6] 0/-1/-1->1->-1 [7] 0/-1/-1->1->-1 [8] 0/-1/-1->1->-1 [9] 0/-1/-1->1->-1 [10] 0/-1/-1->1->-1 [11] 0/-1/-1->1->-1 [12] -1/-1/-1->1->0 [13] -1/-1/-1->1->0 [14] -1/-1/-1->1->0 [15] -1/-1/-1->1->0 [16] -1/-1/-1->1->0 [17] -1/-1/-1->1->0 [18] 0/-1/-1->1->-1 [19] 0/-1/-1->1->-1 [20] 0/-1/-1->1->-1 [21] 0/-1/-1->1->-1 [22] 0/-1/-1->1->-1 [23] 0/-1/-1->1->-1
pluto-prod-yutengl-dev-202-3-0:2329976:2329976 [1] NCCL INFO P2P Chunksize set to 524288
pluto-prod-yutengl-dev-202-3-0:2329976:2329976 [1] NCCL INFO Check P2P Type isAllDirectP2p 1 directMode 0 isAllCudaP2p 1
pluto-prod-yutengl-dev-202-3-0:2329976:2330629 [0] NCCL INFO [Proxy Service UDS] Device 1 CPU core 45
pluto-prod-yutengl-dev-202-3-0:2329976:2330627 [0] NCCL INFO [Proxy Service] Device 1 CPU core 3
pluto-prod-yutengl-dev-202-3-0:2329976:2329976 [1] NCCL INFO NET/OFI Region base Tuner is chosen for platform: p5.48xlarge
pluto-prod-yutengl-dev-202-3-0:2329976:2329976 [1] NCCL INFO NET/OFI Region Tuner init (platform 0): comm with 2 ranks and 1 nodes.
pluto-prod-yutengl-dev-202-3-0:2329976:2329976 [1] NCCL INFO NET/OFI Tuner init: comm with 2 ranks and 1 nodes.
pluto-prod-yutengl-dev-202-3-0:2329976:2329976 [1] NCCL INFO threadThresholds 8/8/64 | 16/8/64 | 512 | 512
pluto-prod-yutengl-dev-202-3-0:2329976:2329976 [1] NCCL INFO 24 coll channels, 24 collnet channels, 16 nvls channels, 32 p2p channels, 32 p2p channels per peer
pluto-prod-yutengl-dev-202-3-0:2329976:2329976 [1] NCCL INFO Symmetric VA size=80GB
pluto-prod-yutengl-dev-202-3-0:2329976:2329976 [1] NCCL INFO ncclCommSplit comm 0x55a38b89ac00 rank 1 nranks 2 cudaDev 1 nvmlDev 1 busId 75000 parent 0x55a383a60970 childCount 1 color 2130503744 key 1 - Init COMPLETE
pluto-prod-yutengl-dev-202-3-0:2329976:2329976 [1] NCCL INFO Init timings - ncclCommSplit: rank 1 nranks 2 total 0.12 (kernels 0.00, alloc 0.00, bootstrap 0.00, allgathers 0.00, topo 0.02, graphs 0.00, connections 0.09, rest 0.01)
pluto-prod-yutengl-dev-202-3-0:2329976:2329976 [1] NCCL INFO Initialized NET plugin Socket
pluto-prod-yutengl-dev-202-3-0:2329976:2329976 [1] NCCL INFO Assigned NET plugin Socket to comm
pluto-prod-yutengl-dev-202-3-0:2329976:2329976 [1] NCCL INFO Failed to initialize any GIN plugin
pluto-prod-yutengl-dev-202-3-0:2329976:2329976 [1] NCCL INFO Using network Socket
pluto-prod-yutengl-dev-202-3-0:2329976:2329976 [1] NCCL INFO [Rank 1] ncclCommInitRank comm 0x55a38bc47850 rank 1 nranks 2 cudaDev 1 nvmlDev 1 busId 75000 commId 0x56dac5694d6045af - Init START
pluto-prod-yutengl-dev-202-3-0:2329976:2329976 [1] NCCL INFO Bootstrap timings total 0.000829 (create 0.000059, send 0.000113, recv 0.000337, ring 0.000028, delay 0.000000)
pluto-prod-yutengl-dev-202-3-0:2329976:2329976 [1] NCCL INFO MNNVL busId 0x75000 fabric UUID 0.0 cliqueId 0x0 state 3 healthMask 0x0
pluto-prod-yutengl-dev-202-3-0:2329976:2329976 [1] NCCL INFO ncclTopoGetCpuAffinity: Affinity for GPU 1 is 0-47,96-143. (GPU affinity = 0-47,96-143 ; CPU affinity = 0-47,96-143).
pluto-prod-yutengl-dev-202-3-0:2329976:2329976 [1] NCCL INFO NVLS multicast support is available on dev 1 (NVLS_NCHANNELS 16)
pluto-prod-yutengl-dev-202-3-0:2329976:2329976 [1] NCCL INFO comm 0x55a38bc47850 rank 1 nRanks 2 nNodes 1 localRanks 2 localRank 1 MNNVL 0
pluto-prod-yutengl-dev-202-3-0:2329976:2329976 [1] NCCL INFO Trees [0] -1/-1/-1->1->0 [1] -1/-1/-1->1->0 [2] -1/-1/-1->1->0 [3] -1/-1/-1->1->0 [4] -1/-1/-1->1->0 [5] -1/-1/-1->1->0 [6] 0/-1/-1->1->-1 [7] 0/-1/-1->1->-1 [8] 0/-1/-1->1->-1 [9] 0/-1/-1->1->-1 [10] 0/-1/-1->1->-1 [11] 0/-1/-1->1->-1 [12] -1/-1/-1->1->0 [13] -1/-1/-1->1->0 [14] -1/-1/-1->1->0 [15] -1/-1/-1->1->0 [16] -1/-1/-1->1->0 [17] -1/-1/-1->1->0 [18] 0/-1/-1->1->-1 [19] 0/-1/-1->1->-1 [20] 0/-1/-1->1->-1 [21] 0/-1/-1->1->-1 [22] 0/-1/-1->1->-1 [23] 0/-1/-1->1->-1
pluto-prod-yutengl-dev-202-3-0:2329976:2329976 [1] NCCL INFO P2P Chunksize set to 524288
pluto-prod-yutengl-dev-202-3-0:2329976:2329976 [1] NCCL INFO Check P2P Type isAllDirectP2p 1 directMode 0 isAllCudaP2p 1
pluto-prod-yutengl-dev-202-3-0:2329976:2330637 [0] NCCL INFO [Proxy Service] Device 1 0] NCCL INFO Channel 10/24 : 0 1
pluto-prod-yutengl-dev-202-3-0:2329975:2329975 [0] NCCL INFO Channel 11/24 : 0 1
pluto-prod-yutengl-dev-202-3-0:2329975:2329975 [0] NCCL INFO Channel 12/24 : 0 1
pluto-prod-yutengl-dev-202-3-0:2329975:2329975 [0] NCCL INFO Channel 13/24 : 0 1
pluto-prod-yutengl-dev-202-3-0:2329975:2329975 [0] NCCL INFO Channel 14/24 : 0 1
pluto-prod-yutengl-dev-202-3-0:2329975:2329975 [0] NCCL INFO Channel 15/24 : 0 1
pluto-prod-yutengl-dev-202-3-0:2329975:2329975 [0] NCCL INFO Channel 16/24 : 0 1
pluto-prod-yutengl-dev-202-3-0:2329975:2329975 [0] NCCL INFO Channel 17/24 : 0 1
pluto-prod-yutengl-dev-202-3-0:2329975:2329975 [0] NCCL INFO Channel 18/24 : 0 1
pluto-prod-yutengl-dev-202-3-0:2329975:2329975 [0] NCCL INFO Channel 19/24 : 0 1
pluto-prod-yutengl-dev-202-3-0:2329975:2329975 [0] NCCL INFO Channel 20/24 : 0 1
pluto-prod-yutengl-dev-202-3-0:2329975:2329975 [0] NCCL INFO Channel 21/24 : 0 1
pluto-prod-yutengl-dev-202-3-0:2329975:2329975 [0] NCCL INFO Channel 22/24 : 0 1
pluto-prod-yutengl-dev-202-3-0:2329975:2329975 [0] NCCL INFO Channel 23/24 : 0 1
pluto-prod-yutengl-dev-202-3-0:2329975:2329975 [0] NCCL INFO Trees [0] 1/-1/-1->0->-1 [1] 1/-1/-1->0->-1 [2] 1/-1/-1->0->-1 [3] 1/-1/-1->0->-1 [4] 1/-1/-1->0->-1 [5] 1/-1/-1->0->-1 [6] -1/-1/-1->0->1 [7] -1/-1/-1->0->1 [8] -1/-1/-1->0->1 [9] -1/-1/-1->0->1 [10] -1/-1/-1->0->1 [11] -1/-1/-1->0->1 [12] 1/-1/-1->0->-1 [13] 1/-1/-1->0->-1 [14] 1/-1/-1->0->-1 [15] 1/-1/-1->0->-1 [16] 1/-1/-1->0->-1 [17] 1/-1/-1->0->-1 [18] -1/-1/-1->0->1 [19] -1/-1/-1->0->1 [20] -1/-1/-1->0->1 [21] -1/-1/-1->0->1 [22] -1/-1/-1->0->1 [23] -1/-1/-1->0->1
pluto-prod-yutengl-dev-202-3-0:2329975:2329975 [0] NCCL INFO P2P Chunksize set to 524288
pluto-prod-yutengl-dev-202-3-0:2329975:2329975 [0] NCCL INFO Check P2P Type isAllDirectP2p 1 directMode 0 isAllCudaP2p 1
pluto-prod-yutengl-dev-202-3-0:2329975:2330638 [0] NCCL INFO [Proxy Service] Device 0 CPU core 30
pluto-prod-yutengl-dev-202-3-0:2329975:2330640 [0] NCCL INFO [Proxy Service UDS] Device 0 CPU core 98
pluto-prod-yutengl-dev-202-3-0:2329975:2329975 [0] NCCL INFO NET/OFI Region base Tuner is chosen for platform: p5.48xlarge
pluto-prod-yutengl-dev-202-3-0:2329975:2329975 [0] NCCL INFO NET/OFI Region Tuner init (platform 0): comm with 2 ranks and 1 nodes.
pluto-prod-yutengl-dev-202-3-0:2329975:2329975 [0] NCCL INFO NET/OFI Tuner init: comm with 2 ranks and 1 nodes.
pluto-prod-yutengl-dev-202-3-0:2329975:2329975 [0] NCCL INFO threadThresholds 8/8/64 | 16/8/64 | 512 | 512
pluto-prod-yutengl-dev-202-3-0:2329975:2329975 [0] NCCL INFO 24 coll channels, 24 collnet channels, 16 nvls channels, 32 p2p channels, 32 p2p channels per peer
pluto-prod-yutengl-dev-202-3-0:2329975:2329975 [0] NCCL INFO Symmetric VA size=80GB
pluto-prod-yutengl-dev-202-3-0:2329975:2329975 [0] NCCL INFO CC Off, workFifoBytes 1048576
pluto-prod-yutengl-dev-202-3-0:2329975:2329975 [0] NCCL INFO ncclCommInitRank comm 0x56009bda57a0 rank 0 nranks 2 cudaDev 0 nvmlDev 0 busId 64000 commId 0x56dac5694d6045af - Init COMPLETE
pluto-prod-yutengl-dev-202-3-0:2329975:2329975 [0] NCCL INFO Init timings - ncclCommInitRank: rank 0 nranks 2 total 0.11 (kernels 0.00, alloc 0.00, bootstrap 0.00, allgathers 0.00, topo 0.02, graphs 0.00, connections 0.08, rest 0.01)
pluto-prod-yutengl-dev-202-3-0:2329975:2329975 [0] NCCL INFO Symmetric VA size=80GB
pluto-prod-yutengl-dev-202-3-0:2329975:2329975 [0] NCCL INFO Channel 00/0 : 0[0] -> 1[1] via P2P/CUMEM
pluto-prod-yutengl-dev-202-3-0:2329975:2329975 [0] NCCL INFO Channel 01/0 : 0[0] -> 1[1] via P2P/CUMEM
pluto-prod-yutengl-dev-202-3-0:2329975:2329975 [0] NCCL INFO Channel 02/0 : 0[0] -> 1[1] via P2P/CUMEM
pluto-prod-yutengl-dev-202-3-0:2329975:2329975 [0] NCCL INFO Channel 03/0 : 0[0] -> 1[1] via P2P/CUMEM
pluto-prod-yutengl-dev-202-3-0:2329975:2329975 [0] NCCL INFO Channel 04/0 : 0[0] -> 1[1] via P2P/CUMEM
pluto-prod-yutengl-dev-202-3-0:2329975:2329975 [0] NCCL INFO Channel 05/0 : 0[0] -> 1[1] via P2P/CUMEM
pluto-prod-yutengl-dev-202-3-0:2329975:2329975 [0] NCCL INFO Channel 06/0 : 0[0] -> 1[1] via P2P/CUMEM
pluto-prod-yutengl-dev-202-3-0:2329975:2329975 [0] NCCL INFO Channel 07/0 : 0[0] -> 1[1] via P2P/CUMEM
pluto-prod-yutengl-dev-202-3-0:2329975:2329975 [0] NCCL INFO Channel 08/0 : 0[0] -> 1[1] via P2P/CUMEM
pluto-prod-yutengl-dev-202-3-0:2329975:2329975 [0] NCCL INFO Channel 09/0 : 0[0] -> 1[1] via P2P/CUMEM
pluto-prod-yutengl-dev-202-3-0:2329975:2329975 [0] NCCL INFO Channel 10/0 : 0[0] -> 1[1] via P2P/CUMEM
pluto-prod-yutengl-dev-202-3-0:2329975:2329975 [0] NCCL INFO Channel 11/0 : 0[0] -> 1[1] via P2P/CUMEM
pluto-prod-yutengl-dev-202-3-0:2329975:2329975 [0] NCCL INFO Channel 12/0 : 0[0] -> 1[1] via P2P/CUMEM
pluto-prod-yutengl-dev-202-3-0:2329975:2329975 [0] NCCL INFO Channel 13/0 : 0[0] -> 1[1] via P2P/CUMEM
pluto-prod-yutengl-dev-202-3-0:2329975:2329975 [0] NCCL INFO Channel 14/0 : 0[0] -> 1[1] via P2P/CUMEM
pluto-prod-yutengl-dev-202-3-0:2329975:2329975 [0] NCCL INFO Channel 15/0 : 0[0] -> 1[1] via P2P/CUMEM
pluto-prod-yutengl-dev-202-3-0:2329975:2329975 [0] NCCL INFO Channel 16/0 : 0[0] -> 1[1] via P2P/CUMEM
pluto-prod-yutengl-dev-202-3-0:2329975:2329975 [0] NCCL INFO Channel 17/0 : 0[0] -> 1[1] via P2P/CUMEM
pluto-prod-yutengl-dev-202-3-0:2329975:2329975 [0] NCCL INFO Channel 18/0 : 0[0] -> 1[1] via P2P/CUMEM
pluto-prod-yutengl-dev-202-3-0:2329975:2329975 [0] NCCL INFO Channel 19/0 : 0[0] -> 1[1] via P2P/CUMEM
pluto-prod-yutengl-dev-202-3-0:2329975:2329975 [0] NCCL INFO Channel 20/0 : 0[0] -> 1[1] via P2P/CUMEM
pluto-prod-yutengl-dev-202-3-0:2329975:2329975 [0] NCCL INFO Channel 21/0 : 0[0] -> 1[1] via P2P/CUMEM
pluto-prod-yutengl-dev-202-3-0:2329975:2329975 [0] NCCL INFO Channel 22/0 : 0[0] -> 1[1] via P2P/CUMEM
pluto-prod-yutengl-dev-202-3-0:2329975:2329975 [0] NCCL INFO Channel 23/0 : 0[0] -> 1[1] via P2P/CUMEM
pluto-prod-yutengl-dev-202-3-0:2329975:2329975 [0] NCCL INFO Connected all rings, use ring PXN 0 GDR 1
pluto-prod-yutengl-dev-202-3-0:2329975:2329975 [0] NCCL INFO Rank 0 has color with NCCL_SPLIT_NOCOLOR, not creating a new communicator
pluto-prod-yutengl-dev-202-3-0:2329975:2329975 [0] NCCL INFO Rank 0 has color with NCCL_SPLIT_NOCOLOR, not creating a new communicator
pluto-prod-yutengl-dev-202-3-0:2329975:2329975 [0] NCCL INFO Comm config Blocking set to 1
pluto-prod-yutengl-dev-202-3-0:2329975:2329975 [0] NCCL INFO Initialized NET plugin Socket
pluto-prod-yutengl-dev-202-3-0:2329975:2329975 [0] NCCL INFO Assigned NET plugin Socket to comm
pluto-prod-yutengl-dev-202-3-0:2329975:2329975 [0] NCCL INFO Failed to initialize any GIN plugin
pluto-prod-yutengl-dev-202-3-0:2329975:2329975 [0] NCCL INFO Using network Socket
pluto-prod-yutengl-dev-202-3-0:2329975:2329975 [0] NCCL INFO ncclCommSplit comm 0x56009ccf4a40 rank 0 nranks 2 cudaDev 0 nvmlDev 0 busId 64000 parent 0x560093bc23d0 childCount 4 color 2130503744 key 0- Init START
pluto-prod-yutengl-dev-202-3-0:2329975:2329975 [0] NCCL INFO MNNVL busId 0x64000 fabric UUID 0.0 cliqueId 0x0 state 3 healthMask 0x0
pluto-prod-yutengl-dev-202-3-0:2329975:2329975 [0] NCCL INFO ncclTopoGetCpuAffinity: Affinity for GPU 0 is 0-47,96-143. (GPU affinity = 0-47,96-143 ; CPU affinity = 0-47,96-143).
pluto-prod-yutengl-dev-202-3-0:2329975:2329975 [0] NCCL INFO NVLS multicast support is available on dev 0 (NVLS_NCHANNELS 16)
pluto-prod-yutengl-dev-202-3-0:2329975:2329975 [0] NCCL INFO comm 0x56009ccf4a40 rank 0 nRanks 2 nNodes 1 localRanks 2 localRank 0 MNNVL 0
pluto-prod-yutengl-dev-202-3-0:2329975:2329975 [0] NCCL INFO Channel 00/24 : 0 1
pluto-prod-yutengl-dev-202-3-0:2329975:2329975 [0] NCCL INFO Channel 01/24 : 0 1
pluto-prod-yutengl-dev-202-3-0:2329975:2329975 [0] NCCL INFO Channel 02/24 : 0 1
pluto-prod-yutengl-dev-202-3-0:2329975:2329975 [0] NCCL INFO Channel 03/24 : 0 1
pluto-prod-yutengl-dev-202-3-0:2329975:2329975 [0] NCCL INFO Channel 04/24 : 0 1
pluto-prod-yutengl-dev-202-3-0:2329975:2329975 [0] NCCL INFO Channel 05/24 : 0 1
pluto-prod-yutengl-dev-202-3-0:2329975:2329975 [0] NCCL INFO Channel 06/24 : 0 1
pluto-prod-yutengl-dev-202-3-0:2329975:2329975 [0] NCCL INFO Channel 07/24 : 0 1
pluto-prod-yutengl-dev-202-3-0:2329975:2329975 [0] NCCL INFO Channel 08/24 : 0 1
pluto-prod-yutengl-dev-[09-15 17:37:07] Found nccl from library libnccl.so.2
[09-15 17:37:07] sglang-diffusion is using nccl==2.29.7
202-3-0:2329975:2329975 [0] NCCL INFO Channel 09/24 : 0 1
pluto-prod-yutengl-dev-202-3-0:2329975:2329975 [0] NCCL INFO Channel 10/24 : 0 1
pluto-prod-yutengl-dev-202-3-0:2329975:2329975 [0] NCCL INFO Channel 11/24 : 0 1
pluto-prod-yutengl-dev-202-3-0:2329975:2329975 [0] NCCL INFO Channel 12/24 : 0 1
pluto-prod-yutengl-dev-202-3-0:2329975:2329975 [0] NCCL INFO Channel 13/24 : 0 1
pluto-prod-yutengl-dev-202-3-0:2329975:2329975 [0] NCCL INFO Channel 14/24 : 0 1
pluto-prod-yutengl-dev-202-3-0:2329975:2329975 [0] NCCL INFO Channel 15/24 : 0 1
pluto-prod-yutengl-dev-202-3-0:2329975:2329975 [0] NCCL INFO Channel 16/24 : 0 1
pluto-prod-yutengl-dev-202-3-0:2329975:2329975 [0] NCCL INFO Channel 17/24 : 0 1
pluto-prod-yutengl-dev-202-3-0:2329975:2329975 [0] NCCL INFO Channel 18/24 : 0 1
pluto-prod-yutengl-dev-202-3-0:2329975:2329975 [0] NCCL INFO Channel 19/24 : 0 1
pluto-prod-yutengl-dev-202-3-0:2329975:2329975 [0] NCCL INFO Channel 20/24 : 0 1
pluto-prod-yutengl-dev-202-3-0:2329975:2329975 [0] NCCL INFO Channel 21/24 : 0 1
pluto-prod-yutengl-dev-202-3-0:2329975:2329975 [0] NCCL INFO Channel 22/24 : 0 1
pluto-prod-yutengl-dev-202-3-0:2329975:2329975 [0] NCCL INFO Channel 23/24 : 0 1
pluto-prod-yutengl-dev-202-3-0:2329975:2329975 [0] NCCL INFO Trees [0] 1/-1/-1->0->-1 [1] 1/-1/-1->0->-1 [2] 1/-1/-1->0->-1 [3] 1/-1/-1->0->-1 [4] 1/-1/-1->0->-1 [5] 1/-1/-1->0->-1 [6] -1/-1/-1->0->1 [7] -1/-1/-1->0->1 [8] -1/-1/-1->0->1 [9] -1/-1/-1->0->1 [10] -1/-1/-1->0->1 [11] -1/-1/-1->0->1 [12] 1/-1/-1->0->-1 [13] 1/-1/-1->0->-1 [14] 1/-1/-1->0->-1 [15] 1/-1/-1->0->-1 [16] 1/-1/-1->0->-1 [17] 1/-1/-1->0->-1 [18] -1/-1/-1->0->1 [19] -1/-1/-1->0->1 [20] -1/-1/-1->0->1 [21] -1/-1/-1->0->1 [22] -1/-1/-1->0->1 [23] -1/-1/-1->0->1
pluto-prod-yutengl-dev-202-3-0:2329975:2329975 [0] NCCL INFO P2P Chunksize set to 524288
pluto-prod-yutengl-dev-202-3-0:2329975:2329975 [0] NCCL INFO Check P2P Type isAllDirectP2p 1 directMode 0 isAllCudaP2p 1
pluto-prod-yutengl-dev-202-3-0:2329975:2330660 [0] NCCL INFO [Proxy Service UDS] Device 0 CPU core 100
pluto-prod-yutengl-dev-202-3-0:2329975:2330658 [0] NCCL INFO [Proxy Service] Device 0 CPU core 134
pluto-prod-yutengl-dev-202-3-0:2329975:2329975 [0] NCCL INFO NET/OFI Region base Tuner is chosen for platform: p5.48xlarge
pluto-prod-yutengl-dev-202-3-0:2329975:2329975 [0] NCCL INFO NET/OFI Region Tuner init (platform 0): comm with 2 ranks and 1 nodes.
pluto-prod-yutengl-dev-202-3-0:2329975:2329975 [0] NCCL INFO NET/OFI Tuner init: comm with 2 ranks and 1 nodes.
pluto-prod-yutengl-dev-202-3-0:2329975:2329975 [0] NCCL INFO threadThresholds 8/8/64 | 16/8/64 | 512 | 512
pluto-prod-yutengl-dev-202-3-0:2329975:2329975 [0] NCCL INFO 24 coll channels, 24 collnet channels, 16 nvls channels, 32 p2p channels, 32 p2p channels per peer
pluto-prod-yutengl-dev-202-3-0:2329975:2329975 [0] NCCL INFO Symmetric VA size=80GB
pluto-prod-yutengl-dev-202-3-0:2329975:2329975 [0] NCCL INFO CC Off, workFifoBytes 1048576
pluto-prod-yutengl-dev-202-3-0:2329975:2329975 [0] NCCL INFO ncclCommSplit comm 0x56009ccf4a40 rank 0 nranks 2 cudaDev 0 nvmlDev 0 busId 64000 parent 0x560093bc23d0 childCount 4 color 2130503744 key 0 - Init COMPLETE
pluto-prod-yutengl-dev-202-3-0:2329975:2329975 [0] NCCL INFO Init timings - ncclCommSplit: rank 0 nranks 2 total 0.11 (kernels 0.00, alloc 0.00, bootstrap 0.00, allgathers 0.00, topo 0.02, graphs 0.00, connections 0.08, rest 0.01)
pluto-prod-yutengl-dev-202-3-0:2329975:2329975 [0] NCCL INFO Initialized NET plugin Socket
pluto-prod-yutengl-dev-202-3-0:2329975:2329975 [0] NCCL INFO Assigned NET plugin Socket to comm
pluto-prod-yutengl-dev-202-3-0:2329975:2329975 [0] NCCL INFO Failed to initialize any GIN plugin
pluto-prod-yutengl-dev-202-3-0:2329975:2329975 [0] NCCL INFO Using network Socket
pluto-prod-yutengl-dev-202-3-0:2329975:2329975 [0] NCCL INFO [Rank 0] ncclCommInitRank comm 0x56009d0a12b0 rank 0 nranks 2 cudaDev 0 nvmlDev 0 busId 64000 commId 0x299bd6ae1c39255f - Init START
pluto-prod-yutengl-dev-202-3-0:2329975:2329975 [0] NCCL INFO Bootstrap timings total 0.000799 (create 0.000053, send 0.000185, recv 0.00021] NCCL INFO Rank 1 has color with NCCL_SPLIT_NOCOLOR, not creating a new communicator
pluto-prod-yutengl-dev-202-3-0:2329976:2329976 [1] NCCL INFO Comm config Blocking set to 1
pluto-prod-yutengl-dev-202-3-0:2329976:2329976 [1] NCCL INFO Initialized NET plugin Socket
pluto-prod-yutengl-dev-202-3-0:2329976:2329976 [1] NCCL INFO Assigned NET plugin Socket to comm
pluto-prod-yutengl-dev-202-3-0:2329976:2329976 [1] NCCL INFO Failed to initialize any GIN plugin
pluto-prod-yutengl-dev-202-3-0:2329976:2329976 [1] NCCL INFO Using network Socket
pluto-prod-yutengl-dev-202-3-0:2329976:2329976 [1] NCCL INFO ncclCommSplit comm 0x55a38cb96d90 rank 1 nranks 2 cudaDev 1 nvmlDev 1 busId 75000 parent 0x55a383a60970 childCount 4 color 2130503744 key 1- Init START
pluto-prod-yutengl-dev-202-3-0:2329976:2329976 [1] NCCL INFO MNNVL busId 0x75000 fabric UUID 0.0 cliqueId 0x0 state 3 healthMask 0x0
pluto-prod-yutengl-dev-202-3-0:2329976:2329976 [1] NCCL INFO ncclTopoGetCpuAffinity: Affinity for GPU 1 is 0-47,96-143. (GPU affinity = 0-47,96-143 ; CPU affinity = 0-47,96-143).
pluto-prod-yutengl-dev-202-3-0:2329976:2329976 [1] NCCL INFO NVLS multicast support is available on dev 1 (NVLS_NCHANNELS 16)
pluto-prod-yutengl-dev-202-3-0:2329976:2329976 [1] NCCL INFO comm 0x55a38cb96d90 rank 1 nRanks 2 nNodes 1 localRanks 2 localRank 1 MNNVL 0
pluto-prod-yutengl-dev-202-3-0:2329976:2329976 [1] NCCL INFO Trees [0] -1/-1/-1->1->0 [1] -1/-1/-1->1->0 [2] -1/-1/-1->1->0 [3] -1/-1/-1->1->0 [4] -1/-1/-1->1->0 [5] -1/-1/-1->1->0 [6] 0/-1/-1->1->-1 [7] 0/-1/-1->1->-1 [8] 0/-1/-1->1->-1 [9] 0/-1/-1->1->-1 [10] 0/-1/-1->1->-1 [11] 0/-1/-1->1->-1 [12] -1/-1/-1->1->0 [13] -1/-1/-1->1->0 [14] -1/-1/-1->1->0 [15] -1/-1/-1->1->0 [16] -1/-1/-1->1->0 [17] -1/-1/-1->1->0 [18] 0/-1/-1->1->-1 [19] 0/-1/-1->1->-1 [20] 0/-1/-1->1->-1 [21] 0/-1/-1->1->-1 [22] 0/-1/-1->1->-1 [23] 0/-1/-1->1->-1
pluto-prod-yutengl-dev-202-3-0:2329976:2329976 [1] NCCL INFO P2P Chunksize set to 524288
pluto-prod-yutengl-dev-202-3-0:2329976:2329976 [1] NCCL INFO Check P2P Type isAllDirectP2p 1 directMode 0 isAllCudaP2p 1
pluto-prod-yutengl-dev-202-3-0:2329976:2330657 [0] NCCL INFO [Proxy Service] Device 1 CPU core 30
pluto-prod-yutengl-dev-202-3-0:2329976:2330659 [0] NCCL INFO [Proxy Service UDS] Device 1 CPU core 116
pluto-prod-yutengl-dev-202-3-0:2329976:2329976 [1] NCCL INFO NET/OFI Region base Tuner is chosen for platform: p5.48xlarge
pluto-prod-yutengl-dev-202-3-0:2329976:2329976 [1] NCCL INFO NET/OFI Region Tuner init (platform 0): comm with 2 ranks and 1 nodes.
pluto-prod-yutengl-dev-202-3-0:2329976:2329976 [1] NCCL INFO NET/OFI Tuner init: comm with 2 ranks and 1 nodes.
pluto-prod-yutengl-dev-202-3-0:2329976:2329976 [1] NCCL INFO threadThresholds 8/8/64 | 16/8/64 | 512 | 512
pluto-prod-yutengl-dev-202-3-0:2329976:2329976 [1] NCCL INFO 24 coll channels, 24 collnet channels, 16 nvls channels, 32 p2p channels, 32 p2p channels per peer
pluto-prod-yutengl-dev-202-3-0:2329976:2329976 [1] NCCL INFO Symmetric VA size=80GB
pluto-prod-yutengl-dev-202-3-0:2329976:2329976 [1] NCCL INFO ncclCommSplit comm 0x55a38cb96d90 rank 1 nranks 2 cudaDev 1 nvmlDev 1 busId 75000 parent 0x55a383a60970 childCount 4 color 2130503744 key 1 - Init COMPLETE
pluto-prod-yutengl-dev-202-3-0:2329976:2329976 [1] NCCL INFO Init timings - ncclCommSplit: rank 1 nranks 2 total 0.11 (kernels 0.00, alloc 0.00, bootstrap 0.00, allgathers 0.00, topo 0.02, graphs 0.00, connections 0.08, rest 0.01)
pluto-prod-yutengl-dev-202-3-0:2329976:2329976 [1] NCCL INFO Initialized NET plugin Socket
pluto-prod-yutengl-dev-202-3-0:2329976:2329976 [1] NCCL INFO Assigned NET plugin Socket to comm
pluto-prod-yutengl-dev-202-3-0:2329976:2329976 [1] NCCL INFO Failed to initialize any GIN plugin
pluto-prod-yutengl-dev-202-3-0:2329976:2329976 [1] NCCL INFO Using network Socket
pluto-prod-yutengl-dev-202-3-0:2329976:2329976 [1] NCCL INFO [Rank 1] ncclCommInitRank comm 0x55a38cf42da0 rank 1 nranks 2 cudaDev 1 nvmlDev 1 busId 75000 commId 0x299bd6ae1c39255f - Init START
pluto-prod-yutengl-dev-202-3-0:2329976:2329976 [1] NCCL INFO Bootstrap timings total 0.059, ring 0.000027, delay 0.000000)
pluto-prod-yutengl-dev-202-3-0:2329975:2329975 [0] NCCL INFO MNNVL busId 0x64000 fabric UUID 0.0 cliqueId 0x0 state 3 healthMask 0x0
pluto-prod-yutengl-dev-202-3-0:2329975:2329975 [0] NCCL INFO ncclTopoGetCpuAffinity: Affinity for GPU 0 is 0-47,96-143. (GPU affinity = 0-47,96-143 ; CPU affinity = 0-47,96-143).
pluto-prod-yutengl-dev-202-3-0:2329975:2329975 [0] NCCL INFO NVLS multicast support is available on dev 0 (NVLS_NCHANNELS 16)
pluto-prod-yutengl-dev-202-3-0:2329975:2329975 [0] NCCL INFO comm 0x56009d0a12b0 rank 0 nRanks 2 nNodes 1 localRanks 2 localRank 0 MNNVL 0
pluto-prod-yutengl-dev-202-3-0:2329975:2329975 [0] NCCL INFO Channel 00/24 : 0 1
pluto-prod-yutengl-dev-202-3-0:2329975:2329975 [0] NCCL INFO Channel 01/24 : 0 1
pluto-prod-yutengl-dev-202-3-0:2329975:2329975 [0] NCCL INFO Channel 02/24 : 0 1
pluto-prod-yutengl-dev-202-3-0:2329975:2329975 [0] NCCL INFO Channel 03/24 : 0 1
pluto-prod-yutengl-dev-202-3-0:2329975:2329975 [0] NCCL INFO Channel 04/24 : 0 1
pluto-prod-yutengl-dev-202-3-0:2329975:2329975 [0] NCCL INFO Channel 05/24 : 0 1
pluto-prod-yutengl-dev-202-3-0:2329975:2329975 [0] NCCL INFO Channel 06/24 : 0 1
pluto-prod-yutengl-dev-202-3-0:2329975:2329975 [0] NCCL INFO Channel 07/24 : 0 1
pluto-prod-yutengl-dev-202-3-0:2329975:2329975 [0] NCCL INFO Channel 08/24 : 0 1
pluto-prod-yutengl-dev-202-3-0:2329975:2329975 [0] NCCL INFO Channel 09/24 : 0 1
pluto-prod-yutengl-dev-202-3-0:2329975:2329975 [0] NCCL INFO Channel 10/24 : 0 1
pluto-prod-yutengl-dev-202-3-0:2329975:2329975 [0] NCCL INFO Channel 11/24 : 0 1
pluto-prod-yutengl-dev-202-3-0:2329975:2329975 [0] NCCL INFO Channel 12/24 : 0 1
pluto-prod-yutengl-dev-202-3-0:2329975:2329975 [0] NCCL INFO Channel 13/24 : 0 1
pluto-prod-yutengl-dev-202-3-0:2329975:2329975 [0] NCCL INFO Channel 14/24 : 0 1
pluto-prod-yutengl-dev-202-3-0:2329975:2329975 [0] NCCL INFO Channel 15/24 : 0 1
pluto-prod-yutengl-dev-202-3-0:2329975:2329975 [0] NCCL INFO Channel 16/24 : 0 1
pluto-prod-yutengl-dev-202-3-0:2329975:2329975 [0] NCCL INFO Channel 17/24 : 0 1
pluto-prod-yutengl-dev-202-3-0:2329975:2329975 [0] NCCL INFO Channel 18/24 : 0 1
pluto-prod-yutengl-dev-202-3-0:2329975:2329975 [0] NCCL INFO Channel 19/24 : 0 1
pluto-prod-yutengl-dev-202-3-0:2329975:2329975 [0] NCCL INFO Channel 20/24 : 0 1
pluto-prod-yutengl-dev-202-3-0:2329975:2329975 [0] NCCL INFO Channel 21/24 : 0 1
pluto-prod-yutengl-dev-202-3-0:2329975:2329975 [0] NCCL INFO Channel 22/24 : 0 1
pluto-prod-yutengl-dev-202-3-0:2329975:2329975 [0] NCCL INFO Channel 23/24 : 0 1
pluto-prod-yutengl-dev-202-3-0:2329975:2329975 [0] NCCL INFO Trees [0] 1/-1/-1->0->-1 [1] 1/-1/-1->0->-1 [2] 1/-1/-1->0->-1 [3] 1/-1/-1->0->-1 [4] 1/-1/-1->0->-1 [5] 1/-1/-1->0->-1 [6] -1/-1/-1->0->1 [7] -1/-1/-1->0->1 [8] -1/-1/-1->0->1 [9] -1/-1/-1->0->1 [10] -1/-1/-1->0->1 [11] -1/-1/-1->0->1 [12] 1/-1/-1->0->-1 [13] 1/-1/-1->0->-1 [14] 1/-1/-1->0->-1 [15] 1/-1/-1->0->-1 [16] 1/-1/-1->0->-1 [17] 1/-1/-1->0->-1 [18] -1/-1/-1->0->1 [19] -1/-1/-1->0->1 [20] -1/-1/-1->0->1 [21] -1/-1/-1->0->1 [22] -1/-1/-1->0->1 [23] -1/-1/-1->0->1
pluto-prod-yutengl-dev-202-3-0:2329975:2329975 [0] NCCL INFO P2P Chunksize set to 524288
pluto-prod-yutengl-dev-202-3-0:2329975:2329975 [0] NCCL INFO Check P2P Type isAllDirectP2p 1 directMode 0 isAllCudaP2p 1
pluto-prod-yutengl-dev-202-3-0:2329975:2330668 [0] NCCL INFO [Proxy Service] Device 0 CPU core 116
pluto-prod-yutengl-dev-202-3-0:2329975:2330670 [0] NCCL INFO [Proxy Service UDS] Device 0 CPU core 24
pluto-prod-yutengl-dev-202-3-0:2329975:2329975 [0] NCCL INFO NET/OFI Region base Tuner is chosen for platform: p5.48xlarge
pluto-prod-yutengl-dev-202-3-0:2329975:2329975 [0] NCCL INFO NET/OFI Region Tuner init (platform 0): comm with 2 ranks and 1 nodes.
pluto-prod-yutengl-dev-202-3-0:2329975:2329975 [0] NCCL INFO NET/OFI Tuner init: comm with 2 ranks and 1 nodes.
pluto-prod-yutengl-dev-202-3-0:2329975:2329975 [0] NCCL INFO threadThresholds 8/8/64 | 16/8/64 | 512 | 512
pluto-prod-yutengl-dev-202-3-0:2329975:2329975 [0] NCCL INFO 24 coll channels, 24 collnet channels, 16 nvls channels, 00794 (create 0.000041, send 0.000184, recv 0.000365, ring 0.000028, delay 0.000000)
pluto-prod-yutengl-dev-202-3-0:2329976:2329976 [1] NCCL INFO MNNVL busId 0x75000 fabric UUID 0.0 cliqueId 0x0 state 3 healthMask 0x0
pluto-prod-yutengl-dev-202-3-0:2329976:2329976 [1] NCCL INFO ncclTopoGetCpuAffinity: Affinity for GPU 1 is 0-47,96-143. (GPU affinity = 0-47,96-143 ; CPU affinity = 0-47,96-143).
pluto-prod-yutengl-dev-202-3-0:2329976:2329976 [1] NCCL INFO NVLS multicast support is available on dev 1 (NVLS_NCHANNELS 16)
pluto-prod-yutengl-dev-202-3-0:2329976:2329976 [1] NCCL INFO comm 0x55a38cf42da0 rank 1 nRanks 2 nNodes 1 localRanks 2 localRank 1 MNNVL 0
pluto-prod-yutengl-dev-202-3-0:2329976:2329976 [1] NCCL INFO Trees [0] -1/-1/-1->1->0 [1] -1/-1/-1->1->0 [2] -1/-1/-1->1->0 [3] -1/-1/-1->1->0 [4] -1/-1/-1->1->0 [5] -1/-1/-1->1->0 [6] 0/-1/-1->1->-1 [7] 0/-1/-1->1->-1 [8] 0/-1/-1->1->-1 [9] 0/-1/-1->1->-1 [10] 0/-1/-1->1->-1 [11] 0/-1/-1->1->-1 [12] -1/-1/-1->1->0 [13] -1/-1/-1->1->0 [14] -1/-1/-1->1->0 [15] -1/-1/-1->1->0 [16] -1/-1/-1->1->0 [17] -1/-1/-1->1->0 [18] 0/-1/-1->1->-1 [19] 0/-1/-1->1->-1 [20] 0/-1/-1->1->-1 [21] 0/-1/-1->1->-1 [22] 0/-1/-1->1->-1 [23] 0/-1/-1->1->-1
pluto-prod-yutengl-dev-202-3-0:2329976:2329976 [1] NCCL INFO P2P Chunksize set to 524288
pluto-prod-yutengl-dev-202-3-0:2329976:2329976 [1] NCCL INFO Check P2P Type isAllDirectP2p 1 directMode 0 isAllCudaP2p 1
pluto-prod-yutengl-dev-202-3-0:2329976:2330671 [0] NCCL INFO [Proxy Service UDS] Device 1 CPU core 112
pluto-prod-yutengl-dev-202-3-0:2329976:2330669 [0] NCCL INFO [Proxy Service] Device 1 CPU core 24
pluto-prod-yutengl-dev-202-3-0:2329976:2329976 [1] NCCL INFO NET/OFI Region base Tuner is chosen for platform: p5.48xlarge
pluto-prod-yutengl-dev-202-3-0:2329976:2329976 [1] NCCL INFO NET/OFI Region Tuner init (platform 0): comm with 2 ranks and 1 nodes.
pluto-prod-yutengl-dev-202-3-0:2329976:2329976 [1] NCCL INFO NET/OFI Tuner init: comm with 2 ranks and 1 nodes.
pluto-prod-yutengl-dev-202-3-0:2329976:2329976 [1] NCCL INFO threadThresholds 8/8/64 | 16/8/64 | 512 | 512
pluto-prod-yutengl-dev-202-3-0:2329976:2329976 [1] NCCL INFO 24 coll channels, 24 collnet channels, 16 nvls channels, 32 p2p channels, 32 p2p channels per peer
pluto-prod-yutengl-dev-202-3-0:2329976:2329976 [1] NCCL INFO Symmetric VA size=80GB
pluto-prod-yutengl-dev-202-3-0:2329976:2329976 [1] NCCL INFO ncclCommInitRank comm 0x55a38cf42da0 rank 1 nranks 2 cudaDev 1 nvmlDev 1 busId 75000 commId 0x299bd6ae1c39255f - Init COMPLETE
pluto-prod-yutengl-dev-202-3-0:2329976:2329976 [1] NCCL INFO Init timings - ncclCommInitRank: rank 1 nranks 2 total 0.21 (kernels 0.00, alloc 0.00, bootstrap 0.00, allgathers 0.00, topo 0.02, graphs 0.00, connections 0.18, rest 0.01)
pluto-prod-yutengl-dev-202-3-0:2329976:2329976 [1] NCCL INFO Symmetric VA size=80GB
pluto-prod-yutengl-dev-202-3-0:2329976:2329976 [1] NCCL INFO Channel 00/0 : 1[1] -> 0[0] via P2P/CUMEM
pluto-prod-yutengl-dev-202-3-0:2329976:2329976 [1] NCCL INFO Channel 01/0 : 1[1] -> 0[0] via P2P/CUMEM
pluto-prod-yutengl-dev-202-3-0:2329976:2329976 [1] NCCL INFO Channel 02/0 : 1[1] -> 0[0] via P2P/CUMEM
pluto-prod-yutengl-dev-202-3-0:2329976:2329976 [1] NCCL INFO Channel 03/0 : 1[1] -> 0[0] via P2P/CUMEM
pluto-prod-yutengl-dev-202-3-0:2329976:2329976 [1] NCCL INFO Channel 04/0 : 1[1] -> 0[0] via P2P/CUMEM
pluto-prod-yutengl-dev-202-3-0:2329976:2329976 [1] NCCL INFO Channel 05/0 : 1[1] -> 0[0] via P2P/CUMEM
pluto-prod-yutengl-dev-202-3-0:2329976:2329976 [1] NCCL INFO Channel 06/0 : 1[1] -> 0[0] via P2P/CUMEM
pluto-prod-yutengl-dev-202-3-0:2329976:2329976 [1] NCCL INFO Channel 07/0 : 1[1] -> 0[0] via P2P/CUMEM
pluto-prod-yutengl-dev-202-3-0:2329976:2329976 [1] NCCL INFO Channel 08/0 : 1[1] -> 0[0] via P2P/CUMEM
pluto-prod-yutengl-dev-202-3-0:2329976:2329976 [1] NCCL INFO Channel 09/0 : 1[1] -> 0[0] via P2P/CUMEM
pluto-prod-yutengl-dev-202-3-0:2329976:2329976 [1] NCCL INFO Channel 10/0 : 1[1] -> 0[0] via P2P/CUMEM
pluto-prod-yutengl-dev-202-3-0:2329976:2329976 [1] NCCL INFO Channel 11/0 : 1[1] -> 0[0] via P2P/CUMEM
pluto-prod-yutengl-dev-20232 p2p channels, 32 p2p channels per peer
pluto-prod-yutengl-dev-202-3-0:2329975:2329975 [0] NCCL INFO Symmetric VA size=80GB
pluto-prod-yutengl-dev-202-3-0:2329975:2329975 [0] NCCL INFO CC Off, workFifoBytes 1048576
pluto-prod-yutengl-dev-202-3-0:2329975:2329975 [0] NCCL INFO ncclCommInitRank comm 0x56009d0a12b0 rank 0 nranks 2 cudaDev 0 nvmlDev 0 busId 64000 commId 0x299bd6ae1c39255f - Init COMPLETE
pluto-prod-yutengl-dev-202-3-0:2329975:2329975 [0] NCCL INFO Init timings - ncclCommInitRank: rank 0 nranks 2 total 0.21 (kernels 0.00, alloc 0.00, bootstrap 0.00, allgathers 0.00, topo 0.02, graphs 0.00, connections 0.18, rest 0.01)
pluto-prod-yutengl-dev-202-3-0:2329975:2329975 [0] NCCL INFO Symmetric VA size=80GB
pluto-prod-yutengl-dev-202-3-0:2329975:2329975 [0] NCCL INFO Channel 00/0 : 0[0] -> 1[1] via P2P/CUMEM
pluto-prod-yutengl-dev-202-3-0:2329975:2329975 [0] NCCL INFO Channel 01/0 : 0[0] -> 1[1] via P2P/CUMEM
pluto-prod-yutengl-dev-202-3-0:2329975:2329975 [0] NCCL INFO Channel 02/0 : 0[0] -> 1[1] via P2P/CUMEM
pluto-prod-yutengl-dev-202-3-0:2329975:2329975 [0] NCCL INFO Channel 03/0 : 0[0] -> 1[1] via P2P/CUMEM
pluto-prod-yutengl-dev-202-3-0:2329975:2329975 [0] NCCL INFO Channel 04/0 : 0[0] -> 1[1] via P2P/CUMEM
pluto-prod-yutengl-dev-202-3-0:2329975:2329975 [0] NCCL INFO Channel 05/0 : 0[0] -> 1[1] via P2P/CUMEM
pluto-prod-yutengl-dev-202-3-0:2329975:2329975 [0] NCCL INFO Channel 06/0 : 0[0] -> 1[1] via P2P/CUMEM
pluto-prod-yutengl-dev-202-3-0:2329975:2329975 [0] NCCL INFO Channel 07/0 : 0[0] -> 1[1] via P2P/CUMEM
pluto-prod-yutengl-dev-202-3-0:2329975:2329975 [0] NCCL INFO Channel 08/0 : 0[0] -> 1[1] via P2P/CUMEM
pluto-prod-yutengl-dev-202-3-0:2329975:2329975 [0] NCCL INFO Channel 09/0 : 0[0] -> 1[1] via P2P/CUMEM
pluto-prod-yutengl-dev-202-3-0:2329975:2329975 [0] NCCL INFO Channel 10/0 : 0[0] -> 1[1] via P2P/CUMEM
pluto-prod-yutengl-dev-202-3-0:2329975:2329975 [0] NCCL INFO Channel 11/0 : 0[0] -> 1[1] via P2P/CUMEM
pluto-prod-yutengl-dev-202-3-0:2329975:2329975 [0] NCCL INFO Channel 12/0 : 0[0] -> 1[1] via P2P/CUMEM
pluto-prod-yutengl-dev-202-3-0:2329975:2329975 [0] NCCL INFO Channel 13/0 : 0[0] -> 1[1] via P2P/CUMEM
pluto-prod-yutengl-dev-202-3-0:2329975:2329975 [0] NCCL INFO Channel 14/0 : 0[0] -> 1[1] via P2P/CUMEM
pluto-prod-yutengl-dev-202-3-0:2329975:2329975 [0] NCCL INFO Channel 15/0 : 0[0] -> 1[1] via P2P/CUMEM
pluto-prod-yutengl-dev-202-3-0:2329975:2329975 [0] NCCL INFO Channel 16/0 : 0[0] -> 1[1] via P2P/CUMEM
pluto-prod-yutengl-dev-202-3-0:2329975:2329975 [0] NCCL INFO Channel 17/0 : 0[0] -> 1[1] via P2P/CUMEM
pluto-prod-yutengl-dev-202-3-0:2329975:2329975 [0] NCCL INFO Channel 18/0 : 0[0] -> 1[1] via P2P/CUMEM
pluto-prod-yutengl-dev-202-3-0:2329975:2329975 [0] NCCL INFO Channel 19/0 : 0[0] -> 1[1] via P2P/CUMEM
pluto-prod-yutengl-dev-202-3-0:2329975:2329975 [0] NCCL INFO Channel 20/0 : 0[0] -> 1[1] via P2P/CUMEM
pluto-prod-yutengl-dev-202-3-0:2329975:2329975 [0] NCCL INFO Channel 21/0 : 0[0] -> 1[1] via P2P/CUMEM
pluto-prod-yutengl-dev-202-3-0:2329975:2329975 [0] NCCL INFO Channel 22/0 : 0[0] -> 1[1] via P2P/CUMEM
pluto-prod-yutengl-dev-202-3-0:2329975:2329975 [0] NCCL INFO Channel 23/0 : 0[0] -> 1[1] via P2P/CUMEM
pluto-prod-yutengl-dev-202-3-0:2329975:2329975 [0] NCCL INFO Connected all rings, use ring PXN 0 GDR 1
pluto-prod-yutengl-dev-202-3-0:2329975:2329975 [0] NCCL INFO Rank 0 has color with NCCL_SPLIT_NOCOLOR, not creating a new communicator
pluto-prod-yutengl-dev-202-3-0:2329975:2329975 [0] NCCL INFO Rank 0 has color with NCCL_SPLIT_NOCOLOR, not creating a new communicator
pluto-prod-yutengl-dev-202-3-0:2329975:2329975 [0] NCCL INFO Rank 0 has color with NCCL_SPLIT_NOCOLOR, not creating a new communicator
pluto-prod-yutengl-dev-202-3-0:2329975:2329975 [0] NCCL INFO Rank 0 has color with NCCL_SPLIT_NOCOLOR, not creating a new communicator
pluto-prod-yutengl-dev-202-3-0:2329975:2329975 [0] NCCL INFO Rank 0 has color with NCCL_SPLIT_NOCOLOR, not creating a new communicator
pluto-prod-yutengl-dev-202-3-0:2329975:2329975 [0] NCCL INFO Rank 0 has color with NCCL_SPLIT_NOCOLOR, not creating a new c-3-0:2329976:2329976 [1] NCCL INFO Channel 12/0 : 1[1] -> 0[0] via P2P/CUMEM
pluto-prod-yutengl-dev-202-3-0:2329976:2329976 [1] NCCL INFO Channel 13/0 : 1[1] -> 0[0] via P2P/CUMEM
pluto-prod-yutengl-dev-202-3-0:2329976:2329976 [1] NCCL INFO Channel 14/0 : 1[1] -> 0[0] via P2P/CUMEM
pluto-prod-yutengl-dev-202-3-0:2329976:2329976 [1] NCCL INFO Channel 15/0 : 1[1] -> 0[0] via P2P/CUMEM
pluto-prod-yutengl-dev-202-3-0:2329976:2329976 [1] NCCL INFO Channel 16/0 : 1[1] -> 0[0] via P2P/CUMEM
pluto-prod-yutengl-dev-202-3-0:2329976:2329976 [1] NCCL INFO Channel 17/0 : 1[1] -> 0[0] via P2P/CUMEM
pluto-prod-yutengl-dev-202-3-0:2329976:2329976 [1] NCCL INFO Channel 18/0 : 1[1] -> 0[0] via P2P/CUMEM
pluto-prod-yutengl-dev-202-3-0:2329976:2329976 [1] NCCL INFO Channel 19/0 : 1[1] -> 0[0] via P2P/CUMEM
pluto-prod-yutengl-dev-202-3-0:2329976:2329976 [1] NCCL INFO Channel 20/0 : 1[1] -> 0[0] via P2P/CUMEM
pluto-prod-yutengl-dev-202-3-0:2329976:2329976 [1] NCCL INFO Channel 21/0 : 1[1] -> 0[0] via P2P/CUMEM
pluto-prod-yutengl-dev-202-3-0:2329976:2329976 [1] NCCL INFO Channel 22/0 : 1[1] -> 0[0] via P2P/CUMEM
pluto-prod-yutengl-dev-202-3-0:2329976:2329976 [1] NCCL INFO Channel 23/0 : 1[1] -> 0[0] via P2P/CUMEM
pluto-prod-yutengl-dev-202-3-0:2329976:2329976 [1] NCCL INFO Connected all rings, use ring PXN 0 GDR 1
pluto-prod-yutengl-dev-202-3-0:2329976:2329976 [1] NCCL INFO Rank 1 has color with NCCL_SPLIT_NOCOLOR, not creating a new communicator
pluto-prod-yutengl-dev-202-3-0:2329976:2329976 [1] NCCL INFO Rank 1 has color with NCCL_SPLIT_NOCOLOR, not creating a new communicator
pluto-prod-yutengl-dev-202-3-0:2329976:2329976 [1] NCCL INFO Rank 1 has color with NCCL_SPLIT_NOCOLOR, not creating a new communicator
pluto-prod-yutengl-dev-202-3-0:2329976:2329976 [1] NCCL INFO Rank 1 has color with NCCL_SPLIT_NOCOLOR, not creating a new communicator
pluto-prod-yutengl-dev-202-3-0:2329976:2329976 [1] NCCL INFO Rank 1 has color with NCCL_SPLIT_NOCOLOR, not creating a new communicator
pluto-prod-yutengl-dev-202-3-0:2329976:2329976 [1] NCCL INFO Rank 1 has color with NCCL_SPLIT_NOCOLOR, not creating a new communicator
pluto-prod-yutengl-dev-202-3-0:2329976:2329976 [1] NCCL INFO Rank 1 has color with NCCL_SPLIT_NOCOLOR, not creating a new communicator
pluto-prod-yutengl-dev-202-3-0:2329976:2329976 [1] NCCL INFO Rank 1 has color with NCCL_SPLIT_NOCOLOR, not creating a new communicator
pluto-prod-yutengl-dev-202-3-0:2329976:2329976 [1] NCCL INFO Rank 1 has color with NCCL_SPLIT_NOCOLOR, not creating a new communicator
pluto-prod-yutengl-dev-202-3-0:2329976:2329976 [1] NCCL INFO Rank 1 has color with NCCL_SPLIT_NOCOLOR, not creating a new communicator
pluto-prod-yutengl-dev-202-3-0:2329976:2329976 [1] NCCL INFO Rank 1 has color with NCCL_SPLIT_NOCOLOR, not creating a new communicator
pluto-prod-yutengl-dev-202-3-0:2329976:2329976 [1] NCCL INFO Comm config Blocking set to 1
pluto-prod-yutengl-dev-202-3-0:2329976:2329976 [1] NCCL INFO Initialized NET plugin Socket
pluto-prod-yutengl-dev-202-3-0:2329976:2329976 [1] NCCL INFO Assigned NET plugin Socket to comm
pluto-prod-yutengl-dev-202-3-0:2329976:2329976 [1] NCCL INFO Failed to initialize any GIN plugin
pluto-prod-yutengl-dev-202-3-0:2329976:2329976 [1] NCCL INFO Using network Socket
pluto-prod-yutengl-dev-202-3-0:2329976:2329976 [1] NCCL INFO ncclCommSplit comm 0x55a38d360a60 rank 1 nranks 2 cudaDev 1 nvmlDev 1 busId 75000 parent 0x55a383a60970 childCount 16 color 2130503744 key 1- Init START
pluto-prod-yutengl-dev-202-3-0:2329976:2329976 [1] NCCL INFO MNNVL busId 0x75000 fabric UUID 0.0 cliqueId 0x0 state 3 healthMask 0x0
pluto-prod-yutengl-dev-202-3-0:2329976:2329976 [1] NCCL INFO ncclTopoGetCpuAffinity: Affinity for GPU 1 is 0-47,96-143. (GPU affinity = 0-47,96-143 ; CPU affinity = 0-47,96-143).
pluto-prod-yutengl-dev-202-3-0:2329976:2329976 [1] NCCL INFO NVLS multicast support is available on dev 1 (NVLS_NCHANNELS 16)
pluto-prod-yutengl-dev-202-3-0:2329976:2329976 [1] NCCL INFO comm 0x55a38d360a60 rank 1 nRanks 2 nNodes 1 localRanks 2 localRank 1 MNNVL 0
pluto-prod-yutengl-dev-202-3-0:2329976:2329976 [1]ommunicator
pluto-prod-yutengl-dev-202-3-0:2329975:2329975 [0] NCCL INFO Rank 0 has color with NCCL_SPLIT_NOCOLOR, not creating a new communicator
pluto-prod-yutengl-dev-202-3-0:2329975:2329975 [0] NCCL INFO Rank 0 has color with NCCL_SPLIT_NOCOLOR, not creating a new communicator
pluto-prod-yutengl-dev-202-3-0:2329975:2329975 [0] NCCL INFO Rank 0 has color with NCCL_SPLIT_NOCOLOR, not creating a new communicator
pluto-prod-yutengl-dev-202-3-0:2329975:2329975 [0] NCCL INFO Rank 0 has color with NCCL_SPLIT_NOCOLOR, not creating a new communicator
pluto-prod-yutengl-dev-202-3-0:2329975:2329975 [0] NCCL INFO Rank 0 has color with NCCL_SPLIT_NOCOLOR, not creating a new communicator
pluto-prod-yutengl-dev-202-3-0:2329975:2329975 [0] NCCL INFO Comm config Blocking set to 1
pluto-prod-yutengl-dev-202-3-0:2329975:2329975 [0] NCCL INFO Initialized NET plugin Socket
pluto-prod-yutengl-dev-202-3-0:2329975:2329975 [0] NCCL INFO Assigned NET plugin Socket to comm
pluto-prod-yutengl-dev-202-3-0:2329975:2329975 [0] NCCL INFO Failed to initialize any GIN plugin
pluto-prod-yutengl-dev-202-3-0:2329975:2329975 [0] NCCL INFO Using network Socket
pluto-prod-yutengl-dev-202-3-0:2329975:2329975 [0] NCCL INFO ncclCommSplit comm 0x56009d4bec20 rank 0 nranks 2 cudaDev 0 nvmlDev 0 busId 64000 parent 0x560093bc23d0 childCount 16 color 2130503744 key 0- Init START
pluto-prod-yutengl-dev-202-3-0:2329975:2329975 [0] NCCL INFO MNNVL busId 0x64000 fabric UUID 0.0 cliqueId 0x0 state 3 healthMask 0x0
pluto-prod-yutengl-dev-202-3-0:2329975:2329975 [0] NCCL INFO ncclTopoGetCpuAffinity: Affinity for GPU 0 is 0-47,96-143. (GPU affinity = 0-47,96-143 ; CPU affinity = 0-47,96-143).
pluto-prod-yutengl-dev-202-3-0:2329975:2329975 [0] NCCL INFO NVLS multicast support is available on dev 0 (NVLS_NCHANNELS 16)
pluto-prod-yutengl-dev-202-3-0:2329975:2329975 [0] NCCL INFO comm 0x56009d4bec20 rank 0 nRanks 2 nNodes 1 localRanks 2 localRank 0 MNNVL 0
pluto-prod-yutengl-dev-202-3-0:2329975:2329975 [0] NCCL INFO Channel 00/24 : 0 1
pluto-prod-yutengl-dev-202-3-0:2329975:2329975 [0] NCCL INFO Channel 01/24 : 0 1
pluto-prod-yutengl-dev-202-3-0:2329975:2329975 [0] NCCL INFO Channel 02/24 : 0 1
pluto-prod-yutengl-dev-202-3-0:2329975:2329975 [0] NCCL INFO Channel 03/24 : 0 1
pluto-prod-yutengl-dev-202-3-0:2329975:2329975 [0] NCCL INFO Channel 04/24 : 0 1
pluto-prod-yutengl-dev-202-3-0:2329975:2329975 [0] NCCL INFO Channel 05/24 : 0 1
pluto-prod-yutengl-dev-202-3-0:2329975:2329975 [0] NCCL INFO Channel 06/24 : 0 1
pluto-prod-yutengl-dev-202-3-0:2329975:2329975 [0] NCCL INFO Channel 07/24 : 0 1
pluto-prod-yutengl-dev-202-3-0:2329975:2329975 [0] NCCL INFO Channel 08/24 : 0 1
pluto-prod-yutengl-dev-202-3-0:2329975:2329975 [0] NCCL INFO Channel 09/24 : 0 1
pluto-prod-yutengl-dev-202-3-0:2329975:2329975 [0] NCCL INFO Channel 10/24 : 0 1
pluto-prod-yutengl-dev-202-3-0:2329975:2329975 [0] NCCL INFO Channel 11/24 : 0 1
pluto-prod-yutengl-dev-202-3-0:2329975:2329975 [0] NCCL INFO Channel 12/24 : 0 1
pluto-prod-yutengl-dev-202-3-0:2329975:2329975 [0] NCCL INFO Channel 13/24 : 0 1
pluto-prod-yutengl-dev-202-3-0:2329975:2329975 [0] NCCL INFO Channel 14/24 : 0 1
pluto-prod-yutengl-dev-202-3-0:2329975:2329975 [0] NCCL INFO Channel 15/24 : 0 1
pluto-prod-yutengl-dev-202-3-0:2329975:2329975 [0] NCCL INFO Channel 16/24 : 0 1
pluto-prod-yutengl-dev-202-3-0:2329975:2329975 [0] NCCL INFO Channel 17/24 : 0 1
pluto-prod-yutengl-dev-202-3-0:2329975:2329975 [0] NCCL INFO Channel 18/24 : 0 1
pluto-prod-yutengl-dev-202-3-0:2329975:2329975 [0] NCCL INFO Channel 19/24 : 0 1
pluto-prod-yutengl-dev-202-3-0:2329975:2329975 [0] NCCL INFO Channel 20/24 : 0 1
pluto-prod-yutengl-dev-202-3-0:2329975:2329975 [0] NCCL INFO Channel 21/24 : 0 1
pluto-prod-yutengl-dev-202-3-0:2329975:2329975 [0] NCCL INFO Channel 22/24 : 0 1
pluto-prod-yutengl-dev-202-3-0:2329975:2329975 [0] NCCL INFO Channel 23/24 : 0 1
pluto-prod-yutengl-dev-202-3-0:2329975:2329975 [0] NCCL INFO Trees [0] 1/-1/-1->0->-1 [1] 1/-1/-1->0->-1 [2] 1/-1/-1->0->-1 [3] 1/-1/-1->0->-1 [4] 1/-1/-1->0->-1 [5] 1/-1/-1->0->-1 [6] -1/-1/-1->0->1 [7] -1/-1/-1->0->[09-15 17:37:08] Found nccl from library libnccl.so.2
[09-15 17:37:08] sglang-diffusion is using nccl==2.29.7
1 [8] -1/-1/-1->0->1 [9] -1/-1/-1->0->1 [10] -1/-1/-1->0->1 [11] -1/-1/-1->0->1 [12] 1/-1/-1->0->-1 [13] 1/-1/-1->0->-1 [14] 1/-1/-1->0->-1 [15] 1/-1/-1->0->-1 [16] 1/-1/-1->0->-1 [17] 1/-1/-1->0->-1 [18] -1/-1/-1->0->1 [19] -1/-1/-1->0->1 [20] -1/-1/-1->0->1 [21] -1/-1/-1->0->1 [22] -1/-1/-1->0->1 [23] -1/-1/-1->0->1
pluto-prod-yutengl-dev-202-3-0:2329975:2329975 [0] NCCL INFO P2P Chunksize set to 524288
pluto-prod-yutengl-dev-202-3-0:2329975:2329975 [0] NCCL INFO Check P2P Type isAllDirectP2p 1 directMode 0 isAllCudaP2p 1
pluto-prod-yutengl-dev-202-3-0:2329975:2330743 [0] NCCL INFO [Proxy Service] Device 0 CPU core 100
pluto-prod-yutengl-dev-202-3-0:2329975:2330745 [0] NCCL INFO [Proxy Service UDS] Device 0 CPU core 39
pluto-prod-yutengl-dev-202-3-0:2329975:2329975 [0] NCCL INFO NET/OFI Region base Tuner is chosen for platform: p5.48xlarge
pluto-prod-yutengl-dev-202-3-0:2329975:2329975 [0] NCCL INFO NET/OFI Region Tuner init (platform 0): comm with 2 ranks and 1 nodes.
pluto-prod-yutengl-dev-202-3-0:2329975:2329975 [0] NCCL INFO NET/OFI Tuner init: comm with 2 ranks and 1 nodes.
pluto-prod-yutengl-dev-202-3-0:2329975:2329975 [0] NCCL INFO threadThresholds 8/8/64 | 16/8/64 | 512 | 512
pluto-prod-yutengl-dev-202-3-0:2329975:2329975 [0] NCCL INFO 24 coll channels, 24 collnet channels, 16 nvls channels, 32 p2p channels, 32 p2p channels per peer
pluto-prod-yutengl-dev-202-3-0:2329975:2329975 [0] NCCL INFO Symmetric VA size=80GB
pluto-prod-yutengl-dev-202-3-0:2329975:2329975 [0] NCCL INFO CC Off, workFifoBytes 1048576
pluto-prod-yutengl-dev-202-3-0:2329975:2329975 [0] NCCL INFO ncclCommSplit comm 0x56009d4bec20 rank 0 nranks 2 cudaDev 0 nvmlDev 0 busId 64000 parent 0x560093bc23d0 childCount 16 color 2130503744 key 0 - Init COMPLETE
pluto-prod-yutengl-dev-202-3-0:2329975:2329975 [0] NCCL INFO Init timings - ncclCommSplit: rank 0 nranks 2 total 0.11 (kernels 0.00, alloc 0.00, bootstrap 0.00, allgathers 0.00, topo 0.02, graphs 0.00, connections 0.08, rest 0.01)
pluto-prod-yutengl-dev-202-3-0:2329975:2329975 [0] NCCL INFO Initialized NET plugin Socket
pluto-prod-yutengl-dev-202-3-0:2329975:2329975 [0] NCCL INFO Assigned NET plugin Socket to comm
pluto-prod-yutengl-dev-202-3-0:2329975:2329975 [0] NCCL INFO Failed to initialize any GIN plugin
pluto-prod-yutengl-dev-202-3-0:2329975:2329975 [0] NCCL INFO Using network Socket
pluto-prod-yutengl-dev-202-3-0:2329975:2329975 [0] NCCL INFO [Rank 0] ncclCommInitRank comm 0x56009d864240 rank 0 nranks 2 cudaDev 0 nvmlDev 0 busId 64000 commId 0x25650ac75274782f - Init START
pluto-prod-yutengl-dev-202-3-0:2329975:2329975 [0] NCCL INFO Bootstrap timings total 0.000859 (create 0.000051, send 0.000184, recv 0.000270, ring 0.000029, delay 0.000000)
pluto-prod-yutengl-dev-202-3-0:2329975:2329975 [0] NCCL INFO MNNVL busId 0x64000 fabric UUID 0.0 cliqueId 0x0 state 3 healthMask 0x0
pluto-prod-yutengl-dev-202-3-0:2329975:2329975 [0] NCCL INFO ncclTopoGetCpuAffinity: Affinity for GPU 0 is 0-47,96-143. (GPU affinity = 0-47,96-143 ; CPU affinity = 0-47,96-143).
pluto-prod-yutengl-dev-202-3-0:2329975:2329975 [0] NCCL INFO NVLS multicast support is available on dev 0 (NVLS_NCHANNELS 16)
pluto-prod-yutengl-dev-202-3-0:2329975:2329975 [0] NCCL INFO comm 0x56009d864240 rank 0 nRanks 2 nNodes 1 localRanks 2 localRank 0 MNNVL 0
pluto-prod-yutengl-dev-202-3-0:2329975:2329975 [0] NCCL INFO Channel 00/24 : 0 1
pluto-prod-yutengl-dev-202-3-0:2329975:2329975 [0] NCCL INFO Channel 01/24 : 0 1
pluto-prod-yutengl-dev-202-3-0:2329975:2329975 [0] NCCL INFO Channel 02/24 : 0 1
pluto-prod-yutengl-dev-202-3-0:2329975:2329975 [0] NCCL INFO Channel 03/24 : 0 1
pluto-prod-yutengl-dev-202-3-0:2329975:2329975 [0] NCCL INFO Channel 04/24 : 0 1
pluto-prod-yutengl-dev-202-3-0:2329975:2329975 [0] NCCL INFO Channel 05/24 : 0 1
pluto-prod-yutengl-dev-202-3-0:2329975:2329975 [0] NCCL INFO Channel 06/24 : 0 1
pluto-prod-yutengl-dev-202-3-0:2329975:2329975 [0] NCCL INFO Channel 07/24 : 0 1
pluto-prod-yutengl-dev-202-3-0:2329975:2329975 [0] NCCL INFO Channel 08/24 : 0 1
pluto-prod-yutengl-dev-202-3-0:2329975:2329975 [0] NCCL INFO Channel NCCL INFO Trees [0] -1/-1/-1->1->0 [1] -1/-1/-1->1->0 [2] -1/-1/-1->1->0 [3] -1/-1/-1->1->0 [4] -1/-1/-1->1->0 [5] -1/-1/-1->1->0 [6] 0/-1/-1->1->-1 [7] 0/-1/-1->1->-1 [8] 0/-1/-1->1->-1 [9] 0/-1/-1->1->-1 [10] 0/-1/-1->1->-1 [11] 0/-1/-1->1->-1 [12] -1/-1/-1->1->0 [13] -1/-1/-1->1->0 [14] -1/-1/-1->1->0 [15] -1/-1/-1->1->0 [16] -1/-1/-1->1->0 [17] -1/-1/-1->1->0 [18] 0/-1/-1->1->-1 [19] 0/-1/-1->1->-1 [20] 0/-1/-1->1->-1 [21] 0/-1/-1->1->-1 [22] 0/-1/-1->1->-1 [23] 0/-1/-1->1->-1
pluto-prod-yutengl-dev-202-3-0:2329976:2329976 [1] NCCL INFO P2P Chunksize set to 524288
pluto-prod-yutengl-dev-202-3-0:2329976:2329976 [1] NCCL INFO Check P2P Type isAllDirectP2p 1 directMode 0 isAllCudaP2p 1
pluto-prod-yutengl-dev-202-3-0:2329976:2330742 [0] NCCL INFO [Proxy Service] Device 1 CPU core 35
pluto-prod-yutengl-dev-202-3-0:2329976:2330744 [0] NCCL INFO [Proxy Service UDS] Device 1 CPU core 30
pluto-prod-yutengl-dev-202-3-0:2329976:2329976 [1] NCCL INFO NET/OFI Region base Tuner is chosen for platform: p5.48xlarge
pluto-prod-yutengl-dev-202-3-0:2329976:2329976 [1] NCCL INFO NET/OFI Region Tuner init (platform 0): comm with 2 ranks and 1 nodes.
pluto-prod-yutengl-dev-202-3-0:2329976:2329976 [1] NCCL INFO NET/OFI Tuner init: comm with 2 ranks and 1 nodes.
pluto-prod-yutengl-dev-202-3-0:2329976:2329976 [1] NCCL INFO threadThresholds 8/8/64 | 16/8/64 | 512 | 512
pluto-prod-yutengl-dev-202-3-0:2329976:2329976 [1] NCCL INFO 24 coll channels, 24 collnet channels, 16 nvls channels, 32 p2p channels, 32 p2p channels per peer
pluto-prod-yutengl-dev-202-3-0:2329976:2329976 [1] NCCL INFO Symmetric VA size=80GB
pluto-prod-yutengl-dev-202-3-0:2329976:2329976 [1] NCCL INFO ncclCommSplit comm 0x55a38d360a60 rank 1 nranks 2 cudaDev 1 nvmlDev 1 busId 75000 parent 0x55a383a60970 childCount 16 color 2130503744 key 1 - Init COMPLETE
pluto-prod-yutengl-dev-202-3-0:2329976:2329976 [1] NCCL INFO Init timings - ncclCommSplit: rank 1 nranks 2 total 0.11 (kernels 0.00, alloc 0.00, bootstrap 0.00, allgathers 0.00, topo 0.02, graphs 0.00, connections 0.08, rest 0.01)
pluto-prod-yutengl-dev-202-3-0:2329976:2329976 [1] NCCL INFO Initialized NET plugin Socket
pluto-prod-yutengl-dev-202-3-0:2329976:2329976 [1] NCCL INFO Assigned NET plugin Socket to comm
pluto-prod-yutengl-dev-202-3-0:2329976:2329976 [1] NCCL INFO Failed to initialize any GIN plugin
pluto-prod-yutengl-dev-202-3-0:2329976:2329976 [1] NCCL INFO Using network Socket
pluto-prod-yutengl-dev-202-3-0:2329976:2329976 [1] NCCL INFO [Rank 1] ncclCommInitRank comm 0x55a38d7059c0 rank 1 nranks 2 cudaDev 1 nvmlDev 1 busId 75000 commId 0x25650ac75274782f - Init START
pluto-prod-yutengl-dev-202-3-0:2329976:2329976 [1] NCCL INFO Bootstrap timings total 0.000850 (create 0.000055, send 0.000160, recv 0.000429, ring 0.000028, delay 0.000000)
pluto-prod-yutengl-dev-202-3-0:2329976:2329976 [1] NCCL INFO MNNVL busId 0x75000 fabric UUID 0.0 cliqueId 0x0 state 3 healthMask 0x0
pluto-prod-yutengl-dev-202-3-0:2329976:2329976 [1] NCCL INFO ncclTopoGetCpuAffinity: Affinity for GPU 1 is 0-47,96-143. (GPU affinity = 0-47,96-143 ; CPU affinity = 0-47,96-143).
pluto-prod-yutengl-dev-202-3-0:2329976:2329976 [1] NCCL INFO NVLS multicast support is available on dev 1 (NVLS_NCHANNELS 16)
pluto-prod-yutengl-dev-202-3-0:2329976:2329976 [1] NCCL INFO comm 0x55a38d7059c0 rank 1 nRanks 2 nNodes 1 localRanks 2 localRank 1 MNNVL 0
pluto-prod-yutengl-dev-202-3-0:2329976:2329976 [1] NCCL INFO Trees [0] -1/-1/-1->1->0 [1] -1/-1/-1->1->0 [2] -1/-1/-1->1->0 [3] -1/-1/-1->1->0 [4] -1/-1/-1->1->0 [5] -1/-1/-1->1->0 [6] 0/-1/-1->1->-1 [7] 0/-1/-1->1->-1 [8] 0/-1/-1->1->-1 [9] 0/-1/-1->1->-1 [10] 0/-1/-1->1->-1 [11] 0/-1/-1->1->-1 [12] -1/-1/-1->1->0 [13] -1/-1/-1->1->0 [14] -1/-1/-1->1->0 [15] -1/-1/-1->1->0 [16] -1/-1/-1->1->0 [17] -1/-1/-1->1->0 [18] 0/-1/-1->1->-1 [19] 0/-1/-1->1->-1 [20] 0/-1/-1->1->-1 [21] 0/-1/-1->1->-1 [22] 0/-1/-1->1->-1 [23] 0/-1/-1->1->-1
pluto-prod-yutengl-dev-202-3-0:2329976:2329976 [1] NCCL INFO P2P Chunksize set to 524288
pluto-prod-yutengl-dev-202-3-0:2329976:2329976 [1] NCCL INFO Check P2P Type isAllDirectP2p 1 dir 09/24 : 0 1
pluto-prod-yutengl-dev-202-3-0:2329975:2329975 [0] NCCL INFO Channel 10/24 : 0 1
pluto-prod-yutengl-dev-202-3-0:2329975:2329975 [0] NCCL INFO Channel 11/24 : 0 1
pluto-prod-yutengl-dev-202-3-0:2329975:2329975 [0] NCCL INFO Channel 12/24 : 0 1
pluto-prod-yutengl-dev-202-3-0:2329975:2329975 [0] NCCL INFO Channel 13/24 : 0 1
pluto-prod-yutengl-dev-202-3-0:2329975:2329975 [0] NCCL INFO Channel 14/24 : 0 1
pluto-prod-yutengl-dev-202-3-0:2329975:2329975 [0] NCCL INFO Channel 15/24 : 0 1
pluto-prod-yutengl-dev-202-3-0:2329975:2329975 [0] NCCL INFO Channel 16/24 : 0 1
pluto-prod-yutengl-dev-202-3-0:2329975:2329975 [0] NCCL INFO Channel 17/24 : 0 1
pluto-prod-yutengl-dev-202-3-0:2329975:2329975 [0] NCCL INFO Channel 18/24 : 0 1
pluto-prod-yutengl-dev-202-3-0:2329975:2329975 [0] NCCL INFO Channel 19/24 : 0 1
pluto-prod-yutengl-dev-202-3-0:2329975:2329975 [0] NCCL INFO Channel 20/24 : 0 1
pluto-prod-yutengl-dev-202-3-0:2329975:2329975 [0] NCCL INFO Channel 21/24 : 0 1
pluto-prod-yutengl-dev-202-3-0:2329975:2329975 [0] NCCL INFO Channel 22/24 : 0 1
pluto-prod-yutengl-dev-202-3-0:2329975:2329975 [0] NCCL INFO Channel 23/24 : 0 1
pluto-prod-yutengl-dev-202-3-0:2329975:2329975 [0] NCCL INFO Trees [0] 1/-1/-1->0->-1 [1] 1/-1/-1->0->-1 [2] 1/-1/-1->0->-1 [3] 1/-1/-1->0->-1 [4] 1/-1/-1->0->-1 [5] 1/-1/-1->0->-1 [6] -1/-1/-1->0->1 [7] -1/-1/-1->0->1 [8] -1/-1/-1->0->1 [9] -1/-1/-1->0->1 [10] -1/-1/-1->0->1 [11] -1/-1/-1->0->1 [12] 1/-1/-1->0->-1 [13] 1/-1/-1->0->-1 [14] 1/-1/-1->0->-1 [15] 1/-1/-1->0->-1 [16] 1/-1/-1->0->-1 [17] 1/-1/-1->0->-1 [18] -1/-1/-1->0->1 [19] -1/-1/-1->0->1 [20] -1/-1/-1->0->1 [21] -1/-1/-1->0->1 [22] -1/-1/-1->0->1 [23] -1/-1/-1->0->1
pluto-prod-yutengl-dev-202-3-0:2329975:2329975 [0] NCCL INFO P2P Chunksize set to 524288
pluto-prod-yutengl-dev-202-3-0:2329975:2329975 [0] NCCL INFO Check P2P Type isAllDirectP2p 1 directMode 0 isAllCudaP2p 1
pluto-prod-yutengl-dev-202-3-0:2329975:2330756 [0] NCCL INFO [Proxy Service UDS] Device 0 CPU core 117
pluto-prod-yutengl-dev-202-3-0:2329975:2330754 [0] NCCL INFO [Proxy Service] Device 0 CPU core 24
pluto-prod-yutengl-dev-202-3-0:2329975:2329975 [0] NCCL INFO NET/OFI Region base Tuner is chosen for platform: p5.48xlarge
pluto-prod-yutengl-dev-202-3-0:2329975:2329975 [0] NCCL INFO NET/OFI Region Tuner init (platform 0): comm with 2 ranks and 1 nodes.
pluto-prod-yutengl-dev-202-3-0:2329975:2329975 [0] NCCL INFO NET/OFI Tuner init: comm with 2 ranks and 1 nodes.
pluto-prod-yutengl-dev-202-3-0:2329975:2329975 [0] NCCL INFO threadThresholds 8/8/64 | 16/8/64 | 512 | 512
pluto-prod-yutengl-dev-202-3-0:2329975:2329975 [0] NCCL INFO 24 coll channels, 24 collnet channels, 16 nvls channels, 32 p2p channels, 32 p2p channels per peer
pluto-prod-yutengl-dev-202-3-0:2329975:2329975 [0] NCCL INFO Symmetric VA size=80GB
pluto-prod-yutengl-dev-202-3-0:2329975:2329975 [0] NCCL INFO CC Off, workFifoBytes 1048576
pluto-prod-yutengl-dev-202-3-0:2329975:2329975 [0] NCCL INFO ncclCommInitRank comm 0x56009d864240 rank 0 nranks 2 cudaDev 0 nvmlDev 0 busId 64000 commId 0x25650ac75274782f - Init COMPLETE
pluto-prod-yutengl-dev-202-3-0:2329975:2329975 [0] NCCL INFO Init timings - ncclCommInitRank: rank 0 nranks 2 total 0.11 (kernels 0.00, alloc 0.00, bootstrap 0.00, allgathers 0.00, topo 0.02, graphs 0.00, connections 0.08, rest 0.01)
pluto-prod-yutengl-dev-202-3-0:2329975:2329975 [0] NCCL INFO Symmetric VA size=80GB
pluto-prod-yutengl-dev-202-3-0:2329975:2329975 [0] NCCL INFO Channel 00/0 : 0[0] -> 1[1] via P2P/CUMEM
pluto-prod-yutengl-dev-202-3-0:2329975:2329975 [0] NCCL INFO Channel 01/0 : 0[0] -> 1[1] via P2P/CUMEM
pluto-prod-yutengl-dev-202-3-0:2329975:2329975 [0] NCCL INFO Channel 02/0 : 0[0] -> 1[1] via P2P/CUMEM
pluto-prod-yutengl-dev-202-3-0:2329975:2329975 [0] NCCL INFO Channel 03/0 : 0[0] -> 1[1] via P2P/CUMEM
pluto-prod-yutengl-dev-202-3-0:2329975:2329975 [0] NCCL INFO Channel 04/0 : 0[0] -> 1[1] via P2P/CUMEM
pluto-prod-yutengl-dev-202-3-0:2329975:2329975 [0] NCCL INFO Channel 05/0 : 0[0] -> 1[1] via P2P/CUMEM
pluto-prod-yutengl-dev-202-3-0:2329975:2329975 [0] NCCL INFO ChannelectMode 0 isAllCudaP2p 1
pluto-prod-yutengl-dev-202-3-0:2329976:2330753 [0] NCCL INFO [Proxy Service] Device 1 CPU core 31
pluto-prod-yutengl-dev-202-3-0:2329976:2330755 [0] NCCL INFO [Proxy Service UDS] Device 1 CPU core 100
pluto-prod-yutengl-dev-202-3-0:2329976:2329976 [1] NCCL INFO NET/OFI Region base Tuner is chosen for platform: p5.48xlarge
pluto-prod-yutengl-dev-202-3-0:2329976:2329976 [1] NCCL INFO NET/OFI Region Tuner init (platform 0): comm with 2 ranks and 1 nodes.
pluto-prod-yutengl-dev-202-3-0:2329976:2329976 [1] NCCL INFO NET/OFI Tuner init: comm with 2 ranks and 1 nodes.
pluto-prod-yutengl-dev-202-3-0:2329976:2329976 [1] NCCL INFO threadThresholds 8/8/64 | 16/8/64 | 512 | 512
pluto-prod-yutengl-dev-202-3-0:2329976:2329976 [1] NCCL INFO 24 coll channels, 24 collnet channels, 16 nvls channels, 32 p2p channels, 32 p2p channels per peer
pluto-prod-yutengl-dev-202-3-0:2329976:2329976 [1] NCCL INFO Symmetric VA size=80GB
pluto-prod-yutengl-dev-202-3-0:2329976:2329976 [1] NCCL INFO ncclCommInitRank comm 0x55a38d7059c0 rank 1 nranks 2 cudaDev 1 nvmlDev 1 busId 75000 commId 0x25650ac75274782f - Init COMPLETE
pluto-prod-yutengl-dev-202-3-0:2329976:2329976 [1] NCCL INFO Init timings - ncclCommInitRank: rank 1 nranks 2 total 0.11 (kernels 0.00, alloc 0.00, bootstrap 0.00, allgathers 0.00, topo 0.02, graphs 0.00, connections 0.08, rest 0.01)
pluto-prod-yutengl-dev-202-3-0:2329976:2329976 [1] NCCL INFO Symmetric VA size=80GB
pluto-prod-yutengl-dev-202-3-0:2329976:2329976 [1] NCCL INFO Channel 00/0 : 1[1] -> 0[0] via P2P/CUMEM
pluto-prod-yutengl-dev-202-3-0:2329976:2329976 [1] NCCL INFO Channel 01/0 : 1[1] -> 0[0] via P2P/CUMEM
pluto-prod-yutengl-dev-202-3-0:2329976:2329976 [1] NCCL INFO Channel 02/0 : 1[1] -> 0[0] via P2P/CUMEM
pluto-prod-yutengl-dev-202-3-0:2329976:2329976 [1] NCCL INFO Channel 03/0 : 1[1] -> 0[0] via P2P/CUMEM
pluto-prod-yutengl-dev-202-3-0:2329976:2329976 [1] NCCL INFO Channel 04/0 : 1[1] -> 0[0] via P2P/CUMEM
pluto-prod-yutengl-dev-202-3-0:2329976:2329976 [1] NCCL INFO Channel 05/0 : 1[1] -> 0[0] via P2P/CUMEM
pluto-prod-yutengl-dev-202-3-0:2329976:2329976 [1] NCCL INFO Channel 06/0 : 1[1] -> 0[0] via P2P/CUMEM
pluto-prod-yutengl-dev-202-3-0:2329976:2329976 [1] NCCL INFO Channel 07/0 : 1[1] -> 0[0] via P2P/CUMEM
pluto-prod-yutengl-dev-202-3-0:2329976:2329976 [1] NCCL INFO Channel 08/0 : 1[1] -> 0[0] via P2P/CUMEM
pluto-prod-yutengl-dev-202-3-0:2329976:2329976 [1] NCCL INFO Channel 09/0 : 1[1] -> 0[0] via P2P/CUMEM
pluto-prod-yutengl-dev-202-3-0:2329976:2329976 [1] NCCL INFO Channel 10/0 : 1[1] -> 0[0] via P2P/CUMEM
pluto-prod-yutengl-dev-202-3-0:2329976:2329976 [1] NCCL INFO Channel 11/0 : 1[1] -> 0[0] via P2P/CUMEM
pluto-prod-yutengl-dev-202-3-0:2329976:2329976 [1] NCCL INFO Channel 12/0 : 1[1] -> 0[0] via P2P/CUMEM
pluto-prod-yutengl-dev-202-3-0:2329976:2329976 [1] NCCL INFO Channel 13/0 : 1[1] -> 0[0] via P2P/CUMEM
pluto-prod-yutengl-dev-202-3-0:2329976:2329976 [1] NCCL INFO Channel 14/0 : 1[1] -> 0[0] via P2P/CUMEM
pluto-prod-yutengl-dev-202-3-0:2329976:2329976 [1] NCCL INFO Channel 15/0 : 1[1] -> 0[0] via P2P/CUMEM
pluto-prod-yutengl-dev-202-3-0:2329976:2329976 [1] NCCL INFO Channel 16/0 : 1[1] -> 0[0] via P2P/CUMEM
pluto-prod-yutengl-dev-202-3-0:2329976:2329976 [1] NCCL INFO Channel 17/0 : 1[1] -> 0[0] via P2P/CUMEM
pluto-prod-yutengl-dev-202-3-0:2329976:2329976 [1] NCCL INFO Channel 18/0 : 1[1] -> 0[0] via P2P/CUMEM
pluto-prod-yutengl-dev-202-3-0:2329976:2329976 [1] NCCL INFO Channel 19/0 : 1[1] -> 0[0] via P2P/CUMEM
pluto-prod-yutengl-dev-202-3-0:2329976:2329976 [1] NCCL INFO Channel 20/0 : 1[1] -> 0[0] via P2P/CUMEM
pluto-prod-yutengl-dev-202-3-0:2329976:2329976 [1] NCCL INFO Channel 21/0 : 1[1] -> 0[0] via P2P/CUMEM
pluto-prod-yutengl-dev-202-3-0:2329976:2329976 [1] NCCL INFO Channel 22/0 : 1[1] -> 0[0] via P2P/CUMEM
pluto-prod-yutengl-dev-202-3-0:2329976:2329976 [1] NCCL INFO Channel 23/0 : 1[1] -> 0[0] via P2P/CUMEM
pluto-prod-yutengl-dev-202-3-0:2329976:2329976 [1] NCCL INFO Connected all rings, use ring PXN 0 GDR 1
pluto-prod-yutengl-dev-202-3-0:2329976:2329976 [1] NCCL INFO Comm confi 06/0 : 0[0] -> 1[1] via P2P/CUMEM
pluto-prod-yutengl-dev-202-3-0:2329975:2329975 [0] NCCL INFO Channel 07/0 : 0[0] -> 1[1] via P2P/CUMEM
pluto-prod-yutengl-dev-202-3-0:2329975:2329975 [0] NCCL INFO Channel 08/0 : 0[0] -> 1[1] via P2P/CUMEM
pluto-prod-yutengl-dev-202-3-0:2329975:2329975 [0] NCCL INFO Channel 09/0 : 0[0] -> 1[1] via P2P/CUMEM
pluto-prod-yutengl-dev-202-3-0:2329975:2329975 [0] NCCL INFO Channel 10/0 : 0[0] -> 1[1] via P2P/CUMEM
pluto-prod-yutengl-dev-202-3-0:2329975:2329975 [0] NCCL INFO Channel 11/0 : 0[0] -> 1[1] via P2P/CUMEM
pluto-prod-yutengl-dev-202-3-0:2329975:2329975 [0] NCCL INFO Channel 12/0 : 0[0] -> 1[1] via P2P/CUMEM
pluto-prod-yutengl-dev-202-3-0:2329975:2329975 [0] NCCL INFO Channel 13/0 : 0[0] -> 1[1] via P2P/CUMEM
pluto-prod-yutengl-dev-202-3-0:2329975:2329975 [0] NCCL INFO Channel 14/0 : 0[0] -> 1[1] via P2P/CUMEM
pluto-prod-yutengl-dev-202-3-0:2329975:2329975 [0] NCCL INFO Channel 15/0 : 0[0] -> 1[1] via P2P/CUMEM
pluto-prod-yutengl-dev-202-3-0:2329975:2329975 [0] NCCL INFO Channel 16/0 : 0[0] -> 1[1] via P2P/CUMEM
pluto-prod-yutengl-dev-202-3-0:2329975:2329975 [0] NCCL INFO Channel 17/0 : 0[0] -> 1[1] via P2P/CUMEM
pluto-prod-yutengl-dev-202-3-0:2329975:2329975 [0] NCCL INFO Channel 18/0 : 0[0] -> 1[1] via P2P/CUMEM
pluto-prod-yutengl-dev-202-3-0:2329975:2329975 [0] NCCL INFO Channel 19/0 : 0[0] -> 1[1] via P2P/CUMEM
pluto-prod-yutengl-dev-202-3-0:2329975:2329975 [0] NCCL INFO Channel 20/0 : 0[0] -> 1[1] via P2P/CUMEM
pluto-prod-yutengl-dev-202-3-0:2329975:2329975 [0] NCCL INFO Channel 21/0 : 0[0] -> 1[1] via P2P/CUMEM
pluto-prod-yutengl-dev-202-3-0:2329975:2329975 [0] NCCL INFO Channel 22/0 : 0[0] -> 1[1] via P2P/CUMEM
pluto-prod-yutengl-dev-202-3-0:2329975:2329975 [0] NCCL INFO Channel 23/0 : 0[0] -> 1[1] via P2P/CUMEM
pluto-prod-yutengl-dev-202-3-0:2329975:2329975 [0] NCCL INFO Connected all rings, use ring PXN 0 GDR 1
pluto-prod-yutengl-dev-202-3-0:2329975:2329975 [0] NCCL INFO Comm config Blocking set to 1
pluto-prod-yutengl-dev-202-3-0:2329975:2329975 [0] NCCL INFO Initialized NET plugin Socket
pluto-prod-yutengl-dev-202-3-0:2329975:2329975 [0] NCCL INFO Assigned NET plugin Socket to comm
pluto-prod-yutengl-dev-202-3-0:2329975:2329975 [0] NCCL INFO Failed to initialize any GIN plugin
pluto-prod-yutengl-dev-202-3-0:2329975:2329975 [0] NCCL INFO Using network Socket
pluto-prod-yutengl-dev-202-3-0:2329975:2329975 [0] NCCL INFO ncclCommSplit comm 0x56009dc6bb20 rank 0 nranks 2 cudaDev 0 nvmlDev 0 busId 64000 parent 0x560093bc23d0 childCount 17 color 2130503744 key 0- Init START
pluto-prod-yutengl-dev-202-3-0:2329975:2329975 [0] NCCL INFO MNNVL busId 0x64000 fabric UUID 0.0 cliqueId 0x0 state 3 healthMask 0x0
pluto-prod-yutengl-dev-202-3-0:2329975:2329975 [0] NCCL INFO ncclTopoGetCpuAffinity: Affinity for GPU 0 is 0-47,96-143. (GPU affinity = 0-47,96-143 ; CPU affinity = 0-47,96-143).
pluto-prod-yutengl-dev-202-3-0:2329975:2329975 [0] NCCL INFO NVLS multicast support is available on dev 0 (NVLS_NCHANNELS 16)
pluto-prod-yutengl-dev-202-3-0:2329975:2329975 [0] NCCL INFO comm 0x56009dc6bb20 rank 0 nRanks 2 nNodes 1 localRanks 2 localRank 0 MNNVL 0
pluto-prod-yutengl-dev-202-3-0:2329975:2329975 [0] NCCL INFO Channel 00/24 : 0 1
pluto-prod-yutengl-dev-202-3-0:2329975:2329975 [0] NCCL INFO Channel 01/24 : 0 1
pluto-prod-yutengl-dev-202-3-0:2329975:2329975 [0] NCCL INFO Channel 02/24 : 0 1
pluto-prod-yutengl-dev-202-3-0:2329975:2329975 [0] NCCL INFO Channel 03/24 : 0 1
pluto-prod-yutengl-dev-202-3-0:2329975:2329975 [0] NCCL INFO Channel 04/24 : 0 1
pluto-prod-yutengl-dev-202-3-0:2329975:2329975 [0] NCCL INFO Channel 05/24 : 0 1
pluto-prod-yutengl-dev-202-3-0:2329975:2329975 [0] NCCL INFO Channel 06/24 : 0 1
pluto-prod-yutengl-dev-202-3-0:2329975:2329975 [0] NCCL INFO Channel 07/24 : 0 1
pluto-prod-yutengl-dev-202-3-0:2329975:2329975 [0] NCCL INFO Channel 08/24 : 0 1
pluto-prod-yutengl-dev-202-3-0:2329975:2329975 [0] NCCL INFO Channel 09/24 : 0 1
pluto-prod-yutengl-dev-202-3-0:2329975:2329975 [0] NCCL INFO Channel 10/24 : 0 1
pluto-prod-yutengl-dev-202-3-0:2329975:2329975 [0] NCCL INFO Channel[09-15 17:37:08] No pipeline_class_name specified, using model_index.json
[93m[09-15 17:37:09] Skipping pipeline module sglang.multimodal_gen.runtime.pipelines.hunyuan3d_pipeline during discovery due to import failure: Duplicate NCCL runtime found in the current system: /home/colligo/sglang-wiki/envs/run/lib/python3.10/site-packages/nvidia/nccl/lib/libnccl.so.2 and /opt/aws-ofi-nccl/install/lib/libnccl-net-ofi.so[0;0m
[93m[09-15 17:37:09] Skipping pipeline module sglang.multimodal_gen.runtime.pipelines.pi05 during discovery due to import failure: Duplicate NCCL runtime found in the current system: /home/colligo/sglang-wiki/envs/run/lib/python3.10/site-packages/nvidia/nccl/lib/libnccl.so.2 and /opt/aws-ofi-nccl/install/lib/libnccl-net-ofi.so[0;0m
[09-15 17:37:09] Diffusers version: 0.37.1
[09-15 17:37:09] Using pipeline from model_index.json: Cosmos3OmniDiffusersPipeline
[09-15 17:37:09] Loading pipeline modules...
[09-15 17:37:09] Model already exists locally and is complete
[09-15 17:37:09] Model path: /mnt/localssd/models/Cosmos3-Super-fe77b66696d645f663b8f27e942b3b43e4629e23
[09-15 17:37:09] Diffusers version: 0.37.1
[09-15 17:37:09] Model already exists locally and is complete
[09-15 17:37:09] Model path: /mnt/localssd/models/Cosmos3-Super-fe77b66696d645f663b8f27e942b3b43e4629e23
[09-15 17:37:09] Diffusers version: 0.37.1
[09-15 17:37:09] Loading pipeline modules from config: {'_class_name': 'Cosmos3OmniDiffusersPipeline', '_diffusers_version': '0.37.1', 'scheduler': ['diffusers', 'UniPCMultistepScheduler'], 'text_tokenizer': ['transformers', 'Qwen2TokenizerFast'], 'transformer': ['diffusers', 'Cosmos3OmniTransformer'], 'vae': ['diffusers', 'AutoencoderKLWan'], 'vision_encoder': ['transformers', 'Qwen3VLVisionModel'], 'sound_tokenizer': ['diffusers', 'Cosmos3AVAEAudioTokenizer']}
[09-15 17:37:09] Loading required components: ['text_tokenizer', 'vae', 'transformer', 'scheduler', 'sound_tokenizer']
Loading required modules:   0%|          | 0/5 [00:00<?, ?it/s][09-15 17:37:09] Memory-aware component load order: ['transformer', 'sound_tokenizer', 'vae', 'text_tokenizer', 'scheduler']
Loading required modules:   0%|          | 0/5 [00:00<?, ?it/s][09-15 17:37:09] Loading transformer from /mnt/localssd/models/Cosmos3-Super-fe77b66696d645f663b8f27e942b3b43e4629e23/transformer. avail mem: 75.07 GB
[09-15 17:37:09] Loading Cosmos3OmniTransformer from 27 safetensors file(s) , param_dtype: torch.bfloat16

Loading safetensors checkpoint shards: 0%|          | 0/27[A
Loading safetensors checkpoint shards: 4%|▎         | 1/27[A
Loading safetensors checkpoint shards: 7%|▋         | 2/27[A
Loading safetensors checkpoint shards: 11%|█         | 3/27[A
Loading safetensors checkpoint shards: 15%|█▍        | 4/27[A
Loading safetensors checkpoint shards: 19%|█▊        | 5/27[A
Loading safetensors checkpoint shards: 22%|██▏       | 6/27[A
Loading safetensors checkpoint shards: 26%|██▌       | 7/27[A
Loading safetensors checkpoint shards: 30%|██▉       | 8/27[A
Loading safetensors checkpoint shards: 33%|███▎      | 9/27[A
Loading safetensors checkpoint shards: 37%|███▋      | 10/27[A
Loading safetensors checkpoint shards: 41%|████      | 11/27[A
Loading safetensors checkpoint shards: 44%|████▍     | 12/27[A
Loading safetensors checkpoint shards: 48%|████▊     | 13/27[A
Loading safetensors checkpoint shards: 52%|█████▏    | 14/27[A
Loading safetensors checkpoint shards: 56%|█████▌    | 15/27[A
Loading safetensors checkpoint shards: 59%|█████▉    | 16/27[A
Loading safetensors checkpoint shards: 63%|██████▎   | 17/27[A
Loading safetensors checkpoint shards: 67%|██████▋   | 18/27[A
Loading safetensors checkpoint shards: 70%|███████   | 19/27[A
Loading safetensors checkpoint shards: 74%|███████▍  | 20/27[A
Loading safetensors checkpoint shards: 78%|███████▊  | 21/27[A
Loading safetensors checkpoint shards: 81%|████████▏ | 22/27[A
Loading safetensors checkpoint shards: 85%|████████▌ | 23/27[A
Loading safetensors checkpoint shards: 89%|████████▉ | 24/27[A
Loading safetensors checkpoint shards: 93%|█████████▎| 25/27[A
Loading safetensors checkpoint shards: 96%|█████████▋| 26/27[ALoading safetensors checkpoint shards: 100%|██████████| 27/27
[09-15 17:37:16] Attention backends for transformer: fa
Loading required modules:  20%|██        | 1/5 [00:07<00:29,  7.35s/it][09-15 17:37:16] Loaded transformer: Cosmos3OmniTransformer (sgl-diffusion version). model size: 117.85 GB, host mmap: 41.30 GB, host pageable: 76.55 GB. avail GPU mem: 75.07 GB
Loading required modules:  20%|██        | 1/5 [00:07<00:29,  7.35s/it][09-15 17:37:16] Loading sound_tokenizer from /mnt/localssd/models/Cosmos3-Super-fe77b66696d645f663b8f27e942b3b43e4629e23/sound_tokenizer. avail mem: 75.07 GB
/home/colligo/sglang-wiki/envs/run/lib/python3.10/site-packages/torch/nn/utils/weight_norm.py:144: FutureWarning: `torch.nn.utils.weight_norm` is deprecated in favor of `torch.nn.utils.parametrizations.weight_norm`.
  WeightNorm.apply(module, name, dim)
/home/colligo/sglang-wiki/envs/run/lib/python3.10/site-packages/torch/nn/utils/weight_norm.py:144: FutureWarning: `torch.nn.utils.weight_norm` is deprecated in favor of `torch.nn.utils.parametrizations.weight_norm`.
  WeightNorm.apply(module, name, dim)
Loading required modules:  40%|████      | 2/5 [00:09<00:12,  4.16s/it][09-15 17:37:18] Loaded sound_tokenizer: Cosmos3AVAEAudioTokenizer (sgl-diffusion version). model size: 0.88 GB, vram: 0.88 GB. avail GPU mem: 74.18 GB
Loading required modules:  40%|████      | 2/5 [00:09<00:12,  4.18s/it][09-15 17:37:18] Loading vae from /mnt/localssd/models/Cosmos3-Super-fe77b66696d645f663b8f27e942b3b43e4629e23/vae. avail mem: 74.18 GB
[09-15 17:37:18] vae (VAE) stays on its checkpoint mapping: the deployment is 123.52 GiB of weights against 7.69 GiB of host memory, so copies are host memory the streamed components need more.
[09-15 17:37:18] Wan VAE: spatial-parallel decode; skipping fast path.
[09-15 17:37:18] Loaded vae: AutoencoderKLWan (sgl-diffusion version). model size: 1.31 GB, host mmap: 1.31 GB. avail GPU mem: 74.18 GB
[09-15 17:37:18] Loading text_tokenizer from /mnt/localssd/models/Cosmos3-Super-fe77b66696d645f663b8f27e942b3b43e4629e23/text_tokenizer. avail mem: 74.18 GB
Loading required modules:  80%|████████  | 4/5 [00:10<00:01,  1.84s/it]Loading required modules: 100%|██████████| 5/5 [00:10<00:00,  2.04s/it]
[09-15 17:37:19] Loaded text_tokenizer: Qwen2Tokenizer (sgl-diffusion version). model size: NA GB, weights: none. avail GPU mem: 74.18 GB
Loading required modules:  80%|████████  | 4/5 [00:10<00:01,  1.85s/it][09-15 17:37:19] Loading scheduler from /mnt/localssd/models/Cosmos3-Super-fe77b66696d645f663b8f27e942b3b43e4629e23/scheduler. avail mem: 74.18 GB
[09-15 17:37:19] Overriding scheduler class from UniPCMultistepScheduler to FlowUniPCMultistepScheduler
[09-15 17:37:19] Loaded scheduler: FlowUniPCMultistepScheduler (sgl-diffusion version). model size: NA GB, weights: none. avail GPU mem: 74.18 GB
Loading required modules: 100%|██████████| 5/5 [00:10<00:00,  2.05s/it]
[09-15 17:37:19] Creating pipeline stages...
[93m[09-15 17:37:19] Cosmos3 guardrails disabled because cosmos-guardrail is not installed. Install it with: pip install cosmos-guardrail==0.3.1[0;0m
[09-15 17:37:19] Cosmos3 pipeline stages created successfully (guardrails=False)
[09-15 17:37:19] Pipeline instantiated
[09-15 17:37:19] Layerwise offload host memory: 7.4 GiB available (cgroup cap 292.8 GiB, in use 285.4 GiB)
[09-15 17:37:19] Configuring layerwise offload for transformer (Cosmos3OmniTransformer): gen_layers (64 layers), language_model.layers (64 layers)
[09-15 17:37:19] Layerwise offload: transformer.gen_layers pins 5 of 64 layers (4.54 GiB of 5.44 GiB spendable). Of the rest, 0 are copied into pageable host memory and 59 stay on the checkpoint mapping. Pinning every layer would need 58.13 GiB.
[09-15 17:37:27] Layerwise offload: transformer.language_model.layers pins 0 of 64 layers (0.00 GiB of 0.90 GiB spendable). Of the rest, 0 are copied into pageable host memory and 64 stay on the checkpoint mapping. Pinning every layer would need 58.13 GiB.
[09-15 17:37:34] Layerwise offload: gen_layers ships mapped layers through a courier thread with 2 pinned slots, so their device copies overlap compute instead of stalling it.
[09-15 17:37:35] Layerwise offload: language_model.layers ships mapped layers through a courier thread with 2 pinned slots, so their device copies overlap compute instead of stalling it.
[09-15 17:37:35] Layerwise offload ready for transformer (Cosmos3OmniTransformer) in 15.92s: groups=2, layers=128, prefetch/group=1, resident=2/128, policy=leading
[09-15 17:37:35] Configuring layerwise offload for vae (AutoencoderKLWan): encoder.down_blocks (4 layers), decoder.up_blocks (4 layers)
[09-15 17:37:36] Layerwise offload: vae.encoder.down_blocks pins 0 of 4 layers (0.00 GiB of 0.09 GiB spendable). Of the rest, 0 are copied into pageable host memory and 4 stay on the checkpoint mapping. Pinning every layer would need 0.19 GiB.
[09-15 17:37:36] Layerwise offload: encoder.down_blocks ships mapped layers through a courier thread with 2 pinned slots, so their device copies overlap compute instead of stalling it.
[09-15 17:37:36] Layerwise offload ready for vae (AutoencoderKLWan) in 0.91s: groups=2, layers=8, prefetch/group=1, resident=0/8, policy=leading
[09-15 17:37:36] Layerwise offload summary: transformer (vram: 2.77 GB, host pinned: 4.54 GB, host mmap: 39.64 GB, host pageable: 72.07 GB), vae (vram: 0.66 GB, host pinned: 0.81 GB, host mmap: 0.19 GB)
[09-15 17:37:36] Worker 0: Initialized device, model, and distributed environment.
[09-15 17:37:36] Worker 0: Scheduler loop started.
[09-15 17:37:45] Stage generation control plane started
[09-15 17:37:45] Scheduler thread for stage generation set cuda device to 0
[09-15 17:37:45] Stage generation started
[09-15 17:37:45] Process generation ready with stages=['generation']
[09-15 17:37:45] Diffusers version: 0.37.1
[09-15 17:37:45] Sequence dimension shard is enabled, disabling frame adjustment for better performance
[09-15 17:37:45] Adjusting number of frames from 49 to 49 based on model
[09-15 17:37:45] Processing 1 grouped request(s)
[09-15 17:37:45] Sampling params:
                       width: 832
                      height: 480
                  num_frames: 49
                         fps: 24
                      prompt: <redacted, len=63>
                  neg_prompt: <redacted, len=0>
                        seed: 0
                 infer_steps: 4
      num_outputs_per_prompt: 1
              guidance_scale: 5.0
     embedded_guidance_scale: 6.0
                    n_tokens: None
                  flow_shift: None
                  image_path: None
                 save_output: True
            output_file_path: /home/colligo/sglang-wiki/repos/sglang-omni/results/cosmos3-super/2gpu/smoke-generation-layerwise-artifacts/test_super_generation_sound_0/media/request_a_dch2py/8b1eb91d31a74774934c38db66452e42.mp4
        
[09-15 17:37:45] Running pipeline stages: ['Cosmos3ImagePreprocessStage', 'Cosmos3TokenizationStage', 'Cosmos3LatentPreparationStage', 'Cosmos3TimestepPreparationStage', 'Cosmos3DenoisingStage', 'Cosmos3DecodingStage']
[09-15 17:37:45] [Cosmos3ImagePreprocessStage] started...
[09-15 17:37:45] [Cosmos3ImagePreprocessStage] finished in 0.0000 seconds
[09-15 17:37:45] [Cosmos3TokenizationStage] started...
[09-15 17:37:45] [Cosmos3TokenizationStage] Prompt with duration: 'A waterfall flows continuously with a loud rushing water sound. The video is 2.0 seconds long and is of 24 FPS.'
[09-15 17:37:45] [Cosmos3TokenizationStage] finished in 0.0194 seconds
[09-15 17:37:45] [Cosmos3LatentPreparationStage] started...
[09-15 17:37:45] [Cosmos3LatentPreparationStage] Prepared latents with shape (1, 48, 13, 30, 52)
[09-15 17:37:45] [Cosmos3LatentPreparationStage] Prepared sound latents with shape (1, 64, 51)
[09-15 17:37:45] [Cosmos3LatentPreparationStage] finished in 0.0012 seconds
[09-15 17:37:45] [Cosmos3TimestepPreparationStage] started...
[09-15 17:37:45] [Cosmos3TimestepPreparationStage] Prepared 4 timesteps (flow_shift=10.0)
[09-15 17:37:45] [Cosmos3TimestepPreparationStage] finished in 0.0004 seconds
[09-15 17:37:45] [Cosmos3DenoisingStage] started...
[09-15 17:37:45] [Cosmos3DenoisingStage] CFG parallel enabled: cfg_size=2, cfg_rank=0
[09-15 17:37:45] [Cosmos3DenoisingStage] Starting denoising with 4 steps, CFG=True, CFG_parallel=True, cfg_rank=0
Denoising:   0%|          | 0/4 [00:00<?, ?it/s][09-15 17:37:45] [Cosmos3DenoisingStage] Prompt and negative prompt tokenize to different lengths (38 vs 10); running the CFG branches in separate forwards to keep padding out of the cross-attention
 11/24 : 0 1
pluto-prod-yutengl-dev-202-3-0:2329975:2329975 [0] NCCL INFO Channel 12/24 : 0 1
pluto-prod-yutengl-dev-202-3-0:2329975:2329975 [0] NCCL INFO Channel 13/24 : 0 1
pluto-prod-yutengl-dev-202-3-0:2329975:2329975 [0] NCCL INFO Channel 14/24 : 0 1
pluto-prod-yutengl-dev-202-3-0:2329975:2329975 [0] NCCL INFO Channel 15/24 : 0 1
pluto-prod-yutengl-dev-202-3-0:2329975:2329975 [0] NCCL INFO Channel 16/24 : 0 1
pluto-prod-yutengl-dev-202-3-0:2329975:2329975 [0] NCCL INFO Channel 17/24 : 0 1
pluto-prod-yutengl-dev-202-3-0:2329975:2329975 [0] NCCL INFO Channel 18/24 : 0 1
pluto-prod-yutengl-dev-202-3-0:2329975:2329975 [0] NCCL INFO Channel 19/24 : 0 1
pluto-prod-yutengl-dev-202-3-0:2329975:2329975 [0] NCCL INFO Channel 20/24 : 0 1
pluto-prod-yutengl-dev-202-3-0:2329975:2329975 [0] NCCL INFO Channel 21/24 : 0 1
pluto-prod-yutengl-dev-202-3-0:2329975:2329975 [0] NCCL INFO Channel 22/24 : 0 1
pluto-prod-yutengl-dev-202-3-0:2329975:2329975 [0] NCCL INFO Channel 23/24 : 0 1
pluto-prod-yutengl-dev-202-3-0:2329975:2329975 [0] NCCL INFO Trees [0] 1/-1/-1->0->-1 [1] 1/-1/-1->0->-1 [2] 1/-1/-1->0->-1 [3] 1/-1/-1->0->-1 [4] 1/-1/-1->0->-1 [5] 1/-1/-1->0->-1 [6] -1/-1/-1->0->1 [7] -1/-1/-1->0->1 [8] -1/-1/-1->0->1 [9] -1/-1/-1->0->1 [10] -1/-1/-1->0->1 [11] -1/-1/-1->0->1 [12] 1/-1/-1->0->-1 [13] 1/-1/-1->0->-1 [14] 1/-1/-1->0->-1 [15] 1/-1/-1->0->-1 [16] 1/-1/-1->0->-1 [17] 1/-1/-1->0->-1 [18] -1/-1/-1->0->1 [19] -1/-1/-1->0->1 [20] -1/-1/-1->0->1 [21] -1/-1/-1->0->1 [22] -1/-1/-1->0->1 [23] -1/-1/-1->0->1
pluto-prod-yutengl-dev-202-3-0:2329975:2329975 [0] NCCL INFO P2P Chunksize set to 524288
pluto-prod-yutengl-dev-202-3-0:2329975:2329975 [0] NCCL INFO Check P2P Type isAllDirectP2p 1 directMode 0 isAllCudaP2p 1
pluto-prod-yutengl-dev-202-3-0:2329975:2330763 [0] NCCL INFO [Proxy Service UDS] Device 0 CPU core 119
pluto-prod-yutengl-dev-202-3-0:2329975:2330761 [0] NCCL INFO [Proxy Service] Device 0 CPU core 132
pluto-prod-yutengl-dev-202-3-0:2329975:2329975 [0] NCCL INFO NET/OFI Region base Tuner is chosen for platform: p5.48xlarge
pluto-prod-yutengl-dev-202-3-0:2329975:2329975 [0] NCCL INFO NET/OFI Region Tuner init (platform 0): comm with 2 ranks and 1 nodes.
pluto-prod-yutengl-dev-202-3-0:2329975:2329975 [0] NCCL INFO NET/OFI Tuner init: comm with 2 ranks and 1 nodes.
pluto-prod-yutengl-dev-202-3-0:2329975:2329975 [0] NCCL INFO threadThresholds 8/8/64 | 16/8/64 | 512 | 512
pluto-prod-yutengl-dev-202-3-0:2329975:2329975 [0] NCCL INFO 24 coll channels, 24 collnet channels, 16 nvls channels, 32 p2p channels, 32 p2p channels per peer
pluto-prod-yutengl-dev-202-3-0:2329975:2329975 [0] NCCL INFO Symmetric VA size=80GB
pluto-prod-yutengl-dev-202-3-0:2329975:2329975 [0] NCCL INFO CC Off, workFifoBytes 1048576
pluto-prod-yutengl-dev-202-3-0:2329975:2329975 [0] NCCL INFO ncclCommSplit comm 0x56009dc6bb20 rank 0 nranks 2 cudaDev 0 nvmlDev 0 busId 64000 parent 0x560093bc23d0 childCount 17 color 2130503744 key 0 - Init COMPLETE
pluto-prod-yutengl-dev-202-3-0:2329975:2329975 [0] NCCL INFO Init timings - ncclCommSplit: rank 0 nranks 2 total 0.11 (kernels 0.00, alloc 0.00, bootstrap 0.00, allgathers 0.00, topo 0.02, graphs 0.00, connections 0.08, rest 0.01)
pluto-prod-yutengl-dev-202-3-0:2329975:2329975 [0] NCCL INFO Symmetric VA size=80GB
pluto-prod-yutengl-dev-202-3-0:2329975:2329975 [0] NCCL INFO Channel 00/0 : 0[0] -> 1[1] via P2P/CUMEM
pluto-prod-yutengl-dev-202-3-0:2329975:2329975 [0] NCCL INFO Channel 01/0 : 0[0] -> 1[1] via P2P/CUMEM
pluto-prod-yutengl-dev-202-3-0:2329975:2329975 [0] NCCL INFO Channel 02/0 : 0[0] -> 1[1] via P2P/CUMEM
pluto-prod-yutengl-dev-202-3-0:2329975:2329975 [0] NCCL INFO Channel 03/0 : 0[0] -> 1[1] via P2P/CUMEM
pluto-prod-yutengl-dev-202-3-0:2329975:2329975 [0] NCCL INFO Channel 04/0 : 0[0] -> 1[1] via P2P/CUMEM
pluto-prod-yutengl-dev-202-3-0:2329975:2329975 [0] NCCL INFO Channel 05/0 : 0[0] -> 1[1] via P2P/CUMEM
pluto-prod-yutengl-dev-202-3-0:2329975:2329975 [0] NCCL INFO Channel 06/0 : 0[0] -> 1[1] via P2P/CUMEM
pluto-prod-yutengl-dev-202-3-0:2329975:2329975 [0] NCCL INFO Channel 07/0 : 0[0] -> 1[1] via P2P/CUg Blocking set to 1
pluto-prod-yutengl-dev-202-3-0:2329976:2329976 [1] NCCL INFO Initialized NET plugin Socket
pluto-prod-yutengl-dev-202-3-0:2329976:2329976 [1] NCCL INFO Assigned NET plugin Socket to comm
pluto-prod-yutengl-dev-202-3-0:2329976:2329976 [1] NCCL INFO Failed to initialize any GIN plugin
pluto-prod-yutengl-dev-202-3-0:2329976:2329976 [1] NCCL INFO Using network Socket
pluto-prod-yutengl-dev-202-3-0:2329976:2329976 [1] NCCL INFO ncclCommSplit comm 0x55a38db0db70 rank 1 nranks 2 cudaDev 1 nvmlDev 1 busId 75000 parent 0x55a383a60970 childCount 17 color 2130503744 key 1- Init START
pluto-prod-yutengl-dev-202-3-0:2329976:2329976 [1] NCCL INFO MNNVL busId 0x75000 fabric UUID 0.0 cliqueId 0x0 state 3 healthMask 0x0
pluto-prod-yutengl-dev-202-3-0:2329976:2329976 [1] NCCL INFO ncclTopoGetCpuAffinity: Affinity for GPU 1 is 0-47,96-143. (GPU affinity = 0-47,96-143 ; CPU affinity = 0-47,96-143).
pluto-prod-yutengl-dev-202-3-0:2329976:2329976 [1] NCCL INFO NVLS multicast support is available on dev 1 (NVLS_NCHANNELS 16)
pluto-prod-yutengl-dev-202-3-0:2329976:2329976 [1] NCCL INFO comm 0x55a38db0db70 rank 1 nRanks 2 nNodes 1 localRanks 2 localRank 1 MNNVL 0
pluto-prod-yutengl-dev-202-3-0:2329976:2329976 [1] NCCL INFO Trees [0] -1/-1/-1->1->0 [1] -1/-1/-1->1->0 [2] -1/-1/-1->1->0 [3] -1/-1/-1->1->0 [4] -1/-1/-1->1->0 [5] -1/-1/-1->1->0 [6] 0/-1/-1->1->-1 [7] 0/-1/-1->1->-1 [8] 0/-1/-1->1->-1 [9] 0/-1/-1->1->-1 [10] 0/-1/-1->1->-1 [11] 0/-1/-1->1->-1 [12] -1/-1/-1->1->0 [13] -1/-1/-1->1->0 [14] -1/-1/-1->1->0 [15] -1/-1/-1->1->0 [16] -1/-1/-1->1->0 [17] -1/-1/-1->1->0 [18] 0/-1/-1->1->-1 [19] 0/-1/-1->1->-1 [20] 0/-1/-1->1->-1 [21] 0/-1/-1->1->-1 [22] 0/-1/-1->1->-1 [23] 0/-1/-1->1->-1
pluto-prod-yutengl-dev-202-3-0:2329976:2329976 [1] NCCL INFO P2P Chunksize set to 524288
pluto-prod-yutengl-dev-202-3-0:2329976:2329976 [1] NCCL INFO Check P2P Type isAllDirectP2p 1 directMode 0 isAllCudaP2p 1
pluto-prod-yutengl-dev-202-3-0:2329976:2330762 [0] NCCL INFO [Proxy Service] Device 1 CPU core 2
pluto-prod-yutengl-dev-202-3-0:2329976:2330764 [0] NCCL INFO [Proxy Service UDS] Device 1 CPU core 27
pluto-prod-yutengl-dev-202-3-0:2329976:2329976 [1] NCCL INFO NET/OFI Region base Tuner is chosen for platform: p5.48xlarge
pluto-prod-yutengl-dev-202-3-0:2329976:2329976 [1] NCCL INFO NET/OFI Region Tuner init (platform 0): comm with 2 ranks and 1 nodes.
pluto-prod-yutengl-dev-202-3-0:2329976:2329976 [1] NCCL INFO NET/OFI Tuner init: comm with 2 ranks and 1 nodes.
pluto-prod-yutengl-dev-202-3-0:2329976:2329976 [1] NCCL INFO threadThresholds 8/8/64 | 16/8/64 | 512 | 512
pluto-prod-yutengl-dev-202-3-0:2329976:2329976 [1] NCCL INFO 24 coll channels, 24 collnet channels, 16 nvls channels, 32 p2p channels, 32 p2p channels per peer
pluto-prod-yutengl-dev-202-3-0:2329976:2329976 [1] NCCL INFO Symmetric VA size=80GB
pluto-prod-yutengl-dev-202-3-0:2329976:2329976 [1] NCCL INFO ncclCommSplit comm 0x55a38db0db70 rank 1 nranks 2 cudaDev 1 nvmlDev 1 busId 75000 parent 0x55a383a60970 childCount 17 color 2130503744 key 1 - Init COMPLETE
pluto-prod-yutengl-dev-202-3-0:2329976:2329976 [1] NCCL INFO Init timings - ncclCommSplit: rank 1 nranks 2 total 0.11 (kernels 0.00, alloc 0.00, bootstrap 0.00, allgathers 0.00, topo 0.02, graphs 0.00, connections 0.08, rest 0.01)
pluto-prod-yutengl-dev-202-3-0:2329976:2329976 [1] NCCL INFO Symmetric VA size=80GB
pluto-prod-yutengl-dev-202-3-0:2329976:2329976 [1] NCCL INFO Channel 00/0 : 1[1] -> 0[0] via P2P/CUMEM
pluto-prod-yutengl-dev-202-3-0:2329976:2329976 [1] NCCL INFO Channel 01/0 : 1[1] -> 0[0] via P2P/CUMEM
pluto-prod-yutengl-dev-202-3-0:2329976:2329976 [1] NCCL INFO Channel 02/0 : 1[1] -> 0[0] via P2P/CUMEM
pluto-prod-yutengl-dev-202-3-0:2329976:2329976 [1] NCCL INFO Channel 03/0 : 1[1] -> 0[0] via P2P/CUMEM
pluto-prod-yutengl-dev-202-3-0:2329976:2329976 [1] NCCL INFO Channel 04/0 : 1[1] -> 0[0] via P2P/CUMEM
pluto-prod-yutengl-dev-202-3-0:2329976:2329976 [1] NCCL INFO Channel 05/0 : 1[1] -> 0[0] via P2P/CUMEM
pluto-prod-yutengl-dev-202-3-0:2329976:2329976 [1] NCCL INFO Channel 06/0 : 1[1] -> 0[0] via P2P/CUMEM
pDenoising:  25%|██▌       | 1/4 [00:12<00:37, 12.41s/it]Denoising:  50%|█████     | 2/4 [00:17<00:16,  8.17s/it]Denoising:  75%|███████▌  | 3/4 [00:22<00:06,  6.82s/it]Denoising: 100%|██████████| 4/4 [00:28<00:00,  6.20s/it]Denoising: 100%|██████████| 4/4 [00:28<00:00,  7.02s/it]
[09-15 17:38:13] [Cosmos3DenoisingStage] Denoising complete
[09-15 17:38:13] [Cosmos3DenoisingStage] finished in 28.1801 seconds
[09-15 17:38:13] [Cosmos3DecodingStage] started...
[09-15 17:38:13] [Cosmos3DecodingStage] Decoding latents to video...
luto-prod-yutengl-dev-202-3-0:2329976:2329976 [1] NCCL INFO Channel 07/0 : 1[1] -> 0[0] via P2P/CUMEM
pluto-prod-yutengl-dev-202-3-0:2329976:2329976 [1] NCCL INFO Channel 08/0 : 1[1] -> 0[0] via P2P/CUMEM
pluto-prod-yutengl-dev-202-3-0:2329976:2329976 [1] NCCL INFO Channel 09/0 : 1[1] -> 0[0] via P2P/CUMEM
pluto-prod-yutengl-dev-202-3-0:2329976:2329976 [1] NCCL INFO Channel 10/0 : 1[1] -> 0[0] via P2P/CUMEM
pluto-prod-yutengl-dev-202-3-0:2329976:2329976 [1] NCCL INFO Channel 11/0 : 1[1] -> 0[0] via P2P/CUMEM
pluto-prod-yutengl-dev-202-3-0:2329976:2329976 [1] NCCL INFO Channel 12/0 : 1[1] -> 0[0] via P2P/CUMEM
pluto-prod-yutengl-dev-202-3-0:2329976:2329976 [1] NCCL INFO Channel 13/0 : 1[1] -> 0[0] via P2P/CUMEM
pluto-prod-yutengl-dev-202-3-0:2329976:2329976 [1] NCCL INFO Channel 14/0 : 1[1] -> 0[0] via P2P/CUMEM
pluto-prod-yutengl-dev-202-3-0:2329976:2329976 [1] NCCL INFO Channel 15/0 : 1[1] -> 0[0] via P2P/CUMEM
pluto-prod-yutengl-dev-202-3-0:2329976:2329976 [1] NCCL INFO Channel 16/0 : 1[1] -> 0[0] via P2P/CUMEM
pluto-prod-yutengl-dev-202-3-0:2329976:2329976 [1] NCCL INFO Channel 17/0 : 1[1] -> 0[0] via P2P/CUMEM
pluto-prod-yutengl-dev-202-3-0:2329976:2329976 [1] NCCL INFO Channel 18/0 : 1[1] -> 0[0] via P2P/CUMEM
pluto-prod-yutengl-dev-202-3-0:2329976:2329976 [1] NCCL INFO Channel 19/0 : 1[1] -> 0[0] via P2P/CUMEM
pluto-prod-yutengl-dev-202-3-0:2329976:2329976 [1] NCCL INFO Channel 20/0 : 1[1] -> 0[0] via P2P/CUMEM
pluto-prod-yutengl-dev-202-3-0:2329976:2329976 [1] NCCL INFO Channel 21/0 : 1[1] -> 0[0] via P2P/CUMEM
pluto-prod-yutengl-dev-202-3-0:2329976:2329976 [1] NCCL INFO Channel 22/0 : 1[1] -> 0[0] via P2P/CUMEM
pluto-prod-yutengl-dev-202-3-0:2329976:2329976 [1] NCCL INFO Channel 23/0 : 1[1] -> 0[0] via P2P/CUMEM
pluto-prod-yutengl-dev-202-3-0:2329976:2329976 [1] NCCL INFO Connected all rings, use ring PXN 0 GDR 1
pluto-prod-yutengl-dev-202-3-0:2329976:2329976 [1] NCCL INFO Channel 00/1 : 1[1] -> 0[0] via P2P/CUMEM
pluto-prod-yutengl-dev-202-3-0:2329976:2329976 [1] NCCL INFO Channel 01/1 : 1[1] -> 0[0] via P2P/CUMEM
pluto-prod-yutengl-dev-202-3-0:2329976:2329976 [1] NCCL INFO Channel 02/1 : 1[1] -> 0[0] via P2P/CUMEM
pluto-prod-yutengl-dev-202-3-0:2329976:2329976 [1] NCCL INFO Channel 03/1 : 1[1] -> 0[0] via P2P/CUMEM
pluto-prod-yutengl-dev-202-3-0:2329976:2329976 [1] NCCL INFO Channel 04/1 : 1[1] -> 0[0] via P2P/CUMEM
pluto-prod-yutengl-dev-202-3-0:2329976:2329976 [1] NCCL INFO Channel 05/1 : 1[1] -> 0[0] via P2P/CUMEM
pluto-prod-yutengl-dev-202-3-0:2329976:2329976 [1] NCCL INFO Channel 06/1 : 1[1] -> 0[0] via P2P/CUMEM
pluto-prod-yutengl-dev-202-3-0:2329976:2329976 [1] NCCL INFO Channel 07/1 : 1[1] -> 0[0] via P2P/CUMEM
pluto-prod-yutengl-dev-202-3-0:2329976:2329976 [1] NCCL INFO Channel 08/1 : 1[1] -> 0[0] via P2P/CUMEM
pluto-prod-yutengl-dev-202-3-0:2329976:2329976 [1] NCCL INFO Channel 09/1 : 1[1] -> 0[0] via P2P/CUMEM
pluto-prod-yutengl-dev-202-3-0:2329976:2329976 [1] NCCL INFO Channel 10/1 : 1[1] -> 0[0] via P2P/CUMEM
pluto-prod-yutengl-dev-202-3-0:2329976:2329976 [1] NCCL INFO Channel 11/1 : 1[1] -> 0[0] via P2P/CUMEM
pluto-prod-yutengl-dev-202-3-0:2329976:2329976 [1] NCCL INFO Channel 12/1 : 1[1] -> 0[0] via P2P/CUMEM
pluto-prod-yutengl-dev-202-3-0:2329976:2329976 [1] NCCL INFO Channel 13/1 : 1[1] -> 0[0] via P2P/CUMEM
pluto-prod-yutengl-dev-202-3-0:2329976:2329976 [1] NCCL INFO Channel 14/1 : 1[1] -> 0[0] via P2P/CUMEM
pluto-prod-yutengl-dev-202-3-0:2329976:2329976 [1] NCCL INFO Channel 15/1 : 1[1] -> 0[0] via P2P/CUMEM
pluto-prod-yutengl-dev-202-3-0:2329976:2329976 [1] NCCL INFO Channel 16/1 : 1[1] -> 0[0] via P2P/CUMEM
pluto-prod-yutengl-dev-202-3-0:2329976:2329976 [1] NCCL INFO Channel 17/1 : 1[1] -> 0[0] via P2P/CUMEM
pluto-prod-yutengl-dev-202-3-0:2329976:2329976 [1] NCCL INFO Channel 18/1 : 1[1] -> 0[0] via P2P/CUMEM
pluto-prod-yutengl-dev-202-3-0:2329976:2329976 [1] NCCL INFO Channel 19/1 : 1[1] -> 0[0] via P2P/CUMEM
pluto-prod-yutengl-dev-202-3-0:2329976:2329976 [1] NCCL INFO Channel 20/1 : 1[1] -> 0[0] via P2P/CUMEM
pluto-prod-yutengl-dev-202-3-0:2329976:2329976 [1] NCCL INFO Channel 21/1 : 1[1]MEM
pluto-prod-yutengl-dev-202-3-0:2329975:2329975 [0] NCCL INFO Channel 08/0 : 0[0] -> 1[1] via P2P/CUMEM
pluto-prod-yutengl-dev-202-3-0:2329975:2329975 [0] NCCL INFO Channel 09/0 : 0[0] -> 1[1] via P2P/CUMEM
pluto-prod-yutengl-dev-202-3-0:2329975:2329975 [0] NCCL INFO Channel 10/0 : 0[0] -> 1[1] via P2P/CUMEM
pluto-prod-yutengl-dev-202-3-0:2329975:2329975 [0] NCCL INFO Channel 11/0 : 0[0] -> 1[1] via P2P/CUMEM
pluto-prod-yutengl-dev-202-3-0:2329975:2329975 [0] NCCL INFO Channel 12/0 : 0[0] -> 1[1] via P2P/CUMEM
pluto-prod-yutengl-dev-202-3-0:2329975:2329975 [0] NCCL INFO Channel 13/0 : 0[0] -> 1[1] via P2P/CUMEM
pluto-prod-yutengl-dev-202-3-0:2329975:2329975 [0] NCCL INFO Channel 14/0 : 0[0] -> 1[1] via P2P/CUMEM
pluto-prod-yutengl-dev-202-3-0:2329975:2329975 [0] NCCL INFO Channel 15/0 : 0[0] -> 1[1] via P2P/CUMEM
pluto-prod-yutengl-dev-202-3-0:2329975:2329975 [0] NCCL INFO Channel 16/0 : 0[0] -> 1[1] via P2P/CUMEM
pluto-prod-yutengl-dev-202-3-0:2329975:2329975 [0] NCCL INFO Channel 17/0 : 0[0] -> 1[1] via P2P/CUMEM
pluto-prod-yutengl-dev-202-3-0:2329975:2329975 [0] NCCL INFO Channel 18/0 : 0[0] -> 1[1] via P2P/CUMEM
pluto-prod-yutengl-dev-202-3-0:2329975:2329975 [0] NCCL INFO Channel 19/0 : 0[0] -> 1[1] via P2P/CUMEM
pluto-prod-yutengl-dev-202-3-0:2329975:2329975 [0] NCCL INFO Channel 20/0 : 0[0] -> 1[1] via P2P/CUMEM
pluto-prod-yutengl-dev-202-3-0:2329975:2329975 [0] NCCL INFO Channel 21/0 : 0[0] -> 1[1] via P2P/CUMEM
pluto-prod-yutengl-dev-202-3-0:2329975:2329975 [0] NCCL INFO Channel 22/0 : 0[0] -> 1[1] via P2P/CUMEM
pluto-prod-yutengl-dev-202-3-0:2329975:2329975 [0] NCCL INFO Channel 23/0 : 0[0] -> 1[1] via P2P/CUMEM
pluto-prod-yutengl-dev-202-3-0:2329975:2329975 [0] NCCL INFO Connected all rings, use ring PXN 0 GDR 1
pluto-prod-yutengl-dev-202-3-0:2329975:2329975 [0] NCCL INFO Channel 00/1 : 0[0] -> 1[1] via P2P/CUMEM
pluto-prod-yutengl-dev-202-3-0:2329975:2329975 [0] NCCL INFO Channel 01/1 : 0[0] -> 1[1] via P2P/CUMEM
pluto-prod-yutengl-dev-202-3-0:2329975:2329975 [0] NCCL INFO Channel 02/1 : 0[0] -> 1[1] via P2P/CUMEM
pluto-prod-yutengl-dev-202-3-0:2329975:2329975 [0] NCCL INFO Channel 03/1 : 0[0] -> 1[1] via P2P/CUMEM
pluto-prod-yutengl-dev-202-3-0:2329975:2329975 [0] NCCL INFO Channel 04/1 : 0[0] -> 1[1] via P2P/CUMEM
pluto-prod-yutengl-dev-202-3-0:2329975:2329975 [0] NCCL INFO Channel 05/1 : 0[0] -> 1[1] via P2P/CUMEM
pluto-prod-yutengl-dev-202-3-0:2329975:2329975 [0] NCCL INFO Channel 06/1 : 0[0] -> 1[1] via P2P/CUMEM
pluto-prod-yutengl-dev-202-3-0:2329975:2329975 [0] NCCL INFO Channel 07/1 : 0[0] -> 1[1] via P2P/CUMEM
pluto-prod-yutengl-dev-202-3-0:2329975:2329975 [0] NCCL INFO Channel 08/1 : 0[0] -> 1[1] via P2P/CUMEM
pluto-prod-yutengl-dev-202-3-0:2329975:2329975 [0] NCCL INFO Channel 09/1 : 0[0] -> 1[1] via P2P/CUMEM
pluto-prod-yutengl-dev-202-3-0:2329975:2329975 [0] NCCL INFO Channel 10/1 : 0[0] -> 1[1] via P2P/CUMEM
pluto-prod-yutengl-dev-202-3-0:2329975:2329975 [0] NCCL INFO Channel 11/1 : 0[0] -> 1[1] via P2P/CUMEM
pluto-prod-yutengl-dev-202-3-0:2329975:2329975 [0] NCCL INFO Channel 12/1 : 0[0] -> 1[1] via P2P/CUMEM
pluto-prod-yutengl-dev-202-3-0:2329975:2329975 [0] NCCL INFO Channel 13/1 : 0[0] -> 1[1] via P2P/CUMEM
pluto-prod-yutengl-dev-202-3-0:2329975:2329975 [0] NCCL INFO Channel 14/1 : 0[0] -> 1[1] via P2P/CUMEM
pluto-prod-yutengl-dev-202-3-0:2329975:2329975 [0] NCCL INFO Channel 15/1 : 0[0] -> 1[1] via P2P/CUMEM
pluto-prod-yutengl-dev-202-3-0:2329975:2329975 [0] NCCL INFO Channel 16/1 : 0[0] -> 1[1] via P2P/CUMEM
pluto-prod-yutengl-dev-202-3-0:2329975:2329975 [0] NCCL INFO Channel 17/1 : 0[0] -> 1[1] via P2P/CUMEM
pluto-prod-yutengl-dev-202-3-0:2329975:2329975 [0] NCCL INFO Channel 18/1 : 0[0] -> 1[1] via P2P/CUMEM
pluto-prod-yutengl-dev-202-3-0:2329975:2329975 [0] NCCL INFO Channel 19/1 : 0[0] -> 1[1] via P2P/CUMEM
pluto-prod-yutengl-dev-202-3-0:2329975:2329975 [0] NCCL INFO Channel 20/1 : 0[0] -> 1[1] via P2P/CUMEM
pluto-prod-yutengl-dev-202-3-0:2329975:2329975 [0] NCCL INFO Channel 21/1 : 0[0] -> 1[1] via P2P/CUMEM
pluto-prod-yutengl-dev-202-3-0:2329975:2329975 [0] NCCL INFO Channel 22/1 :[09-15 17:38:16] [Cosmos3DecodingStage] finished in 2.6795 seconds
[09-15 17:38:16] Output saved to [1;36m/home/colligo/sglang-wiki/repos/sglang-omni/results/cosmos3-super/2gpu/smoke-generation-layerwise-artifacts/test_super_generation_sound_0/media/request_a_dch2py/8b1eb91d31a74774934c38db66452e42.mp4[0;0m
[09-15 17:38:16] Pixel data generated successfully in [92m31.34[0;0m seconds
[09-15 17:38:17] Memory usage - Max peak: 10810.00 MB, Avg peak: 10810.00 MB
 -> 0[0] via P2P/CUMEM
pluto-prod-yutengl-dev-202-3-0:2329976:2329976 [1] NCCL INFO Channel 22/1 : 1[1] -> 0[0] via P2P/CUMEM
pluto-prod-yutengl-dev-202-3-0:2329976:2329976 [1] NCCL INFO Channel 23/1 : 1[1] -> 0[0] via P2P/CUMEM
pluto-prod-yutengl-dev-202-3-0:2329976:2329976 [1] NCCL INFO Channel 24/1 : 1[1] -> 0[0] via P2P/CUMEM
pluto-prod-yutengl-dev-202-3-0:2329976:2329976 [1] NCCL INFO Channel 25/1 : 1[1] -> 0[0] via P2P/CUMEM
pluto-prod-yutengl-dev-202-3-0:2329976:2329976 [1] NCCL INFO Channel 26/1 : 1[1] -> 0[0] via P2P/CUMEM
pluto-prod-yutengl-dev-202-3-0:2329976:2329976 [1] NCCL INFO Channel 27/1 : 1[1] -> 0[0] via P2P/CUMEM
pluto-prod-yutengl-dev-202-3-0:2329976:2329976 [1] NCCL INFO Channel 28/1 : 1[1] -> 0[0] via P2P/CUMEM
pluto-prod-yutengl-dev-202-3-0:2329976:2329976 [1] NCCL INFO Channel 29/1 : 1[1] -> 0[0] via P2P/CUMEM
pluto-prod-yutengl-dev-202-3-0:2329976:2329976 [1] NCCL INFO Channel 30/1 : 1[1] -> 0[0] via P2P/CUMEM
pluto-prod-yutengl-dev-202-3-0:2329976:2329976 [1] NCCL INFO Channel 31/1 : 1[1] -> 0[0] via P2P/CUMEM
pluto-prod-yutengl-dev-202-3-0:2329976:2329976 [1] NCCL INFO Symmetric VA size=80GB
pluto-prod-yutengl-dev-202-3-0:2329976:2329976 [1] NCCL INFO Channel 00/0 : 1[1] -> 0[0] via P2P/CUMEM
pluto-prod-yutengl-dev-202-3-0:2329976:2329976 [1] NCCL INFO Channel 01/0 : 1[1] -> 0[0] via P2P/CUMEM
pluto-prod-yutengl-dev-202-3-0:2329976:2329976 [1] NCCL INFO Channel 02/0 : 1[1] -> 0[0] via P2P/CUMEM
pluto-prod-yutengl-dev-202-3-0:2329976:2329976 [1] NCCL INFO Channel 03/0 : 1[1] -> 0[0] via P2P/CUMEM
pluto-prod-yutengl-dev-202-3-0:2329976:2329976 [1] NCCL INFO Channel 04/0 : 1[1] -> 0[0] via P2P/CUMEM
pluto-prod-yutengl-dev-202-3-0:2329976:2329976 [1] NCCL INFO Channel 05/0 : 1[1] -> 0[0] via P2P/CUMEM
pluto-prod-yutengl-dev-202-3-0:2329976:2329976 [1] NCCL INFO Channel 06/0 : 1[1] -> 0[0] via P2P/CUMEM
pluto-prod-yutengl-dev-202-3-0:2329976:2329976 [1] NCCL INFO Channel 07/0 : 1[1] -> 0[0] via P2P/CUMEM
pluto-prod-yutengl-dev-202-3-0:2329976:2329976 [1] NCCL INFO Channel 08/0 : 1[1] -> 0[0] via P2P/CUMEM
pluto-prod-yutengl-dev-202-3-0:2329976:2329976 [1] NCCL INFO Channel 09/0 : 1[1] -> 0[0] via P2P/CUMEM
pluto-prod-yutengl-dev-202-3-0:2329976:2329976 [1] NCCL INFO Channel 10/0 : 1[1] -> 0[0] via P2P/CUMEM
pluto-prod-yutengl-dev-202-3-0:2329976:2329976 [1] NCCL INFO Channel 11/0 : 1[1] -> 0[0] via P2P/CUMEM
pluto-prod-yutengl-dev-202-3-0:2329976:2329976 [1] NCCL INFO Channel 12/0 : 1[1] -> 0[0] via P2P/CUMEM
pluto-prod-yutengl-dev-202-3-0:2329976:2329976 [1] NCCL INFO Channel 13/0 : 1[1] -> 0[0] via P2P/CUMEM
pluto-prod-yutengl-dev-202-3-0:2329976:2329976 [1] NCCL INFO Channel 14/0 : 1[1] -> 0[0] via P2P/CUMEM
pluto-prod-yutengl-dev-202-3-0:2329976:2329976 [1] NCCL INFO Channel 15/0 : 1[1] -> 0[0] via P2P/CUMEM
pluto-prod-yutengl-dev-202-3-0:2329976:2329976 [1] NCCL INFO Channel 16/0 : 1[1] -> 0[0] via P2P/CUMEM
pluto-prod-yutengl-dev-202-3-0:2329976:2329976 [1] NCCL INFO Channel 17/0 : 1[1] -> 0[0] via P2P/CUMEM
pluto-prod-yutengl-dev-202-3-0:2329976:2329976 [1] NCCL INFO Channel 18/0 : 1[1] -> 0[0] via P2P/CUMEM
pluto-prod-yutengl-dev-202-3-0:2329976:2329976 [1] NCCL INFO Channel 19/0 : 1[1] -> 0[0] via P2P/CUMEM
pluto-prod-yutengl-dev-202-3-0:2329976:2329976 [1] NCCL INFO Channel 20/0 : 1[1] -> 0[0] via P2P/CUMEM
pluto-prod-yutengl-dev-202-3-0:2329976:2329976 [1] NCCL INFO Channel 21/0 : 1[1] -> 0[0] via P2P/CUMEM
pluto-prod-yutengl-dev-202-3-0:2329976:2329976 [1] NCCL INFO Channel 22/0 : 1[1] -> 0[0] via P2P/CUMEM
pluto-prod-yutengl-dev-202-3-0:2329976:2329976 [1] NCCL INFO Channel 23/0 : 1[1] -> 0[0] via P2P/CUMEM
pluto-prod-yutengl-dev-202-3-0:2329976:2329976 [1] NCCL INFO Connected all rings, use ring PXN 0 GDR 1
pluto-prod-yutengl-dev-202-3-0:2329976:2329976 [1] NCCL INFO comm 0x55a38cb96d90 rank 1 nranks 2 cudaDev 1 busId 75000 - Destroy COMPLETE
pluto-prod-yutengl-dev-202-3-0:2329976:2329976 [1] NCCL INFO comm 0x55a38db0db70 rank 1 nranks 2 cudaDev 1 busId 75000 - Destroy COMPLETE
pluto-prod-yutengl-dev-202-3-0:2329976:2329976 [1] NCCL INFO comm 0x55a38d360a60 rank 1 nranks 2 cudaDev 1 b 0[0] -> 1[1] via P2P/CUMEM
pluto-prod-yutengl-dev-202-3-0:2329975:2329975 [0] NCCL INFO Channel 23/1 : 0[0] -> 1[1] via P2P/CUMEM
pluto-prod-yutengl-dev-202-3-0:2329975:2329975 [0] NCCL INFO Channel 24/1 : 0[0] -> 1[1] via P2P/CUMEM
pluto-prod-yutengl-dev-202-3-0:2329975:2329975 [0] NCCL INFO Channel 25/1 : 0[0] -> 1[1] via P2P/CUMEM
pluto-prod-yutengl-dev-202-3-0:2329975:2329975 [0] NCCL INFO Channel 26/1 : 0[0] -> 1[1] via P2P/CUMEM
pluto-prod-yutengl-dev-202-3-0:2329975:2329975 [0] NCCL INFO Channel 27/1 : 0[0] -> 1[1] via P2P/CUMEM
pluto-prod-yutengl-dev-202-3-0:2329975:2329975 [0] NCCL INFO Channel 28/1 : 0[0] -> 1[1] via P2P/CUMEM
pluto-prod-yutengl-dev-202-3-0:2329975:2329975 [0] NCCL INFO Channel 29/1 : 0[0] -> 1[1] via P2P/CUMEM
pluto-prod-yutengl-dev-202-3-0:2329975:2329975 [0] NCCL INFO Channel 30/1 : 0[0] -> 1[1] via P2P/CUMEM
pluto-prod-yutengl-dev-202-3-0:2329975:2329975 [0] NCCL INFO Channel 31/1 : 0[0] -> 1[1] via P2P/CUMEM
pluto-prod-yutengl-dev-202-3-0:2329975:2329975 [0] NCCL INFO Symmetric VA size=80GB
pluto-prod-yutengl-dev-202-3-0:2329975:2329975 [0] NCCL INFO Channel 00/0 : 0[0] -> 1[1] via P2P/CUMEM
pluto-prod-yutengl-dev-202-3-0:2329975:2329975 [0] NCCL INFO Channel 01/0 : 0[0] -> 1[1] via P2P/CUMEM
pluto-prod-yutengl-dev-202-3-0:2329975:2329975 [0] NCCL INFO Channel 02/0 : 0[0] -> 1[1] via P2P/CUMEM
pluto-prod-yutengl-dev-202-3-0:2329975:2329975 [0] NCCL INFO Channel 03/0 : 0[0] -> 1[1] via P2P/CUMEM
pluto-prod-yutengl-dev-202-3-0:2329975:2329975 [0] NCCL INFO Channel 04/0 : 0[0] -> 1[1] via P2P/CUMEM
pluto-prod-yutengl-dev-202-3-0:2329975:2329975 [0] NCCL INFO Channel 05/0 : 0[0] -> 1[1] via P2P/CUMEM
pluto-prod-yutengl-dev-202-3-0:2329975:2329975 [0] NCCL INFO Channel 06/0 : 0[0] -> 1[1] via P2P/CUMEM
pluto-prod-yutengl-dev-202-3-0:2329975:2329975 [0] NCCL INFO Channel 07/0 : 0[0] -> 1[1] via P2P/CUMEM
pluto-prod-yutengl-dev-202-3-0:2329975:2329975 [0] NCCL INFO Channel 08/0 : 0[0] -> 1[1] via P2P/CUMEM
pluto-prod-yutengl-dev-202-3-0:2329975:2329975 [0] NCCL INFO Channel 09/0 : 0[0] -> 1[1] via P2P/CUMEM
pluto-prod-yutengl-dev-202-3-0:2329975:2329975 [0] NCCL INFO Channel 10/0 : 0[0] -> 1[1] via P2P/CUMEM
pluto-prod-yutengl-dev-202-3-0:2329975:2329975 [0] NCCL INFO Channel 11/0 : 0[0] -> 1[1] via P2P/CUMEM
pluto-prod-yutengl-dev-202-3-0:2329975:2329975 [0] NCCL INFO Channel 12/0 : 0[0] -> 1[1] via P2P/CUMEM
pluto-prod-yutengl-dev-202-3-0:2329975:2329975 [0] NCCL INFO Channel 13/0 : 0[0] -> 1[1] via P2P/CUMEM
pluto-prod-yutengl-dev-202-3-0:2329975:2329975 [0] NCCL INFO Channel 14/0 : 0[0] -> 1[1] via P2P/CUMEM
pluto-prod-yutengl-dev-202-3-0:2329975:2329975 [0] NCCL INFO Channel 15/0 : 0[0] -> 1[1] via P2P/CUMEM
pluto-prod-yutengl-dev-202-3-0:2329975:2329975 [0] NCCL INFO Channel 16/0 : 0[0] -> 1[1] via P2P/CUMEM
pluto-prod-yutengl-dev-202-3-0:2329975:2329975 [0] NCCL INFO Channel 17/0 : 0[0] -> 1[1] via P2P/CUMEM
pluto-prod-yutengl-dev-202-3-0:2329975:2329975 [0] NCCL INFO Channel 18/0 : 0[0] -> 1[1] via P2P/CUMEM
pluto-prod-yutengl-dev-202-3-0:2329975:2329975 [0] NCCL INFO Channel 19/0 : 0[0] -> 1[1] via P2P/CUMEM
pluto-prod-yutengl-dev-202-3-0:2329975:2329975 [0] NCCL INFO Channel 20/0 : 0[0] -> 1[1] via P2P/CUMEM
pluto-prod-yutengl-dev-202-3-0:2329975:2329975 [0] NCCL INFO Channel 21/0 : 0[0] -> 1[1] via P2P/CUMEM
pluto-prod-yutengl-dev-202-3-0:2329975:2329975 [0] NCCL INFO Channel 22/0 : 0[0] -> 1[1] via P2P/CUMEM
pluto-prod-yutengl-dev-202-3-0:2329975:2329975 [0] NCCL INFO Channel 23/0 : 0[0] -> 1[1] via P2P/CUMEM
pluto-prod-yutengl-dev-202-3-0:2329975:2329975 [0] NCCL INFO Connected all rings, use ring PXN 0 GDR 1
pluto-prod-yutengl-dev-202-3-0:2329975:2329975 [0] NCCL INFO comm 0x56009ccf4a40 rank 0 nranks 2 cudaDev 0 busId 64000 - Destroy COMPLETE
pluto-prod-yutengl-dev-202-3-0:2329975:2329975 [0] NCCL INFO comm 0x56009dc6bb20 rank 0 nranks 2 cudaDev 0 busId 64000 - Destroy COMPLETE
pluto-prod-yutengl-dev-202-3-0:2329975:2329975 [0] NCCL INFO comm 0x56009d4bec20 rank 0 nranks 2 cudaDev 0 busId 64000 - Destroy COMPLETE
pluto-prod-yutengl-dev-202-3-0:2329975:2329975 [0] NCCL INFO comm 0xusId 75000 - Destroy COMPLETE
pluto-prod-yutengl-dev-202-3-0:2329976:2329976 [1] NCCL INFO comm 0x55a38b89ac00 rank 1 nranks 2 cudaDev 1 busId 75000 - Destroy COMPLETE
pluto-prod-yutengl-dev-202-3-0:2329976:2329976 [1] NCCL INFO comm 0x55a383a60970 rank 1 nranks 2 cudaDev 1 busId 75000 - Destroy COMPLETE
[09-15 17:38:19] Worker 0: Shutdown complete.
56009b9f88e0 rank 0 nranks 2 cudaDev 0 busId 64000 - Destroy COMPLETE
pluto-prod-yutengl-dev-202-3-0:2329975:2329975 [0] NCCL INFO comm 0x560093bc23d0 rank 0 nranks 2 cudaDev 0 busId 64000 - Destroy COMPLETE
pluto-prod-yutengl-dev-202-3-0:2329975:2329975 [0] NCCL INFO ENV/Plugin: Closing env plugin ncclEnvDefault
pluto-prod-yutengl-dev-202-3-0:2329976:2329976 [1] NCCL INFO ENV/Plugin: Closing env plugin ncclEnvDefault
pluto-prod-yutengl-dev-202-3-0:2329976:2330753 [0] NCCL INFO [Service thread] Connection closed by localRank 0
pluto-prod-yutengl-dev-202-3-0:2329976:2330669 [0] NCCL INFO [Service thread] Connection closed by localRank 0
pluto-prod-yutengl-dev-202-3-0:2329976:2330637 [0] NCCL INFO [Service thread] Connection closed by localRank 0
[09-15 17:38:36] Stage generation stopped
PASSED
tests/integration/cosmos3/test_super_gpu.py::test_super_generation[policy] Failed to import mooncake: No module named 'mooncake'. MooncakeRelay will not work. Install with: pip install mooncake-transfer-engine
Failed to import nixl: No module named 'nixl'. NixlRelay will not work.
Failed to import torchada: No module named 'torchada'. MUSA platform compatibility will not work.
[09-15 17:38:53] Auto memory policy for Cosmos3Config: 78.7 GiB of free device memory selects layerwise offload for text_encoder, image_encoder, vae. Explicit placement flags always win, and the per-component lines below say where each one's weights landed -- see the model's cookbook page for what to expect from your memory budget.
[93m[09-15 17:38:53] Cosmos3Config keeps its DiT resident with 78.7 GiB of device memory available, below the 120.0 GiB this model declares as its threshold for keeping components resident. The DiT is not in the automatic layerwise selection because the model does not list 'auto' in dit_layerwise_offload_modes. If the DiT does not fit, pass --layerwise-offload-components dit,... explicitly, or add the mode to the model's deployment config.[0;0m
[09-15 17:38:53] Diffusers version: 0.37.1
[09-15 17:38:53] Automatically enabled CFG parallel at degree 2 for 2 GPUs. Use --sp-degree / --ulysses-degree to use sequence parallelism instead.
[09-15 17:38:53] Proposed encoder parallel folding (mode=world) for ServerArgs (tp=1 sp=1 cfg=2 replica=2); the loader keeps it for encoders wide enough to benefit.
[09-15 17:38:53] Using layerwise offload components: text_encoder, image_encoder, vae, transformer. This reduces peak GPU memory and can increase latency; use --performance-mode speed for GPU-resident defaults when memory allows.
[09-15 17:38:53] server_args: {"model_path": "/mnt/localssd/models/Cosmos3-Super-fe77b66696d645f663b8f27e942b3b43e4629e23", "model_subfolder": null, "model_variant": null, "model_id": null, "served_model_name": "/mnt/localssd/models/Cosmos3-Super-fe77b66696d645f663b8f27e942b3b43e4629e23", "backend": "auto", "attention_backend": null, "attention_backend_config": {}, "component_attention_backends": {}, "cache_dit_config": null, "nccl_port": null, "enable_nccl_nvls": false, "trust_remote_code": false, "revision": null, "num_gpus": 2, "performance_mode": "auto", "base_gpu_id": 0, "gpu_ids": [0, 1], "nnodes": 1, "node_rank": 0, "dist_init_addr": null, "tp_size": 1, "sp_degree": 1, "ulysses_degree": 1, "ring_degree": 1, "kv_gather_degree": 1, "sp_split_auto": false, "dp_size": 1, "enable_cfg_parallel": true, "cfg_parallel_degree": 2, "encoder_parallel": "auto", "hsdp_replicate_dim": 1, "hsdp_shard_dim": 2, "dist_timeout": 3600, "scheduler_rpc_timeout": null, "pipeline_class_name": null, "lora_path": null, "lora_nickname": "default", "lora_scale": 1.0, "lora_alpha": null, "lora_merge_mode": "auto", "lora_weight_name": null, "component_paths": {}, "component_weights_paths": {}, "component_direct_gpu_weight_loading": {}, "component_quantizations": {}, "component_precisions": {}, "component_quantization_ignored_layers": {}, "load_diffusion_decoder": false, "transformer_weights_path": null, "minimax_h3_adaln_cache_path": null, "minimax_h3_adaln_online": false, "minimax_h3_adaln_plan_width": 4, "quantization": null, "quantization_ignored_layers": null, "lora_target_modules": null, "component_residency": {"transformer": "layerwise-offload"}, "cpu_offload_components": null, "dit_cpu_offload": true, "direct_gpu_weight_loading": false, "dit_layerwise_offload": false, "layerwise_offload_components": ["text_encoder", "image_encoder", "vae"], "dit_offload_prefetch_size": 0.0, "dit_layerwise_resident_layers": 0.0, "dit_layerwise_residency_policy": "leading", "layerwise_prefetch_size": {}, "layerwise_resident_layers": {"transformer": 1}, "layerwise_residency_policy": {}, "offload_during_compile": true, "text_encoder_cpu_offload": false, "image_encoder_cpu_offload": false, "vae_cpu_offload": false, "use_fsdp_inference": true, "pin_cpu_memory": true, "ltx2_two_stage_device_mode": null, "comfyui_mode": false, "enable_torch_compile": false, "regional_compile": false, "enable_breakable_cuda_graph": false, "bcg_text_buckets": null, "enable_layerwise_nvtx_marker": false, "warmup_mode": "off", "warmup_resolutions": null, "warmup_num_frames": null, "warmup_steps": 1, "disable_autocast": false, "master_port": 30005, "host": "127.0.0.1", "port": 30000, "webui": false, "webui_port": 12312, "scheduler_port": 5632, "scheduler_ports": [5632], "batching_mode": "dynamic", "batching_max_size": 1, "batching_delay_ms": 0.0, "batching_config": null, "enable_batching_metrics": false, "strict_ports": false, "output_path": "outputs/", "input_save_path": "inputs/uploads", "prompt_file_path": null, "model_paths": {}, "model_loaded": {"transformer": true, "vae": true, "video_vae": true, "audio_vae": true, "video_dit": true, "audio_dit": true, "dual_tower_bridge": true}, "boundary_ratio": null, "disagg_role": "monolithic", "disagg_timeout": 3600, "disagg_downstream_wait_timeout": 1800, "disagg_dispatch_policy": "round_robin", "disagg_mode": false, "disagg_instance_id": 0, "disagg_max_slots_per_instance": 8, "disagg_transfer_redundancy": 1.25, "disagg_role_device": "auto", "disagg_transfer_backend": "auto", "disagg_transfer_pool_size": 268435456, "disagg_transfer_pin_memory": "auto", "disagg_p2p_hostname": "127.0.0.1", "disagg_ib_device": null, "disagg_server_addr": null, "encoder_urls": null, "denoiser_urls": null, "decoder_urls": null, "encoder_tp": null, "denoiser_tp": null, "denoiser_sp": null, "denoiser_ulysses": null, "denoiser_ring": null, "decoder_sp": null, "pool_work_endpoint": null, "pool_result_endpoint": null, "pool_control_endpoint": null, "pool_control_advertised_endpoint": null, "log_level": "info", "log_requests": false, "log_requests_level": 2, "log_requests_format": "text", "log_requests_target": null, "uvicorn_access_log_exclude_prefixes": [], "enable_cache_report": false, "enable_trace": false, "otlp_traces_endpoint": "localhost:4317", "srt_encoder_url": null, "srt_encoder_connect_timeout": 3.05, "srt_encoder_timeout": 100, "pe_server_url": null}
[09-15 17:38:53] Local mode: True
[09-15 17:38:53] Starting server...
[09-15 17:39:04] Scheduler (dp replica 0) bind at endpoint: tcp://127.0.0.1:5632
[09-15 17:39:04] torch.compile cache: TORCHINDUCTOR_CACHE_DIR=/mnt/localssd/.cache/sgl_diffusion/torch_compile_cache/inductor TRITON_CACHE_DIR=/mnt/localssd/.cache/sgl_diffusion/torch_compile_cache/triton
[09-15 17:39:04] Initializing distributed environment with world_size=2, device=cuda:0, timeout=3600
[09-15 17:39:04] Setting distributed timeout to 3600 seconds
libfabric:2332775:1789519145::core:core:cuda_gdrcopy_hmem_init():192<warn> gdrcopy_dl_hmem_init failed!
libfabric:2332774:1789519145::core:core:cuda_gdrcopy_hmem_init():192<warn> gdrcopy_dl_hmem_init failed!
libfabric:2332775:1789519145::core:core:fi_getinfo_():1392<warn> fi_getinfo: provider efa output empty list
libfabric:2332774:1789519145::core:core:fi_getinfo_():1392<warn> fi_getinfo: provider efa output empty list
pluto-prod-yutengl-dev-202-3-0:2332774:2332774 [0] NCCL INFO ENV/Plugin: Could not find: libnccl-env.so
pluto-prod-yutengl-dev-202-3-0:2332774:2332774 [0] NCCL INFO Bootstrap: Using eth0:10.91.207.160<0>
pluto-prod-yutengl-dev-202-3-0:2332774:2332774 [0] NCCL INFO cudaDriverVersion 13000
pluto-prod-yutengl-dev-202-3-0:2332774:2332774 [0] NCCL INFO NCCL version 2.29.7+cuda13.2
pluto-prod-yutengl-dev-202-3-0:2332774:2332774 [0] NCCL INFO NCCL git version stable b81d6a5a3
pluto-prod-yutengl-dev-202-3-0:2332774:2332774 [0] NCCL INFO Comm config Blocking set to 1
pluto-prod-yutengl-dev-202-3-0:2332774:2332774 [0] NCCL INFO NET/Plugin: Loaded net plugin Libfabric (v10)
pluto-prod-yutengl-dev-202-3-0:2332774:2332774 [0] NCCL INFO Successfully loaded external network plugin /opt/aws-ofi-nccl/install/lib/libnccl-net.so
pluto-prod-yutengl-dev-202-3-0:2332774:2332774 [0] NCCL INFO NET/OFI Initializing aws-ofi-nccl 1.16.1
pluto-prod-yutengl-dev-202-3-0:2332774:2332774 [0] NCCL INFO NET/OFI Using Libfabric version 2.1
pluto-prod-yutengl-dev-202-3-0:2332774:2332774 [0] NCCL INFO NET/OFI Using CUDA driver version 13000 with runtime 12080
pluto-prod-yutengl-dev-202-3-0:2332774:2332774 [0] NCCL INFO NET/OFI Configuring AWS-specific options
pluto-prod-yutengl-dev-202-3-0:2332774:2332774 [0] NCCL INFO NET/OFI Internode latency set at 75.0 us
pluto-prod-yutengl-dev-202-3-0:2332774:2332774 [0] NCCL INFO NET/OFI Using transport protocol RDMA (platform set)
pluto-prod-yutengl-dev-202-3-0:2332774:2332774 [0] NCCL INFO NET/OFI No eligible providers were found

[2026-09-15 17:39:05] pluto-prod-yutengl-dev-202-3-0:2332774:2332774 [0] int nccl_net_ofi_create_plugin(nccl_net_ofi_plugin_t**):215 NCCL WARN NET/OFI Failed to initialize rdma protocol

[2026-09-15 17:39:05] pluto-prod-yutengl-dev-202-3-0:2332774:2332774 [0] int nccl_net_ofi_create_plugin(nccl_net_ofi_plugin_t**):352 NCCL WARN NET/OFI aws-ofi-nccl initialization failed

[2026-09-15 17:39:05] pluto-prod-yutengl-dev-202-3-0:2332774:2332774 [0] ncclResult_t nccl_net_ofi_init_v6(ncclDebugLogger_t):166 NCCL WARN NET/OFI Initializing plugin failed
pluto-prod-yutengl-dev-202-3-0:2332774:2332774 [0] NCCL INFO plugin/net/net_v10.cc:82 -> 2
pluto-prod-yutengl-dev-202-3-0:2332774:2332774 [0] NCCL INFO Failed to initialize NET plugin Libfabric
pluto-prod-yutengl-dev-202-3-0:2332774:2332774 [0] NCCL INFO NET/IB : No device found.
pluto-prod-yutengl-dev-202-3-0:2332774:2332774 [0] NCCL INFO NET/IB : Using [RO]; OOB eth0:10.91.207.160<0>
pluto-prod-yutengl-dev-202-3-0:2332774:2332774 [0] NCCL INFO Failed to initialize NET plugin IB
pluto-prod-yutengl-dev-202-3-0:2332774:2332774 [0] NCCL INFO NET/Socket : Using [0]eth0:10.91.207.160<0>
pluto-prod-yutengl-dev-202-3-0:2332774:2332774 [0] NCCL INFO Initialized NET plugin Socket
pluto-prod-yutengl-dev-202-3-0:2332774:2332774 [0] NCCL INFO Assigned NET plugin Socket to comm
pluto-prod-yutengl-dev-202-3-0:2332774:2332774 [0] NCCL INFO GIN/Plugin: Could not find: libnccl-gin.so
pluto-prod-yutengl-dev-202-3-0:2332774:2332774 [0] NCCL INFO Successfully loaded external gin plugin /opt/aws-ofi-nccl/install/lib/libnccl-net.so
pluto-prod-yutengl-dev-202-3-0:2332774:2332774 [0] NCCL INFO Failed to initialize any GIN plugin
pluto-prod-yutengl-dev-202-3-0:2332774:2332774 [0] NCCL INFO Using network Socket
pluto-prod-yutengl-dev-202-3-0:2332774:2332774 [0] NCCL INFO [Rank 0] ncclCommInitRankConfig comm 0x55ac49217020 rank 0 nranks 2 cudaDev 0 nvmlDev 0 busId 64000 commId 0x1f4f2276bba7eec6 - Init START
pluto-prod-yutengl-dev-202-3-0:2332774:2332774 [0] NCCL INFO RAS client listening socket at ::1<28028>
pluto-prod-yutengl-dev-202-3-0:2332774:2332774 [0] NCCL INFO Bootstrap timings total 0.001359 (create 0.000059, send 0.000103, recv 0.000281, ring 0.000052, delay 0.000001)
pluto-prod-yutengl-dev-202-3-0:2332774:2332774 [0] NCCL INFO MNNVL busId 0x64000 fabric UUID 0.0 cliqueId 0x0 state 3 healthMask 0x0
pluto-prod-yutengl-dev-202-3-0:2332774:2332774 [0] NCCL INFO ncclTopoGetCpuAffinity: Affinity for GPU 0 is 0-47,96-143. (GPU affinity = 0-47,96-143 ; CPU affinity = 0-191pluto-prod-yutengl-dev-202-3-0:2332775:2332775 [1] NCCL INFO ENV/Plugin: Could not find: libnccl-env.so
pluto-prod-yutengl-dev-202-3-0:2332775:2332775 [1] NCCL INFO cudaDriverVersion 13000
pluto-prod-yutengl-dev-202-3-0:2332775:2332775 [1] NCCL INFO Bootstrap: Using eth0:10.91.207.160<0>
pluto-prod-yutengl-dev-202-3-0:2332775:2332775 [1] NCCL INFO NCCL version 2.29.7+cuda13.2
pluto-prod-yutengl-dev-202-3-0:2332775:2332775 [1] NCCL INFO NCCL git version stable b81d6a5a3
pluto-prod-yutengl-dev-202-3-0:2332775:2332775 [1] NCCL INFO Comm config Blocking set to 1
pluto-prod-yutengl-dev-202-3-0:2332775:2332775 [1] NCCL INFO NET/Plugin: Loaded net plugin Libfabric (v10)
pluto-prod-yutengl-dev-202-3-0:2332775:2332775 [1] NCCL INFO Successfully loaded external network plugin /opt/aws-ofi-nccl/install/lib/libnccl-net.so
pluto-prod-yutengl-dev-202-3-0:2332775:2332775 [1] NCCL INFO NET/OFI Initializing aws-ofi-nccl 1.16.1
pluto-prod-yutengl-dev-202-3-0:2332775:2332775 [1] NCCL INFO NET/OFI Using Libfabric version 2.1
pluto-prod-yutengl-dev-202-3-0:2332775:2332775 [1] NCCL INFO NET/OFI Using CUDA driver version 13000 with runtime 12080
pluto-prod-yutengl-dev-202-3-0:2332775:2332775 [1] NCCL INFO NET/OFI Configuring AWS-specific options
pluto-prod-yutengl-dev-202-3-0:2332775:2332775 [1] NCCL INFO NET/OFI Internode latency set at 75.0 us
pluto-prod-yutengl-dev-202-3-0:2332775:2332775 [1] NCCL INFO NET/OFI Using transport protocol RDMA (platform set)
pluto-prod-yutengl-dev-202-3-0:2332775:2332775 [1] NCCL INFO NET/OFI No eligible providers were found

[2026-09-15 17:39:05] pluto-prod-yutengl-dev-202-3-0:2332775:2332775 [1] int nccl_net_ofi_create_plugin(nccl_net_ofi_plugin_t**):215 NCCL WARN NET/OFI Failed to initialize rdma protocol

[2026-09-15 17:39:05] pluto-prod-yutengl-dev-202-3-0:2332775:2332775 [1] int nccl_net_ofi_create_plugin(nccl_net_ofi_plugin_t**):352 NCCL WARN NET/OFI aws-ofi-nccl initialization failed

[2026-09-15 17:39:05] pluto-prod-yutengl-dev-202-3-0:2332775:2332775 [1] ncclResult_t nccl_net_ofi_init_v6(ncclDebugLogger_t):166 NCCL WARN NET/OFI Initializing plugin failed
pluto-prod-yutengl-dev-202-3-0:2332775:2332775 [1] NCCL INFO plugin/net/net_v10.cc:82 -> 2
pluto-prod-yutengl-dev-202-3-0:2332775:2332775 [1] NCCL INFO Failed to initialize NET plugin Libfabric
pluto-prod-yutengl-dev-202-3-0:2332775:2332775 [1] NCCL INFO NET/IB : No device found.
pluto-prod-yutengl-dev-202-3-0:2332775:2332775 [1] NCCL INFO NET/IB : Using [RO]; OOB eth0:10.91.207.160<0>
pluto-prod-yutengl-dev-202-3-0:2332775:2332775 [1] NCCL INFO Failed to initialize NET plugin IB
pluto-prod-yutengl-dev-202-3-0:2332775:2332775 [1] NCCL INFO NET/Socket : Using [0]eth0:10.91.207.160<0>
pluto-prod-yutengl-dev-202-3-0:2332775:2332775 [1] NCCL INFO Initialized NET plugin Socket
pluto-prod-yutengl-dev-202-3-0:2332775:2332775 [1] NCCL INFO Assigned NET plugin Socket to comm
pluto-prod-yutengl-dev-202-3-0:2332775:2332775 [1] NCCL INFO GIN/Plugin: Could not find: libnccl-gin.so
pluto-prod-yutengl-dev-202-3-0:2332775:2332775 [1] NCCL INFO Successfully loaded external gin plugin /opt/aws-ofi-nccl/install/lib/libnccl-net.so
pluto-prod-yutengl-dev-202-3-0:2332775:2332775 [1] NCCL INFO Failed to initialize any GIN plugin
pluto-prod-yutengl-dev-202-3-0:2332775:2332775 [1] NCCL INFO Using network Socket
pluto-prod-yutengl-dev-202-3-0:2332775:2332775 [1] NCCL INFO [Rank 1] ncclCommInitRankConfig comm 0x55a566e588d0 rank 1 nranks 2 cudaDev 1 nvmlDev 1 busId 75000 commId 0x1f4f2276bba7eec6 - Init START
pluto-prod-yutengl-dev-202-3-0:2332775:2332775 [1] NCCL INFO RAS client listening socket at ::1<28028>
pluto-prod-yutengl-dev-202-3-0:2332775:2332775 [1] NCCL INFO Bootstrap timings total 0.005042 (create 0.000088, send 0.000249, recv 0.003679, ring 0.000036, delay 0.000001)
pluto-prod-yutengl-dev-202-3-0:2332775:2332775 [1] NCCL INFO MNNVL busId 0x75000 fabric UUID 0.0 cliqueId 0x0 state 3 healthMask 0x0
pluto-prod-yutengl-dev-202-3-0:2332775:2332775 [1] NCCL INFO ncclTopoGetCpuAffinity: Affinity for GPU 1 is 0-47,96-143. (GPU affinity = 0-47,96-143 ; CPU affinity = 0-191).
pluto-prod-yutengl-dev-202-3-0:2332774:2332774 [0] NCCL INFO NVLS multicast support is available on dev 0 (NVLS_NCHANNELS 16)
pluto-prod-yutengl-dev-202-3-0:2332774:2332774 [0] NCCL INFO comm 0x55ac49217020 rank 0 nRanks 2 nNodes 1 localRanks 2 localRank 0 MNNVL 0
pluto-prod-yutengl-dev-202-3-0:2332774:2332774 [0] NCCL INFO Channel 00/24 : 0 1
pluto-prod-yutengl-dev-202-3-0:2332774:2332774 [0] NCCL INFO Channel 01/24 : 0 1
pluto-prod-yutengl-dev-202-3-0:2332774:2332774 [0] NCCL INFO Channel 02/24 : 0 1
pluto-prod-yutengl-dev-202-3-0:2332774:2332774 [0] NCCL INFO Channel 03/24 : 0 1
pluto-prod-yutengl-dev-202-3-0:2332774:2332774 [0] NCCL INFO Channel 04/24 : 0 1
pluto-prod-yutengl-dev-202-3-0:2332774:2332774 [0] NCCL INFO Channel 05/24 : 0 1
pluto-prod-yutengl-dev-202-3-0:2332774:2332774 [0] NCCL INFO Channel 06/24 : 0 1
pluto-prod-yutengl-dev-202-3-0:2332774:2332774 [0] NCCL INFO Channel 07/24 : 0 1
pluto-prod-yutengl-dev-202-3-0:2332774:2332774 [0] NCCL INFO Channel 08/24 : 0 1
pluto-prod-yutengl-dev-202-3-0:2332774:2332774 [0] NCCL INFO Channel 09/24 : 0 1
pluto-prod-yutengl-dev-202-3-0:2332774:2332774 [0] NCCL INFO Channel 10/24 : 0 1
pluto-prod-yutengl-dev-202-3-0:2332774:2332774 [0] NCCL INFO Channel 11/24 : 0 1
pluto-prod-yutengl-dev-202-3-0:2332774:2332774 [0] NCCL INFO Channel 12/24 : 0 1
pluto-prod-yutengl-dev-202-3-0:2332774:2332774 [0] NCCL INFO Channel 13/24 : 0 1
pluto-prod-yutengl-dev-202-3-0:2332774:2332774 [0] NCCL INFO Channel 14/24 : 0 1
pluto-prod-yutengl-dev-202-3-0:2332774:2332774 [0] NCCL INFO Channel 15/24 : 0 1
pluto-prod-yutengl-dev-202-3-0:2332774:2332774 [0] NCCL INFO Channel 16/24 : 0 1
pluto-prod-yutengl-dev-202-3-0:2332774:2332774 [0] NCCL INFO Channel 17/24 : 0 1
pluto-prod-yutengl-dev-202-3-0:2332774:2332774 [0] NCCL INFO Channel 18/24 : 0 1
pluto-prod-yutengl-dev-202-3-0:2332774:2332774 [0] NCCL INFO Channel 19/24 : 0 1
pluto-prod-yutengl-dev-202-3-0:2332774:2332774 [0] NCCL INFO Channel 20/24 : 0 1
pluto-prod-yutengl-dev-202-3-0:2332774:2332774 [0] NCCL INFO Channel 21/24 : 0 1
pluto-prod-yutengl-dev-202-3-0:2332774:2332774 [0] NCCL INFO Channel 22/24 : 0 1
pluto-prod-yutengl-dev-202-3-0:2332774:2332774 [0] NCCL INFO Channel 23/24 : 0 1
pluto-prod-yutengl-dev-202-3-0:2332774:2332774 [0] NCCL INFO Trees [0] 1/-1/-1->0->-1 [1] 1/-1/-1->0->-1 [2] 1/-1/-1->0->-1 [3] 1/-1/-1->0->-1 [4] 1/-1/-1->0->-1 [5] 1/-1/-1->0->-1 [6] -1/-1/-1->0->1 [7] -1/-1/-1->0->1 [8] -1/-1/-1->0->1 [9] -1/-1/-1->0->1 [10] -1/-1/-1->0->1 [11] -1/-1/-1->0->1 [12] 1/-1/-1->0->-1 [13] 1/-1/-1->0->-1 [14] 1/-1/-1->0->-1 [15] 1/-1/-1->0->-1 [16] 1/-1/-1->0->-1 [17] 1/-1/-1->0->-1 [18] -1/-1/-1->0->1 [19] -1/-1/-1->0->1 [20] -1/-1/-1->0->1 [21] -1/-1/-1->0->1 [22] -1/-1/-1->0->1 [23] -1/-1/-1->0->1
pluto-prod-yutengl-dev-202-3-0:2332774:2332774 [0] NCCL INFO P2P Chunksize set to 524288
pluto-prod-yutengl-dev-202-3-0:2332774:2332774 [0] NCCL INFO PROFILER/Plugin: Could not find: libnccl-profiler.so
pluto-prod-yutengl-dev-202-3-0:2332774:2332774 [0] NCCL INFO Check P2P Type isAllDirectP2p 1 directMode 0 isAllCudaP2p 1
pluto-prod-yutengl-dev-202-3-0:2332774:2333369 [0] NCCL INFO [Proxy Service UDS] Device 0 CPU core 36
pluto-prod-yutengl-dev-202-3-0:2332774:2333368 [0] NCCL INFO [Proxy Service] Device 0 CPU core 109
pluto-prod-yutengl-dev-202-3-0:2332774:2332774 [0] NCCL INFO TUNER/Plugin: Could not find: libnccl-tuner.so
pluto-prod-yutengl-dev-202-3-0:2332774:2332774 [0] NCCL INFO TUNER/Plugin: Using nccl_ofi_tuner (v3)
pluto-prod-yutengl-dev-202-3-0:2332774:2332774 [0] NCCL INFO NET/OFI Region base Tuner is chosen for platform: p5.48xlarge
pluto-prod-yutengl-dev-202-3-0:2332774:2332774 [0] NCCL INFO NET/OFI Region Tuner init (platform 0): comm with 2 ranks and 1 nodes.
pluto-prod-yutengl-dev-202-3-0:2332774:2332774 [0] NCCL INFO NET/OFI Tuner init: comm with 2 ranks and 1 nodes.
pluto-prod-yutengl-dev-202-3-0:2332774:2332774 [0] NCCL INFO threadThresholds 8/8/64 | 16/8/64 | 512 | 512
pluto-prod-yutengl-dev-202-3-0:2332774:2332774 [0] NCCL INFO 24 coll channels, 24 collnet channels, 16 nvls channels, 32 p2p channels, 32 p).
pluto-prod-yutengl-dev-202-3-0:2332775:2332775 [1] NCCL INFO NVLS multicast support is available on dev 1 (NVLS_NCHANNELS 16)
pluto-prod-yutengl-dev-202-3-0:2332775:2332775 [1] NCCL INFO comm 0x55a566e588d0 rank 1 nRanks 2 nNodes 1 localRanks 2 localRank 1 MNNVL 0
pluto-prod-yutengl-dev-202-3-0:2332775:2332775 [1] NCCL INFO Trees [0] -1/-1/-1->1->0 [1] -1/-1/-1->1->0 [2] -1/-1/-1->1->0 [3] -1/-1/-1->1->0 [4] -1/-1/-1->1->0 [5] -1/-1/-1->1->0 [6] 0/-1/-1->1->-1 [7] 0/-1/-1->1->-1 [8] 0/-1/-1->1->-1 [9] 0/-1/-1->1->-1 [10] 0/-1/-1->1->-1 [11] 0/-1/-1->1->-1 [12] -1/-1/-1->1->0 [13] -1/-1/-1->1->0 [14] -1/-1/-1->1->0 [15] -1/-1/-1->1->0 [16] -1/-1/-1->1->0 [17] -1/-1/-1->1->0 [18] 0/-1/-1->1->-1 [19] 0/-1/-1->1->-1 [20] 0/-1/-1->1->-1 [21] 0/-1/-1->1->-1 [22] 0/-1/-1->1->-1 [23] 0/-1/-1->1->-1
pluto-prod-yutengl-dev-202-3-0:2332775:2332775 [1] NCCL INFO P2P Chunksize set to 524288
pluto-prod-yutengl-dev-202-3-0:2332775:2332775 [1] NCCL INFO PROFILER/Plugin: Could not find: libnccl-profiler.so
pluto-prod-yutengl-dev-202-3-0:2332775:2332775 [1] NCCL INFO Check P2P Type isAllDirectP2p 1 directMode 0 isAllCudaP2p 1
pluto-prod-yutengl-dev-202-3-0:2332775:2333367 [0] NCCL INFO [Proxy Service] Device 1 CPU core 109
pluto-prod-yutengl-dev-202-3-0:2332775:2333370 [0] NCCL INFO [Proxy Service UDS] Device 1 CPU core 36
pluto-prod-yutengl-dev-202-3-0:2332775:2332775 [1] NCCL INFO TUNER/Plugin: Could not find: libnccl-tuner.so
pluto-prod-yutengl-dev-202-3-0:2332775:2332775 [1] NCCL INFO TUNER/Plugin: Using nccl_ofi_tuner (v3)
pluto-prod-yutengl-dev-202-3-0:2332775:2332775 [1] NCCL INFO NET/OFI Region base Tuner is chosen for platform: p5.48xlarge
pluto-prod-yutengl-dev-202-3-0:2332775:2332775 [1] NCCL INFO NET/OFI Region Tuner init (platform 0): comm with 2 ranks and 1 nodes.
pluto-prod-yutengl-dev-202-3-0:2332775:2332775 [1] NCCL INFO NET/OFI Tuner init: comm with 2 ranks and 1 nodes.
pluto-prod-yutengl-dev-202-3-0:2332775:2332775 [1] NCCL INFO threadThresholds 8/8/64 | 16/8/64 | 512 | 512
pluto-prod-yutengl-dev-202-3-0:2332775:2332775 [1] NCCL INFO 24 coll channels, 24 collnet channels, 16 nvls channels, 32 p2p channels, 32 p2p channels per peer
pluto-prod-yutengl-dev-202-3-0:2332775:2332775 [1] NCCL INFO Symmetric VA size=80GB
pluto-prod-yutengl-dev-202-3-0:2332775:2332775 [1] NCCL INFO ncclCommInitRankConfig comm 0x55a566e588d0 rank 1 nranks 2 cudaDev 1 nvmlDev 1 busId 75000 commId 0x1f4f2276bba7eec6 - Init COMPLETE
pluto-prod-yutengl-dev-202-3-0:2332775:2332775 [1] NCCL INFO Init timings - ncclCommInitRankConfig: rank 1 nranks 2 total 0.53 (kernels 0.31, alloc 0.08, bootstrap 0.01, allgathers 0.00, topo 0.02, graphs 0.00, connections 0.10, rest 0.01)
pluto-prod-yutengl-dev-202-3-0:2332775:2332775 [1] NCCL INFO Comm config Blocking set to 1
pluto-prod-yutengl-dev-202-3-0:2332775:2332775 [1] NCCL INFO Initialized NET plugin Socket
pluto-prod-yutengl-dev-202-3-0:2332775:2332775 [1] NCCL INFO Assigned NET plugin Socket to comm
pluto-prod-yutengl-dev-202-3-0:2332775:2332775 [1] NCCL INFO Failed to initialize any GIN plugin
pluto-prod-yutengl-dev-202-3-0:2332775:2332775 [1] NCCL INFO Using network Socket
pluto-prod-yutengl-dev-202-3-0:2332775:2332775 [1] NCCL INFO ncclCommSplit comm 0x55a56ec92110 rank 1 nranks 2 cudaDev 1 nvmlDev 1 busId 75000 parent 0x55a566e588d0 childCount 1 color 2130503744 key 1- Init START
pluto-prod-yutengl-dev-202-3-0:2332775:2332775 [1] NCCL INFO MNNVL busId 0x75000 fabric UUID 0.0 cliqueId 0x0 state 3 healthMask 0x0
pluto-prod-yutengl-dev-202-3-0:2332775:2332775 [1] NCCL INFO ncclTopoGetCpuAffinity: Affinity for GPU 1 is 0-47,96-143. (GPU affinity = 0-47,96-143 ; CPU affinity = 0-47,96-143).
pluto-prod-yutengl-dev-202-3-0:2332775:2332775 [1] NCCL INFO NVLS multicast support is available on dev 1 (NVLS_NCHANNELS 16)
pluto-prod-yutengl-dev-202-3-0:2332775:2332775 [1] NCCL INFO comm 0x55a56ec92110 rank 1 nRanks 2 nNodes 1 localRanks 2 localRank 1 MNNVL 0
pluto-prod-yutengl-dev-202-3-0:2332775:2332775 [1] NCCL INFO Trees [0] -1/-1/-1->1->0 [1] -1/-1/-1->1->0 [2] -1/-1/-1->1->0 [3] -1/-1/-1->1->0 [4] -1/-1/-1->12p channels per peer
pluto-prod-yutengl-dev-202-3-0:2332774:2332774 [0] NCCL INFO Symmetric VA size=80GB
pluto-prod-yutengl-dev-202-3-0:2332774:2332774 [0] NCCL INFO CC Off, workFifoBytes 1048576
pluto-prod-yutengl-dev-202-3-0:2332774:2332774 [0] NCCL INFO ncclCommInitRankConfig comm 0x55ac49217020 rank 0 nranks 2 cudaDev 0 nvmlDev 0 busId 64000 commId 0x1f4f2276bba7eec6 - Init COMPLETE
pluto-prod-yutengl-dev-202-3-0:2332774:2332774 [0] NCCL INFO Init timings - ncclCommInitRankConfig: rank 0 nranks 2 total 0.53 (kernels 0.32, alloc 0.08, bootstrap 0.00, allgathers 0.00, topo 0.02, graphs 0.00, connections 0.10, rest 0.01)
pluto-prod-yutengl-dev-202-3-0:2332774:2332774 [0] NCCL INFO Comm config Blocking set to 1
pluto-prod-yutengl-dev-202-3-0:2332774:2332774 [0] NCCL INFO Initialized NET plugin Socket
pluto-prod-yutengl-dev-202-3-0:2332774:2332774 [0] NCCL INFO Assigned NET plugin Socket to comm
pluto-prod-yutengl-dev-202-3-0:2332774:2332774 [0] NCCL INFO Failed to initialize any GIN plugin
pluto-prod-yutengl-dev-202-3-0:2332774:2332774 [0] NCCL INFO Using network Socket
pluto-prod-yutengl-dev-202-3-0:2332774:2332774 [0] NCCL INFO ncclCommSplit comm 0x55ac51052a80 rank 0 nranks 2 cudaDev 0 nvmlDev 0 busId 64000 parent 0x55ac49217020 childCount 1 color 2130503744 key 0- Init START
pluto-prod-yutengl-dev-202-3-0:2332774:2332774 [0] NCCL INFO MNNVL busId 0x64000 fabric UUID 0.0 cliqueId 0x0 state 3 healthMask 0x0
pluto-prod-yutengl-dev-202-3-0:2332774:2332774 [0] NCCL INFO ncclTopoGetCpuAffinity: Affinity for GPU 0 is 0-47,96-143. (GPU affinity = 0-47,96-143 ; CPU affinity = 0-47,96-143).
pluto-prod-yutengl-dev-202-3-0:2332774:2332774 [0] NCCL INFO NVLS multicast support is available on dev 0 (NVLS_NCHANNELS 16)
pluto-prod-yutengl-dev-202-3-0:2332774:2332774 [0] NCCL INFO comm 0x55ac51052a80 rank 0 nRanks 2 nNodes 1 localRanks 2 localRank 0 MNNVL 0
pluto-prod-yutengl-dev-202-3-0:2332774:2332774 [0] NCCL INFO Channel 00/24 : 0 1
pluto-prod-yutengl-dev-202-3-0:2332774:2332774 [0] NCCL INFO Channel 01/24 : 0 1
pluto-prod-yutengl-dev-202-3-0:2332774:2332774 [0] NCCL INFO Channel 02/24 : 0 1
pluto-prod-yutengl-dev-202-3-0:2332774:2332774 [0] NCCL INFO Channel 03/24 : 0 1
pluto-prod-yutengl-dev-202-3-0:2332774:2332774 [0] NCCL INFO Channel 04/24 : 0 1
pluto-prod-yutengl-dev-202-3-0:2332774:2332774 [0] NCCL INFO Channel 05/24 : 0 1
pluto-prod-yutengl-dev-202-3-0:2332774:2332774 [0] NCCL INFO Channel 06/24 : 0 1
pluto-prod-yutengl-dev-202-3-0:2332774:2332774 [0] NCCL INFO Channel 07/24 : 0 1
pluto-prod-yutengl-dev-202-3-0:2332774:2332774 [0] NCCL INFO Channel 08/24 : 0 1
pluto-prod-yutengl-dev-202-3-0:2332774:2332774 [0] NCCL INFO Channel 09/24 : 0 1
pluto-prod-yutengl-dev-202-3-0:2332774:2332774 [0] NCCL INFO Channel 10/24 : 0 1
pluto-prod-yutengl-dev-202-3-0:2332774:2332774 [0] NCCL INFO Channel 11/24 : 0 1
pluto-prod-yutengl-dev-202-3-0:2332774:2332774 [0] NCCL INFO Channel 12/24 : 0 1
pluto-prod-yutengl-dev-202-3-0:2332774:2332774 [0] NCCL INFO Channel 13/24 : 0 1
pluto-prod-yutengl-dev-202-3-0:2332774:2332774 [0] NCCL INFO Channel 14/24 : 0 1
pluto-prod-yutengl-dev-202-3-0:2332774:2332774 [0] NCCL INFO Channel 15/24 : 0 1
pluto-prod-yutengl-dev-202-3-0:2332774:2332774 [0] NCCL INFO Channel 16/24 : 0 1
pluto-prod-yutengl-dev-202-3-0:2332774:2332774 [0] NCCL INFO Channel 17/24 : 0 1
pluto-prod-yutengl-dev-202-3-0:2332774:2332774 [0] NCCL INFO Channel 18/24 : 0 1
pluto-prod-yutengl-dev-202-3-0:2332774:2332774 [0] NCCL INFO Channel 19/24 : 0 1
pluto-prod-yutengl-dev-202-3-0:2332774:2332774 [0] NCCL INFO Channel 20/24 : 0 1
pluto-prod-yutengl-dev-202-3-0:2332774:2332774 [0] NCCL INFO Channel 21/24 : 0 1
pluto-prod-yutengl-dev-202-3-0:2332774:2332774 [0] NCCL INFO Channel 22/24 : 0 1
pluto-prod-yutengl-dev-202-3-0:2332774:2332774 [0] NCCL INFO Channel 23/24 : 0 1
pluto-prod-yutengl-dev-202-3-0:2332774:2332774 [0] NCCL INFO Trees [0] 1/-1/-1->0->-1 [1] 1/-1/-1->0->-1 [2] 1/-1/-1->0->-1 [3] 1/-1/-1->0->-1 [4] 1/-1/-1->0->-1 [5] 1/-1/-1->0->-1 [6] -1/-1/-1->0->1 [7] -1/-1/-1->0->1 [8] -1/-1/-1->0->1 [9] -1/-1/-1->0->1 [10] -1/-1/-1->0->[09-15 17:39:05] Found nccl from library libnccl.so.2
[09-15 17:39:05] sglang-diffusion is using nccl==2.29.7
1 [11] -1/-1/-1->0->1 [12] 1/-1/-1->0->-1 [13] 1/-1/-1->0->-1 [14] 1/-1/-1->0->-1 [15] 1/-1/-1->0->-1 [16] 1/-1/-1->0->-1 [17] 1/-1/-1->0->-1 [18] -1/-1/-1->0->1 [19] -1/-1/-1->0->1 [20] -1/-1/-1->0->1 [21] -1/-1/-1->0->1 [22] -1/-1/-1->0->1 [23] -1/-1/-1->0->1
pluto-prod-yutengl-dev-202-3-0:2332774:2332774 [0] NCCL INFO P2P Chunksize set to 524288
pluto-prod-yutengl-dev-202-3-0:2332774:2332774 [0] NCCL INFO Check P2P Type isAllDirectP2p 1 directMode 0 isAllCudaP2p 1
pluto-prod-yutengl-dev-202-3-0:2332774:2333375 [0] NCCL INFO [Proxy Service] Device 0 CPU core 3
pluto-prod-yutengl-dev-202-3-0:2332774:2333376 [0] NCCL INFO [Proxy Service UDS] Device 0 CPU core 115
pluto-prod-yutengl-dev-202-3-0:2332774:2332774 [0] NCCL INFO NET/OFI Region base Tuner is chosen for platform: p5.48xlarge
pluto-prod-yutengl-dev-202-3-0:2332774:2332774 [0] NCCL INFO NET/OFI Region Tuner init (platform 0): comm with 2 ranks and 1 nodes.
pluto-prod-yutengl-dev-202-3-0:2332774:2332774 [0] NCCL INFO NET/OFI Tuner init: comm with 2 ranks and 1 nodes.
pluto-prod-yutengl-dev-202-3-0:2332774:2332774 [0] NCCL INFO threadThresholds 8/8/64 | 16/8/64 | 512 | 512
pluto-prod-yutengl-dev-202-3-0:2332774:2332774 [0] NCCL INFO 24 coll channels, 24 collnet channels, 16 nvls channels, 32 p2p channels, 32 p2p channels per peer
pluto-prod-yutengl-dev-202-3-0:2332774:2332774 [0] NCCL INFO Symmetric VA size=80GB
pluto-prod-yutengl-dev-202-3-0:2332774:2332774 [0] NCCL INFO CC Off, workFifoBytes 1048576
pluto-prod-yutengl-dev-202-3-0:2332774:2332774 [0] NCCL INFO ncclCommSplit comm 0x55ac51052a80 rank 0 nranks 2 cudaDev 0 nvmlDev 0 busId 64000 parent 0x55ac49217020 childCount 1 color 2130503744 key 0 - Init COMPLETE
pluto-prod-yutengl-dev-202-3-0:2332774:2332774 [0] NCCL INFO Init timings - ncclCommSplit: rank 0 nranks 2 total 0.11 (kernels 0.00, alloc 0.00, bootstrap 0.00, allgathers 0.00, topo 0.02, graphs 0.00, connections 0.08, rest 0.01)
pluto-prod-yutengl-dev-202-3-0:2332774:2332774 [0] NCCL INFO Initialized NET plugin Socket
pluto-prod-yutengl-dev-202-3-0:2332774:2332774 [0] NCCL INFO Assigned NET plugin Socket to comm
pluto-prod-yutengl-dev-202-3-0:2332774:2332774 [0] NCCL INFO Failed to initialize any GIN plugin
pluto-prod-yutengl-dev-202-3-0:2332774:2332774 [0] NCCL INFO Using network Socket
pluto-prod-yutengl-dev-202-3-0:2332774:2332774 [0] NCCL INFO [Rank 0] ncclCommInitRank comm 0x55ac513ff8f0 rank 0 nranks 2 cudaDev 0 nvmlDev 0 busId 64000 commId 0x7b016ebbf09949e4 - Init START
pluto-prod-yutengl-dev-202-3-0:2332774:2332774 [0] NCCL INFO Bootstrap timings total 0.000754 (create 0.000054, send 0.000124, recv 0.000364, ring 0.000026, delay 0.000000)
pluto-prod-yutengl-dev-202-3-0:2332774:2332774 [0] NCCL INFO MNNVL busId 0x64000 fabric UUID 0.0 cliqueId 0x0 state 3 healthMask 0x0
pluto-prod-yutengl-dev-202-3-0:2332774:2332774 [0] NCCL INFO ncclTopoGetCpuAffinity: Affinity for GPU 0 is 0-47,96-143. (GPU affinity = 0-47,96-143 ; CPU affinity = 0-47,96-143).
pluto-prod-yutengl-dev-202-3-0:2332774:2332774 [0] NCCL INFO NVLS multicast support is available on dev 0 (NVLS_NCHANNELS 16)
pluto-prod-yutengl-dev-202-3-0:2332774:2332774 [0] NCCL INFO comm 0x55ac513ff8f0 rank 0 nRanks 2 nNodes 1 localRanks 2 localRank 0 MNNVL 0
pluto-prod-yutengl-dev-202-3-0:2332774:2332774 [0] NCCL INFO Channel 00/24 : 0 1
pluto-prod-yutengl-dev-202-3-0:2332774:2332774 [0] NCCL INFO Channel 01/24 : 0 1
pluto-prod-yutengl-dev-202-3-0:2332774:2332774 [0] NCCL INFO Channel 02/24 : 0 1
pluto-prod-yutengl-dev-202-3-0:2332774:2332774 [0] NCCL INFO Channel 03/24 : 0 1
pluto-prod-yutengl-dev-202-3-0:2332774:2332774 [0] NCCL INFO Channel 04/24 : 0 1
pluto-prod-yutengl-dev-202-3-0:2332774:2332774 [0] NCCL INFO Channel 05/24 : 0 1
pluto-prod-yutengl-dev-202-3-0:2332774:2332774 [0] NCCL INFO Channel 06/24 : 0 1
pluto-prod-yutengl-dev-202-3-0:2332774:2332774 [0] NCCL INFO Channel 07/24 : 0 1
pluto-prod-yutengl-dev-202-3-0:2332774:2332774 [0] NCCL INFO Channel 08/24 : 0 1
pluto-prod-yutengl-dev-202-3-0:2332774:2332774 [0] NCCL INFO Channel 09/24 : 0 1
pluto-prod-yutengl-dev-202-3-0:2332774:2332774 ->0 [5] -1/-1/-1->1->0 [6] 0/-1/-1->1->-1 [7] 0/-1/-1->1->-1 [8] 0/-1/-1->1->-1 [9] 0/-1/-1->1->-1 [10] 0/-1/-1->1->-1 [11] 0/-1/-1->1->-1 [12] -1/-1/-1->1->0 [13] -1/-1/-1->1->0 [14] -1/-1/-1->1->0 [15] -1/-1/-1->1->0 [16] -1/-1/-1->1->0 [17] -1/-1/-1->1->0 [18] 0/-1/-1->1->-1 [19] 0/-1/-1->1->-1 [20] 0/-1/-1->1->-1 [21] 0/-1/-1->1->-1 [22] 0/-1/-1->1->-1 [23] 0/-1/-1->1->-1
pluto-prod-yutengl-dev-202-3-0:2332775:2332775 [1] NCCL INFO P2P Chunksize set to 524288
pluto-prod-yutengl-dev-202-3-0:2332775:2332775 [1] NCCL INFO Check P2P Type isAllDirectP2p 1 directMode 0 isAllCudaP2p 1
pluto-prod-yutengl-dev-202-3-0:2332775:2333378 [0] NCCL INFO [Proxy Service UDS] Device 1 CPU core 15
pluto-prod-yutengl-dev-202-3-0:2332775:2333377 [0] NCCL INFO [Proxy Service] Device 1 CPU core 3
pluto-prod-yutengl-dev-202-3-0:2332775:2332775 [1] NCCL INFO NET/OFI Region base Tuner is chosen for platform: p5.48xlarge
pluto-prod-yutengl-dev-202-3-0:2332775:2332775 [1] NCCL INFO NET/OFI Region Tuner init (platform 0): comm with 2 ranks and 1 nodes.
pluto-prod-yutengl-dev-202-3-0:2332775:2332775 [1] NCCL INFO NET/OFI Tuner init: comm with 2 ranks and 1 nodes.
pluto-prod-yutengl-dev-202-3-0:2332775:2332775 [1] NCCL INFO threadThresholds 8/8/64 | 16/8/64 | 512 | 512
pluto-prod-yutengl-dev-202-3-0:2332775:2332775 [1] NCCL INFO 24 coll channels, 24 collnet channels, 16 nvls channels, 32 p2p channels, 32 p2p channels per peer
pluto-prod-yutengl-dev-202-3-0:2332775:2332775 [1] NCCL INFO Symmetric VA size=80GB
pluto-prod-yutengl-dev-202-3-0:2332775:2332775 [1] NCCL INFO ncclCommSplit comm 0x55a56ec92110 rank 1 nranks 2 cudaDev 1 nvmlDev 1 busId 75000 parent 0x55a566e588d0 childCount 1 color 2130503744 key 1 - Init COMPLETE
pluto-prod-yutengl-dev-202-3-0:2332775:2332775 [1] NCCL INFO Init timings - ncclCommSplit: rank 1 nranks 2 total 0.11 (kernels 0.00, alloc 0.00, bootstrap 0.00, allgathers 0.00, topo 0.02, graphs 0.00, connections 0.08, rest 0.01)
pluto-prod-yutengl-dev-202-3-0:2332775:2332775 [1] NCCL INFO Initialized NET plugin Socket
pluto-prod-yutengl-dev-202-3-0:2332775:2332775 [1] NCCL INFO Assigned NET plugin Socket to comm
pluto-prod-yutengl-dev-202-3-0:2332775:2332775 [1] NCCL INFO Failed to initialize any GIN plugin
pluto-prod-yutengl-dev-202-3-0:2332775:2332775 [1] NCCL INFO Using network Socket
pluto-prod-yutengl-dev-202-3-0:2332775:2332775 [1] NCCL INFO [Rank 1] ncclCommInitRank comm 0x55a56f03ec60 rank 1 nranks 2 cudaDev 1 nvmlDev 1 busId 75000 commId 0x7b016ebbf09949e4 - Init START
pluto-prod-yutengl-dev-202-3-0:2332775:2332775 [1] NCCL INFO Bootstrap timings total 0.000794 (create 0.000060, send 0.000168, recv 0.000230, ring 0.000028, delay 0.000000)
pluto-prod-yutengl-dev-202-3-0:2332775:2332775 [1] NCCL INFO MNNVL busId 0x75000 fabric UUID 0.0 cliqueId 0x0 state 3 healthMask 0x0
pluto-prod-yutengl-dev-202-3-0:2332775:2332775 [1] NCCL INFO ncclTopoGetCpuAffinity: Affinity for GPU 1 is 0-47,96-143. (GPU affinity = 0-47,96-143 ; CPU affinity = 0-47,96-143).
pluto-prod-yutengl-dev-202-3-0:2332775:2332775 [1] NCCL INFO NVLS multicast support is available on dev 1 (NVLS_NCHANNELS 16)
pluto-prod-yutengl-dev-202-3-0:2332775:2332775 [1] NCCL INFO comm 0x55a56f03ec60 rank 1 nRanks 2 nNodes 1 localRanks 2 localRank 1 MNNVL 0
pluto-prod-yutengl-dev-202-3-0:2332775:2332775 [1] NCCL INFO Trees [0] -1/-1/-1->1->0 [1] -1/-1/-1->1->0 [2] -1/-1/-1->1->0 [3] -1/-1/-1->1->0 [4] -1/-1/-1->1->0 [5] -1/-1/-1->1->0 [6] 0/-1/-1->1->-1 [7] 0/-1/-1->1->-1 [8] 0/-1/-1->1->-1 [9] 0/-1/-1->1->-1 [10] 0/-1/-1->1->-1 [11] 0/-1/-1->1->-1 [12] -1/-1/-1->1->0 [13] -1/-1/-1->1->0 [14] -1/-1/-1->1->0 [15] -1/-1/-1->1->0 [16] -1/-1/-1->1->0 [17] -1/-1/-1->1->0 [18] 0/-1/-1->1->-1 [19] 0/-1/-1->1->-1 [20] 0/-1/-1->1->-1 [21] 0/-1/-1->1->-1 [22] 0/-1/-1->1->-1 [23] 0/-1/-1->1->-1
pluto-prod-yutengl-dev-202-3-0:2332775:2332775 [1] NCCL INFO P2P Chunksize set to 524288
pluto-prod-yutengl-dev-202-3-0:2332775:2332775 [1] NCCL INFO Check P2P Type isAllDirectP2p 1 directMode 0 isAllCudaP2p 1
pluto-prod-yutengl-dev-202-3-0:2332775:2333387 [0] NCCL INFO [Proxy Service] Device 1[0] NCCL INFO Channel 10/24 : 0 1
pluto-prod-yutengl-dev-202-3-0:2332774:2332774 [0] NCCL INFO Channel 11/24 : 0 1
pluto-prod-yutengl-dev-202-3-0:2332774:2332774 [0] NCCL INFO Channel 12/24 : 0 1
pluto-prod-yutengl-dev-202-3-0:2332774:2332774 [0] NCCL INFO Channel 13/24 : 0 1
pluto-prod-yutengl-dev-202-3-0:2332774:2332774 [0] NCCL INFO Channel 14/24 : 0 1
pluto-prod-yutengl-dev-202-3-0:2332774:2332774 [0] NCCL INFO Channel 15/24 : 0 1
pluto-prod-yutengl-dev-202-3-0:2332774:2332774 [0] NCCL INFO Channel 16/24 : 0 1
pluto-prod-yutengl-dev-202-3-0:2332774:2332774 [0] NCCL INFO Channel 17/24 : 0 1
pluto-prod-yutengl-dev-202-3-0:2332774:2332774 [0] NCCL INFO Channel 18/24 : 0 1
pluto-prod-yutengl-dev-202-3-0:2332774:2332774 [0] NCCL INFO Channel 19/24 : 0 1
pluto-prod-yutengl-dev-202-3-0:2332774:2332774 [0] NCCL INFO Channel 20/24 : 0 1
pluto-prod-yutengl-dev-202-3-0:2332774:2332774 [0] NCCL INFO Channel 21/24 : 0 1
pluto-prod-yutengl-dev-202-3-0:2332774:2332774 [0] NCCL INFO Channel 22/24 : 0 1
pluto-prod-yutengl-dev-202-3-0:2332774:2332774 [0] NCCL INFO Channel 23/24 : 0 1
pluto-prod-yutengl-dev-202-3-0:2332774:2332774 [0] NCCL INFO Trees [0] 1/-1/-1->0->-1 [1] 1/-1/-1->0->-1 [2] 1/-1/-1->0->-1 [3] 1/-1/-1->0->-1 [4] 1/-1/-1->0->-1 [5] 1/-1/-1->0->-1 [6] -1/-1/-1->0->1 [7] -1/-1/-1->0->1 [8] -1/-1/-1->0->1 [9] -1/-1/-1->0->1 [10] -1/-1/-1->0->1 [11] -1/-1/-1->0->1 [12] 1/-1/-1->0->-1 [13] 1/-1/-1->0->-1 [14] 1/-1/-1->0->-1 [15] 1/-1/-1->0->-1 [16] 1/-1/-1->0->-1 [17] 1/-1/-1->0->-1 [18] -1/-1/-1->0->1 [19] -1/-1/-1->0->1 [20] -1/-1/-1->0->1 [21] -1/-1/-1->0->1 [22] -1/-1/-1->0->1 [23] -1/-1/-1->0->1
pluto-prod-yutengl-dev-202-3-0:2332774:2332774 [0] NCCL INFO P2P Chunksize set to 524288
pluto-prod-yutengl-dev-202-3-0:2332774:2332774 [0] NCCL INFO Check P2P Type isAllDirectP2p 1 directMode 0 isAllCudaP2p 1
pluto-prod-yutengl-dev-202-3-0:2332774:2333386 [0] NCCL INFO [Proxy Service] Device 0 CPU core 43
pluto-prod-yutengl-dev-202-3-0:2332774:2333388 [0] NCCL INFO [Proxy Service UDS] Device 0 CPU core 115
pluto-prod-yutengl-dev-202-3-0:2332774:2332774 [0] NCCL INFO NET/OFI Region base Tuner is chosen for platform: p5.48xlarge
pluto-prod-yutengl-dev-202-3-0:2332774:2332774 [0] NCCL INFO NET/OFI Region Tuner init (platform 0): comm with 2 ranks and 1 nodes.
pluto-prod-yutengl-dev-202-3-0:2332774:2332774 [0] NCCL INFO NET/OFI Tuner init: comm with 2 ranks and 1 nodes.
pluto-prod-yutengl-dev-202-3-0:2332774:2332774 [0] NCCL INFO threadThresholds 8/8/64 | 16/8/64 | 512 | 512
pluto-prod-yutengl-dev-202-3-0:2332774:2332774 [0] NCCL INFO 24 coll channels, 24 collnet channels, 16 nvls channels, 32 p2p channels, 32 p2p channels per peer
pluto-prod-yutengl-dev-202-3-0:2332774:2332774 [0] NCCL INFO Symmetric VA size=80GB
pluto-prod-yutengl-dev-202-3-0:2332774:2332774 [0] NCCL INFO CC Off, workFifoBytes 1048576
pluto-prod-yutengl-dev-202-3-0:2332774:2332774 [0] NCCL INFO ncclCommInitRank comm 0x55ac513ff8f0 rank 0 nranks 2 cudaDev 0 nvmlDev 0 busId 64000 commId 0x7b016ebbf09949e4 - Init COMPLETE
pluto-prod-yutengl-dev-202-3-0:2332774:2332774 [0] NCCL INFO Init timings - ncclCommInitRank: rank 0 nranks 2 total 0.11 (kernels 0.00, alloc 0.00, bootstrap 0.00, allgathers 0.00, topo 0.02, graphs 0.00, connections 0.08, rest 0.01)
pluto-prod-yutengl-dev-202-3-0:2332774:2332774 [0] NCCL INFO Symmetric VA size=80GB
pluto-prod-yutengl-dev-202-3-0:2332774:2332774 [0] NCCL INFO Channel 00/0 : 0[0] -> 1[1] via P2P/CUMEM
pluto-prod-yutengl-dev-202-3-0:2332774:2332774 [0] NCCL INFO Channel 01/0 : 0[0] -> 1[1] via P2P/CUMEM
pluto-prod-yutengl-dev-202-3-0:2332774:2332774 [0] NCCL INFO Channel 02/0 : 0[0] -> 1[1] via P2P/CUMEM
pluto-prod-yutengl-dev-202-3-0:2332774:2332774 [0] NCCL INFO Channel 03/0 : 0[0] -> 1[1] via P2P/CUMEM
pluto-prod-yutengl-dev-202-3-0:2332774:2332774 [0] NCCL INFO Channel 04/0 : 0[0] -> 1[1] via P2P/CUMEM
pluto-prod-yutengl-dev-202-3-0:2332774:2332774 [0] NCCL INFO Channel 05/0 : 0[0] -> 1[1] via P2P/CUMEM
pluto-prod-yutengl-dev-202-3-0:2332774:2332774 [0] NCCL INFO Channel 06/0 : 0[0] -> 1[1] via P2P/CUMEM
pluto-prod-yutengl-dev-202-3-0:2332774:2332774 [0] NCCL INFO Channel 07/0 : 0[0] -> 1[1] via P2P/CUMEM
pluto-prod-yutengl-dev-202-3-0:2332774:2332774 [0] NCCL INFO Channel 08/0 : 0[0] -> 1[1] via P2P/CUMEM
pluto-prod-yutengl-dev-202-3-0:2332774:2332774 [0] NCCL INFO Channel 09/0 : 0[0] -> 1[1] via P2P/CUMEM
pluto-prod-yutengl-dev-202-3-0:2332774:2332774 [0] NCCL INFO Channel 10/0 : 0[0] -> 1[1] via P2P/CUMEM
pluto-prod-yutengl-dev-202-3-0:2332774:2332774 [0] NCCL INFO Channel 11/0 : 0[0] -> 1[1] via P2P/CUMEM
pluto-prod-yutengl-dev-202-3-0:2332774:2332774 [0] NCCL INFO Channel 12/0 : 0[0] -> 1[1] via P2P/CUMEM
pluto-prod-yutengl-dev-202-3-0:2332774:2332774 [0] NCCL INFO Channel 13/0 : 0[0] -> 1[1] via P2P/CUMEM
pluto-prod-yutengl-dev-202-3-0:2332774:2332774 [0] NCCL INFO Channel 14/0 : 0[0] -> 1[1] via P2P/CUMEM
pluto-prod-yutengl-dev-202-3-0:2332774:2332774 [0] NCCL INFO Channel 15/0 : 0[0] -> 1[1] via P2P/CUMEM
pluto-prod-yutengl-dev-202-3-0:2332774:2332774 [0] NCCL INFO Channel 16/0 : 0[0] -> 1[1] via P2P/CUMEM
pluto-prod-yutengl-dev-202-3-0:2332774:2332774 [0] NCCL INFO Channel 17/0 : 0[0] -> 1[1] via P2P/CUMEM
pluto-prod-yutengl-dev-202-3-0:2332774:2332774 [0] NCCL INFO Channel 18/0 : 0[0] -> 1[1] via P2P/CUMEM
pluto-prod-yutengl-dev-202-3-0:2332774:2332774 [0] NCCL INFO Channel 19/0 : 0[0] -> 1[1] via P2P/CUMEM
pluto-prod-yutengl-dev-202-3-0:2332774:2332774 [0] NCCL INFO Channel 20/0 : 0[0] -> 1[1] via P2P/CUMEM
pluto-prod-yutengl-dev-202-3-0:2332774:2332774 [0] NCCL INFO Channel 21/0 : 0[0] -> 1[1] via P2P/CUMEM
pluto-prod-yutengl-dev-202-3-0:2332774:2332774 [0] NCCL INFO Channel 22/0 : 0[0] -> 1[1] via P2P/CUMEM
pluto-prod-yutengl-dev-202-3-0:2332774:2332774 [0] NCCL INFO Channel 23/0 : 0[0] -> 1[1] via P2P/CUMEM
pluto-prod-yutengl-dev-202-3-0:2332774:2332774 [0] NCCL INFO Connected all rings, use ring PXN 0 GDR 1
pluto-prod-yutengl-dev-202-3-0:2332774:2332774 [0] NCCL INFO Rank 0 has color with NCCL_SPLIT_NOCOLOR, not creating a new communicator
pluto-prod-yutengl-dev-202-3-0:2332774:2332774 [0] NCCL INFO Rank 0 has color with NCCL_SPLIT_NOCOLOR, not creating a new communicator
pluto-prod-yutengl-dev-202-3-0:2332774:2332774 [0] NCCL INFO Comm config Blocking set to 1
pluto-prod-yutengl-dev-202-3-0:2332774:2332774 [0] NCCL INFO Initialized NET plugin Socket
pluto-prod-yutengl-dev-202-3-0:2332774:2332774 [0] NCCL INFO Assigned NET plugin Socket to comm
pluto-prod-yutengl-dev-202-3-0:2332774:2332774 [0] NCCL INFO Failed to initialize any GIN plugin
pluto-prod-yutengl-dev-202-3-0:2332774:2332774 [0] NCCL INFO Using network Socket
pluto-prod-yutengl-dev-202-3-0:2332774:2332774 [0] NCCL INFO ncclCommSplit comm 0x55ac5234eb60 rank 0 nranks 2 cudaDev 0 nvmlDev 0 busId 64000 parent 0x55ac49217020 childCount 4 color 2130503744 key 0- Init START
pluto-prod-yutengl-dev-202-3-0:2332774:2332774 [0] NCCL INFO MNNVL busId 0x64000 fabric UUID 0.0 cliqueId 0x0 state 3 healthMask 0x0
pluto-prod-yutengl-dev-202-3-0:2332774:2332774 [0] NCCL INFO ncclTopoGetCpuAffinity: Affinity for GPU 0 is 0-47,96-143. (GPU affinity = 0-47,96-143 ; CPU affinity = 0-47,96-143).
pluto-prod-yutengl-dev-202-3-0:2332774:2332774 [0] NCCL INFO NVLS multicast support is available on dev 0 (NVLS_NCHANNELS 16)
pluto-prod-yutengl-dev-202-3-0:2332774:2332774 [0] NCCL INFO comm 0x55ac5234eb60 rank 0 nRanks 2 nNodes 1 localRanks 2 localRank 0 MNNVL 0
pluto-prod-yutengl-dev-202-3-0:2332774:2332774 [0] NCCL INFO Channel 00/24 : 0 1
pluto-prod-yutengl-dev-202-3-0:2332774:2332774 [0] NCCL INFO Channel 01/24 : 0 1
pluto-prod-yutengl-dev-202-3-0:2332774:2332774 [0] NCCL INFO Channel 02/24 : 0 1
pluto-prod-yutengl-dev-202-3-0:2332774:2332774 [0] NCCL INFO Channel 03/24 : 0 1
pluto-prod-yutengl-dev-202-3-0:2332774:2332774 [0] NCCL INFO Channel 04/24 : 0 1
pluto-prod-yutengl-dev-202-3-0:2332774:2332774 [0] NCCL INFO Channel 05/24 : 0 1
pluto-prod-yutengl-dev-202-3-0:2332774:2332774 [0] NCCL INFO Channel 06/24 : 0 1
pluto-prod-yutengl-dev-202-3-0:2332774:2332774 [0] NCCL INFO Channel 07/24 : 0 1
pluto-prod-yutengl-dev-202-3-0:2332774:2332774 [0] NCCL INFO Channel 08/24 : 0 1
pluto-prod-yutengl-de[09-15 17:39:06] Found nccl from library libnccl.so.2
[09-15 17:39:06] sglang-diffusion is using nccl==2.29.7
5 [1] NCCL INFO Rank 1 has color with NCCL_SPLIT_NOCOLOR, not creating a new communicator
pluto-prod-yutengl-dev-202-3-0:2332775:2332775 [1] NCCL INFO Comm config Blocking set to 1
pluto-prod-yutengl-dev-202-3-0:2332775:2332775 [1] NCCL INFO Initialized NET plugin Socket
pluto-prod-yutengl-dev-202-3-0:2332775:2332775 [1] NCCL INFO Assigned NET plugin Socket to comm
pluto-prod-yutengl-dev-202-3-0:2332775:2332775 [1] NCCL INFO Failed to initialize any GIN plugin
pluto-prod-yutengl-dev-202-3-0:2332775:2332775 [1] NCCL INFO Using network Socket
pluto-prod-yutengl-dev-202-3-0:2332775:2332775 [1] NCCL INFO ncclCommSplit comm 0x55a56ff8e030 rank 1 nranks 2 cudaDev 1 nvmlDev 1 busId 75000 parent 0x55a566e588d0 childCount 4 color 2130503744 key 1- Init START
pluto-prod-yutengl-dev-202-3-0:2332775:2332775 [1] NCCL INFO MNNVL busId 0x75000 fabric UUID 0.0 cliqueId 0x0 state 3 healthMask 0x0
pluto-prod-yutengl-dev-202-3-0:2332775:2332775 [1] NCCL INFO ncclTopoGetCpuAffinity: Affinity for GPU 1 is 0-47,96-143. (GPU affinity = 0-47,96-143 ; CPU affinity = 0-47,96-143).
pluto-prod-yutengl-dev-202-3-0:2332775:2332775 [1] NCCL INFO NVLS multicast support is available on dev 1 (NVLS_NCHANNELS 16)
pluto-prod-yutengl-dev-202-3-0:2332775:2332775 [1] NCCL INFO comm 0x55a56ff8e030 rank 1 nRanks 2 nNodes 1 localRanks 2 localRank 1 MNNVL 0
pluto-prod-yutengl-dev-202-3-0:2332775:2332775 [1] NCCL INFO Trees [0] -1/-1/-1->1->0 [1] -1/-1/-1->1->0 [2] -1/-1/-1->1->0 [3] -1/-1/-1->1->0 [4] -1/-1/-1->1->0 [5] -1/-1/-1->1->0 [6] 0/-1/-1->1->-1 [7] 0/-1/-1->1->-1 [8] 0/-1/-1->1->-1 [9] 0/-1/-1->1->-1 [10] 0/-1/-1->1->-1 [11] 0/-1/-1->1->-1 [12] -1/-1/-1->1->0 [13] -1/-1/-1->1->0 [14] -1/-1/-1->1->0 [15] -1/-1/-1->1->0 [16] -1/-1/-1->1->0 [17] -1/-1/-1->1->0 [18] 0/-1/-1->1->-1 [19] 0/-1/-1->1->-1 [20] 0/-1/-1->1->-1 [21] 0/-1/-1->1->-1 [22] 0/-1/-1->1->-1 [23] 0/-1/-1->1->-1
pluto-prod-yutengl-dev-202-3-0:2332775:2332775 [1] NCCL INFO P2P Chunksize set to 524288
pluto-prod-yutengl-dev-202-3-0:2332775:2332775 [1] NCCL INFO Check P2P Type isAllDirectP2p 1 directMode 0 isAllCudaP2p 1
pluto-prod-yutengl-dev-202-3-0:2332775:2333421 [0] NCCL INFO [Proxy Service] Device 1 CPU core 31
pluto-prod-yutengl-dev-202-3-0:2332775:2333422 [0] NCCL INFO [Proxy Service UDS] Device 1 CPU core 139
pluto-prod-yutengl-dev-202-3-0:2332775:2332775 [1] NCCL INFO NET/OFI Region base Tuner is chosen for platform: p5.48xlarge
pluto-prod-yutengl-dev-202-3-0:2332775:2332775 [1] NCCL INFO NET/OFI Region Tuner init (platform 0): comm with 2 ranks and 1 nodes.
pluto-prod-yutengl-dev-202-3-0:2332775:2332775 [1] NCCL INFO NET/OFI Tuner init: comm with 2 ranks and 1 nodes.
pluto-prod-yutengl-dev-202-3-0:2332775:2332775 [1] NCCL INFO threadThresholds 8/8/64 | 16/8/64 | 512 | 512
pluto-prod-yutengl-dev-202-3-0:2332775:2332775 [1] NCCL INFO 24 coll channels, 24 collnet channels, 16 nvls channels, 32 p2p channels, 32 p2p channels per peer
pluto-prod-yutengl-dev-202-3-0:2332775:2332775 [1] NCCL INFO Symmetric VA size=80GB
pluto-prod-yutengl-dev-202-3-0:2332775:2332775 [1] NCCL INFO ncclCommSplit comm 0x55a56ff8e030 rank 1 nranks 2 cudaDev 1 nvmlDev 1 busId 75000 parent 0x55a566e588d0 childCount 4 color 2130503744 key 1 - Init COMPLETE
pluto-prod-yutengl-dev-202-3-0:2332775:2332775 [1] NCCL INFO Init timings - ncclCommSplit: rank 1 nranks 2 total 0.12 (kernels 0.00, alloc 0.00, bootstrap 0.00, allgathers 0.00, topo 0.02, graphs 0.00, connections 0.09, rest 0.01)
pluto-prod-yutengl-dev-202-3-0:2332775:2332775 [1] NCCL INFO Initialized NET plugin Socket
pluto-prod-yutengl-dev-202-3-0:2332775:2332775 [1] NCCL INFO Assigned NET plugin Socket to comm
pluto-prod-yutengl-dev-202-3-0:2332775:2332775 [1] NCCL INFO Failed to initialize any GIN plugin
pluto-prod-yutengl-dev-202-3-0:2332775:2332775 [1] NCCL INFO Using network Socket
pluto-prod-yutengl-dev-202-3-0:2332775:2332775 [1] NCCL INFO [Rank 1] ncclCommInitRank comm 0x55a57033a0e0 rank 1 nranks 2 cudaDev 1 nvmlDev 1 busId 75000 commId 0x49b38bebca4d3225 - Init START
pluto-prod-yutengl-dev-202-3-0:2332775:2332775 [1] NCCL INFO Bootstrap timings total v-202-3-0:2332774:2332774 [0] NCCL INFO Channel 09/24 : 0 1
pluto-prod-yutengl-dev-202-3-0:2332774:2332774 [0] NCCL INFO Channel 10/24 : 0 1
pluto-prod-yutengl-dev-202-3-0:2332774:2332774 [0] NCCL INFO Channel 11/24 : 0 1
pluto-prod-yutengl-dev-202-3-0:2332774:2332774 [0] NCCL INFO Channel 12/24 : 0 1
pluto-prod-yutengl-dev-202-3-0:2332774:2332774 [0] NCCL INFO Channel 13/24 : 0 1
pluto-prod-yutengl-dev-202-3-0:2332774:2332774 [0] NCCL INFO Channel 14/24 : 0 1
pluto-prod-yutengl-dev-202-3-0:2332774:2332774 [0] NCCL INFO Channel 15/24 : 0 1
pluto-prod-yutengl-dev-202-3-0:2332774:2332774 [0] NCCL INFO Channel 16/24 : 0 1
pluto-prod-yutengl-dev-202-3-0:2332774:2332774 [0] NCCL INFO Channel 17/24 : 0 1
pluto-prod-yutengl-dev-202-3-0:2332774:2332774 [0] NCCL INFO Channel 18/24 : 0 1
pluto-prod-yutengl-dev-202-3-0:2332774:2332774 [0] NCCL INFO Channel 19/24 : 0 1
pluto-prod-yutengl-dev-202-3-0:2332774:2332774 [0] NCCL INFO Channel 20/24 : 0 1
pluto-prod-yutengl-dev-202-3-0:2332774:2332774 [0] NCCL INFO Channel 21/24 : 0 1
pluto-prod-yutengl-dev-202-3-0:2332774:2332774 [0] NCCL INFO Channel 22/24 : 0 1
pluto-prod-yutengl-dev-202-3-0:2332774:2332774 [0] NCCL INFO Channel 23/24 : 0 1
pluto-prod-yutengl-dev-202-3-0:2332774:2332774 [0] NCCL INFO Trees [0] 1/-1/-1->0->-1 [1] 1/-1/-1->0->-1 [2] 1/-1/-1->0->-1 [3] 1/-1/-1->0->-1 [4] 1/-1/-1->0->-1 [5] 1/-1/-1->0->-1 [6] -1/-1/-1->0->1 [7] -1/-1/-1->0->1 [8] -1/-1/-1->0->1 [9] -1/-1/-1->0->1 [10] -1/-1/-1->0->1 [11] -1/-1/-1->0->1 [12] 1/-1/-1->0->-1 [13] 1/-1/-1->0->-1 [14] 1/-1/-1->0->-1 [15] 1/-1/-1->0->-1 [16] 1/-1/-1->0->-1 [17] 1/-1/-1->0->-1 [18] -1/-1/-1->0->1 [19] -1/-1/-1->0->1 [20] -1/-1/-1->0->1 [21] -1/-1/-1->0->1 [22] -1/-1/-1->0->1 [23] -1/-1/-1->0->1
pluto-prod-yutengl-dev-202-3-0:2332774:2332774 [0] NCCL INFO P2P Chunksize set to 524288
pluto-prod-yutengl-dev-202-3-0:2332774:2332774 [0] NCCL INFO Check P2P Type isAllDirectP2p 1 directMode 0 isAllCudaP2p 1
pluto-prod-yutengl-dev-202-3-0:2332774:2333424 [0] NCCL INFO [Proxy Service UDS] Device 0 CPU core 115
pluto-prod-yutengl-dev-202-3-0:2332774:2333423 [0] NCCL INFO [Proxy Service] Device 0 CPU core 101
pluto-prod-yutengl-dev-202-3-0:2332774:2332774 [0] NCCL INFO NET/OFI Region base Tuner is chosen for platform: p5.48xlarge
pluto-prod-yutengl-dev-202-3-0:2332774:2332774 [0] NCCL INFO NET/OFI Region Tuner init (platform 0): comm with 2 ranks and 1 nodes.
pluto-prod-yutengl-dev-202-3-0:2332774:2332774 [0] NCCL INFO NET/OFI Tuner init: comm with 2 ranks and 1 nodes.
pluto-prod-yutengl-dev-202-3-0:2332774:2332774 [0] NCCL INFO threadThresholds 8/8/64 | 16/8/64 | 512 | 512
pluto-prod-yutengl-dev-202-3-0:2332774:2332774 [0] NCCL INFO 24 coll channels, 24 collnet channels, 16 nvls channels, 32 p2p channels, 32 p2p channels per peer
pluto-prod-yutengl-dev-202-3-0:2332774:2332774 [0] NCCL INFO Symmetric VA size=80GB
pluto-prod-yutengl-dev-202-3-0:2332774:2332774 [0] NCCL INFO CC Off, workFifoBytes 1048576
pluto-prod-yutengl-dev-202-3-0:2332774:2332774 [0] NCCL INFO ncclCommSplit comm 0x55ac5234eb60 rank 0 nranks 2 cudaDev 0 nvmlDev 0 busId 64000 parent 0x55ac49217020 childCount 4 color 2130503744 key 0 - Init COMPLETE
pluto-prod-yutengl-dev-202-3-0:2332774:2332774 [0] NCCL INFO Init timings - ncclCommSplit: rank 0 nranks 2 total 0.12 (kernels 0.00, alloc 0.00, bootstrap 0.00, allgathers 0.00, topo 0.02, graphs 0.00, connections 0.08, rest 0.02)
pluto-prod-yutengl-dev-202-3-0:2332774:2332774 [0] NCCL INFO Initialized NET plugin Socket
pluto-prod-yutengl-dev-202-3-0:2332774:2332774 [0] NCCL INFO Assigned NET plugin Socket to comm
pluto-prod-yutengl-dev-202-3-0:2332774:2332774 [0] NCCL INFO Failed to initialize any GIN plugin
pluto-prod-yutengl-dev-202-3-0:2332774:2332774 [0] NCCL INFO Using network Socket
pluto-prod-yutengl-dev-202-3-0:2332774:2332774 [0] NCCL INFO [Rank 0] ncclCommInitRank comm 0x55ac526fb4e0 rank 0 nranks 2 cudaDev 0 nvmlDev 0 busId 64000 commId 0x49b38bebca4d3225 - Init START
pluto-prod-yutengl-dev-202-3-0:2332774:2332774 [0] NCCL INFO Bootstrap timings total 0.000908 (create 0.000040, send 0.000122, recv 0.000366, ring 0.000082, delay 0.000000)
pluto-prod-yutengl-dev-202-3-0:2332774:2332774 [0] NCCL INFO MNNVL busId 0x64000 fabric UUID 0.0 cliqueId 0x0 state 3 healthMask 0x0
pluto-prod-yutengl-dev-202-3-0:2332774:2332774 [0] NCCL INFO ncclTopoGetCpuAffinity: Affinity for GPU 0 is 0-47,96-143. (GPU affinity = 0-47,96-143 ; CPU affinity = 0-47,96-143).
pluto-prod-yutengl-dev-202-3-0:2332774:2332774 [0] NCCL INFO NVLS multicast support is available on dev 0 (NVLS_NCHANNELS 16)
pluto-prod-yutengl-dev-202-3-0:2332774:2332774 [0] NCCL INFO comm 0x55ac526fb4e0 rank 0 nRanks 2 nNodes 1 localRanks 2 localRank 0 MNNVL 0
pluto-prod-yutengl-dev-202-3-0:2332774:2332774 [0] NCCL INFO Channel 00/24 : 0 1
pluto-prod-yutengl-dev-202-3-0:2332774:2332774 [0] NCCL INFO Channel 01/24 : 0 1
pluto-prod-yutengl-dev-202-3-0:2332774:2332774 [0] NCCL INFO Channel 02/24 : 0 1
pluto-prod-yutengl-dev-202-3-0:2332774:2332774 [0] NCCL INFO Channel 03/24 : 0 1
pluto-prod-yutengl-dev-202-3-0:2332774:2332774 [0] NCCL INFO Channel 04/24 : 0 1
pluto-prod-yutengl-dev-202-3-0:2332774:2332774 [0] NCCL INFO Channel 05/24 : 0 1
pluto-prod-yutengl-dev-202-3-0:2332774:2332774 [0] NCCL INFO Channel 06/24 : 0 1
pluto-prod-yutengl-dev-202-3-0:2332774:2332774 [0] NCCL INFO Channel 07/24 : 0 1
pluto-prod-yutengl-dev-202-3-0:2332774:2332774 [0] NCCL INFO Channel 08/24 : 0 1
pluto-prod-yutengl-dev-202-3-0:2332774:2332774 [0] NCCL INFO Channel 09/24 : 0 1
pluto-prod-yutengl-dev-202-3-0:2332774:2332774 [0] NCCL INFO Channel 10/24 : 0 1
pluto-prod-yutengl-dev-202-3-0:2332774:2332774 [0] NCCL INFO Channel 11/24 : 0 1
pluto-prod-yutengl-dev-202-3-0:2332774:2332774 [0] NCCL INFO Channel 12/24 : 0 1
pluto-prod-yutengl-dev-202-3-0:2332774:2332774 [0] NCCL INFO Channel 13/24 : 0 1
pluto-prod-yutengl-dev-202-3-0:2332774:2332774 [0] NCCL INFO Channel 14/24 : 0 1
pluto-prod-yutengl-dev-202-3-0:2332774:2332774 [0] NCCL INFO Channel 15/24 : 0 1
pluto-prod-yutengl-dev-202-3-0:2332774:2332774 [0] NCCL INFO Channel 16/24 : 0 1
pluto-prod-yutengl-dev-202-3-0:2332774:2332774 [0] NCCL INFO Channel 17/24 : 0 1
pluto-prod-yutengl-dev-202-3-0:2332774:2332774 [0] NCCL INFO Channel 18/24 : 0 1
pluto-prod-yutengl-dev-202-3-0:2332774:2332774 [0] NCCL INFO Channel 19/24 : 0 1
pluto-prod-yutengl-dev-202-3-0:2332774:2332774 [0] NCCL INFO Channel 20/24 : 0 1
pluto-prod-yutengl-dev-202-3-0:2332774:2332774 [0] NCCL INFO Channel 21/24 : 0 1
pluto-prod-yutengl-dev-202-3-0:2332774:2332774 [0] NCCL INFO Channel 22/24 : 0 1
pluto-prod-yutengl-dev-202-3-0:2332774:2332774 [0] NCCL INFO Channel 23/24 : 0 1
pluto-prod-yutengl-dev-202-3-0:2332774:2332774 [0] NCCL INFO Trees [0] 1/-1/-1->0->-1 [1] 1/-1/-1->0->-1 [2] 1/-1/-1->0->-1 [3] 1/-1/-1->0->-1 [4] 1/-1/-1->0->-1 [5] 1/-1/-1->0->-1 [6] -1/-1/-1->0->1 [7] -1/-1/-1->0->1 [8] -1/-1/-1->0->1 [9] -1/-1/-1->0->1 [10] -1/-1/-1->0->1 [11] -1/-1/-1->0->1 [12] 1/-1/-1->0->-1 [13] 1/-1/-1->0->-1 [14] 1/-1/-1->0->-1 [15] 1/-1/-1->0->-1 [16] 1/-1/-1->0->-1 [17] 1/-1/-1->0->-1 [18] -1/-1/-1->0->1 [19] -1/-1/-1->0->1 [20] -1/-1/-1->0->1 [21] -1/-1/-1->0->1 [22] -1/-1/-1->0->1 [23] -1/-1/-1->0->1
pluto-prod-yutengl-dev-202-3-0:2332774:2332774 [0] NCCL INFO P2P Chunksize set to 524288
pluto-prod-yutengl-dev-202-3-0:2332774:2332774 [0] NCCL INFO Check P2P Type isAllDirectP2p 1 directMode 0 isAllCudaP2p 1
pluto-prod-yutengl-dev-202-3-0:2332774:2333432 [0] NCCL INFO [Proxy Service] Device 0 CPU core 0
pluto-prod-yutengl-dev-202-3-0:2332774:2333434 [0] NCCL INFO [Proxy Service UDS] Device 0 CPU core 36
pluto-prod-yutengl-dev-202-3-0:2332774:2332774 [0] NCCL INFO NET/OFI Region base Tuner is chosen for platform: p5.48xlarge
pluto-prod-yutengl-dev-202-3-0:2332774:2332774 [0] NCCL INFO NET/OFI Region Tuner init (platform 0): comm with 2 ranks and 1 nodes.
pluto-prod-yutengl-dev-202-3-0:2332774:2332774 [0] NCCL INFO NET/OFI Tuner init: comm with 2 ranks and 1 nodes.
pluto-prod-yutengl-dev-202-3-0:2332774:2332774 [0] NCCL INFO threadThresholds 8/8/64 | 16/8/64 | 512 | 512
pluto-prod-yutengl-dev-202-3-0:2332774:2332774 [0] NCCL INFO 24 coll channels, 24 collnet channels, 16 nvls channels, 0.000668 (create 0.000058, send 0.000100, recv 0.000272, ring 0.000040, delay 0.000000)
pluto-prod-yutengl-dev-202-3-0:2332775:2332775 [1] NCCL INFO MNNVL busId 0x75000 fabric UUID 0.0 cliqueId 0x0 state 3 healthMask 0x0
pluto-prod-yutengl-dev-202-3-0:2332775:2332775 [1] NCCL INFO ncclTopoGetCpuAffinity: Affinity for GPU 1 is 0-47,96-143. (GPU affinity = 0-47,96-143 ; CPU affinity = 0-47,96-143).
pluto-prod-yutengl-dev-202-3-0:2332775:2332775 [1] NCCL INFO NVLS multicast support is available on dev 1 (NVLS_NCHANNELS 16)
pluto-prod-yutengl-dev-202-3-0:2332775:2332775 [1] NCCL INFO comm 0x55a57033a0e0 rank 1 nRanks 2 nNodes 1 localRanks 2 localRank 1 MNNVL 0
pluto-prod-yutengl-dev-202-3-0:2332775:2332775 [1] NCCL INFO Trees [0] -1/-1/-1->1->0 [1] -1/-1/-1->1->0 [2] -1/-1/-1->1->0 [3] -1/-1/-1->1->0 [4] -1/-1/-1->1->0 [5] -1/-1/-1->1->0 [6] 0/-1/-1->1->-1 [7] 0/-1/-1->1->-1 [8] 0/-1/-1->1->-1 [9] 0/-1/-1->1->-1 [10] 0/-1/-1->1->-1 [11] 0/-1/-1->1->-1 [12] -1/-1/-1->1->0 [13] -1/-1/-1->1->0 [14] -1/-1/-1->1->0 [15] -1/-1/-1->1->0 [16] -1/-1/-1->1->0 [17] -1/-1/-1->1->0 [18] 0/-1/-1->1->-1 [19] 0/-1/-1->1->-1 [20] 0/-1/-1->1->-1 [21] 0/-1/-1->1->-1 [22] 0/-1/-1->1->-1 [23] 0/-1/-1->1->-1
pluto-prod-yutengl-dev-202-3-0:2332775:2332775 [1] NCCL INFO P2P Chunksize set to 524288
pluto-prod-yutengl-dev-202-3-0:2332775:2332775 [1] NCCL INFO Check P2P Type isAllDirectP2p 1 directMode 0 isAllCudaP2p 1
pluto-prod-yutengl-dev-202-3-0:2332775:2333433 [0] NCCL INFO [Proxy Service] Device 1 CPU core 36
pluto-prod-yutengl-dev-202-3-0:2332775:2333435 [0] NCCL INFO [Proxy Service UDS] Device 1 CPU core 8
pluto-prod-yutengl-dev-202-3-0:2332775:2332775 [1] NCCL INFO NET/OFI Region base Tuner is chosen for platform: p5.48xlarge
pluto-prod-yutengl-dev-202-3-0:2332775:2332775 [1] NCCL INFO NET/OFI Region Tuner init (platform 0): comm with 2 ranks and 1 nodes.
pluto-prod-yutengl-dev-202-3-0:2332775:2332775 [1] NCCL INFO NET/OFI Tuner init: comm with 2 ranks and 1 nodes.
pluto-prod-yutengl-dev-202-3-0:2332775:2332775 [1] NCCL INFO threadThresholds 8/8/64 | 16/8/64 | 512 | 512
pluto-prod-yutengl-dev-202-3-0:2332775:2332775 [1] NCCL INFO 24 coll channels, 24 collnet channels, 16 nvls channels, 32 p2p channels, 32 p2p channels per peer
pluto-prod-yutengl-dev-202-3-0:2332775:2332775 [1] NCCL INFO Symmetric VA size=80GB
pluto-prod-yutengl-dev-202-3-0:2332775:2332775 [1] NCCL INFO ncclCommInitRank comm 0x55a57033a0e0 rank 1 nranks 2 cudaDev 1 nvmlDev 1 busId 75000 commId 0x49b38bebca4d3225 - Init COMPLETE
pluto-prod-yutengl-dev-202-3-0:2332775:2332775 [1] NCCL INFO Init timings - ncclCommInitRank: rank 1 nranks 2 total 0.21 (kernels 0.00, alloc 0.00, bootstrap 0.00, allgathers 0.00, topo 0.02, graphs 0.00, connections 0.18, rest 0.01)
pluto-prod-yutengl-dev-202-3-0:2332775:2332775 [1] NCCL INFO Symmetric VA size=80GB
pluto-prod-yutengl-dev-202-3-0:2332775:2332775 [1] NCCL INFO Channel 00/0 : 1[1] -> 0[0] via P2P/CUMEM
pluto-prod-yutengl-dev-202-3-0:2332775:2332775 [1] NCCL INFO Channel 01/0 : 1[1] -> 0[0] via P2P/CUMEM
pluto-prod-yutengl-dev-202-3-0:2332775:2332775 [1] NCCL INFO Channel 02/0 : 1[1] -> 0[0] via P2P/CUMEM
pluto-prod-yutengl-dev-202-3-0:2332775:2332775 [1] NCCL INFO Channel 03/0 : 1[1] -> 0[0] via P2P/CUMEM
pluto-prod-yutengl-dev-202-3-0:2332775:2332775 [1] NCCL INFO Channel 04/0 : 1[1] -> 0[0] via P2P/CUMEM
pluto-prod-yutengl-dev-202-3-0:2332775:2332775 [1] NCCL INFO Channel 05/0 : 1[1] -> 0[0] via P2P/CUMEM
pluto-prod-yutengl-dev-202-3-0:2332775:2332775 [1] NCCL INFO Channel 06/0 : 1[1] -> 0[0] via P2P/CUMEM
pluto-prod-yutengl-dev-202-3-0:2332775:2332775 [1] NCCL INFO Channel 07/0 : 1[1] -> 0[0] via P2P/CUMEM
pluto-prod-yutengl-dev-202-3-0:2332775:2332775 [1] NCCL INFO Channel 08/0 : 1[1] -> 0[0] via P2P/CUMEM
pluto-prod-yutengl-dev-202-3-0:2332775:2332775 [1] NCCL INFO Channel 09/0 : 1[1] -> 0[0] via P2P/CUMEM
pluto-prod-yutengl-dev-202-3-0:2332775:2332775 [1] NCCL INFO Channel 10/0 : 1[1] -> 0[0] via P2P/CUMEM
pluto-prod-yutengl-dev-202-3-0:2332775:2332775 [1] NCCL INFO Channel 11/0 : 1[1] -> 0[0] via P2P/CUMEM
pluto-prod-yutengl-dev-2032 p2p channels, 32 p2p channels per peer
pluto-prod-yutengl-dev-202-3-0:2332774:2332774 [0] NCCL INFO Symmetric VA size=80GB
pluto-prod-yutengl-dev-202-3-0:2332774:2332774 [0] NCCL INFO CC Off, workFifoBytes 1048576
pluto-prod-yutengl-dev-202-3-0:2332774:2332774 [0] NCCL INFO ncclCommInitRank comm 0x55ac526fb4e0 rank 0 nranks 2 cudaDev 0 nvmlDev 0 busId 64000 commId 0x49b38bebca4d3225 - Init COMPLETE
pluto-prod-yutengl-dev-202-3-0:2332774:2332774 [0] NCCL INFO Init timings - ncclCommInitRank: rank 0 nranks 2 total 0.21 (kernels 0.00, alloc 0.00, bootstrap 0.00, allgathers 0.00, topo 0.02, graphs 0.00, connections 0.18, rest 0.01)
pluto-prod-yutengl-dev-202-3-0:2332774:2332774 [0] NCCL INFO Symmetric VA size=80GB
pluto-prod-yutengl-dev-202-3-0:2332774:2332774 [0] NCCL INFO Channel 00/0 : 0[0] -> 1[1] via P2P/CUMEM
pluto-prod-yutengl-dev-202-3-0:2332774:2332774 [0] NCCL INFO Channel 01/0 : 0[0] -> 1[1] via P2P/CUMEM
pluto-prod-yutengl-dev-202-3-0:2332774:2332774 [0] NCCL INFO Channel 02/0 : 0[0] -> 1[1] via P2P/CUMEM
pluto-prod-yutengl-dev-202-3-0:2332774:2332774 [0] NCCL INFO Channel 03/0 : 0[0] -> 1[1] via P2P/CUMEM
pluto-prod-yutengl-dev-202-3-0:2332774:2332774 [0] NCCL INFO Channel 04/0 : 0[0] -> 1[1] via P2P/CUMEM
pluto-prod-yutengl-dev-202-3-0:2332774:2332774 [0] NCCL INFO Channel 05/0 : 0[0] -> 1[1] via P2P/CUMEM
pluto-prod-yutengl-dev-202-3-0:2332774:2332774 [0] NCCL INFO Channel 06/0 : 0[0] -> 1[1] via P2P/CUMEM
pluto-prod-yutengl-dev-202-3-0:2332774:2332774 [0] NCCL INFO Channel 07/0 : 0[0] -> 1[1] via P2P/CUMEM
pluto-prod-yutengl-dev-202-3-0:2332774:2332774 [0] NCCL INFO Channel 08/0 : 0[0] -> 1[1] via P2P/CUMEM
pluto-prod-yutengl-dev-202-3-0:2332774:2332774 [0] NCCL INFO Channel 09/0 : 0[0] -> 1[1] via P2P/CUMEM
pluto-prod-yutengl-dev-202-3-0:2332774:2332774 [0] NCCL INFO Channel 10/0 : 0[0] -> 1[1] via P2P/CUMEM
pluto-prod-yutengl-dev-202-3-0:2332774:2332774 [0] NCCL INFO Channel 11/0 : 0[0] -> 1[1] via P2P/CUMEM
pluto-prod-yutengl-dev-202-3-0:2332774:2332774 [0] NCCL INFO Channel 12/0 : 0[0] -> 1[1] via P2P/CUMEM
pluto-prod-yutengl-dev-202-3-0:2332774:2332774 [0] NCCL INFO Channel 13/0 : 0[0] -> 1[1] via P2P/CUMEM
pluto-prod-yutengl-dev-202-3-0:2332774:2332774 [0] NCCL INFO Channel 14/0 : 0[0] -> 1[1] via P2P/CUMEM
pluto-prod-yutengl-dev-202-3-0:2332774:2332774 [0] NCCL INFO Channel 15/0 : 0[0] -> 1[1] via P2P/CUMEM
pluto-prod-yutengl-dev-202-3-0:2332774:2332774 [0] NCCL INFO Channel 16/0 : 0[0] -> 1[1] via P2P/CUMEM
pluto-prod-yutengl-dev-202-3-0:2332774:2332774 [0] NCCL INFO Channel 17/0 : 0[0] -> 1[1] via P2P/CUMEM
pluto-prod-yutengl-dev-202-3-0:2332774:2332774 [0] NCCL INFO Channel 18/0 : 0[0] -> 1[1] via P2P/CUMEM
pluto-prod-yutengl-dev-202-3-0:2332774:2332774 [0] NCCL INFO Channel 19/0 : 0[0] -> 1[1] via P2P/CUMEM
pluto-prod-yutengl-dev-202-3-0:2332774:2332774 [0] NCCL INFO Channel 20/0 : 0[0] -> 1[1] via P2P/CUMEM
pluto-prod-yutengl-dev-202-3-0:2332774:2332774 [0] NCCL INFO Channel 21/0 : 0[0] -> 1[1] via P2P/CUMEM
pluto-prod-yutengl-dev-202-3-0:2332774:2332774 [0] NCCL INFO Channel 22/0 : 0[0] -> 1[1] via P2P/CUMEM
pluto-prod-yutengl-dev-202-3-0:2332774:2332774 [0] NCCL INFO Channel 23/0 : 0[0] -> 1[1] via P2P/CUMEM
pluto-prod-yutengl-dev-202-3-0:2332774:2332774 [0] NCCL INFO Connected all rings, use ring PXN 0 GDR 1
pluto-prod-yutengl-dev-202-3-0:2332774:2332774 [0] NCCL INFO Rank 0 has color with NCCL_SPLIT_NOCOLOR, not creating a new communicator
pluto-prod-yutengl-dev-202-3-0:2332774:2332774 [0] NCCL INFO Rank 0 has color with NCCL_SPLIT_NOCOLOR, not creating a new communicator
pluto-prod-yutengl-dev-202-3-0:2332774:2332774 [0] NCCL INFO Rank 0 has color with NCCL_SPLIT_NOCOLOR, not creating a new communicator
pluto-prod-yutengl-dev-202-3-0:2332774:2332774 [0] NCCL INFO Rank 0 has color with NCCL_SPLIT_NOCOLOR, not creating a new communicator
pluto-prod-yutengl-dev-202-3-0:2332774:2332774 [0] NCCL INFO Rank 0 has color with NCCL_SPLIT_NOCOLOR, not creating a new communicator
pluto-prod-yutengl-dev-202-3-0:2332774:2332774 [0] NCCL INFO Rank 0 has color with NCCL_SPLIT_NOCOLOR, not creating a new c2-3-0:2332775:2332775 [1] NCCL INFO Channel 12/0 : 1[1] -> 0[0] via P2P/CUMEM
pluto-prod-yutengl-dev-202-3-0:2332775:2332775 [1] NCCL INFO Channel 13/0 : 1[1] -> 0[0] via P2P/CUMEM
pluto-prod-yutengl-dev-202-3-0:2332775:2332775 [1] NCCL INFO Channel 14/0 : 1[1] -> 0[0] via P2P/CUMEM
pluto-prod-yutengl-dev-202-3-0:2332775:2332775 [1] NCCL INFO Channel 15/0 : 1[1] -> 0[0] via P2P/CUMEM
pluto-prod-yutengl-dev-202-3-0:2332775:2332775 [1] NCCL INFO Channel 16/0 : 1[1] -> 0[0] via P2P/CUMEM
pluto-prod-yutengl-dev-202-3-0:2332775:2332775 [1] NCCL INFO Channel 17/0 : 1[1] -> 0[0] via P2P/CUMEM
pluto-prod-yutengl-dev-202-3-0:2332775:2332775 [1] NCCL INFO Channel 18/0 : 1[1] -> 0[0] via P2P/CUMEM
pluto-prod-yutengl-dev-202-3-0:2332775:2332775 [1] NCCL INFO Channel 19/0 : 1[1] -> 0[0] via P2P/CUMEM
pluto-prod-yutengl-dev-202-3-0:2332775:2332775 [1] NCCL INFO Channel 20/0 : 1[1] -> 0[0] via P2P/CUMEM
pluto-prod-yutengl-dev-202-3-0:2332775:2332775 [1] NCCL INFO Channel 21/0 : 1[1] -> 0[0] via P2P/CUMEM
pluto-prod-yutengl-dev-202-3-0:2332775:2332775 [1] NCCL INFO Channel 22/0 : 1[1] -> 0[0] via P2P/CUMEM
pluto-prod-yutengl-dev-202-3-0:2332775:2332775 [1] NCCL INFO Channel 23/0 : 1[1] -> 0[0] via P2P/CUMEM
pluto-prod-yutengl-dev-202-3-0:2332775:2332775 [1] NCCL INFO Connected all rings, use ring PXN 0 GDR 1
pluto-prod-yutengl-dev-202-3-0:2332775:2332775 [1] NCCL INFO Rank 1 has color with NCCL_SPLIT_NOCOLOR, not creating a new communicator
pluto-prod-yutengl-dev-202-3-0:2332775:2332775 [1] NCCL INFO Rank 1 has color with NCCL_SPLIT_NOCOLOR, not creating a new communicator
pluto-prod-yutengl-dev-202-3-0:2332775:2332775 [1] NCCL INFO Rank 1 has color with NCCL_SPLIT_NOCOLOR, not creating a new communicator
pluto-prod-yutengl-dev-202-3-0:2332775:2332775 [1] NCCL INFO Rank 1 has color with NCCL_SPLIT_NOCOLOR, not creating a new communicator
pluto-prod-yutengl-dev-202-3-0:2332775:2332775 [1] NCCL INFO Rank 1 has color with NCCL_SPLIT_NOCOLOR, not creating a new communicator
pluto-prod-yutengl-dev-202-3-0:2332775:2332775 [1] NCCL INFO Rank 1 has color with NCCL_SPLIT_NOCOLOR, not creating a new communicator
pluto-prod-yutengl-dev-202-3-0:2332775:2332775 [1] NCCL INFO Rank 1 has color with NCCL_SPLIT_NOCOLOR, not creating a new communicator
pluto-prod-yutengl-dev-202-3-0:2332775:2332775 [1] NCCL INFO Rank 1 has color with NCCL_SPLIT_NOCOLOR, not creating a new communicator
pluto-prod-yutengl-dev-202-3-0:2332775:2332775 [1] NCCL INFO Rank 1 has color with NCCL_SPLIT_NOCOLOR, not creating a new communicator
pluto-prod-yutengl-dev-202-3-0:2332775:2332775 [1] NCCL INFO Rank 1 has color with NCCL_SPLIT_NOCOLOR, not creating a new communicator
pluto-prod-yutengl-dev-202-3-0:2332775:2332775 [1] NCCL INFO Rank 1 has color with NCCL_SPLIT_NOCOLOR, not creating a new communicator
pluto-prod-yutengl-dev-202-3-0:2332775:2332775 [1] NCCL INFO Comm config Blocking set to 1
pluto-prod-yutengl-dev-202-3-0:2332775:2332775 [1] NCCL INFO Initialized NET plugin Socket
pluto-prod-yutengl-dev-202-3-0:2332775:2332775 [1] NCCL INFO Assigned NET plugin Socket to comm
pluto-prod-yutengl-dev-202-3-0:2332775:2332775 [1] NCCL INFO Failed to initialize any GIN plugin
pluto-prod-yutengl-dev-202-3-0:2332775:2332775 [1] NCCL INFO Using network Socket
pluto-prod-yutengl-dev-202-3-0:2332775:2332775 [1] NCCL INFO ncclCommSplit comm 0x55a5707580c0 rank 1 nranks 2 cudaDev 1 nvmlDev 1 busId 75000 parent 0x55a566e588d0 childCount 16 color 2130503744 key 1- Init START
pluto-prod-yutengl-dev-202-3-0:2332775:2332775 [1] NCCL INFO MNNVL busId 0x75000 fabric UUID 0.0 cliqueId 0x0 state 3 healthMask 0x0
pluto-prod-yutengl-dev-202-3-0:2332775:2332775 [1] NCCL INFO ncclTopoGetCpuAffinity: Affinity for GPU 1 is 0-47,96-143. (GPU affinity = 0-47,96-143 ; CPU affinity = 0-47,96-143).
pluto-prod-yutengl-dev-202-3-0:2332775:2332775 [1] NCCL INFO NVLS multicast support is available on dev 1 (NVLS_NCHANNELS 16)
pluto-prod-yutengl-dev-202-3-0:2332775:2332775 [1] NCCL INFO comm 0x55a5707580c0 rank 1 nRanks 2 nNodes 1 localRanks 2 localRank 1 MNNVL 0
pluto-prod-yutengl-dev-202-3-0:2332775:2332775 [1ommunicator
pluto-prod-yutengl-dev-202-3-0:2332774:2332774 [0] NCCL INFO Rank 0 has color with NCCL_SPLIT_NOCOLOR, not creating a new communicator
pluto-prod-yutengl-dev-202-3-0:2332774:2332774 [0] NCCL INFO Rank 0 has color with NCCL_SPLIT_NOCOLOR, not creating a new communicator
pluto-prod-yutengl-dev-202-3-0:2332774:2332774 [0] NCCL INFO Rank 0 has color with NCCL_SPLIT_NOCOLOR, not creating a new communicator
pluto-prod-yutengl-dev-202-3-0:2332774:2332774 [0] NCCL INFO Rank 0 has color with NCCL_SPLIT_NOCOLOR, not creating a new communicator
pluto-prod-yutengl-dev-202-3-0:2332774:2332774 [0] NCCL INFO Rank 0 has color with NCCL_SPLIT_NOCOLOR, not creating a new communicator
pluto-prod-yutengl-dev-202-3-0:2332774:2332774 [0] NCCL INFO Comm config Blocking set to 1
pluto-prod-yutengl-dev-202-3-0:2332774:2332774 [0] NCCL INFO Initialized NET plugin Socket
pluto-prod-yutengl-dev-202-3-0:2332774:2332774 [0] NCCL INFO Assigned NET plugin Socket to comm
pluto-prod-yutengl-dev-202-3-0:2332774:2332774 [0] NCCL INFO Failed to initialize any GIN plugin
pluto-prod-yutengl-dev-202-3-0:2332774:2332774 [0] NCCL INFO Using network Socket
pluto-prod-yutengl-dev-202-3-0:2332774:2332774 [0] NCCL INFO ncclCommSplit comm 0x55ac52b18b20 rank 0 nranks 2 cudaDev 0 nvmlDev 0 busId 64000 parent 0x55ac49217020 childCount 16 color 2130503744 key 0- Init START
pluto-prod-yutengl-dev-202-3-0:2332774:2332774 [0] NCCL INFO MNNVL busId 0x64000 fabric UUID 0.0 cliqueId 0x0 state 3 healthMask 0x0
pluto-prod-yutengl-dev-202-3-0:2332774:2332774 [0] NCCL INFO ncclTopoGetCpuAffinity: Affinity for GPU 0 is 0-47,96-143. (GPU affinity = 0-47,96-143 ; CPU affinity = 0-47,96-143).
pluto-prod-yutengl-dev-202-3-0:2332774:2332774 [0] NCCL INFO NVLS multicast support is available on dev 0 (NVLS_NCHANNELS 16)
pluto-prod-yutengl-dev-202-3-0:2332774:2332774 [0] NCCL INFO comm 0x55ac52b18b20 rank 0 nRanks 2 nNodes 1 localRanks 2 localRank 0 MNNVL 0
pluto-prod-yutengl-dev-202-3-0:2332774:2332774 [0] NCCL INFO Channel 00/24 : 0 1
pluto-prod-yutengl-dev-202-3-0:2332774:2332774 [0] NCCL INFO Channel 01/24 : 0 1
pluto-prod-yutengl-dev-202-3-0:2332774:2332774 [0] NCCL INFO Channel 02/24 : 0 1
pluto-prod-yutengl-dev-202-3-0:2332774:2332774 [0] NCCL INFO Channel 03/24 : 0 1
pluto-prod-yutengl-dev-202-3-0:2332774:2332774 [0] NCCL INFO Channel 04/24 : 0 1
pluto-prod-yutengl-dev-202-3-0:2332774:2332774 [0] NCCL INFO Channel 05/24 : 0 1
pluto-prod-yutengl-dev-202-3-0:2332774:2332774 [0] NCCL INFO Channel 06/24 : 0 1
pluto-prod-yutengl-dev-202-3-0:2332774:2332774 [0] NCCL INFO Channel 07/24 : 0 1
pluto-prod-yutengl-dev-202-3-0:2332774:2332774 [0] NCCL INFO Channel 08/24 : 0 1
pluto-prod-yutengl-dev-202-3-0:2332774:2332774 [0] NCCL INFO Channel 09/24 : 0 1
pluto-prod-yutengl-dev-202-3-0:2332774:2332774 [0] NCCL INFO Channel 10/24 : 0 1
pluto-prod-yutengl-dev-202-3-0:2332774:2332774 [0] NCCL INFO Channel 11/24 : 0 1
pluto-prod-yutengl-dev-202-3-0:2332774:2332774 [0] NCCL INFO Channel 12/24 : 0 1
pluto-prod-yutengl-dev-202-3-0:2332774:2332774 [0] NCCL INFO Channel 13/24 : 0 1
pluto-prod-yutengl-dev-202-3-0:2332774:2332774 [0] NCCL INFO Channel 14/24 : 0 1
pluto-prod-yutengl-dev-202-3-0:2332774:2332774 [0] NCCL INFO Channel 15/24 : 0 1
pluto-prod-yutengl-dev-202-3-0:2332774:2332774 [0] NCCL INFO Channel 16/24 : 0 1
pluto-prod-yutengl-dev-202-3-0:2332774:2332774 [0] NCCL INFO Channel 17/24 : 0 1
pluto-prod-yutengl-dev-202-3-0:2332774:2332774 [0] NCCL INFO Channel 18/24 : 0 1
pluto-prod-yutengl-dev-202-3-0:2332774:2332774 [0] NCCL INFO Channel 19/24 : 0 1
pluto-prod-yutengl-dev-202-3-0:2332774:2332774 [0] NCCL INFO Channel 20/24 : 0 1
pluto-prod-yutengl-dev-202-3-0:2332774:2332774 [0] NCCL INFO Channel 21/24 : 0 1
pluto-prod-yutengl-dev-202-3-0:2332774:2332774 [0] NCCL INFO Channel 22/24 : 0 1
pluto-prod-yutengl-dev-202-3-0:2332774:2332774 [0] NCCL INFO Channel 23/24 : 0 1
pluto-prod-yutengl-dev-202-3-0:2332774:2332774 [0] NCCL INFO Trees [0] 1/-1/-1->0->-1 [1] 1/-1/-1->0->-1 [2] 1/-1/-1->0->-1 [3] 1/-1/-1->0->-1 [4] 1/-1/-1->0->-1 [5] 1/-1/-1->0->-1 [6] -1/-1/-1->0->1 [7] -1/-1/-1->0->[09-15 17:39:06] Found nccl from library libnccl.so.2
[09-15 17:39:06] sglang-diffusion is using nccl==2.29.7
1 [8] -1/-1/-1->0->1 [9] -1/-1/-1->0->1 [10] -1/-1/-1->0->1 [11] -1/-1/-1->0->1 [12] 1/-1/-1->0->-1 [13] 1/-1/-1->0->-1 [14] 1/-1/-1->0->-1 [15] 1/-1/-1->0->-1 [16] 1/-1/-1->0->-1 [17] 1/-1/-1->0->-1 [18] -1/-1/-1->0->1 [19] -1/-1/-1->0->1 [20] -1/-1/-1->0->1 [21] -1/-1/-1->0->1 [22] -1/-1/-1->0->1 [23] -1/-1/-1->0->1
pluto-prod-yutengl-dev-202-3-0:2332774:2332774 [0] NCCL INFO P2P Chunksize set to 524288
pluto-prod-yutengl-dev-202-3-0:2332774:2332774 [0] NCCL INFO Check P2P Type isAllDirectP2p 1 directMode 0 isAllCudaP2p 1
pluto-prod-yutengl-dev-202-3-0:2332774:2333511 [0] NCCL INFO [Proxy Service] Device 0 CPU core 118
pluto-prod-yutengl-dev-202-3-0:2332774:2333512 [0] NCCL INFO [Proxy Service UDS] Device 0 CPU core 4
pluto-prod-yutengl-dev-202-3-0:2332774:2332774 [0] NCCL INFO NET/OFI Region base Tuner is chosen for platform: p5.48xlarge
pluto-prod-yutengl-dev-202-3-0:2332774:2332774 [0] NCCL INFO NET/OFI Region Tuner init (platform 0): comm with 2 ranks and 1 nodes.
pluto-prod-yutengl-dev-202-3-0:2332774:2332774 [0] NCCL INFO NET/OFI Tuner init: comm with 2 ranks and 1 nodes.
pluto-prod-yutengl-dev-202-3-0:2332774:2332774 [0] NCCL INFO threadThresholds 8/8/64 | 16/8/64 | 512 | 512
pluto-prod-yutengl-dev-202-3-0:2332774:2332774 [0] NCCL INFO 24 coll channels, 24 collnet channels, 16 nvls channels, 32 p2p channels, 32 p2p channels per peer
pluto-prod-yutengl-dev-202-3-0:2332774:2332774 [0] NCCL INFO Symmetric VA size=80GB
pluto-prod-yutengl-dev-202-3-0:2332774:2332774 [0] NCCL INFO CC Off, workFifoBytes 1048576
pluto-prod-yutengl-dev-202-3-0:2332774:2332774 [0] NCCL INFO ncclCommSplit comm 0x55ac52b18b20 rank 0 nranks 2 cudaDev 0 nvmlDev 0 busId 64000 parent 0x55ac49217020 childCount 16 color 2130503744 key 0 - Init COMPLETE
pluto-prod-yutengl-dev-202-3-0:2332774:2332774 [0] NCCL INFO Init timings - ncclCommSplit: rank 0 nranks 2 total 0.11 (kernels 0.00, alloc 0.00, bootstrap 0.00, allgathers 0.00, topo 0.02, graphs 0.00, connections 0.08, rest 0.01)
pluto-prod-yutengl-dev-202-3-0:2332774:2332774 [0] NCCL INFO Initialized NET plugin Socket
pluto-prod-yutengl-dev-202-3-0:2332774:2332774 [0] NCCL INFO Assigned NET plugin Socket to comm
pluto-prod-yutengl-dev-202-3-0:2332774:2332774 [0] NCCL INFO Failed to initialize any GIN plugin
pluto-prod-yutengl-dev-202-3-0:2332774:2332774 [0] NCCL INFO Using network Socket
pluto-prod-yutengl-dev-202-3-0:2332774:2332774 [0] NCCL INFO [Rank 0] ncclCommInitRank comm 0x55ac52ebe040 rank 0 nranks 2 cudaDev 0 nvmlDev 0 busId 64000 commId 0xd1e7c68db77098ed - Init START
pluto-prod-yutengl-dev-202-3-0:2332774:2332774 [0] NCCL INFO Bootstrap timings total 0.000803 (create 0.000052, send 0.000137, recv 0.000269, ring 0.000029, delay 0.000000)
pluto-prod-yutengl-dev-202-3-0:2332774:2332774 [0] NCCL INFO MNNVL busId 0x64000 fabric UUID 0.0 cliqueId 0x0 state 3 healthMask 0x0
pluto-prod-yutengl-dev-202-3-0:2332774:2332774 [0] NCCL INFO ncclTopoGetCpuAffinity: Affinity for GPU 0 is 0-47,96-143. (GPU affinity = 0-47,96-143 ; CPU affinity = 0-47,96-143).
pluto-prod-yutengl-dev-202-3-0:2332774:2332774 [0] NCCL INFO NVLS multicast support is available on dev 0 (NVLS_NCHANNELS 16)
pluto-prod-yutengl-dev-202-3-0:2332774:2332774 [0] NCCL INFO comm 0x55ac52ebe040 rank 0 nRanks 2 nNodes 1 localRanks 2 localRank 0 MNNVL 0
pluto-prod-yutengl-dev-202-3-0:2332774:2332774 [0] NCCL INFO Channel 00/24 : 0 1
pluto-prod-yutengl-dev-202-3-0:2332774:2332774 [0] NCCL INFO Channel 01/24 : 0 1
pluto-prod-yutengl-dev-202-3-0:2332774:2332774 [0] NCCL INFO Channel 02/24 : 0 1
pluto-prod-yutengl-dev-202-3-0:2332774:2332774 [0] NCCL INFO Channel 03/24 : 0 1
pluto-prod-yutengl-dev-202-3-0:2332774:2332774 [0] NCCL INFO Channel 04/24 : 0 1
pluto-prod-yutengl-dev-202-3-0:2332774:2332774 [0] NCCL INFO Channel 05/24 : 0 1
pluto-prod-yutengl-dev-202-3-0:2332774:2332774 [0] NCCL INFO Channel 06/24 : 0 1
pluto-prod-yutengl-dev-202-3-0:2332774:2332774 [0] NCCL INFO Channel 07/24 : 0 1
pluto-prod-yutengl-dev-202-3-0:2332774:2332774 [0] NCCL INFO Channel 08/24 : 0 1
pluto-prod-yutengl-dev-202-3-0:2332774:2332774 [0] NCCL INFO Channel ] NCCL INFO Trees [0] -1/-1/-1->1->0 [1] -1/-1/-1->1->0 [2] -1/-1/-1->1->0 [3] -1/-1/-1->1->0 [4] -1/-1/-1->1->0 [5] -1/-1/-1->1->0 [6] 0/-1/-1->1->-1 [7] 0/-1/-1->1->-1 [8] 0/-1/-1->1->-1 [9] 0/-1/-1->1->-1 [10] 0/-1/-1->1->-1 [11] 0/-1/-1->1->-1 [12] -1/-1/-1->1->0 [13] -1/-1/-1->1->0 [14] -1/-1/-1->1->0 [15] -1/-1/-1->1->0 [16] -1/-1/-1->1->0 [17] -1/-1/-1->1->0 [18] 0/-1/-1->1->-1 [19] 0/-1/-1->1->-1 [20] 0/-1/-1->1->-1 [21] 0/-1/-1->1->-1 [22] 0/-1/-1->1->-1 [23] 0/-1/-1->1->-1
pluto-prod-yutengl-dev-202-3-0:2332775:2332775 [1] NCCL INFO P2P Chunksize set to 524288
pluto-prod-yutengl-dev-202-3-0:2332775:2332775 [1] NCCL INFO Check P2P Type isAllDirectP2p 1 directMode 0 isAllCudaP2p 1
pluto-prod-yutengl-dev-202-3-0:2332775:2333514 [0] NCCL INFO [Proxy Service UDS] Device 1 CPU core 41
pluto-prod-yutengl-dev-202-3-0:2332775:2333513 [0] NCCL INFO [Proxy Service] Device 1 CPU core 100
pluto-prod-yutengl-dev-202-3-0:2332775:2332775 [1] NCCL INFO NET/OFI Region base Tuner is chosen for platform: p5.48xlarge
pluto-prod-yutengl-dev-202-3-0:2332775:2332775 [1] NCCL INFO NET/OFI Region Tuner init (platform 0): comm with 2 ranks and 1 nodes.
pluto-prod-yutengl-dev-202-3-0:2332775:2332775 [1] NCCL INFO NET/OFI Tuner init: comm with 2 ranks and 1 nodes.
pluto-prod-yutengl-dev-202-3-0:2332775:2332775 [1] NCCL INFO threadThresholds 8/8/64 | 16/8/64 | 512 | 512
pluto-prod-yutengl-dev-202-3-0:2332775:2332775 [1] NCCL INFO 24 coll channels, 24 collnet channels, 16 nvls channels, 32 p2p channels, 32 p2p channels per peer
pluto-prod-yutengl-dev-202-3-0:2332775:2332775 [1] NCCL INFO Symmetric VA size=80GB
pluto-prod-yutengl-dev-202-3-0:2332775:2332775 [1] NCCL INFO ncclCommSplit comm 0x55a5707580c0 rank 1 nranks 2 cudaDev 1 nvmlDev 1 busId 75000 parent 0x55a566e588d0 childCount 16 color 2130503744 key 1 - Init COMPLETE
pluto-prod-yutengl-dev-202-3-0:2332775:2332775 [1] NCCL INFO Init timings - ncclCommSplit: rank 1 nranks 2 total 0.11 (kernels 0.00, alloc 0.00, bootstrap 0.00, allgathers 0.00, topo 0.02, graphs 0.00, connections 0.08, rest 0.01)
pluto-prod-yutengl-dev-202-3-0:2332775:2332775 [1] NCCL INFO Initialized NET plugin Socket
pluto-prod-yutengl-dev-202-3-0:2332775:2332775 [1] NCCL INFO Assigned NET plugin Socket to comm
pluto-prod-yutengl-dev-202-3-0:2332775:2332775 [1] NCCL INFO Failed to initialize any GIN plugin
pluto-prod-yutengl-dev-202-3-0:2332775:2332775 [1] NCCL INFO Using network Socket
pluto-prod-yutengl-dev-202-3-0:2332775:2332775 [1] NCCL INFO [Rank 1] ncclCommInitRank comm 0x55a570afd080 rank 1 nranks 2 cudaDev 1 nvmlDev 1 busId 75000 commId 0xd1e7c68db77098ed - Init START
pluto-prod-yutengl-dev-202-3-0:2332775:2332775 [1] NCCL INFO Bootstrap timings total 0.000785 (create 0.000055, send 0.000098, recv 0.000411, ring 0.000028, delay 0.000000)
pluto-prod-yutengl-dev-202-3-0:2332775:2332775 [1] NCCL INFO MNNVL busId 0x75000 fabric UUID 0.0 cliqueId 0x0 state 3 healthMask 0x0
pluto-prod-yutengl-dev-202-3-0:2332775:2332775 [1] NCCL INFO ncclTopoGetCpuAffinity: Affinity for GPU 1 is 0-47,96-143. (GPU affinity = 0-47,96-143 ; CPU affinity = 0-47,96-143).
pluto-prod-yutengl-dev-202-3-0:2332775:2332775 [1] NCCL INFO NVLS multicast support is available on dev 1 (NVLS_NCHANNELS 16)
pluto-prod-yutengl-dev-202-3-0:2332775:2332775 [1] NCCL INFO comm 0x55a570afd080 rank 1 nRanks 2 nNodes 1 localRanks 2 localRank 1 MNNVL 0
pluto-prod-yutengl-dev-202-3-0:2332775:2332775 [1] NCCL INFO Trees [0] -1/-1/-1->1->0 [1] -1/-1/-1->1->0 [2] -1/-1/-1->1->0 [3] -1/-1/-1->1->0 [4] -1/-1/-1->1->0 [5] -1/-1/-1->1->0 [6] 0/-1/-1->1->-1 [7] 0/-1/-1->1->-1 [8] 0/-1/-1->1->-1 [9] 0/-1/-1->1->-1 [10] 0/-1/-1->1->-1 [11] 0/-1/-1->1->-1 [12] -1/-1/-1->1->0 [13] -1/-1/-1->1->0 [14] -1/-1/-1->1->0 [15] -1/-1/-1->1->0 [16] -1/-1/-1->1->0 [17] -1/-1/-1->1->0 [18] 0/-1/-1->1->-1 [19] 0/-1/-1->1->-1 [20] 0/-1/-1->1->-1 [21] 0/-1/-1->1->-1 [22] 0/-1/-1->1->-1 [23] 0/-1/-1->1->-1
pluto-prod-yutengl-dev-202-3-0:2332775:2332775 [1] NCCL INFO P2P Chunksize set to 524288
pluto-prod-yutengl-dev-202-3-0:2332775:2332775 [1] NCCL INFO Check P2P Type isAllDirectP2p 1 d09/24 : 0 1
pluto-prod-yutengl-dev-202-3-0:2332774:2332774 [0] NCCL INFO Channel 10/24 : 0 1
pluto-prod-yutengl-dev-202-3-0:2332774:2332774 [0] NCCL INFO Channel 11/24 : 0 1
pluto-prod-yutengl-dev-202-3-0:2332774:2332774 [0] NCCL INFO Channel 12/24 : 0 1
pluto-prod-yutengl-dev-202-3-0:2332774:2332774 [0] NCCL INFO Channel 13/24 : 0 1
pluto-prod-yutengl-dev-202-3-0:2332774:2332774 [0] NCCL INFO Channel 14/24 : 0 1
pluto-prod-yutengl-dev-202-3-0:2332774:2332774 [0] NCCL INFO Channel 15/24 : 0 1
pluto-prod-yutengl-dev-202-3-0:2332774:2332774 [0] NCCL INFO Channel 16/24 : 0 1
pluto-prod-yutengl-dev-202-3-0:2332774:2332774 [0] NCCL INFO Channel 17/24 : 0 1
pluto-prod-yutengl-dev-202-3-0:2332774:2332774 [0] NCCL INFO Channel 18/24 : 0 1
pluto-prod-yutengl-dev-202-3-0:2332774:2332774 [0] NCCL INFO Channel 19/24 : 0 1
pluto-prod-yutengl-dev-202-3-0:2332774:2332774 [0] NCCL INFO Channel 20/24 : 0 1
pluto-prod-yutengl-dev-202-3-0:2332774:2332774 [0] NCCL INFO Channel 21/24 : 0 1
pluto-prod-yutengl-dev-202-3-0:2332774:2332774 [0] NCCL INFO Channel 22/24 : 0 1
pluto-prod-yutengl-dev-202-3-0:2332774:2332774 [0] NCCL INFO Channel 23/24 : 0 1
pluto-prod-yutengl-dev-202-3-0:2332774:2332774 [0] NCCL INFO Trees [0] 1/-1/-1->0->-1 [1] 1/-1/-1->0->-1 [2] 1/-1/-1->0->-1 [3] 1/-1/-1->0->-1 [4] 1/-1/-1->0->-1 [5] 1/-1/-1->0->-1 [6] -1/-1/-1->0->1 [7] -1/-1/-1->0->1 [8] -1/-1/-1->0->1 [9] -1/-1/-1->0->1 [10] -1/-1/-1->0->1 [11] -1/-1/-1->0->1 [12] 1/-1/-1->0->-1 [13] 1/-1/-1->0->-1 [14] 1/-1/-1->0->-1 [15] 1/-1/-1->0->-1 [16] 1/-1/-1->0->-1 [17] 1/-1/-1->0->-1 [18] -1/-1/-1->0->1 [19] -1/-1/-1->0->1 [20] -1/-1/-1->0->1 [21] -1/-1/-1->0->1 [22] -1/-1/-1->0->1 [23] -1/-1/-1->0->1
pluto-prod-yutengl-dev-202-3-0:2332774:2332774 [0] NCCL INFO P2P Chunksize set to 524288
pluto-prod-yutengl-dev-202-3-0:2332774:2332774 [0] NCCL INFO Check P2P Type isAllDirectP2p 1 directMode 0 isAllCudaP2p 1
pluto-prod-yutengl-dev-202-3-0:2332774:2333524 [0] NCCL INFO [Proxy Service] Device 0 CPU core 118
pluto-prod-yutengl-dev-202-3-0:2332774:2333526 [0] NCCL INFO [Proxy Service UDS] Device 0 CPU core 14
pluto-prod-yutengl-dev-202-3-0:2332774:2332774 [0] NCCL INFO NET/OFI Region base Tuner is chosen for platform: p5.48xlarge
pluto-prod-yutengl-dev-202-3-0:2332774:2332774 [0] NCCL INFO NET/OFI Region Tuner init (platform 0): comm with 2 ranks and 1 nodes.
pluto-prod-yutengl-dev-202-3-0:2332774:2332774 [0] NCCL INFO NET/OFI Tuner init: comm with 2 ranks and 1 nodes.
pluto-prod-yutengl-dev-202-3-0:2332774:2332774 [0] NCCL INFO threadThresholds 8/8/64 | 16/8/64 | 512 | 512
pluto-prod-yutengl-dev-202-3-0:2332774:2332774 [0] NCCL INFO 24 coll channels, 24 collnet channels, 16 nvls channels, 32 p2p channels, 32 p2p channels per peer
pluto-prod-yutengl-dev-202-3-0:2332774:2332774 [0] NCCL INFO Symmetric VA size=80GB
pluto-prod-yutengl-dev-202-3-0:2332774:2332774 [0] NCCL INFO CC Off, workFifoBytes 1048576
pluto-prod-yutengl-dev-202-3-0:2332774:2332774 [0] NCCL INFO ncclCommInitRank comm 0x55ac52ebe040 rank 0 nranks 2 cudaDev 0 nvmlDev 0 busId 64000 commId 0xd1e7c68db77098ed - Init COMPLETE
pluto-prod-yutengl-dev-202-3-0:2332774:2332774 [0] NCCL INFO Init timings - ncclCommInitRank: rank 0 nranks 2 total 0.11 (kernels 0.00, alloc 0.00, bootstrap 0.00, allgathers 0.00, topo 0.02, graphs 0.00, connections 0.08, rest 0.01)
pluto-prod-yutengl-dev-202-3-0:2332774:2332774 [0] NCCL INFO Symmetric VA size=80GB
pluto-prod-yutengl-dev-202-3-0:2332774:2332774 [0] NCCL INFO Channel 00/0 : 0[0] -> 1[1] via P2P/CUMEM
pluto-prod-yutengl-dev-202-3-0:2332774:2332774 [0] NCCL INFO Channel 01/0 : 0[0] -> 1[1] via P2P/CUMEM
pluto-prod-yutengl-dev-202-3-0:2332774:2332774 [0] NCCL INFO Channel 02/0 : 0[0] -> 1[1] via P2P/CUMEM
pluto-prod-yutengl-dev-202-3-0:2332774:2332774 [0] NCCL INFO Channel 03/0 : 0[0] -> 1[1] via P2P/CUMEM
pluto-prod-yutengl-dev-202-3-0:2332774:2332774 [0] NCCL INFO Channel 04/0 : 0[0] -> 1[1] via P2P/CUMEM
pluto-prod-yutengl-dev-202-3-0:2332774:2332774 [0] NCCL INFO Channel 05/0 : 0[0] -> 1[1] via P2P/CUMEM
pluto-prod-yutengl-dev-202-3-0:2332774:2332774 [0] NCCL INFO Channel irectMode 0 isAllCudaP2p 1
pluto-prod-yutengl-dev-202-3-0:2332775:2333525 [0] NCCL INFO [Proxy Service] Device 1 CPU core 129
pluto-prod-yutengl-dev-202-3-0:2332775:2333527 [0] NCCL INFO [Proxy Service UDS] Device 1 CPU core 23
pluto-prod-yutengl-dev-202-3-0:2332775:2332775 [1] NCCL INFO NET/OFI Region base Tuner is chosen for platform: p5.48xlarge
pluto-prod-yutengl-dev-202-3-0:2332775:2332775 [1] NCCL INFO NET/OFI Region Tuner init (platform 0): comm with 2 ranks and 1 nodes.
pluto-prod-yutengl-dev-202-3-0:2332775:2332775 [1] NCCL INFO NET/OFI Tuner init: comm with 2 ranks and 1 nodes.
pluto-prod-yutengl-dev-202-3-0:2332775:2332775 [1] NCCL INFO threadThresholds 8/8/64 | 16/8/64 | 512 | 512
pluto-prod-yutengl-dev-202-3-0:2332775:2332775 [1] NCCL INFO 24 coll channels, 24 collnet channels, 16 nvls channels, 32 p2p channels, 32 p2p channels per peer
pluto-prod-yutengl-dev-202-3-0:2332775:2332775 [1] NCCL INFO Symmetric VA size=80GB
pluto-prod-yutengl-dev-202-3-0:2332775:2332775 [1] NCCL INFO ncclCommInitRank comm 0x55a570afd080 rank 1 nranks 2 cudaDev 1 nvmlDev 1 busId 75000 commId 0xd1e7c68db77098ed - Init COMPLETE
pluto-prod-yutengl-dev-202-3-0:2332775:2332775 [1] NCCL INFO Init timings - ncclCommInitRank: rank 1 nranks 2 total 0.11 (kernels 0.00, alloc 0.00, bootstrap 0.00, allgathers 0.00, topo 0.02, graphs 0.00, connections 0.08, rest 0.01)
pluto-prod-yutengl-dev-202-3-0:2332775:2332775 [1] NCCL INFO Symmetric VA size=80GB
pluto-prod-yutengl-dev-202-3-0:2332775:2332775 [1] NCCL INFO Channel 00/0 : 1[1] -> 0[0] via P2P/CUMEM
pluto-prod-yutengl-dev-202-3-0:2332775:2332775 [1] NCCL INFO Channel 01/0 : 1[1] -> 0[0] via P2P/CUMEM
pluto-prod-yutengl-dev-202-3-0:2332775:2332775 [1] NCCL INFO Channel 02/0 : 1[1] -> 0[0] via P2P/CUMEM
pluto-prod-yutengl-dev-202-3-0:2332775:2332775 [1] NCCL INFO Channel 03/0 : 1[1] -> 0[0] via P2P/CUMEM
pluto-prod-yutengl-dev-202-3-0:2332775:2332775 [1] NCCL INFO Channel 04/0 : 1[1] -> 0[0] via P2P/CUMEM
pluto-prod-yutengl-dev-202-3-0:2332775:2332775 [1] NCCL INFO Channel 05/0 : 1[1] -> 0[0] via P2P/CUMEM
pluto-prod-yutengl-dev-202-3-0:2332775:2332775 [1] NCCL INFO Channel 06/0 : 1[1] -> 0[0] via P2P/CUMEM
pluto-prod-yutengl-dev-202-3-0:2332775:2332775 [1] NCCL INFO Channel 07/0 : 1[1] -> 0[0] via P2P/CUMEM
pluto-prod-yutengl-dev-202-3-0:2332775:2332775 [1] NCCL INFO Channel 08/0 : 1[1] -> 0[0] via P2P/CUMEM
pluto-prod-yutengl-dev-202-3-0:2332775:2332775 [1] NCCL INFO Channel 09/0 : 1[1] -> 0[0] via P2P/CUMEM
pluto-prod-yutengl-dev-202-3-0:2332775:2332775 [1] NCCL INFO Channel 10/0 : 1[1] -> 0[0] via P2P/CUMEM
pluto-prod-yutengl-dev-202-3-0:2332775:2332775 [1] NCCL INFO Channel 11/0 : 1[1] -> 0[0] via P2P/CUMEM
pluto-prod-yutengl-dev-202-3-0:2332775:2332775 [1] NCCL INFO Channel 12/0 : 1[1] -> 0[0] via P2P/CUMEM
pluto-prod-yutengl-dev-202-3-0:2332775:2332775 [1] NCCL INFO Channel 13/0 : 1[1] -> 0[0] via P2P/CUMEM
pluto-prod-yutengl-dev-202-3-0:2332775:2332775 [1] NCCL INFO Channel 14/0 : 1[1] -> 0[0] via P2P/CUMEM
pluto-prod-yutengl-dev-202-3-0:2332775:2332775 [1] NCCL INFO Channel 15/0 : 1[1] -> 0[0] via P2P/CUMEM
pluto-prod-yutengl-dev-202-3-0:2332775:2332775 [1] NCCL INFO Channel 16/0 : 1[1] -> 0[0] via P2P/CUMEM
pluto-prod-yutengl-dev-202-3-0:2332775:2332775 [1] NCCL INFO Channel 17/0 : 1[1] -> 0[0] via P2P/CUMEM
pluto-prod-yutengl-dev-202-3-0:2332775:2332775 [1] NCCL INFO Channel 18/0 : 1[1] -> 0[0] via P2P/CUMEM
pluto-prod-yutengl-dev-202-3-0:2332775:2332775 [1] NCCL INFO Channel 19/0 : 1[1] -> 0[0] via P2P/CUMEM
pluto-prod-yutengl-dev-202-3-0:2332775:2332775 [1] NCCL INFO Channel 20/0 : 1[1] -> 0[0] via P2P/CUMEM
pluto-prod-yutengl-dev-202-3-0:2332775:2332775 [1] NCCL INFO Channel 21/0 : 1[1] -> 0[0] via P2P/CUMEM
pluto-prod-yutengl-dev-202-3-0:2332775:2332775 [1] NCCL INFO Channel 22/0 : 1[1] -> 0[0] via P2P/CUMEM
pluto-prod-yutengl-dev-202-3-0:2332775:2332775 [1] NCCL INFO Channel 23/0 : 1[1] -> 0[0] via P2P/CUMEM
pluto-prod-yutengl-dev-202-3-0:2332775:2332775 [1] NCCL INFO Connected all rings, use ring PXN 0 GDR 1
pluto-prod-yutengl-dev-202-3-0:2332775:2332775 [1] NCCL INFO Comm con06/0 : 0[0] -> 1[1] via P2P/CUMEM
pluto-prod-yutengl-dev-202-3-0:2332774:2332774 [0] NCCL INFO Channel 07/0 : 0[0] -> 1[1] via P2P/CUMEM
pluto-prod-yutengl-dev-202-3-0:2332774:2332774 [0] NCCL INFO Channel 08/0 : 0[0] -> 1[1] via P2P/CUMEM
pluto-prod-yutengl-dev-202-3-0:2332774:2332774 [0] NCCL INFO Channel 09/0 : 0[0] -> 1[1] via P2P/CUMEM
pluto-prod-yutengl-dev-202-3-0:2332774:2332774 [0] NCCL INFO Channel 10/0 : 0[0] -> 1[1] via P2P/CUMEM
pluto-prod-yutengl-dev-202-3-0:2332774:2332774 [0] NCCL INFO Channel 11/0 : 0[0] -> 1[1] via P2P/CUMEM
pluto-prod-yutengl-dev-202-3-0:2332774:2332774 [0] NCCL INFO Channel 12/0 : 0[0] -> 1[1] via P2P/CUMEM
pluto-prod-yutengl-dev-202-3-0:2332774:2332774 [0] NCCL INFO Channel 13/0 : 0[0] -> 1[1] via P2P/CUMEM
pluto-prod-yutengl-dev-202-3-0:2332774:2332774 [0] NCCL INFO Channel 14/0 : 0[0] -> 1[1] via P2P/CUMEM
pluto-prod-yutengl-dev-202-3-0:2332774:2332774 [0] NCCL INFO Channel 15/0 : 0[0] -> 1[1] via P2P/CUMEM
pluto-prod-yutengl-dev-202-3-0:2332774:2332774 [0] NCCL INFO Channel 16/0 : 0[0] -> 1[1] via P2P/CUMEM
pluto-prod-yutengl-dev-202-3-0:2332774:2332774 [0] NCCL INFO Channel 17/0 : 0[0] -> 1[1] via P2P/CUMEM
pluto-prod-yutengl-dev-202-3-0:2332774:2332774 [0] NCCL INFO Channel 18/0 : 0[0] -> 1[1] via P2P/CUMEM
pluto-prod-yutengl-dev-202-3-0:2332774:2332774 [0] NCCL INFO Channel 19/0 : 0[0] -> 1[1] via P2P/CUMEM
pluto-prod-yutengl-dev-202-3-0:2332774:2332774 [0] NCCL INFO Channel 20/0 : 0[0] -> 1[1] via P2P/CUMEM
pluto-prod-yutengl-dev-202-3-0:2332774:2332774 [0] NCCL INFO Channel 21/0 : 0[0] -> 1[1] via P2P/CUMEM
pluto-prod-yutengl-dev-202-3-0:2332774:2332774 [0] NCCL INFO Channel 22/0 : 0[0] -> 1[1] via P2P/CUMEM
pluto-prod-yutengl-dev-202-3-0:2332774:2332774 [0] NCCL INFO Channel 23/0 : 0[0] -> 1[1] via P2P/CUMEM
pluto-prod-yutengl-dev-202-3-0:2332774:2332774 [0] NCCL INFO Connected all rings, use ring PXN 0 GDR 1
pluto-prod-yutengl-dev-202-3-0:2332774:2332774 [0] NCCL INFO Comm config Blocking set to 1
pluto-prod-yutengl-dev-202-3-0:2332774:2332774 [0] NCCL INFO Initialized NET plugin Socket
pluto-prod-yutengl-dev-202-3-0:2332774:2332774 [0] NCCL INFO Assigned NET plugin Socket to comm
pluto-prod-yutengl-dev-202-3-0:2332774:2332774 [0] NCCL INFO Failed to initialize any GIN plugin
pluto-prod-yutengl-dev-202-3-0:2332774:2332774 [0] NCCL INFO Using network Socket
pluto-prod-yutengl-dev-202-3-0:2332774:2332774 [0] NCCL INFO ncclCommSplit comm 0x55ac532c5a20 rank 0 nranks 2 cudaDev 0 nvmlDev 0 busId 64000 parent 0x55ac49217020 childCount 17 color 2130503744 key 0- Init START
pluto-prod-yutengl-dev-202-3-0:2332774:2332774 [0] NCCL INFO MNNVL busId 0x64000 fabric UUID 0.0 cliqueId 0x0 state 3 healthMask 0x0
pluto-prod-yutengl-dev-202-3-0:2332774:2332774 [0] NCCL INFO ncclTopoGetCpuAffinity: Affinity for GPU 0 is 0-47,96-143. (GPU affinity = 0-47,96-143 ; CPU affinity = 0-47,96-143).
pluto-prod-yutengl-dev-202-3-0:2332774:2332774 [0] NCCL INFO NVLS multicast support is available on dev 0 (NVLS_NCHANNELS 16)
pluto-prod-yutengl-dev-202-3-0:2332774:2332774 [0] NCCL INFO comm 0x55ac532c5a20 rank 0 nRanks 2 nNodes 1 localRanks 2 localRank 0 MNNVL 0
pluto-prod-yutengl-dev-202-3-0:2332774:2332774 [0] NCCL INFO Channel 00/24 : 0 1
pluto-prod-yutengl-dev-202-3-0:2332774:2332774 [0] NCCL INFO Channel 01/24 : 0 1
pluto-prod-yutengl-dev-202-3-0:2332774:2332774 [0] NCCL INFO Channel 02/24 : 0 1
pluto-prod-yutengl-dev-202-3-0:2332774:2332774 [0] NCCL INFO Channel 03/24 : 0 1
pluto-prod-yutengl-dev-202-3-0:2332774:2332774 [0] NCCL INFO Channel 04/24 : 0 1
pluto-prod-yutengl-dev-202-3-0:2332774:2332774 [0] NCCL INFO Channel 05/24 : 0 1
pluto-prod-yutengl-dev-202-3-0:2332774:2332774 [0] NCCL INFO Channel 06/24 : 0 1
pluto-prod-yutengl-dev-202-3-0:2332774:2332774 [0] NCCL INFO Channel 07/24 : 0 1
pluto-prod-yutengl-dev-202-3-0:2332774:2332774 [0] NCCL INFO Channel 08/24 : 0 1
pluto-prod-yutengl-dev-202-3-0:2332774:2332774 [0] NCCL INFO Channel 09/24 : 0 1
pluto-prod-yutengl-dev-202-3-0:2332774:2332774 [0] NCCL INFO Channel 10/24 : 0 1
pluto-prod-yutengl-dev-202-3-0:2332774:2332774 [0] NCCL INFO Channel [09-15 17:39:07] No pipeline_class_name specified, using model_index.json
[93m[09-15 17:39:07] Skipping pipeline module sglang.multimodal_gen.runtime.pipelines.hunyuan3d_pipeline during discovery due to import failure: Duplicate NCCL runtime found in the current system: /home/colligo/sglang-wiki/envs/run/lib/python3.10/site-packages/nvidia/nccl/lib/libnccl.so.2 and /opt/aws-ofi-nccl/install/lib/libnccl-net-ofi.so[0;0m
[93m[09-15 17:39:07] Skipping pipeline module sglang.multimodal_gen.runtime.pipelines.pi05 during discovery due to import failure: Duplicate NCCL runtime found in the current system: /home/colligo/sglang-wiki/envs/run/lib/python3.10/site-packages/nvidia/nccl/lib/libnccl.so.2 and /opt/aws-ofi-nccl/install/lib/libnccl-net-ofi.so[0;0m
Loading required modules:   0%|          | 0/5 [00:00<?, ?it/s][09-15 17:39:07] Diffusers version: 0.37.1
[09-15 17:39:07] Using pipeline from model_index.json: Cosmos3OmniDiffusersPipeline
[09-15 17:39:07] Loading pipeline modules...
[09-15 17:39:07] Model already exists locally and is complete
[09-15 17:39:07] Model path: /mnt/localssd/models/Cosmos3-Super-fe77b66696d645f663b8f27e942b3b43e4629e23
[09-15 17:39:07] Diffusers version: 0.37.1
[09-15 17:39:07] Model already exists locally and is complete
[09-15 17:39:07] Model path: /mnt/localssd/models/Cosmos3-Super-fe77b66696d645f663b8f27e942b3b43e4629e23
[09-15 17:39:07] Diffusers version: 0.37.1
[09-15 17:39:07] Loading pipeline modules from config: {'_class_name': 'Cosmos3OmniDiffusersPipeline', '_diffusers_version': '0.37.1', 'scheduler': ['diffusers', 'UniPCMultistepScheduler'], 'text_tokenizer': ['transformers', 'Qwen2TokenizerFast'], 'transformer': ['diffusers', 'Cosmos3OmniTransformer'], 'vae': ['diffusers', 'AutoencoderKLWan'], 'vision_encoder': ['transformers', 'Qwen3VLVisionModel'], 'sound_tokenizer': ['diffusers', 'Cosmos3AVAEAudioTokenizer']}
[09-15 17:39:07] Loading required components: ['text_tokenizer', 'vae', 'transformer', 'scheduler', 'sound_tokenizer']
[09-15 17:39:07] Memory-aware component load order: ['transformer', 'sound_tokenizer', 'vae', 'text_tokenizer', 'scheduler']
Loading required modules:   0%|          | 0/5 [00:00<?, ?it/s][09-15 17:39:07] Loading transformer from /mnt/localssd/models/Cosmos3-Super-fe77b66696d645f663b8f27e942b3b43e4629e23/transformer. avail mem: 75.07 GB
[09-15 17:39:07] Loading Cosmos3OmniTransformer from 27 safetensors file(s) , param_dtype: torch.bfloat16

Loading safetensors checkpoint shards: 0%|          | 0/27[A
Loading safetensors checkpoint shards: 4%|▎         | 1/27[A
Loading safetensors checkpoint shards: 7%|▋         | 2/27[A
Loading safetensors checkpoint shards: 11%|█         | 3/27[A
Loading safetensors checkpoint shards: 15%|█▍        | 4/27[A
Loading safetensors checkpoint shards: 19%|█▊        | 5/27[A
Loading safetensors checkpoint shards: 22%|██▏       | 6/27[A
Loading safetensors checkpoint shards: 26%|██▌       | 7/27[A
Loading safetensors checkpoint shards: 30%|██▉       | 8/27[A
Loading safetensors checkpoint shards: 33%|███▎      | 9/27[A
Loading safetensors checkpoint shards: 37%|███▋      | 10/27[A
Loading safetensors checkpoint shards: 41%|████      | 11/27[A
Loading safetensors checkpoint shards: 44%|████▍     | 12/27[A
Loading safetensors checkpoint shards: 48%|████▊     | 13/27[A
Loading safetensors checkpoint shards: 52%|█████▏    | 14/27[A
Loading safetensors checkpoint shards: 56%|█████▌    | 15/27[A
Loading safetensors checkpoint shards: 59%|█████▉    | 16/27[A
Loading safetensors checkpoint shards: 63%|██████▎   | 17/27[A
Loading safetensors checkpoint shards: 67%|██████▋   | 18/27[A
Loading safetensors checkpoint shards: 70%|███████   | 19/27[A
Loading safetensors checkpoint shards: 74%|███████▍  | 20/27[A
Loading safetensors checkpoint shards: 78%|███████▊  | 21/27[A
Loading safetensors checkpoint shards: 81%|████████▏ | 22/27[A
Loading safetensors checkpoint shards: 85%|████████▌ | 23/27[A
Loading safetensors checkpoint shards: 89%|████████▉ | 24/27[A
Loading safetensors checkpoint shards: 93%|█████████▎| 25/27[A
Loading safetensors checkpoint shards: 96%|█████████▋| 26/27[ALoading safetensors checkpoint shards: 100%|██████████| 27/27
[09-15 17:39:14] Attention backends for transformer: fa
Loading required modules:  20%|██        | 1/5 [00:07<00:28,  7.03s/it]/home/colligo/sglang-wiki/envs/run/lib/python3.10/site-packages/torch/nn/utils/weight_norm.py:144: FutureWarning: `torch.nn.utils.weight_norm` is deprecated in favor of `torch.nn.utils.parametrizations.weight_norm`.
  WeightNorm.apply(module, name, dim)
[09-15 17:39:14] Loaded transformer: Cosmos3OmniTransformer (sgl-diffusion version). model size: 117.85 GB, host mmap: 41.30 GB, host pageable: 76.55 GB. avail GPU mem: 75.07 GB
Loading required modules:  20%|██        | 1/5 [00:07<00:28,  7.02s/it][09-15 17:39:14] Loading sound_tokenizer from /mnt/localssd/models/Cosmos3-Super-fe77b66696d645f663b8f27e942b3b43e4629e23/sound_tokenizer. avail mem: 75.07 GB
/home/colligo/sglang-wiki/envs/run/lib/python3.10/site-packages/torch/nn/utils/weight_norm.py:144: FutureWarning: `torch.nn.utils.weight_norm` is deprecated in favor of `torch.nn.utils.parametrizations.weight_norm`.
  WeightNorm.apply(module, name, dim)
[09-15 17:39:16] Loaded sound_tokenizer: Cosmos3AVAEAudioTokenizer (sgl-diffusion version). model size: 0.88 GB, vram: 0.88 GB. avail GPU mem: 74.18 GB
Loading required modules:  40%|████      | 2/5 [00:08<00:12,  4.00s/it][09-15 17:39:16] Loading vae from /mnt/localssd/models/Cosmos3-Super-fe77b66696d645f663b8f27e942b3b43e4629e23/vae. avail mem: 74.18 GB
[09-15 17:39:16] vae (VAE) stays on its checkpoint mapping: the deployment is 123.52 GiB of weights against 8.17 GiB of host memory, so copies are host memory the streamed components need more.
[09-15 17:39:16] Wan VAE: spatial-parallel decode; skipping fast path.
[09-15 17:39:16] Loaded vae: AutoencoderKLWan (sgl-diffusion version). model size: 1.31 GB, host mmap: 1.31 GB. avail GPU mem: 74.18 GB
[09-15 17:39:16] Loading text_tokenizer from /mnt/localssd/models/Cosmos3-Super-fe77b66696d645f663b8f27e942b3b43e4629e23/text_tokenizer. avail mem: 74.18 GB
Loading required modules:  40%|████      | 2/5 [00:09<00:12,  4.06s/it]Loading required modules:  80%|████████  | 4/5 [00:09<00:01,  1.76s/it]Loading required modules: 100%|██████████| 5/5 [00:09<00:00,  1.96s/it]
[09-15 17:39:17] Loaded text_tokenizer: Qwen2Tokenizer (sgl-diffusion version). model size: NA GB, weights: none. avail GPU mem: 74.18 GB
Loading required modules:  80%|████████  | 4/5 [00:09<00:01,  1.81s/it][09-15 17:39:17] Loading scheduler from /mnt/localssd/models/Cosmos3-Super-fe77b66696d645f663b8f27e942b3b43e4629e23/scheduler. avail mem: 74.18 GB
[09-15 17:39:17] Overriding scheduler class from UniPCMultistepScheduler to FlowUniPCMultistepScheduler
[09-15 17:39:17] Loaded scheduler: FlowUniPCMultistepScheduler (sgl-diffusion version). model size: NA GB, weights: none. avail GPU mem: 74.18 GB
Loading required modules: 100%|██████████| 5/5 [00:09<00:00,  1.98s/it]
[09-15 17:39:17] Creating pipeline stages...
[93m[09-15 17:39:17] Cosmos3 guardrails disabled because cosmos-guardrail is not installed. Install it with: pip install cosmos-guardrail==0.3.1[0;0m
[09-15 17:39:17] Cosmos3 pipeline stages created successfully (guardrails=False)
[09-15 17:39:17] Pipeline instantiated
[09-15 17:39:17] Layerwise offload host memory: 7.9 GiB available (cgroup cap 292.8 GiB, in use 284.9 GiB)
[09-15 17:39:17] Configuring layerwise offload for transformer (Cosmos3OmniTransformer): gen_layers (64 layers), language_model.layers (64 layers)
[09-15 17:39:17] Layerwise offload: transformer.gen_layers pins 6 of 64 layers (5.45 GiB of 5.91 GiB spendable). Of the rest, 0 are copied into pageable host memory and 58 stay on the checkpoint mapping. Pinning every layer would need 58.13 GiB.
[09-15 17:39:26] Layerwise offload: transformer.language_model.layers pins 0 of 64 layers (0.00 GiB of 0.46 GiB spendable). Of the rest, 0 are copied into pageable host memory and 64 stay on the checkpoint mapping. Pinning every layer would need 58.13 GiB.
[09-15 17:39:33] Layerwise offload: gen_layers ships mapped layers through a courier thread with 2 pinned slots, so their device copies overlap compute instead of stalling it.
[09-15 17:39:34] Layerwise offload: language_model.layers ships mapped layers through a courier thread with 2 pinned slots, so their device copies overlap compute instead of stalling it.
[09-15 17:39:34] Layerwise offload ready for transformer (Cosmos3OmniTransformer) in 16.63s: groups=2, layers=128, prefetch/group=1, resident=2/128, policy=leading
[09-15 17:39:34] Configuring layerwise offload for vae (AutoencoderKLWan): encoder.down_blocks (4 layers), decoder.up_blocks (4 layers)
[09-15 17:39:34] Layerwise offload: vae.decoder.up_blocks pins 0 of 4 layers (0.00 GiB of 0.46 GiB spendable). Of the rest, 0 are copied into pageable host memory and 4 stay on the checkpoint mapping. Pinning every layer would need 0.81 GiB.
[09-15 17:39:40] Layerwise offload: decoder.up_blocks ships mapped layers through a courier thread with 2 pinned slots, so their device copies overlap compute instead of stalling it.
[09-15 17:39:40] Layerwise offload ready for vae (AutoencoderKLWan) in 6.08s: groups=2, layers=8, prefetch/group=1, resident=0/8, policy=leading
[09-15 17:39:40] Layerwise offload summary: transformer (vram: 2.77 GB, host pinned: 5.45 GB, host mmap: 39.32 GB, host pageable: 71.48 GB), vae (vram: 0.32 GB, host pinned: 0.19 GB, host mmap: 0.81 GB)
[09-15 17:39:40] Worker 0: Initialized device, model, and distributed environment.
[09-15 17:39:40] Worker 0: Scheduler loop started.
[09-15 17:39:41] Stage generation control plane started
[09-15 17:39:41] Scheduler thread for stage generation set cuda device to 0
[09-15 17:39:41] Stage generation started
[09-15 17:39:41] Process generation ready with stages=['generation']
[09-15 17:39:41] Diffusers version: 0.37.1
[09-15 17:39:41] Sequence dimension shard is enabled, disabling frame adjustment for better performance
[09-15 17:39:41] Adjusting number of frames from 17 to 17 based on model
[09-15 17:39:41] Running pipeline stages: ['Cosmos3ImagePreprocessStage', 'Cosmos3TokenizationStage', 'Cosmos3LatentPreparationStage', 'Cosmos3TimestepPreparationStage', 'Cosmos3DenoisingStage', 'Cosmos3DecodingStage']
[09-15 17:39:41] [Cosmos3ImagePreprocessStage] started...
[09-15 17:39:41] [Cosmos3ImagePreprocessStage] Preprocessed 1 conditioning image(s) to 832x480
[09-15 17:39:41] [Cosmos3ImagePreprocessStage] finished in 0.0145 seconds
[09-15 17:39:41] [Cosmos3TokenizationStage] started...
[09-15 17:39:41] [Cosmos3TokenizationStage] Action prompt: {"cinematography": {"framing": "This video is captured from a first-person perspective looking at the scene."}, "actions": [{"time": "0:00-0:03", "description": ""}], "duration": "3s", "fps": 5.0, "resolution": {"H": 480, "W": 832}, "aspect_ratio": "16,9"}
[09-15 17:39:41] [Cosmos3TokenizationStage] finished in 0.0195 seconds
[09-15 17:39:41] [Cosmos3LatentPreparationStage] started...
[09-15 17:39:41] [Cosmos3LatentPreparationStage] Prepared I2V latents with conditioning at frames [0]
[09-15 17:39:41] [Cosmos3LatentPreparationStage] Prepared latents with shape (1, 48, 5, 30, 52)
[09-15 17:39:41] [Cosmos3LatentPreparationStage] Prepared action latents with shape (1, 16, 64) (mode=policy, domain_id=1, raw_action_dim=9, start_frame_offset=1)
[09-15 17:39:41] [Cosmos3LatentPreparationStage] finished in 0.6052 seconds
[09-15 17:39:41] [Cosmos3TimestepPreparationStage] started...
[09-15 17:39:41] [Cosmos3TimestepPreparationStage] Prepared 4 timesteps (flow_shift=10.0)
[09-15 17:39:41] [Cosmos3TimestepPreparationStage] finished in 0.0004 seconds
[09-15 17:39:41] [Cosmos3DenoisingStage] started...
[09-15 17:39:41] [Cosmos3DenoisingStage] Starting denoising with 4 steps, CFG=False, CFG_parallel=False, cfg_rank=0
Denoising:   0%|          | 0/4 [00:00<?, ?it/s]Denoising:  25%|██▌       | 1/4 [00:11<00:35, 11.84s/it]Denoising:  50%|█████     | 2/4 [00:16<00:15,  7.89s/it]Denoising:  75%|███████▌  | 3/4 [00:22<00:06,  6.61s/it]Denoising: 100%|██████████| 4/4 [00:27<00:00,  5.98s/it]Denoising: 100%|██████████| 4/4 [00:27<00:00,  6.77s/it]
[09-15 17:40:08] [Cosmos3DenoisingStage] Denoising complete
[09-15 17:40:08] [Cosmos3DenoisingStage] finished in 27.1187 seconds
[09-15 17:40:08] [Cosmos3DecodingStage] started...
[09-15 17:40:08] [Cosmos3DecodingStage] Action predictions shape: (1, 16, 9)
[09-15 17:40:08] [Cosmos3DecodingStage] finished in 0.0003 seconds
fig Blocking set to 1
pluto-prod-yutengl-dev-202-3-0:2332775:2332775 [1] NCCL INFO Initialized NET plugin Socket
pluto-prod-yutengl-dev-202-3-0:2332775:2332775 [1] NCCL INFO Assigned NET plugin Socket to comm
pluto-prod-yutengl-dev-202-3-0:2332775:2332775 [1] NCCL INFO Failed to initialize any GIN plugin
pluto-prod-yutengl-dev-202-3-0:2332775:2332775 [1] NCCL INFO Using network Socket
pluto-prod-yutengl-dev-202-3-0:2332775:2332775 [1] NCCL INFO ncclCommSplit comm 0x55a570f05230 rank 1 nranks 2 cudaDev 1 nvmlDev 1 busId 75000 parent 0x55a566e588d0 childCount 17 color 2130503744 key 1- Init START
pluto-prod-yutengl-dev-202-3-0:2332775:2332775 [1] NCCL INFO MNNVL busId 0x75000 fabric UUID 0.0 cliqueId 0x0 state 3 healthMask 0x0
pluto-prod-yutengl-dev-202-3-0:2332775:2332775 [1] NCCL INFO ncclTopoGetCpuAffinity: Affinity for GPU 1 is 0-47,96-143. (GPU affinity = 0-47,96-143 ; CPU affinity = 0-47,96-143).
pluto-prod-yutengl-dev-202-3-0:2332775:2332775 [1] NCCL INFO NVLS multicast support is available on dev 1 (NVLS_NCHANNELS 16)
pluto-prod-yutengl-dev-202-3-0:2332775:2332775 [1] NCCL INFO comm 0x55a570f05230 rank 1 nRanks 2 nNodes 1 localRanks 2 localRank 1 MNNVL 0
pluto-prod-yutengl-dev-202-3-0:2332775:2332775 [1] NCCL INFO Trees [0] -1/-1/-1->1->0 [1] -1/-1/-1->1->0 [2] -1/-1/-1->1->0 [3] -1/-1/-1->1->0 [4] -1/-1/-1->1->0 [5] -1/-1/-1->1->0 [6] 0/-1/-1->1->-1 [7] 0/-1/-1->1->-1 [8] 0/-1/-1->1->-1 [9] 0/-1/-1->1->-1 [10] 0/-1/-1->1->-1 [11] 0/-1/-1->1->-1 [12] -1/-1/-1->1->0 [13] -1/-1/-1->1->0 [14] -1/-1/-1->1->0 [15] -1/-1/-1->1->0 [16] -1/-1/-1->1->0 [17] -1/-1/-1->1->0 [18] 0/-1/-1->1->-1 [19] 0/-1/-1->1->-1 [20] 0/-1/-1->1->-1 [21] 0/-1/-1->1->-1 [22] 0/-1/-1->1->-1 [23] 0/-1/-1->1->-1
pluto-prod-yutengl-dev-202-3-0:2332775:2332775 [1] NCCL INFO P2P Chunksize set to 524288
pluto-prod-yutengl-dev-202-3-0:2332775:2332775 [1] NCCL INFO Check P2P Type isAllDirectP2p 1 directMode 0 isAllCudaP2p 1
pluto-prod-yutengl-dev-202-3-0:2332775:2333565 [0] NCCL INFO [Proxy Service UDS] Device 1 CPU core 111
pluto-prod-yutengl-dev-202-3-0:2332775:2333564 [0] NCCL INFO [Proxy Service] Device 1 CPU core 31
pluto-prod-yutengl-dev-202-3-0:2332775:2332775 [1] NCCL INFO NET/OFI Region base Tuner is chosen for platform: p5.48xlarge
pluto-prod-yutengl-dev-202-3-0:2332775:2332775 [1] NCCL INFO NET/OFI Region Tuner init (platform 0): comm with 2 ranks and 1 nodes.
pluto-prod-yutengl-dev-202-3-0:2332775:2332775 [1] NCCL INFO NET/OFI Tuner init: comm with 2 ranks and 1 nodes.
pluto-prod-yutengl-dev-202-3-0:2332775:2332775 [1] NCCL INFO threadThresholds 8/8/64 | 16/8/64 | 512 | 512
pluto-prod-yutengl-dev-202-3-0:2332775:2332775 [1] NCCL INFO 24 coll channels, 24 collnet channels, 16 nvls channels, 32 p2p channels, 32 p2p channels per peer
pluto-prod-yutengl-dev-202-3-0:2332775:2332775 [1] NCCL INFO Symmetric VA size=80GB
pluto-prod-yutengl-dev-202-3-0:2332775:2332775 [1] NCCL INFO ncclCommSplit comm 0x55a570f05230 rank 1 nranks 2 cudaDev 1 nvmlDev 1 busId 75000 parent 0x55a566e588d0 childCount 17 color 2130503744 key 1 - Init COMPLETE
pluto-prod-yutengl-dev-202-3-0:2332775:2332775 [1] NCCL INFO Init timings - ncclCommSplit: rank 1 nranks 2 total 0.12 (kernels 0.00, alloc 0.00, bootstrap 0.00, allgathers 0.00, topo 0.02, graphs 0.00, connections 0.09, rest 0.01)
pluto-prod-yutengl-dev-202-3-0:2332775:2332775 [1] NCCL INFO comm 0x55a56ff8e030 rank 1 nranks 2 cudaDev 1 busId 75000 - Destroy COMPLETE
pluto-prod-yutengl-dev-202-3-0:2332775:2332775 [1] NCCL INFO comm 0x55a570f05230 rank 1 nranks 2 cudaDev 1 busId 75000 - Destroy COMPLETE
pluto-prod-yutengl-dev-202-3-0:2332775:2332775 [1] NCCL INFO comm 0x55a5707580c0 rank 1 nranks 2 cudaDev 1 busId 75000 - Destroy COMPLETE
pluto-prod-yutengl-dev-202-3-0:2332775:2332775 [1] NCCL INFO comm 0x55a56ec92110 rank 1 nranks 2 cudaDev 1 busId 75000 - Destroy COMPLETE
pluto-prod-yutengl-dev-202-3-0:2332775:2332775 [1] NCCL INFO comm 0x55a566e588d0 rank 1 nranks 2 cudaDev 1 busId 75000 - Destroy COMPLETE
[09-15 17:40:11] Worker 0: Shutdown complete.
11/24 : 0 1
pluto-prod-yutengl-dev-202-3-0:2332774:2332774 [0] NCCL INFO Channel 12/24 : 0 1
pluto-prod-yutengl-dev-202-3-0:2332774:2332774 [0] NCCL INFO Channel 13/24 : 0 1
pluto-prod-yutengl-dev-202-3-0:2332774:2332774 [0] NCCL INFO Channel 14/24 : 0 1
pluto-prod-yutengl-dev-202-3-0:2332774:2332774 [0] NCCL INFO Channel 15/24 : 0 1
pluto-prod-yutengl-dev-202-3-0:2332774:2332774 [0] NCCL INFO Channel 16/24 : 0 1
pluto-prod-yutengl-dev-202-3-0:2332774:2332774 [0] NCCL INFO Channel 17/24 : 0 1
pluto-prod-yutengl-dev-202-3-0:2332774:2332774 [0] NCCL INFO Channel 18/24 : 0 1
pluto-prod-yutengl-dev-202-3-0:2332774:2332774 [0] NCCL INFO Channel 19/24 : 0 1
pluto-prod-yutengl-dev-202-3-0:2332774:2332774 [0] NCCL INFO Channel 20/24 : 0 1
pluto-prod-yutengl-dev-202-3-0:2332774:2332774 [0] NCCL INFO Channel 21/24 : 0 1
pluto-prod-yutengl-dev-202-3-0:2332774:2332774 [0] NCCL INFO Channel 22/24 : 0 1
pluto-prod-yutengl-dev-202-3-0:2332774:2332774 [0] NCCL INFO Channel 23/24 : 0 1
pluto-prod-yutengl-dev-202-3-0:2332774:2332774 [0] NCCL INFO Trees [0] 1/-1/-1->0->-1 [1] 1/-1/-1->0->-1 [2] 1/-1/-1->0->-1 [3] 1/-1/-1->0->-1 [4] 1/-1/-1->0->-1 [5] 1/-1/-1->0->-1 [6] -1/-1/-1->0->1 [7] -1/-1/-1->0->1 [8] -1/-1/-1->0->1 [9] -1/-1/-1->0->1 [10] -1/-1/-1->0->1 [11] -1/-1/-1->0->1 [12] 1/-1/-1->0->-1 [13] 1/-1/-1->0->-1 [14] 1/-1/-1->0->-1 [15] 1/-1/-1->0->-1 [16] 1/-1/-1->0->-1 [17] 1/-1/-1->0->-1 [18] -1/-1/-1->0->1 [19] -1/-1/-1->0->1 [20] -1/-1/-1->0->1 [21] -1/-1/-1->0->1 [22] -1/-1/-1->0->1 [23] -1/-1/-1->0->1
pluto-prod-yutengl-dev-202-3-0:2332774:2332774 [0] NCCL INFO P2P Chunksize set to 524288
pluto-prod-yutengl-dev-202-3-0:2332774:2332774 [0] NCCL INFO Check P2P Type isAllDirectP2p 1 directMode 0 isAllCudaP2p 1
pluto-prod-yutengl-dev-202-3-0:2332774:2333562 [0] NCCL INFO [Proxy Service] Device 0 CPU core 113
pluto-prod-yutengl-dev-202-3-0:2332774:2333563 [0] NCCL INFO [Proxy Service UDS] Device 0 CPU core 128
pluto-prod-yutengl-dev-202-3-0:2332774:2332774 [0] NCCL INFO NET/OFI Region base Tuner is chosen for platform: p5.48xlarge
pluto-prod-yutengl-dev-202-3-0:2332774:2332774 [0] NCCL INFO NET/OFI Region Tuner init (platform 0): comm with 2 ranks and 1 nodes.
pluto-prod-yutengl-dev-202-3-0:2332774:2332774 [0] NCCL INFO NET/OFI Tuner init: comm with 2 ranks and 1 nodes.
pluto-prod-yutengl-dev-202-3-0:2332774:2332774 [0] NCCL INFO threadThresholds 8/8/64 | 16/8/64 | 512 | 512
pluto-prod-yutengl-dev-202-3-0:2332774:2332774 [0] NCCL INFO 24 coll channels, 24 collnet channels, 16 nvls channels, 32 p2p channels, 32 p2p channels per peer
pluto-prod-yutengl-dev-202-3-0:2332774:2332774 [0] NCCL INFO Symmetric VA size=80GB
pluto-prod-yutengl-dev-202-3-0:2332774:2332774 [0] NCCL INFO CC Off, workFifoBytes 1048576
pluto-prod-yutengl-dev-202-3-0:2332774:2332774 [0] NCCL INFO ncclCommSplit comm 0x55ac532c5a20 rank 0 nranks 2 cudaDev 0 nvmlDev 0 busId 64000 parent 0x55ac49217020 childCount 17 color 2130503744 key 0 - Init COMPLETE
pluto-prod-yutengl-dev-202-3-0:2332774:2332774 [0] NCCL INFO Init timings - ncclCommSplit: rank 0 nranks 2 total 0.12 (kernels 0.00, alloc 0.00, bootstrap 0.00, allgathers 0.00, topo 0.02, graphs 0.00, connections 0.09, rest 0.01)
pluto-prod-yutengl-dev-202-3-0:2332774:2332774 [0] NCCL INFO comm 0x55ac5234eb60 rank 0 nranks 2 cudaDev 0 busId 64000 - Destroy COMPLETE
pluto-prod-yutengl-dev-202-3-0:2332774:2332774 [0] NCCL INFO comm 0x55ac532c5a20 rank 0 nranks 2 cudaDev 0 busId 64000 - Destroy COMPLETE
pluto-prod-yutengl-dev-202-3-0:2332774:2332774 [0] NCCL INFO comm 0x55ac52b18b20 rank 0 nranks 2 cudaDev 0 busId 64000 - Destroy COMPLETE
pluto-prod-yutengl-dev-202-3-0:2332774:2332774 [0] NCCL INFO comm 0x55ac51052a80 rank 0 nranks 2 cudaDev 0 busId 64000 - Destroy COMPLETE
pluto-prod-yutengl-dev-202-3-0:2332774:2332774 [0] NCCL INFO comm 0x55ac49217020 rank 0 nranks 2 cudaDev 0 busId 64000 - Destroy COMPLETE
pluto-prod-yutengl-dev-202-3-0:2332775:2332775 [1] NCCL INFO ENV/Plugin: Closing env plugin ncclEnvDefault
pluto-prod-yutengl-dev-202-3-0:2332774:2333524 [0] NCCL INFO [Service thread] Connection closed by localRank 1
pluto-prod-yutengl-dev-202-3-0:2332774:2333432 [0] NCCL INFO [Service thread] Connection closed by localRank 1
pluto-prod-yutengl-dev-202-3-0:2332774:2333386 [0] NCCL INFO [Service thread] Connection closed by localRank 1
pluto-prod-yutengl-dev-202-3-0:2332774:2332774 [0] NCCL INFO ENV/Plugin: Closing env plugin ncclEnvDefault
[09-15 17:40:29] Stage generation stopped
PASSED
tests/integration/cosmos3/test_super_gpu.py::test_super_generation[inverse_dynamics] Failed to import mooncake: No module named 'mooncake'. MooncakeRelay will not work. Install with: pip install mooncake-transfer-engine
Failed to import nixl: No module named 'nixl'. NixlRelay will not work.
Failed to import torchada: No module named 'torchada'. MUSA platform compatibility will not work.
[09-15 17:40:45] Auto memory policy for Cosmos3Config: 78.7 GiB of free device memory selects layerwise offload for text_encoder, image_encoder, vae. Explicit placement flags always win, and the per-component lines below say where each one's weights landed -- see the model's cookbook page for what to expect from your memory budget.
[93m[09-15 17:40:45] Cosmos3Config keeps its DiT resident with 78.7 GiB of device memory available, below the 120.0 GiB this model declares as its threshold for keeping components resident. The DiT is not in the automatic layerwise selection because the model does not list 'auto' in dit_layerwise_offload_modes. If the DiT does not fit, pass --layerwise-offload-components dit,... explicitly, or add the mode to the model's deployment config.[0;0m
[09-15 17:40:45] Diffusers version: 0.37.1
[09-15 17:40:45] Automatically enabled CFG parallel at degree 2 for 2 GPUs. Use --sp-degree / --ulysses-degree to use sequence parallelism instead.
[09-15 17:40:45] Proposed encoder parallel folding (mode=world) for ServerArgs (tp=1 sp=1 cfg=2 replica=2); the loader keeps it for encoders wide enough to benefit.
[09-15 17:40:45] Using layerwise offload components: text_encoder, image_encoder, vae, transformer. This reduces peak GPU memory and can increase latency; use --performance-mode speed for GPU-resident defaults when memory allows.
[09-15 17:40:45] server_args: {"model_path": "/mnt/localssd/models/Cosmos3-Super-fe77b66696d645f663b8f27e942b3b43e4629e23", "model_subfolder": null, "model_variant": null, "model_id": null, "served_model_name": "/mnt/localssd/models/Cosmos3-Super-fe77b66696d645f663b8f27e942b3b43e4629e23", "backend": "auto", "attention_backend": null, "attention_backend_config": {}, "component_attention_backends": {}, "cache_dit_config": null, "nccl_port": null, "enable_nccl_nvls": false, "trust_remote_code": false, "revision": null, "num_gpus": 2, "performance_mode": "auto", "base_gpu_id": 0, "gpu_ids": [0, 1], "nnodes": 1, "node_rank": 0, "dist_init_addr": null, "tp_size": 1, "sp_degree": 1, "ulysses_degree": 1, "ring_degree": 1, "kv_gather_degree": 1, "sp_split_auto": false, "dp_size": 1, "enable_cfg_parallel": true, "cfg_parallel_degree": 2, "encoder_parallel": "auto", "hsdp_replicate_dim": 1, "hsdp_shard_dim": 2, "dist_timeout": 3600, "scheduler_rpc_timeout": null, "pipeline_class_name": null, "lora_path": null, "lora_nickname": "default", "lora_scale": 1.0, "lora_alpha": null, "lora_merge_mode": "auto", "lora_weight_name": null, "component_paths": {}, "component_weights_paths": {}, "component_direct_gpu_weight_loading": {}, "component_quantizations": {}, "component_precisions": {}, "component_quantization_ignored_layers": {}, "load_diffusion_decoder": false, "transformer_weights_path": null, "minimax_h3_adaln_cache_path": null, "minimax_h3_adaln_online": false, "minimax_h3_adaln_plan_width": 4, "quantization": null, "quantization_ignored_layers": null, "lora_target_modules": null, "component_residency": {"transformer": "layerwise-offload"}, "cpu_offload_components": null, "dit_cpu_offload": true, "direct_gpu_weight_loading": false, "dit_layerwise_offload": false, "layerwise_offload_components": ["text_encoder", "image_encoder", "vae"], "dit_offload_prefetch_size": 0.0, "dit_layerwise_resident_layers": 0.0, "dit_layerwise_residency_policy": "leading", "layerwise_prefetch_size": {}, "layerwise_resident_layers": {"transformer": 1}, "layerwise_residency_policy": {}, "offload_during_compile": true, "text_encoder_cpu_offload": false, "image_encoder_cpu_offload": false, "vae_cpu_offload": false, "use_fsdp_inference": true, "pin_cpu_memory": true, "ltx2_two_stage_device_mode": null, "comfyui_mode": false, "enable_torch_compile": false, "regional_compile": false, "enable_breakable_cuda_graph": false, "bcg_text_buckets": null, "enable_layerwise_nvtx_marker": false, "warmup_mode": "off", "warmup_resolutions": null, "warmup_num_frames": null, "warmup_steps": 1, "disable_autocast": false, "master_port": 30005, "host": "127.0.0.1", "port": 30000, "webui": false, "webui_port": 12312, "scheduler_port": 5572, "scheduler_ports": [5572], "batching_mode": "dynamic", "batching_max_size": 1, "batching_delay_ms": 0.0, "batching_config": null, "enable_batching_metrics": false, "strict_ports": false, "output_path": "outputs/", "input_save_path": "inputs/uploads", "prompt_file_path": null, "model_paths": {}, "model_loaded": {"transformer": true, "vae": true, "video_vae": true, "audio_vae": true, "video_dit": true, "audio_dit": true, "dual_tower_bridge": true}, "boundary_ratio": null, "disagg_role": "monolithic", "disagg_timeout": 3600, "disagg_downstream_wait_timeout": 1800, "disagg_dispatch_policy": "round_robin", "disagg_mode": false, "disagg_instance_id": 0, "disagg_max_slots_per_instance": 8, "disagg_transfer_redundancy": 1.25, "disagg_role_device": "auto", "disagg_transfer_backend": "auto", "disagg_transfer_pool_size": 268435456, "disagg_transfer_pin_memory": "auto", "disagg_p2p_hostname": "127.0.0.1", "disagg_ib_device": null, "disagg_server_addr": null, "encoder_urls": null, "denoiser_urls": null, "decoder_urls": null, "encoder_tp": null, "denoiser_tp": null, "denoiser_sp": null, "denoiser_ulysses": null, "denoiser_ring": null, "decoder_sp": null, "pool_work_endpoint": null, "pool_result_endpoint": null, "pool_control_endpoint": null, "pool_control_advertised_endpoint": null, "log_level": "info", "log_requests": false, "log_requests_level": 2, "log_requests_format": "text", "log_requests_target": null, "uvicorn_access_log_exclude_prefixes": [], "enable_cache_report": false, "enable_trace": false, "otlp_traces_endpoint": "localhost:4317", "srt_encoder_url": null, "srt_encoder_connect_timeout": 3.05, "srt_encoder_timeout": 100, "pe_server_url": null}
[09-15 17:40:45] Local mode: True
[09-15 17:40:45] Starting server...
[09-15 17:40:57] Scheduler (dp replica 0) bind at endpoint: tcp://127.0.0.1:5572
[09-15 17:40:57] torch.compile cache: TORCHINDUCTOR_CACHE_DIR=/mnt/localssd/.cache/sgl_diffusion/torch_compile_cache/inductor TRITON_CACHE_DIR=/mnt/localssd/.cache/sgl_diffusion/torch_compile_cache/triton
[09-15 17:40:57] Initializing distributed environment with world_size=2, device=cuda:0, timeout=3600
[09-15 17:40:57] Setting distributed timeout to 3600 seconds
libfabric:2335500:1789519257::core:core:cuda_gdrcopy_hmem_init():192<warn> gdrcopy_dl_hmem_init failed!
libfabric:2335499:1789519257::core:core:cuda_gdrcopy_hmem_init():192<warn> gdrcopy_dl_hmem_init failed!
libfabric:2335500:1789519257::core:core:fi_getinfo_():1392<warn> fi_getinfo: provider efa output empty list
libfabric:2335499:1789519257::core:core:fi_getinfo_():1392<warn> fi_getinfo: provider efa output empty list
pluto-prod-yutengl-dev-202-3-0:2335500:2335500 [1] NCCL INFO ENV/Plugin: Could not find: libnccl-env.so
pluto-prod-yutengl-dev-202-3-0:2335500:2335500 [1] NCCL INFO cudaDriverVersion 13000
pluto-prod-yutengl-dev-202-3-0:2335500:2335500 [1] NCCL INFO Bootstrap: Using eth0:10.91.207.160<0>
pluto-prod-yutengl-dev-202-3-0:2335500:2335500 [1] NCCL INFO NCCL version 2.29.7+cuda13.2
pluto-prod-yutengl-dev-202-3-0:2335500:2335500 [1] NCCL INFO NCCL git version stable b81d6a5a3
pluto-prod-yutengl-dev-202-3-0:2335500:2335500 [1] NCCL INFO Comm config Blocking set to 1
pluto-prod-yutengl-dev-202-3-0:2335500:2335500 [1] NCCL INFO NET/Plugin: Loaded net plugin Libfabric (v10)
pluto-prod-yutengl-dev-202-3-0:2335500:2335500 [1] NCCL INFO Successfully loaded external network plugin /opt/aws-ofi-nccl/install/lib/libnccl-net.so
pluto-prod-yutengl-dev-202-3-0:2335500:2335500 [1] NCCL INFO NET/OFI Initializing aws-ofi-nccl 1.16.1
pluto-prod-yutengl-dev-202-3-0:2335500:2335500 [1] NCCL INFO NET/OFI Using Libfabric version 2.1
pluto-prod-yutengl-dev-202-3-0:2335500:2335500 [1] NCCL INFO NET/OFI Using CUDA driver version 13000 with runtime 12080
pluto-prod-yutengl-dev-202-3-0:2335500:2335500 [1] NCCL INFO NET/OFI Configuring AWS-specific options
pluto-prod-yutengl-dev-202-3-0:2335500:2335500 [1] NCCL INFO NET/OFI Internode latency set at 75.0 us
pluto-prod-yutengl-dev-202-3-0:2335500:2335500 [1] NCCL INFO NET/OFI Using transport protocol RDMA (platform set)
pluto-prod-yutengl-dev-202-3-0:2335500:2335500 [1] NCCL INFO NET/OFI No eligible providers were found

[2026-09-15 17:40:57] pluto-prod-yutengl-dev-202-3-0:2335500:2335500 [1] int nccl_net_ofi_create_plugin(nccl_net_ofi_plugin_t**):215 NCCL WARN NET/OFI Failed to initialize rdma protocol

[2026-09-15 17:40:57] pluto-prod-yutengl-dev-202-3-0:2335500:2335500 [1] int nccl_net_ofi_create_plugin(nccl_net_ofi_plugin_t**):352 NCCL WARN NET/OFI aws-ofi-nccl initialization failed

[2026-09-15 17:40:57] pluto-prod-yutengl-dev-202-3-0:2335500:2335500 [1] ncclResult_t nccl_net_ofi_init_v6(ncclDebugLogger_t):166 NCCL WARN NET/OFI Initializing plugin failed
pluto-prod-yutengl-dev-202-3-0:2335500:2335500 [1] NCCL INFO plugin/net/net_v10.cc:82 -> 2
pluto-prod-yutengl-dev-202-3-0:2335500:2335500 [1] NCCL INFO Failed to initialize NET plugin Libfabric
pluto-prod-yutengl-dev-202-3-0:2335500:2335500 [1] NCCL INFO NET/IB : No device found.
pluto-prod-yutengl-dev-202-3-0:2335500:2335500 [1] NCCL INFO NET/IB : Using [RO]; OOB eth0:10.91.207.160<0>
pluto-prod-yutengl-dev-202-3-0:2335500:2335500 [1] NCCL INFO Failed to initialize NET plugin IB
pluto-prod-yutengl-dev-202-3-0:2335500:2335500 [1] NCCL INFO NET/Socket : Using [0]eth0:10.91.207.160<0>
pluto-prod-yutengl-dev-202-3-0:2335500:2335500 [1] NCCL INFO Initialized NET plugin Socket
pluto-prod-yutengl-dev-202-3-0:2335500:2335500 [1] NCCL INFO Assigned NET plugin Socket to comm
pluto-prod-yutengl-dev-202-3-0:2335500:2335500 [1] NCCL INFO GIN/Plugin: Could not find: libnccl-gin.so
pluto-prod-yutengl-dev-202-3-0:2335500:2335500 [1] NCCL INFO Successfully loaded external gin plugin /opt/aws-ofi-nccl/install/lib/libnccl-net.so
pluto-prod-yutengl-dev-202-3-0:2335500:2335500 [1] NCCL INFO Failed to initialize any GIN plugin
pluto-prod-yutengl-dev-202-3-0:2335500:2335500 [1] NCCL INFO Using network Socket
pluto-prod-yutengl-dev-202-3-0:2335500:2335500 [1] NCCL INFO [Rank 1] ncclCommInitRankConfig comm 0x55c0bb1c2cf0 rank 1 nranks 2 cudaDev 1 nvmlDev 1 busId 75000 commId 0x7a8c48dda5472587 - Init START
pluto-prod-yutengl-dev-202-3-0:2335500:2335500 [1] NCCL INFO RAS client listening socket at ::1<28028>
pluto-prod-yutengl-dev-202-3-0:2335500:2335500 [1] NCCL INFO Bootstrap timings total 0.001056 (create 0.000062, send 0.000101, recv 0.000300, ring 0.000035, delay 0.000001)
pluto-prod-yutengl-dev-202-3-0:2335500:2335500 [1] NCCL INFO MNNVL busId 0x75000 fabric UUID 0.0 cliqueId 0x0 state 3 healthMask 0x0
pluto-prod-yutengl-dev-202-3-0:2335500:2335500 [1] NCCL INFO ncclTopoGetCpuAffinity: Affinity for GPU 1 is 0-47,96-143. (GPU affinity = 0-47,96-143 ; CPU affinity = 0-191pluto-prod-yutengl-dev-202-3-0:2335499:2335499 [0] NCCL INFO ENV/Plugin: Could not find: libnccl-env.so
pluto-prod-yutengl-dev-202-3-0:2335499:2335499 [0] NCCL INFO Bootstrap: Using eth0:10.91.207.160<0>
pluto-prod-yutengl-dev-202-3-0:2335499:2335499 [0] NCCL INFO cudaDriverVersion 13000
pluto-prod-yutengl-dev-202-3-0:2335499:2335499 [0] NCCL INFO NCCL version 2.29.7+cuda13.2
pluto-prod-yutengl-dev-202-3-0:2335499:2335499 [0] NCCL INFO NCCL git version stable b81d6a5a3
pluto-prod-yutengl-dev-202-3-0:2335499:2335499 [0] NCCL INFO Comm config Blocking set to 1
pluto-prod-yutengl-dev-202-3-0:2335499:2335499 [0] NCCL INFO NET/Plugin: Loaded net plugin Libfabric (v10)
pluto-prod-yutengl-dev-202-3-0:2335499:2335499 [0] NCCL INFO Successfully loaded external network plugin /opt/aws-ofi-nccl/install/lib/libnccl-net.so
pluto-prod-yutengl-dev-202-3-0:2335499:2335499 [0] NCCL INFO NET/OFI Initializing aws-ofi-nccl 1.16.1
pluto-prod-yutengl-dev-202-3-0:2335499:2335499 [0] NCCL INFO NET/OFI Using Libfabric version 2.1
pluto-prod-yutengl-dev-202-3-0:2335499:2335499 [0] NCCL INFO NET/OFI Using CUDA driver version 13000 with runtime 12080
pluto-prod-yutengl-dev-202-3-0:2335499:2335499 [0] NCCL INFO NET/OFI Configuring AWS-specific options
pluto-prod-yutengl-dev-202-3-0:2335499:2335499 [0] NCCL INFO NET/OFI Internode latency set at 75.0 us
pluto-prod-yutengl-dev-202-3-0:2335499:2335499 [0] NCCL INFO NET/OFI Using transport protocol RDMA (platform set)
pluto-prod-yutengl-dev-202-3-0:2335499:2335499 [0] NCCL INFO NET/OFI No eligible providers were found

[2026-09-15 17:40:57] pluto-prod-yutengl-dev-202-3-0:2335499:2335499 [0] int nccl_net_ofi_create_plugin(nccl_net_ofi_plugin_t**):215 NCCL WARN NET/OFI Failed to initialize rdma protocol

[2026-09-15 17:40:57] pluto-prod-yutengl-dev-202-3-0:2335499:2335499 [0] int nccl_net_ofi_create_plugin(nccl_net_ofi_plugin_t**):352 NCCL WARN NET/OFI aws-ofi-nccl initialization failed

[2026-09-15 17:40:57] pluto-prod-yutengl-dev-202-3-0:2335499:2335499 [0] ncclResult_t nccl_net_ofi_init_v6(ncclDebugLogger_t):166 NCCL WARN NET/OFI Initializing plugin failed
pluto-prod-yutengl-dev-202-3-0:2335499:2335499 [0] NCCL INFO plugin/net/net_v10.cc:82 -> 2
pluto-prod-yutengl-dev-202-3-0:2335499:2335499 [0] NCCL INFO Failed to initialize NET plugin Libfabric
pluto-prod-yutengl-dev-202-3-0:2335499:2335499 [0] NCCL INFO NET/IB : No device found.
pluto-prod-yutengl-dev-202-3-0:2335499:2335499 [0] NCCL INFO NET/IB : Using [RO]; OOB eth0:10.91.207.160<0>
pluto-prod-yutengl-dev-202-3-0:2335499:2335499 [0] NCCL INFO Failed to initialize NET plugin IB
pluto-prod-yutengl-dev-202-3-0:2335499:2335499 [0] NCCL INFO NET/Socket : Using [0]eth0:10.91.207.160<0>
pluto-prod-yutengl-dev-202-3-0:2335499:2335499 [0] NCCL INFO Initialized NET plugin Socket
pluto-prod-yutengl-dev-202-3-0:2335499:2335499 [0] NCCL INFO Assigned NET plugin Socket to comm
pluto-prod-yutengl-dev-202-3-0:2335499:2335499 [0] NCCL INFO GIN/Plugin: Could not find: libnccl-gin.so
pluto-prod-yutengl-dev-202-3-0:2335499:2335499 [0] NCCL INFO Successfully loaded external gin plugin /opt/aws-ofi-nccl/install/lib/libnccl-net.so
pluto-prod-yutengl-dev-202-3-0:2335499:2335499 [0] NCCL INFO Failed to initialize any GIN plugin
pluto-prod-yutengl-dev-202-3-0:2335499:2335499 [0] NCCL INFO Using network Socket
pluto-prod-yutengl-dev-202-3-0:2335499:2335499 [0] NCCL INFO [Rank 0] ncclCommInitRankConfig comm 0x55a251027010 rank 0 nranks 2 cudaDev 0 nvmlDev 0 busId 64000 commId 0x7a8c48dda5472587 - Init START
pluto-prod-yutengl-dev-202-3-0:2335499:2335499 [0] NCCL INFO RAS client listening socket at ::1<28028>
pluto-prod-yutengl-dev-202-3-0:2335499:2335499 [0] NCCL INFO Bootstrap timings total 0.001627 (create 0.000075, send 0.000248, recv 0.000573, ring 0.000037, delay 0.000001)
pluto-prod-yutengl-dev-202-3-0:2335499:2335499 [0] NCCL INFO MNNVL busId 0x64000 fabric UUID 0.0 cliqueId 0x0 state 3 healthMask 0x0
pluto-prod-yutengl-dev-202-3-0:2335499:2335499 [0] NCCL INFO ncclTopoGetCpuAffinity: Affinity for GPU 0 is 0-47,96-143. (GPU affinity = 0-47,96-143 ; CPU affinity = 0-191).
pluto-prod-yutengl-dev-202-3-0:2335499:2335499 [0] NCCL INFO NVLS multicast support is available on dev 0 (NVLS_NCHANNELS 16)
pluto-prod-yutengl-dev-202-3-0:2335499:2335499 [0] NCCL INFO comm 0x55a251027010 rank 0 nRanks 2 nNodes 1 localRanks 2 localRank 0 MNNVL 0
pluto-prod-yutengl-dev-202-3-0:2335499:2335499 [0] NCCL INFO Channel 00/24 : 0 1
pluto-prod-yutengl-dev-202-3-0:2335499:2335499 [0] NCCL INFO Channel 01/24 : 0 1
pluto-prod-yutengl-dev-202-3-0:2335499:2335499 [0] NCCL INFO Channel 02/24 : 0 1
pluto-prod-yutengl-dev-202-3-0:2335499:2335499 [0] NCCL INFO Channel 03/24 : 0 1
pluto-prod-yutengl-dev-202-3-0:2335499:2335499 [0] NCCL INFO Channel 04/24 : 0 1
pluto-prod-yutengl-dev-202-3-0:2335499:2335499 [0] NCCL INFO Channel 05/24 : 0 1
pluto-prod-yutengl-dev-202-3-0:2335499:2335499 [0] NCCL INFO Channel 06/24 : 0 1
pluto-prod-yutengl-dev-202-3-0:2335499:2335499 [0] NCCL INFO Channel 07/24 : 0 1
pluto-prod-yutengl-dev-202-3-0:2335499:2335499 [0] NCCL INFO Channel 08/24 : 0 1
pluto-prod-yutengl-dev-202-3-0:2335499:2335499 [0] NCCL INFO Channel 09/24 : 0 1
pluto-prod-yutengl-dev-202-3-0:2335499:2335499 [0] NCCL INFO Channel 10/24 : 0 1
pluto-prod-yutengl-dev-202-3-0:2335499:2335499 [0] NCCL INFO Channel 11/24 : 0 1
pluto-prod-yutengl-dev-202-3-0:2335499:2335499 [0] NCCL INFO Channel 12/24 : 0 1
pluto-prod-yutengl-dev-202-3-0:2335499:2335499 [0] NCCL INFO Channel 13/24 : 0 1
pluto-prod-yutengl-dev-202-3-0:2335499:2335499 [0] NCCL INFO Channel 14/24 : 0 1
pluto-prod-yutengl-dev-202-3-0:2335499:2335499 [0] NCCL INFO Channel 15/24 : 0 1
pluto-prod-yutengl-dev-202-3-0:2335499:2335499 [0] NCCL INFO Channel 16/24 : 0 1
pluto-prod-yutengl-dev-202-3-0:2335499:2335499 [0] NCCL INFO Channel 17/24 : 0 1
pluto-prod-yutengl-dev-202-3-0:2335499:2335499 [0] NCCL INFO Channel 18/24 : 0 1
pluto-prod-yutengl-dev-202-3-0:2335499:2335499 [0] NCCL INFO Channel 19/24 : 0 1
pluto-prod-yutengl-dev-202-3-0:2335499:2335499 [0] NCCL INFO Channel 20/24 : 0 1
pluto-prod-yutengl-dev-202-3-0:2335499:2335499 [0] NCCL INFO Channel 21/24 : 0 1
pluto-prod-yutengl-dev-202-3-0:2335499:2335499 [0] NCCL INFO Channel 22/24 : 0 1
pluto-prod-yutengl-dev-202-3-0:2335499:2335499 [0] NCCL INFO Channel 23/24 : 0 1
pluto-prod-yutengl-dev-202-3-0:2335499:2335499 [0] NCCL INFO Trees [0] 1/-1/-1->0->-1 [1] 1/-1/-1->0->-1 [2] 1/-1/-1->0->-1 [3] 1/-1/-1->0->-1 [4] 1/-1/-1->0->-1 [5] 1/-1/-1->0->-1 [6] -1/-1/-1->0->1 [7] -1/-1/-1->0->1 [8] -1/-1/-1->0->1 [9] -1/-1/-1->0->1 [10] -1/-1/-1->0->1 [11] -1/-1/-1->0->1 [12] 1/-1/-1->0->-1 [13] 1/-1/-1->0->-1 [14] 1/-1/-1->0->-1 [15] 1/-1/-1->0->-1 [16] 1/-1/-1->0->-1 [17] 1/-1/-1->0->-1 [18] -1/-1/-1->0->1 [19] -1/-1/-1->0->1 [20] -1/-1/-1->0->1 [21] -1/-1/-1->0->1 [22] -1/-1/-1->0->1 [23] -1/-1/-1->0->1
pluto-prod-yutengl-dev-202-3-0:2335499:2335499 [0] NCCL INFO P2P Chunksize set to 524288
pluto-prod-yutengl-dev-202-3-0:2335499:2335499 [0] NCCL INFO PROFILER/Plugin: Could not find: libnccl-profiler.so
pluto-prod-yutengl-dev-202-3-0:2335499:2335499 [0] NCCL INFO Check P2P Type isAllDirectP2p 1 directMode 0 isAllCudaP2p 1
pluto-prod-yutengl-dev-202-3-0:2335499:2336137 [0] NCCL INFO [Proxy Service] Device 0 CPU core 46
pluto-prod-yutengl-dev-202-3-0:2335499:2336140 [0] NCCL INFO [Proxy Service UDS] Device 0 CPU core 32
pluto-prod-yutengl-dev-202-3-0:2335499:2335499 [0] NCCL INFO TUNER/Plugin: Could not find: libnccl-tuner.so
pluto-prod-yutengl-dev-202-3-0:2335499:2335499 [0] NCCL INFO TUNER/Plugin: Using nccl_ofi_tuner (v3)
pluto-prod-yutengl-dev-202-3-0:2335499:2335499 [0] NCCL INFO NET/OFI Region base Tuner is chosen for platform: p5.48xlarge
pluto-prod-yutengl-dev-202-3-0:2335499:2335499 [0] NCCL INFO NET/OFI Region Tuner init (platform 0): comm with 2 ranks and 1 nodes.
pluto-prod-yutengl-dev-202-3-0:2335499:2335499 [0] NCCL INFO NET/OFI Tuner init: comm with 2 ranks and 1 nodes.
pluto-prod-yutengl-dev-202-3-0:2335499:2335499 [0] NCCL INFO threadThresholds 8/8/64 | 16/8/64 | 512 | 512
pluto-prod-yutengl-dev-202-3-0:2335499:2335499 [0] NCCL INFO 24 coll channels, 24 collnet channels, 16 nvls channels, 32 p2p channels, 32 p2).
pluto-prod-yutengl-dev-202-3-0:2335500:2335500 [1] NCCL INFO NVLS multicast support is available on dev 1 (NVLS_NCHANNELS 16)
pluto-prod-yutengl-dev-202-3-0:2335500:2335500 [1] NCCL INFO comm 0x55c0bb1c2cf0 rank 1 nRanks 2 nNodes 1 localRanks 2 localRank 1 MNNVL 0
pluto-prod-yutengl-dev-202-3-0:2335500:2335500 [1] NCCL INFO Trees [0] -1/-1/-1->1->0 [1] -1/-1/-1->1->0 [2] -1/-1/-1->1->0 [3] -1/-1/-1->1->0 [4] -1/-1/-1->1->0 [5] -1/-1/-1->1->0 [6] 0/-1/-1->1->-1 [7] 0/-1/-1->1->-1 [8] 0/-1/-1->1->-1 [9] 0/-1/-1->1->-1 [10] 0/-1/-1->1->-1 [11] 0/-1/-1->1->-1 [12] -1/-1/-1->1->0 [13] -1/-1/-1->1->0 [14] -1/-1/-1->1->0 [15] -1/-1/-1->1->0 [16] -1/-1/-1->1->0 [17] -1/-1/-1->1->0 [18] 0/-1/-1->1->-1 [19] 0/-1/-1->1->-1 [20] 0/-1/-1->1->-1 [21] 0/-1/-1->1->-1 [22] 0/-1/-1->1->-1 [23] 0/-1/-1->1->-1
pluto-prod-yutengl-dev-202-3-0:2335500:2335500 [1] NCCL INFO P2P Chunksize set to 524288
pluto-prod-yutengl-dev-202-3-0:2335500:2335500 [1] NCCL INFO PROFILER/Plugin: Could not find: libnccl-profiler.so
pluto-prod-yutengl-dev-202-3-0:2335500:2335500 [1] NCCL INFO Check P2P Type isAllDirectP2p 1 directMode 0 isAllCudaP2p 1
pluto-prod-yutengl-dev-202-3-0:2335500:2336139 [0] NCCL INFO [Proxy Service UDS] Device 1 CPU core 120
pluto-prod-yutengl-dev-202-3-0:2335500:2336138 [0] NCCL INFO [Proxy Service] Device 1 CPU core 46
pluto-prod-yutengl-dev-202-3-0:2335500:2335500 [1] NCCL INFO TUNER/Plugin: Could not find: libnccl-tuner.so
pluto-prod-yutengl-dev-202-3-0:2335500:2335500 [1] NCCL INFO TUNER/Plugin: Using nccl_ofi_tuner (v3)
pluto-prod-yutengl-dev-202-3-0:2335500:2335500 [1] NCCL INFO NET/OFI Region base Tuner is chosen for platform: p5.48xlarge
pluto-prod-yutengl-dev-202-3-0:2335500:2335500 [1] NCCL INFO NET/OFI Region Tuner init (platform 0): comm with 2 ranks and 1 nodes.
pluto-prod-yutengl-dev-202-3-0:2335500:2335500 [1] NCCL INFO NET/OFI Tuner init: comm with 2 ranks and 1 nodes.
pluto-prod-yutengl-dev-202-3-0:2335500:2335500 [1] NCCL INFO threadThresholds 8/8/64 | 16/8/64 | 512 | 512
pluto-prod-yutengl-dev-202-3-0:2335500:2335500 [1] NCCL INFO 24 coll channels, 24 collnet channels, 16 nvls channels, 32 p2p channels, 32 p2p channels per peer
pluto-prod-yutengl-dev-202-3-0:2335500:2335500 [1] NCCL INFO Symmetric VA size=80GB
pluto-prod-yutengl-dev-202-3-0:2335500:2335500 [1] NCCL INFO ncclCommInitRankConfig comm 0x55c0bb1c2cf0 rank 1 nranks 2 cudaDev 1 nvmlDev 1 busId 75000 commId 0x7a8c48dda5472587 - Init COMPLETE
pluto-prod-yutengl-dev-202-3-0:2335500:2335500 [1] NCCL INFO Init timings - ncclCommInitRankConfig: rank 1 nranks 2 total 0.53 (kernels 0.32, alloc 0.08, bootstrap 0.00, allgathers 0.00, topo 0.02, graphs 0.00, connections 0.10, rest 0.01)
pluto-prod-yutengl-dev-202-3-0:2335500:2335500 [1] NCCL INFO Comm config Blocking set to 1
pluto-prod-yutengl-dev-202-3-0:2335500:2335500 [1] NCCL INFO Initialized NET plugin Socket
pluto-prod-yutengl-dev-202-3-0:2335500:2335500 [1] NCCL INFO Assigned NET plugin Socket to comm
pluto-prod-yutengl-dev-202-3-0:2335500:2335500 [1] NCCL INFO Failed to initialize any GIN plugin
pluto-prod-yutengl-dev-202-3-0:2335500:2335500 [1] NCCL INFO Using network Socket
pluto-prod-yutengl-dev-202-3-0:2335500:2335500 [1] NCCL INFO ncclCommSplit comm 0x55c0c2ffc860 rank 1 nranks 2 cudaDev 1 nvmlDev 1 busId 75000 parent 0x55c0bb1c2cf0 childCount 1 color 2130503744 key 1- Init START
pluto-prod-yutengl-dev-202-3-0:2335500:2335500 [1] NCCL INFO MNNVL busId 0x75000 fabric UUID 0.0 cliqueId 0x0 state 3 healthMask 0x0
pluto-prod-yutengl-dev-202-3-0:2335500:2335500 [1] NCCL INFO ncclTopoGetCpuAffinity: Affinity for GPU 1 is 0-47,96-143. (GPU affinity = 0-47,96-143 ; CPU affinity = 0-47,96-143).
pluto-prod-yutengl-dev-202-3-0:2335500:2335500 [1] NCCL INFO NVLS multicast support is available on dev 1 (NVLS_NCHANNELS 16)
pluto-prod-yutengl-dev-202-3-0:2335500:2335500 [1] NCCL INFO comm 0x55c0c2ffc860 rank 1 nRanks 2 nNodes 1 localRanks 2 localRank 1 MNNVL 0
pluto-prod-yutengl-dev-202-3-0:2335500:2335500 [1] NCCL INFO Trees [0] -1/-1/-1->1->0 [1] -1/-1/-1->1->0 [2] -1/-1/-1->1->0 [3] -1/-1/-1->1->0 [4] -1/-1/-1->1p channels per peer
pluto-prod-yutengl-dev-202-3-0:2335499:2335499 [0] NCCL INFO Symmetric VA size=80GB
pluto-prod-yutengl-dev-202-3-0:2335499:2335499 [0] NCCL INFO CC Off, workFifoBytes 1048576
pluto-prod-yutengl-dev-202-3-0:2335499:2335499 [0] NCCL INFO ncclCommInitRankConfig comm 0x55a251027010 rank 0 nranks 2 cudaDev 0 nvmlDev 0 busId 64000 commId 0x7a8c48dda5472587 - Init COMPLETE
pluto-prod-yutengl-dev-202-3-0:2335499:2335499 [0] NCCL INFO Init timings - ncclCommInitRankConfig: rank 0 nranks 2 total 0.53 (kernels 0.32, alloc 0.08, bootstrap 0.00, allgathers 0.00, topo 0.02, graphs 0.00, connections 0.10, rest 0.01)
pluto-prod-yutengl-dev-202-3-0:2335499:2335499 [0] NCCL INFO Comm config Blocking set to 1
pluto-prod-yutengl-dev-202-3-0:2335499:2335499 [0] NCCL INFO Initialized NET plugin Socket
pluto-prod-yutengl-dev-202-3-0:2335499:2335499 [0] NCCL INFO Assigned NET plugin Socket to comm
pluto-prod-yutengl-dev-202-3-0:2335499:2335499 [0] NCCL INFO Failed to initialize any GIN plugin
pluto-prod-yutengl-dev-202-3-0:2335499:2335499 [0] NCCL INFO Using network Socket
pluto-prod-yutengl-dev-202-3-0:2335499:2335499 [0] NCCL INFO ncclCommSplit comm 0x55a258e62830 rank 0 nranks 2 cudaDev 0 nvmlDev 0 busId 64000 parent 0x55a251027010 childCount 1 color 2130503744 key 0- Init START
pluto-prod-yutengl-dev-202-3-0:2335499:2335499 [0] NCCL INFO MNNVL busId 0x64000 fabric UUID 0.0 cliqueId 0x0 state 3 healthMask 0x0
pluto-prod-yutengl-dev-202-3-0:2335499:2335499 [0] NCCL INFO ncclTopoGetCpuAffinity: Affinity for GPU 0 is 0-47,96-143. (GPU affinity = 0-47,96-143 ; CPU affinity = 0-47,96-143).
pluto-prod-yutengl-dev-202-3-0:2335499:2335499 [0] NCCL INFO NVLS multicast support is available on dev 0 (NVLS_NCHANNELS 16)
pluto-prod-yutengl-dev-202-3-0:2335499:2335499 [0] NCCL INFO comm 0x55a258e62830 rank 0 nRanks 2 nNodes 1 localRanks 2 localRank 0 MNNVL 0
pluto-prod-yutengl-dev-202-3-0:2335499:2335499 [0] NCCL INFO Channel 00/24 : 0 1
pluto-prod-yutengl-dev-202-3-0:2335499:2335499 [0] NCCL INFO Channel 01/24 : 0 1
pluto-prod-yutengl-dev-202-3-0:2335499:2335499 [0] NCCL INFO Channel 02/24 : 0 1
pluto-prod-yutengl-dev-202-3-0:2335499:2335499 [0] NCCL INFO Channel 03/24 : 0 1
pluto-prod-yutengl-dev-202-3-0:2335499:2335499 [0] NCCL INFO Channel 04/24 : 0 1
pluto-prod-yutengl-dev-202-3-0:2335499:2335499 [0] NCCL INFO Channel 05/24 : 0 1
pluto-prod-yutengl-dev-202-3-0:2335499:2335499 [0] NCCL INFO Channel 06/24 : 0 1
pluto-prod-yutengl-dev-202-3-0:2335499:2335499 [0] NCCL INFO Channel 07/24 : 0 1
pluto-prod-yutengl-dev-202-3-0:2335499:2335499 [0] NCCL INFO Channel 08/24 : 0 1
pluto-prod-yutengl-dev-202-3-0:2335499:2335499 [0] NCCL INFO Channel 09/24 : 0 1
pluto-prod-yutengl-dev-202-3-0:2335499:2335499 [0] NCCL INFO Channel 10/24 : 0 1
pluto-prod-yutengl-dev-202-3-0:2335499:2335499 [0] NCCL INFO Channel 11/24 : 0 1
pluto-prod-yutengl-dev-202-3-0:2335499:2335499 [0] NCCL INFO Channel 12/24 : 0 1
pluto-prod-yutengl-dev-202-3-0:2335499:2335499 [0] NCCL INFO Channel 13/24 : 0 1
pluto-prod-yutengl-dev-202-3-0:2335499:2335499 [0] NCCL INFO Channel 14/24 : 0 1
pluto-prod-yutengl-dev-202-3-0:2335499:2335499 [0] NCCL INFO Channel 15/24 : 0 1
pluto-prod-yutengl-dev-202-3-0:2335499:2335499 [0] NCCL INFO Channel 16/24 : 0 1
pluto-prod-yutengl-dev-202-3-0:2335499:2335499 [0] NCCL INFO Channel 17/24 : 0 1
pluto-prod-yutengl-dev-202-3-0:2335499:2335499 [0] NCCL INFO Channel 18/24 : 0 1
pluto-prod-yutengl-dev-202-3-0:2335499:2335499 [0] NCCL INFO Channel 19/24 : 0 1
pluto-prod-yutengl-dev-202-3-0:2335499:2335499 [0] NCCL INFO Channel 20/24 : 0 1
pluto-prod-yutengl-dev-202-3-0:2335499:2335499 [0] NCCL INFO Channel 21/24 : 0 1
pluto-prod-yutengl-dev-202-3-0:2335499:2335499 [0] NCCL INFO Channel 22/24 : 0 1
pluto-prod-yutengl-dev-202-3-0:2335499:2335499 [0] NCCL INFO Channel 23/24 : 0 1
pluto-prod-yutengl-dev-202-3-0:2335499:2335499 [0] NCCL INFO Trees [0] 1/-1/-1->0->-1 [1] 1/-1/-1->0->-1 [2] 1/-1/-1->0->-1 [3] 1/-1/-1->0->-1 [4] 1/-1/-1->0->-1 [5] 1/-1/-1->0->-1 [6] -1/-1/-1->0->1 [7] -1/-1/-1->0->1 [8] -1/-1/-1->0->1 [9] -1/-1/-1->0->1 [10] -1/-1/-1->0->1[09-15 17:40:58] Found nccl from library libnccl.so.2
[09-15 17:40:58] sglang-diffusion is using nccl==2.29.7
 [11] -1/-1/-1->0->1 [12] 1/-1/-1->0->-1 [13] 1/-1/-1->0->-1 [14] 1/-1/-1->0->-1 [15] 1/-1/-1->0->-1 [16] 1/-1/-1->0->-1 [17] 1/-1/-1->0->-1 [18] -1/-1/-1->0->1 [19] -1/-1/-1->0->1 [20] -1/-1/-1->0->1 [21] -1/-1/-1->0->1 [22] -1/-1/-1->0->1 [23] -1/-1/-1->0->1
pluto-prod-yutengl-dev-202-3-0:2335499:2335499 [0] NCCL INFO P2P Chunksize set to 524288
pluto-prod-yutengl-dev-202-3-0:2335499:2335499 [0] NCCL INFO Check P2P Type isAllDirectP2p 1 directMode 0 isAllCudaP2p 1
pluto-prod-yutengl-dev-202-3-0:2335499:2336145 [0] NCCL INFO [Proxy Service] Device 0 CPU core 127
pluto-prod-yutengl-dev-202-3-0:2335499:2336146 [0] NCCL INFO [Proxy Service UDS] Device 0 CPU core 138
pluto-prod-yutengl-dev-202-3-0:2335499:2335499 [0] NCCL INFO NET/OFI Region base Tuner is chosen for platform: p5.48xlarge
pluto-prod-yutengl-dev-202-3-0:2335499:2335499 [0] NCCL INFO NET/OFI Region Tuner init (platform 0): comm with 2 ranks and 1 nodes.
pluto-prod-yutengl-dev-202-3-0:2335499:2335499 [0] NCCL INFO NET/OFI Tuner init: comm with 2 ranks and 1 nodes.
pluto-prod-yutengl-dev-202-3-0:2335499:2335499 [0] NCCL INFO threadThresholds 8/8/64 | 16/8/64 | 512 | 512
pluto-prod-yutengl-dev-202-3-0:2335499:2335499 [0] NCCL INFO 24 coll channels, 24 collnet channels, 16 nvls channels, 32 p2p channels, 32 p2p channels per peer
pluto-prod-yutengl-dev-202-3-0:2335499:2335499 [0] NCCL INFO Symmetric VA size=80GB
pluto-prod-yutengl-dev-202-3-0:2335499:2335499 [0] NCCL INFO CC Off, workFifoBytes 1048576
pluto-prod-yutengl-dev-202-3-0:2335499:2335499 [0] NCCL INFO ncclCommSplit comm 0x55a258e62830 rank 0 nranks 2 cudaDev 0 nvmlDev 0 busId 64000 parent 0x55a251027010 childCount 1 color 2130503744 key 0 - Init COMPLETE
pluto-prod-yutengl-dev-202-3-0:2335499:2335499 [0] NCCL INFO Init timings - ncclCommSplit: rank 0 nranks 2 total 0.12 (kernels 0.00, alloc 0.00, bootstrap 0.00, allgathers 0.00, topo 0.02, graphs 0.00, connections 0.09, rest 0.01)
pluto-prod-yutengl-dev-202-3-0:2335499:2335499 [0] NCCL INFO Initialized NET plugin Socket
pluto-prod-yutengl-dev-202-3-0:2335499:2335499 [0] NCCL INFO Assigned NET plugin Socket to comm
pluto-prod-yutengl-dev-202-3-0:2335499:2335499 [0] NCCL INFO Failed to initialize any GIN plugin
pluto-prod-yutengl-dev-202-3-0:2335499:2335499 [0] NCCL INFO Using network Socket
pluto-prod-yutengl-dev-202-3-0:2335499:2335499 [0] NCCL INFO [Rank 0] ncclCommInitRank comm 0x55a25920f330 rank 0 nranks 2 cudaDev 0 nvmlDev 0 busId 64000 commId 0x976c87e5422a9fda - Init START
pluto-prod-yutengl-dev-202-3-0:2335499:2335499 [0] NCCL INFO Bootstrap timings total 0.000678 (create 0.000039, send 0.000097, recv 0.000335, ring 0.000030, delay 0.000000)
pluto-prod-yutengl-dev-202-3-0:2335499:2335499 [0] NCCL INFO MNNVL busId 0x64000 fabric UUID 0.0 cliqueId 0x0 state 3 healthMask 0x0
pluto-prod-yutengl-dev-202-3-0:2335499:2335499 [0] NCCL INFO ncclTopoGetCpuAffinity: Affinity for GPU 0 is 0-47,96-143. (GPU affinity = 0-47,96-143 ; CPU affinity = 0-47,96-143).
pluto-prod-yutengl-dev-202-3-0:2335499:2335499 [0] NCCL INFO NVLS multicast support is available on dev 0 (NVLS_NCHANNELS 16)
pluto-prod-yutengl-dev-202-3-0:2335499:2335499 [0] NCCL INFO comm 0x55a25920f330 rank 0 nRanks 2 nNodes 1 localRanks 2 localRank 0 MNNVL 0
pluto-prod-yutengl-dev-202-3-0:2335499:2335499 [0] NCCL INFO Channel 00/24 : 0 1
pluto-prod-yutengl-dev-202-3-0:2335499:2335499 [0] NCCL INFO Channel 01/24 : 0 1
pluto-prod-yutengl-dev-202-3-0:2335499:2335499 [0] NCCL INFO Channel 02/24 : 0 1
pluto-prod-yutengl-dev-202-3-0:2335499:2335499 [0] NCCL INFO Channel 03/24 : 0 1
pluto-prod-yutengl-dev-202-3-0:2335499:2335499 [0] NCCL INFO Channel 04/24 : 0 1
pluto-prod-yutengl-dev-202-3-0:2335499:2335499 [0] NCCL INFO Channel 05/24 : 0 1
pluto-prod-yutengl-dev-202-3-0:2335499:2335499 [0] NCCL INFO Channel 06/24 : 0 1
pluto-prod-yutengl-dev-202-3-0:2335499:2335499 [0] NCCL INFO Channel 07/24 : 0 1
pluto-prod-yutengl-dev-202-3-0:2335499:2335499 [0] NCCL INFO Channel 08/24 : 0 1
pluto-prod-yutengl-dev-202-3-0:2335499:2335499 [0] NCCL INFO Channel 09/24 : 0 1
pluto-prod-yutengl-dev-202-3-0:2335499:2335499->0 [5] -1/-1/-1->1->0 [6] 0/-1/-1->1->-1 [7] 0/-1/-1->1->-1 [8] 0/-1/-1->1->-1 [9] 0/-1/-1->1->-1 [10] 0/-1/-1->1->-1 [11] 0/-1/-1->1->-1 [12] -1/-1/-1->1->0 [13] -1/-1/-1->1->0 [14] -1/-1/-1->1->0 [15] -1/-1/-1->1->0 [16] -1/-1/-1->1->0 [17] -1/-1/-1->1->0 [18] 0/-1/-1->1->-1 [19] 0/-1/-1->1->-1 [20] 0/-1/-1->1->-1 [21] 0/-1/-1->1->-1 [22] 0/-1/-1->1->-1 [23] 0/-1/-1->1->-1
pluto-prod-yutengl-dev-202-3-0:2335500:2335500 [1] NCCL INFO P2P Chunksize set to 524288
pluto-prod-yutengl-dev-202-3-0:2335500:2335500 [1] NCCL INFO Check P2P Type isAllDirectP2p 1 directMode 0 isAllCudaP2p 1
pluto-prod-yutengl-dev-202-3-0:2335500:2336147 [0] NCCL INFO [Proxy Service] Device 1 CPU core 32
pluto-prod-yutengl-dev-202-3-0:2335500:2336148 [0] NCCL INFO [Proxy Service UDS] Device 1 CPU core 111
pluto-prod-yutengl-dev-202-3-0:2335500:2335500 [1] NCCL INFO NET/OFI Region base Tuner is chosen for platform: p5.48xlarge
pluto-prod-yutengl-dev-202-3-0:2335500:2335500 [1] NCCL INFO NET/OFI Region Tuner init (platform 0): comm with 2 ranks and 1 nodes.
pluto-prod-yutengl-dev-202-3-0:2335500:2335500 [1] NCCL INFO NET/OFI Tuner init: comm with 2 ranks and 1 nodes.
pluto-prod-yutengl-dev-202-3-0:2335500:2335500 [1] NCCL INFO threadThresholds 8/8/64 | 16/8/64 | 512 | 512
pluto-prod-yutengl-dev-202-3-0:2335500:2335500 [1] NCCL INFO 24 coll channels, 24 collnet channels, 16 nvls channels, 32 p2p channels, 32 p2p channels per peer
pluto-prod-yutengl-dev-202-3-0:2335500:2335500 [1] NCCL INFO Symmetric VA size=80GB
pluto-prod-yutengl-dev-202-3-0:2335500:2335500 [1] NCCL INFO ncclCommSplit comm 0x55c0c2ffc860 rank 1 nranks 2 cudaDev 1 nvmlDev 1 busId 75000 parent 0x55c0bb1c2cf0 childCount 1 color 2130503744 key 1 - Init COMPLETE
pluto-prod-yutengl-dev-202-3-0:2335500:2335500 [1] NCCL INFO Init timings - ncclCommSplit: rank 1 nranks 2 total 0.12 (kernels 0.00, alloc 0.00, bootstrap 0.00, allgathers 0.00, topo 0.02, graphs 0.00, connections 0.09, rest 0.01)
pluto-prod-yutengl-dev-202-3-0:2335500:2335500 [1] NCCL INFO Initialized NET plugin Socket
pluto-prod-yutengl-dev-202-3-0:2335500:2335500 [1] NCCL INFO Assigned NET plugin Socket to comm
pluto-prod-yutengl-dev-202-3-0:2335500:2335500 [1] NCCL INFO Failed to initialize any GIN plugin
pluto-prod-yutengl-dev-202-3-0:2335500:2335500 [1] NCCL INFO Using network Socket
pluto-prod-yutengl-dev-202-3-0:2335500:2335500 [1] NCCL INFO [Rank 1] ncclCommInitRank comm 0x55c0c33a9630 rank 1 nranks 2 cudaDev 1 nvmlDev 1 busId 75000 commId 0x976c87e5422a9fda - Init START
pluto-prod-yutengl-dev-202-3-0:2335500:2335500 [1] NCCL INFO Bootstrap timings total 0.000756 (create 0.000043, send 0.000135, recv 0.000252, ring 0.000036, delay 0.000000)
pluto-prod-yutengl-dev-202-3-0:2335500:2335500 [1] NCCL INFO MNNVL busId 0x75000 fabric UUID 0.0 cliqueId 0x0 state 3 healthMask 0x0
pluto-prod-yutengl-dev-202-3-0:2335500:2335500 [1] NCCL INFO ncclTopoGetCpuAffinity: Affinity for GPU 1 is 0-47,96-143. (GPU affinity = 0-47,96-143 ; CPU affinity = 0-47,96-143).
pluto-prod-yutengl-dev-202-3-0:2335500:2335500 [1] NCCL INFO NVLS multicast support is available on dev 1 (NVLS_NCHANNELS 16)
pluto-prod-yutengl-dev-202-3-0:2335500:2335500 [1] NCCL INFO comm 0x55c0c33a9630 rank 1 nRanks 2 nNodes 1 localRanks 2 localRank 1 MNNVL 0
pluto-prod-yutengl-dev-202-3-0:2335500:2335500 [1] NCCL INFO Trees [0] -1/-1/-1->1->0 [1] -1/-1/-1->1->0 [2] -1/-1/-1->1->0 [3] -1/-1/-1->1->0 [4] -1/-1/-1->1->0 [5] -1/-1/-1->1->0 [6] 0/-1/-1->1->-1 [7] 0/-1/-1->1->-1 [8] 0/-1/-1->1->-1 [9] 0/-1/-1->1->-1 [10] 0/-1/-1->1->-1 [11] 0/-1/-1->1->-1 [12] -1/-1/-1->1->0 [13] -1/-1/-1->1->0 [14] -1/-1/-1->1->0 [15] -1/-1/-1->1->0 [16] -1/-1/-1->1->0 [17] -1/-1/-1->1->0 [18] 0/-1/-1->1->-1 [19] 0/-1/-1->1->-1 [20] 0/-1/-1->1->-1 [21] 0/-1/-1->1->-1 [22] 0/-1/-1->1->-1 [23] 0/-1/-1->1->-1
pluto-prod-yutengl-dev-202-3-0:2335500:2335500 [1] NCCL INFO P2P Chunksize set to 524288
pluto-prod-yutengl-dev-202-3-0:2335500:2335500 [1] NCCL INFO Check P2P Type isAllDirectP2p 1 directMode 0 isAllCudaP2p 1
pluto-prod-yutengl-dev-202-3-0:2335500:2336169 [0] NCCL INFO [Proxy Service UDS] De [0] NCCL INFO Channel 10/24 : 0 1
pluto-prod-yutengl-dev-202-3-0:2335499:2335499 [0] NCCL INFO Channel 11/24 : 0 1
pluto-prod-yutengl-dev-202-3-0:2335499:2335499 [0] NCCL INFO Channel 12/24 : 0 1
pluto-prod-yutengl-dev-202-3-0:2335499:2335499 [0] NCCL INFO Channel 13/24 : 0 1
pluto-prod-yutengl-dev-202-3-0:2335499:2335499 [0] NCCL INFO Channel 14/24 : 0 1
pluto-prod-yutengl-dev-202-3-0:2335499:2335499 [0] NCCL INFO Channel 15/24 : 0 1
pluto-prod-yutengl-dev-202-3-0:2335499:2335499 [0] NCCL INFO Channel 16/24 : 0 1
pluto-prod-yutengl-dev-202-3-0:2335499:2335499 [0] NCCL INFO Channel 17/24 : 0 1
pluto-prod-yutengl-dev-202-3-0:2335499:2335499 [0] NCCL INFO Channel 18/24 : 0 1
pluto-prod-yutengl-dev-202-3-0:2335499:2335499 [0] NCCL INFO Channel 19/24 : 0 1
pluto-prod-yutengl-dev-202-3-0:2335499:2335499 [0] NCCL INFO Channel 20/24 : 0 1
pluto-prod-yutengl-dev-202-3-0:2335499:2335499 [0] NCCL INFO Channel 21/24 : 0 1
pluto-prod-yutengl-dev-202-3-0:2335499:2335499 [0] NCCL INFO Channel 22/24 : 0 1
pluto-prod-yutengl-dev-202-3-0:2335499:2335499 [0] NCCL INFO Channel 23/24 : 0 1
pluto-prod-yutengl-dev-202-3-0:2335499:2335499 [0] NCCL INFO Trees [0] 1/-1/-1->0->-1 [1] 1/-1/-1->0->-1 [2] 1/-1/-1->0->-1 [3] 1/-1/-1->0->-1 [4] 1/-1/-1->0->-1 [5] 1/-1/-1->0->-1 [6] -1/-1/-1->0->1 [7] -1/-1/-1->0->1 [8] -1/-1/-1->0->1 [9] -1/-1/-1->0->1 [10] -1/-1/-1->0->1 [11] -1/-1/-1->0->1 [12] 1/-1/-1->0->-1 [13] 1/-1/-1->0->-1 [14] 1/-1/-1->0->-1 [15] 1/-1/-1->0->-1 [16] 1/-1/-1->0->-1 [17] 1/-1/-1->0->-1 [18] -1/-1/-1->0->1 [19] -1/-1/-1->0->1 [20] -1/-1/-1->0->1 [21] -1/-1/-1->0->1 [22] -1/-1/-1->0->1 [23] -1/-1/-1->0->1
pluto-prod-yutengl-dev-202-3-0:2335499:2335499 [0] NCCL INFO P2P Chunksize set to 524288
pluto-prod-yutengl-dev-202-3-0:2335499:2335499 [0] NCCL INFO Check P2P Type isAllDirectP2p 1 directMode 0 isAllCudaP2p 1
pluto-prod-yutengl-dev-202-3-0:2335499:2336166 [0] NCCL INFO [Proxy Service] Device 0 CPU core 120
pluto-prod-yutengl-dev-202-3-0:2335499:2336167 [0] NCCL INFO [Proxy Service UDS] Device 0 CPU core 139
pluto-prod-yutengl-dev-202-3-0:2335499:2335499 [0] NCCL INFO NET/OFI Region base Tuner is chosen for platform: p5.48xlarge
pluto-prod-yutengl-dev-202-3-0:2335499:2335499 [0] NCCL INFO NET/OFI Region Tuner init (platform 0): comm with 2 ranks and 1 nodes.
pluto-prod-yutengl-dev-202-3-0:2335499:2335499 [0] NCCL INFO NET/OFI Tuner init: comm with 2 ranks and 1 nodes.
pluto-prod-yutengl-dev-202-3-0:2335499:2335499 [0] NCCL INFO threadThresholds 8/8/64 | 16/8/64 | 512 | 512
pluto-prod-yutengl-dev-202-3-0:2335499:2335499 [0] NCCL INFO 24 coll channels, 24 collnet channels, 16 nvls channels, 32 p2p channels, 32 p2p channels per peer
pluto-prod-yutengl-dev-202-3-0:2335499:2335499 [0] NCCL INFO Symmetric VA size=80GB
pluto-prod-yutengl-dev-202-3-0:2335499:2335499 [0] NCCL INFO CC Off, workFifoBytes 1048576
pluto-prod-yutengl-dev-202-3-0:2335499:2335499 [0] NCCL INFO ncclCommInitRank comm 0x55a25920f330 rank 0 nranks 2 cudaDev 0 nvmlDev 0 busId 64000 commId 0x976c87e5422a9fda - Init COMPLETE
pluto-prod-yutengl-dev-202-3-0:2335499:2335499 [0] NCCL INFO Init timings - ncclCommInitRank: rank 0 nranks 2 total 0.11 (kernels 0.00, alloc 0.00, bootstrap 0.00, allgathers 0.00, topo 0.02, graphs 0.00, connections 0.08, rest 0.01)
pluto-prod-yutengl-dev-202-3-0:2335499:2335499 [0] NCCL INFO Symmetric VA size=80GB
pluto-prod-yutengl-dev-202-3-0:2335499:2335499 [0] NCCL INFO Channel 00/0 : 0[0] -> 1[1] via P2P/CUMEM
pluto-prod-yutengl-dev-202-3-0:2335499:2335499 [0] NCCL INFO Channel 01/0 : 0[0] -> 1[1] via P2P/CUMEM
pluto-prod-yutengl-dev-202-3-0:2335499:2335499 [0] NCCL INFO Channel 02/0 : 0[0] -> 1[1] via P2P/CUMEM
pluto-prod-yutengl-dev-202-3-0:2335499:2335499 [0] NCCL INFO Channel 03/0 : 0[0] -> 1[1] via P2P/CUMEM
pluto-prod-yutengl-dev-202-3-0:2335499:2335499 [0] NCCL INFO Channel 04/0 : 0[0] -> 1[1] via P2P/CUMEM
pluto-prod-yutengl-dev-202-3-0:2335499:2335499 [0] NCCL INFO Channel 05/0 : 0[0] -> 1[1] via P2P/CUMEM
pluto-prod-yutengl-dev-202-3-0:2335499:2335499 [0] NCCL INFO Channel 06/0 : 0[0] -> 1[1] via P2P/CUMEM
pluto-prod-yutengl-dev-202-3-0:2335499:2335499 [0] NCCL INFO Channel 07/0 : 0[0] -> 1[1] via P2P/CUMEM
pluto-prod-yutengl-dev-202-3-0:2335499:2335499 [0] NCCL INFO Channel 08/0 : 0[0] -> 1[1] via P2P/CUMEM
pluto-prod-yutengl-dev-202-3-0:2335499:2335499 [0] NCCL INFO Channel 09/0 : 0[0] -> 1[1] via P2P/CUMEM
pluto-prod-yutengl-dev-202-3-0:2335499:2335499 [0] NCCL INFO Channel 10/0 : 0[0] -> 1[1] via P2P/CUMEM
pluto-prod-yutengl-dev-202-3-0:2335499:2335499 [0] NCCL INFO Channel 11/0 : 0[0] -> 1[1] via P2P/CUMEM
pluto-prod-yutengl-dev-202-3-0:2335499:2335499 [0] NCCL INFO Channel 12/0 : 0[0] -> 1[1] via P2P/CUMEM
pluto-prod-yutengl-dev-202-3-0:2335499:2335499 [0] NCCL INFO Channel 13/0 : 0[0] -> 1[1] via P2P/CUMEM
pluto-prod-yutengl-dev-202-3-0:2335499:2335499 [0] NCCL INFO Channel 14/0 : 0[0] -> 1[1] via P2P/CUMEM
pluto-prod-yutengl-dev-202-3-0:2335499:2335499 [0] NCCL INFO Channel 15/0 : 0[0] -> 1[1] via P2P/CUMEM
pluto-prod-yutengl-dev-202-3-0:2335499:2335499 [0] NCCL INFO Channel 16/0 : 0[0] -> 1[1] via P2P/CUMEM
pluto-prod-yutengl-dev-202-3-0:2335499:2335499 [0] NCCL INFO Channel 17/0 : 0[0] -> 1[1] via P2P/CUMEM
pluto-prod-yutengl-dev-202-3-0:2335499:2335499 [0] NCCL INFO Channel 18/0 : 0[0] -> 1[1] via P2P/CUMEM
pluto-prod-yutengl-dev-202-3-0:2335499:2335499 [0] NCCL INFO Channel 19/0 : 0[0] -> 1[1] via P2P/CUMEM
pluto-prod-yutengl-dev-202-3-0:2335499:2335499 [0] NCCL INFO Channel 20/0 : 0[0] -> 1[1] via P2P/CUMEM
pluto-prod-yutengl-dev-202-3-0:2335499:2335499 [0] NCCL INFO Channel 21/0 : 0[0] -> 1[1] via P2P/CUMEM
pluto-prod-yutengl-dev-202-3-0:2335499:2335499 [0] NCCL INFO Channel 22/0 : 0[0] -> 1[1] via P2P/CUMEM
pluto-prod-yutengl-dev-202-3-0:2335499:2335499 [0] NCCL INFO Channel 23/0 : 0[0] -> 1[1] via P2P/CUMEM
pluto-prod-yutengl-dev-202-3-0:2335499:2335499 [0] NCCL INFO Connected all rings, use ring PXN 0 GDR 1
pluto-prod-yutengl-dev-202-3-0:2335499:2335499 [0] NCCL INFO Rank 0 has color with NCCL_SPLIT_NOCOLOR, not creating a new communicator
pluto-prod-yutengl-dev-202-3-0:2335499:2335499 [0] NCCL INFO Rank 0 has color with NCCL_SPLIT_NOCOLOR, not creating a new communicator
pluto-prod-yutengl-dev-202-3-0:2335499:2335499 [0] NCCL INFO Comm config Blocking set to 1
pluto-prod-yutengl-dev-202-3-0:2335499:2335499 [0] NCCL INFO Initialized NET plugin Socket
pluto-prod-yutengl-dev-202-3-0:2335499:2335499 [0] NCCL INFO Assigned NET plugin Socket to comm
pluto-prod-yutengl-dev-202-3-0:2335499:2335499 [0] NCCL INFO Failed to initialize any GIN plugin
pluto-prod-yutengl-dev-202-3-0:2335499:2335499 [0] NCCL INFO Using network Socket
pluto-prod-yutengl-dev-202-3-0:2335499:2335499 [0] NCCL INFO ncclCommSplit comm 0x55a25a15e3d0 rank 0 nranks 2 cudaDev 0 nvmlDev 0 busId 64000 parent 0x55a251027010 childCount 4 color 2130503744 key 0- Init START
pluto-prod-yutengl-dev-202-3-0:2335499:2335499 [0] NCCL INFO MNNVL busId 0x64000 fabric UUID 0.0 cliqueId 0x0 state 3 healthMask 0x0
pluto-prod-yutengl-dev-202-3-0:2335499:2335499 [0] NCCL INFO ncclTopoGetCpuAffinity: Affinity for GPU 0 is 0-47,96-143. (GPU affinity = 0-47,96-143 ; CPU affinity = 0-47,96-143).
pluto-prod-yutengl-dev-202-3-0:2335499:2335499 [0] NCCL INFO NVLS multicast support is available on dev 0 (NVLS_NCHANNELS 16)
pluto-prod-yutengl-dev-202-3-0:2335499:2335499 [0] NCCL INFO comm 0x55a25a15e3d0 rank 0 nRanks 2 nNodes 1 localRanks 2 localRank 0 MNNVL 0
pluto-prod-yutengl-dev-202-3-0:2335499:2335499 [0] NCCL INFO Channel 00/24 : 0 1
pluto-prod-yutengl-dev-202-3-0:2335499:2335499 [0] NCCL INFO Channel 01/24 : 0 1
pluto-prod-yutengl-dev-202-3-0:2335499:2335499 [0] NCCL INFO Channel 02/24 : 0 1
pluto-prod-yutengl-dev-202-3-0:2335499:2335499 [0] NCCL INFO Channel 03/24 : 0 1
pluto-prod-yutengl-dev-202-3-0:2335499:2335499 [0] NCCL INFO Channel 04/24 : 0 1
pluto-prod-yutengl-dev-202-3-0:2335499:2335499 [0] NCCL INFO Channel 05/24 : 0 1
pluto-prod-yutengl-dev-202-3-0:2335499:2335499 [0] NCCL INFO Channel 06/24 : 0 1
pluto-prod-yutengl-dev-202-3-0:2335499:2335499 [0] NCCL INFO Channel 07/24 : 0 1
pluto-prod-yutengl-dev-202-3-0:2335499:2335499 [0] NCCL INFO Channel 08/24 : 0 1
pluto-prod-yutengl-[09-15 17:40:58] Found nccl from library libnccl.so.2
[09-15 17:40:58] sglang-diffusion is using nccl==2.29.7
500 [1] NCCL INFO Rank 1 has color with NCCL_SPLIT_NOCOLOR, not creating a new communicator
pluto-prod-yutengl-dev-202-3-0:2335500:2335500 [1] NCCL INFO Comm config Blocking set to 1
pluto-prod-yutengl-dev-202-3-0:2335500:2335500 [1] NCCL INFO Initialized NET plugin Socket
pluto-prod-yutengl-dev-202-3-0:2335500:2335500 [1] NCCL INFO Assigned NET plugin Socket to comm
pluto-prod-yutengl-dev-202-3-0:2335500:2335500 [1] NCCL INFO Failed to initialize any GIN plugin
pluto-prod-yutengl-dev-202-3-0:2335500:2335500 [1] NCCL INFO Using network Socket
pluto-prod-yutengl-dev-202-3-0:2335500:2335500 [1] NCCL INFO ncclCommSplit comm 0x55c0c42f89f0 rank 1 nranks 2 cudaDev 1 nvmlDev 1 busId 75000 parent 0x55c0bb1c2cf0 childCount 4 color 2130503744 key 1- Init START
pluto-prod-yutengl-dev-202-3-0:2335500:2335500 [1] NCCL INFO MNNVL busId 0x75000 fabric UUID 0.0 cliqueId 0x0 state 3 healthMask 0x0
pluto-prod-yutengl-dev-202-3-0:2335500:2335500 [1] NCCL INFO ncclTopoGetCpuAffinity: Affinity for GPU 1 is 0-47,96-143. (GPU affinity = 0-47,96-143 ; CPU affinity = 0-47,96-143).
pluto-prod-yutengl-dev-202-3-0:2335500:2335500 [1] NCCL INFO NVLS multicast support is available on dev 1 (NVLS_NCHANNELS 16)
pluto-prod-yutengl-dev-202-3-0:2335500:2335500 [1] NCCL INFO comm 0x55c0c42f89f0 rank 1 nRanks 2 nNodes 1 localRanks 2 localRank 1 MNNVL 0
pluto-prod-yutengl-dev-202-3-0:2335500:2335500 [1] NCCL INFO Trees [0] -1/-1/-1->1->0 [1] -1/-1/-1->1->0 [2] -1/-1/-1->1->0 [3] -1/-1/-1->1->0 [4] -1/-1/-1->1->0 [5] -1/-1/-1->1->0 [6] 0/-1/-1->1->-1 [7] 0/-1/-1->1->-1 [8] 0/-1/-1->1->-1 [9] 0/-1/-1->1->-1 [10] 0/-1/-1->1->-1 [11] 0/-1/-1->1->-1 [12] -1/-1/-1->1->0 [13] -1/-1/-1->1->0 [14] -1/-1/-1->1->0 [15] -1/-1/-1->1->0 [16] -1/-1/-1->1->0 [17] -1/-1/-1->1->0 [18] 0/-1/-1->1->-1 [19] 0/-1/-1->1->-1 [20] 0/-1/-1->1->-1 [21] 0/-1/-1->1->-1 [22] 0/-1/-1->1->-1 [23] 0/-1/-1->1->-1
pluto-prod-yutengl-dev-202-3-0:2335500:2335500 [1] NCCL INFO P2P Chunksize set to 524288
pluto-prod-yutengl-dev-202-3-0:2335500:2335500 [1] NCCL INFO Check P2P Type isAllDirectP2p 1 directMode 0 isAllCudaP2p 1
pluto-prod-yutengl-dev-202-3-0:2335500:2336189 [0] NCCL INFO [Proxy Service UDS] Device 1 CPU core 11
pluto-prod-yutengl-dev-202-3-0:2335500:2336188 [0] NCCL INFO [Proxy Service] Device 1 CPU core 112
pluto-prod-yutengl-dev-202-3-0:2335500:2335500 [1] NCCL INFO NET/OFI Region base Tuner is chosen for platform: p5.48xlarge
pluto-prod-yutengl-dev-202-3-0:2335500:2335500 [1] NCCL INFO NET/OFI Region Tuner init (platform 0): comm with 2 ranks and 1 nodes.
pluto-prod-yutengl-dev-202-3-0:2335500:2335500 [1] NCCL INFO NET/OFI Tuner init: comm with 2 ranks and 1 nodes.
pluto-prod-yutengl-dev-202-3-0:2335500:2335500 [1] NCCL INFO threadThresholds 8/8/64 | 16/8/64 | 512 | 512
pluto-prod-yutengl-dev-202-3-0:2335500:2335500 [1] NCCL INFO 24 coll channels, 24 collnet channels, 16 nvls channels, 32 p2p channels, 32 p2p channels per peer
pluto-prod-yutengl-dev-202-3-0:2335500:2335500 [1] NCCL INFO Symmetric VA size=80GB
pluto-prod-yutengl-dev-202-3-0:2335500:2335500 [1] NCCL INFO ncclCommSplit comm 0x55c0c42f89f0 rank 1 nranks 2 cudaDev 1 nvmlDev 1 busId 75000 parent 0x55c0bb1c2cf0 childCount 4 color 2130503744 key 1 - Init COMPLETE
pluto-prod-yutengl-dev-202-3-0:2335500:2335500 [1] NCCL INFO Init timings - ncclCommSplit: rank 1 nranks 2 total 0.13 (kernels 0.00, alloc 0.00, bootstrap 0.00, allgathers 0.00, topo 0.03, graphs 0.00, connections 0.09, rest 0.01)
pluto-prod-yutengl-dev-202-3-0:2335500:2335500 [1] NCCL INFO Initialized NET plugin Socket
pluto-prod-yutengl-dev-202-3-0:2335500:2335500 [1] NCCL INFO Assigned NET plugin Socket to comm
pluto-prod-yutengl-dev-202-3-0:2335500:2335500 [1] NCCL INFO Failed to initialize any GIN plugin
pluto-prod-yutengl-dev-202-3-0:2335500:2335500 [1] NCCL INFO Using network Socket
pluto-prod-yutengl-dev-202-3-0:2335500:2335500 [1] NCCL INFO [Rank 1] ncclCommInitRank comm 0x55c0c46a4b00 rank 1 nranks 2 cudaDev 1 nvmlDev 1 busId 75000 commId 0xbabdf26ea16ea169 - Init START
pluto-prod-yutengl-dev-202-3-0:2335500:2335500 [1] NCCL INFO Bootstrap timings totadev-202-3-0:2335499:2335499 [0] NCCL INFO Channel 09/24 : 0 1
pluto-prod-yutengl-dev-202-3-0:2335499:2335499 [0] NCCL INFO Channel 10/24 : 0 1
pluto-prod-yutengl-dev-202-3-0:2335499:2335499 [0] NCCL INFO Channel 11/24 : 0 1
pluto-prod-yutengl-dev-202-3-0:2335499:2335499 [0] NCCL INFO Channel 12/24 : 0 1
pluto-prod-yutengl-dev-202-3-0:2335499:2335499 [0] NCCL INFO Channel 13/24 : 0 1
pluto-prod-yutengl-dev-202-3-0:2335499:2335499 [0] NCCL INFO Channel 14/24 : 0 1
pluto-prod-yutengl-dev-202-3-0:2335499:2335499 [0] NCCL INFO Channel 15/24 : 0 1
pluto-prod-yutengl-dev-202-3-0:2335499:2335499 [0] NCCL INFO Channel 16/24 : 0 1
pluto-prod-yutengl-dev-202-3-0:2335499:2335499 [0] NCCL INFO Channel 17/24 : 0 1
pluto-prod-yutengl-dev-202-3-0:2335499:2335499 [0] NCCL INFO Channel 18/24 : 0 1
pluto-prod-yutengl-dev-202-3-0:2335499:2335499 [0] NCCL INFO Channel 19/24 : 0 1
pluto-prod-yutengl-dev-202-3-0:2335499:2335499 [0] NCCL INFO Channel 20/24 : 0 1
pluto-prod-yutengl-dev-202-3-0:2335499:2335499 [0] NCCL INFO Channel 21/24 : 0 1
pluto-prod-yutengl-dev-202-3-0:2335499:2335499 [0] NCCL INFO Channel 22/24 : 0 1
pluto-prod-yutengl-dev-202-3-0:2335499:2335499 [0] NCCL INFO Channel 23/24 : 0 1
pluto-prod-yutengl-dev-202-3-0:2335499:2335499 [0] NCCL INFO Trees [0] 1/-1/-1->0->-1 [1] 1/-1/-1->0->-1 [2] 1/-1/-1->0->-1 [3] 1/-1/-1->0->-1 [4] 1/-1/-1->0->-1 [5] 1/-1/-1->0->-1 [6] -1/-1/-1->0->1 [7] -1/-1/-1->0->1 [8] -1/-1/-1->0->1 [9] -1/-1/-1->0->1 [10] -1/-1/-1->0->1 [11] -1/-1/-1->0->1 [12] 1/-1/-1->0->-1 [13] 1/-1/-1->0->-1 [14] 1/-1/-1->0->-1 [15] 1/-1/-1->0->-1 [16] 1/-1/-1->0->-1 [17] 1/-1/-1->0->-1 [18] -1/-1/-1->0->1 [19] -1/-1/-1->0->1 [20] -1/-1/-1->0->1 [21] -1/-1/-1->0->1 [22] -1/-1/-1->0->1 [23] -1/-1/-1->0->1
pluto-prod-yutengl-dev-202-3-0:2335499:2335499 [0] NCCL INFO P2P Chunksize set to 524288
pluto-prod-yutengl-dev-202-3-0:2335499:2335499 [0] NCCL INFO Check P2P Type isAllDirectP2p 1 directMode 0 isAllCudaP2p 1
pluto-prod-yutengl-dev-202-3-0:2335499:2336186 [0] NCCL INFO [Proxy Service] Device 0 CPU core 127
pluto-prod-yutengl-dev-202-3-0:2335499:2336187 [0] NCCL INFO [Proxy Service UDS] Device 0 CPU core 131
pluto-prod-yutengl-dev-202-3-0:2335499:2335499 [0] NCCL INFO NET/OFI Region base Tuner is chosen for platform: p5.48xlarge
pluto-prod-yutengl-dev-202-3-0:2335499:2335499 [0] NCCL INFO NET/OFI Region Tuner init (platform 0): comm with 2 ranks and 1 nodes.
pluto-prod-yutengl-dev-202-3-0:2335499:2335499 [0] NCCL INFO NET/OFI Tuner init: comm with 2 ranks and 1 nodes.
pluto-prod-yutengl-dev-202-3-0:2335499:2335499 [0] NCCL INFO threadThresholds 8/8/64 | 16/8/64 | 512 | 512
pluto-prod-yutengl-dev-202-3-0:2335499:2335499 [0] NCCL INFO 24 coll channels, 24 collnet channels, 16 nvls channels, 32 p2p channels, 32 p2p channels per peer
pluto-prod-yutengl-dev-202-3-0:2335499:2335499 [0] NCCL INFO Symmetric VA size=80GB
pluto-prod-yutengl-dev-202-3-0:2335499:2335499 [0] NCCL INFO CC Off, workFifoBytes 1048576
pluto-prod-yutengl-dev-202-3-0:2335499:2335499 [0] NCCL INFO ncclCommSplit comm 0x55a25a15e3d0 rank 0 nranks 2 cudaDev 0 nvmlDev 0 busId 64000 parent 0x55a251027010 childCount 4 color 2130503744 key 0 - Init COMPLETE
pluto-prod-yutengl-dev-202-3-0:2335499:2335499 [0] NCCL INFO Init timings - ncclCommSplit: rank 0 nranks 2 total 0.13 (kernels 0.00, alloc 0.00, bootstrap 0.00, allgathers 0.00, topo 0.03, graphs 0.00, connections 0.09, rest 0.01)
pluto-prod-yutengl-dev-202-3-0:2335499:2335499 [0] NCCL INFO Initialized NET plugin Socket
pluto-prod-yutengl-dev-202-3-0:2335499:2335499 [0] NCCL INFO Assigned NET plugin Socket to comm
pluto-prod-yutengl-dev-202-3-0:2335499:2335499 [0] NCCL INFO Failed to initialize any GIN plugin
pluto-prod-yutengl-dev-202-3-0:2335499:2335499 [0] NCCL INFO Using network Socket
pluto-prod-yutengl-dev-202-3-0:2335499:2335499 [0] NCCL INFO [Rank 0] ncclCommInitRank comm 0x55a25a50a0c0 rank 0 nranks 2 cudaDev 0 nvmlDev 0 busId 64000 commId 0xbabdf26ea16ea169 - Init START
pluto-prod-yutengl-dev-202-3-0:2335499:2335499 [0] NCCL INFO Bootstrap timings total 0.000914 (create 0.000060, send 0.000151, recv 0.000283, ring 0.000105, delay 0.000000)
pluto-prod-yutengl-dev-202-3-0:2335499:2335499 [0] NCCL INFO MNNVL busId 0x64000 fabric UUID 0.0 cliqueId 0x0 state 3 healthMask 0x0
pluto-prod-yutengl-dev-202-3-0:2335499:2335499 [0] NCCL INFO ncclTopoGetCpuAffinity: Affinity for GPU 0 is 0-47,96-143. (GPU affinity = 0-47,96-143 ; CPU affinity = 0-47,96-143).
pluto-prod-yutengl-dev-202-3-0:2335499:2335499 [0] NCCL INFO NVLS multicast support is available on dev 0 (NVLS_NCHANNELS 16)
pluto-prod-yutengl-dev-202-3-0:2335499:2335499 [0] NCCL INFO comm 0x55a25a50a0c0 rank 0 nRanks 2 nNodes 1 localRanks 2 localRank 0 MNNVL 0
pluto-prod-yutengl-dev-202-3-0:2335499:2335499 [0] NCCL INFO Channel 00/24 : 0 1
pluto-prod-yutengl-dev-202-3-0:2335499:2335499 [0] NCCL INFO Channel 01/24 : 0 1
pluto-prod-yutengl-dev-202-3-0:2335499:2335499 [0] NCCL INFO Channel 02/24 : 0 1
pluto-prod-yutengl-dev-202-3-0:2335499:2335499 [0] NCCL INFO Channel 03/24 : 0 1
pluto-prod-yutengl-dev-202-3-0:2335499:2335499 [0] NCCL INFO Channel 04/24 : 0 1
pluto-prod-yutengl-dev-202-3-0:2335499:2335499 [0] NCCL INFO Channel 05/24 : 0 1
pluto-prod-yutengl-dev-202-3-0:2335499:2335499 [0] NCCL INFO Channel 06/24 : 0 1
pluto-prod-yutengl-dev-202-3-0:2335499:2335499 [0] NCCL INFO Channel 07/24 : 0 1
pluto-prod-yutengl-dev-202-3-0:2335499:2335499 [0] NCCL INFO Channel 08/24 : 0 1
pluto-prod-yutengl-dev-202-3-0:2335499:2335499 [0] NCCL INFO Channel 09/24 : 0 1
pluto-prod-yutengl-dev-202-3-0:2335499:2335499 [0] NCCL INFO Channel 10/24 : 0 1
pluto-prod-yutengl-dev-202-3-0:2335499:2335499 [0] NCCL INFO Channel 11/24 : 0 1
pluto-prod-yutengl-dev-202-3-0:2335499:2335499 [0] NCCL INFO Channel 12/24 : 0 1
pluto-prod-yutengl-dev-202-3-0:2335499:2335499 [0] NCCL INFO Channel 13/24 : 0 1
pluto-prod-yutengl-dev-202-3-0:2335499:2335499 [0] NCCL INFO Channel 14/24 : 0 1
pluto-prod-yutengl-dev-202-3-0:2335499:2335499 [0] NCCL INFO Channel 15/24 : 0 1
pluto-prod-yutengl-dev-202-3-0:2335499:2335499 [0] NCCL INFO Channel 16/24 : 0 1
pluto-prod-yutengl-dev-202-3-0:2335499:2335499 [0] NCCL INFO Channel 17/24 : 0 1
pluto-prod-yutengl-dev-202-3-0:2335499:2335499 [0] NCCL INFO Channel 18/24 : 0 1
pluto-prod-yutengl-dev-202-3-0:2335499:2335499 [0] NCCL INFO Channel 19/24 : 0 1
pluto-prod-yutengl-dev-202-3-0:2335499:2335499 [0] NCCL INFO Channel 20/24 : 0 1
pluto-prod-yutengl-dev-202-3-0:2335499:2335499 [0] NCCL INFO Channel 21/24 : 0 1
pluto-prod-yutengl-dev-202-3-0:2335499:2335499 [0] NCCL INFO Channel 22/24 : 0 1
pluto-prod-yutengl-dev-202-3-0:2335499:2335499 [0] NCCL INFO Channel 23/24 : 0 1
pluto-prod-yutengl-dev-202-3-0:2335499:2335499 [0] NCCL INFO Trees [0] 1/-1/-1->0->-1 [1] 1/-1/-1->0->-1 [2] 1/-1/-1->0->-1 [3] 1/-1/-1->0->-1 [4] 1/-1/-1->0->-1 [5] 1/-1/-1->0->-1 [6] -1/-1/-1->0->1 [7] -1/-1/-1->0->1 [8] -1/-1/-1->0->1 [9] -1/-1/-1->0->1 [10] -1/-1/-1->0->1 [11] -1/-1/-1->0->1 [12] 1/-1/-1->0->-1 [13] 1/-1/-1->0->-1 [14] 1/-1/-1->0->-1 [15] 1/-1/-1->0->-1 [16] 1/-1/-1->0->-1 [17] 1/-1/-1->0->-1 [18] -1/-1/-1->0->1 [19] -1/-1/-1->0->1 [20] -1/-1/-1->0->1 [21] -1/-1/-1->0->1 [22] -1/-1/-1->0->1 [23] -1/-1/-1->0->1
pluto-prod-yutengl-dev-202-3-0:2335499:2335499 [0] NCCL INFO P2P Chunksize set to 524288
pluto-prod-yutengl-dev-202-3-0:2335499:2335499 [0] NCCL INFO Check P2P Type isAllDirectP2p 1 directMode 0 isAllCudaP2p 1
pluto-prod-yutengl-dev-202-3-0:2335499:2336199 [0] NCCL INFO [Proxy Service] Device 0 CPU core 112
pluto-prod-yutengl-dev-202-3-0:2335499:2336200 [0] NCCL INFO [Proxy Service UDS] Device 0 CPU core 126
pluto-prod-yutengl-dev-202-3-0:2335499:2335499 [0] NCCL INFO NET/OFI Region base Tuner is chosen for platform: p5.48xlarge
pluto-prod-yutengl-dev-202-3-0:2335499:2335499 [0] NCCL INFO NET/OFI Region Tuner init (platform 0): comm with 2 ranks and 1 nodes.
pluto-prod-yutengl-dev-202-3-0:2335499:2335499 [0] NCCL INFO NET/OFI Tuner init: comm with 2 ranks and 1 nodes.
pluto-prod-yutengl-dev-202-3-0:2335499:2335499 [0] NCCL INFO threadThresholds 8/8/64 | 16/8/64 | 512 | 512
pluto-prod-yutengl-dev-202-3-0:2335499:2335499 [0] NCCL INFO 24 coll channels, 24 collnet channels, 16 nvls channl 0.000807 (create 0.000054, send 0.000111, recv 0.000344, ring 0.000081, delay 0.000000)
pluto-prod-yutengl-dev-202-3-0:2335500:2335500 [1] NCCL INFO MNNVL busId 0x75000 fabric UUID 0.0 cliqueId 0x0 state 3 healthMask 0x0
pluto-prod-yutengl-dev-202-3-0:2335500:2335500 [1] NCCL INFO ncclTopoGetCpuAffinity: Affinity for GPU 1 is 0-47,96-143. (GPU affinity = 0-47,96-143 ; CPU affinity = 0-47,96-143).
pluto-prod-yutengl-dev-202-3-0:2335500:2335500 [1] NCCL INFO NVLS multicast support is available on dev 1 (NVLS_NCHANNELS 16)
pluto-prod-yutengl-dev-202-3-0:2335500:2335500 [1] NCCL INFO comm 0x55c0c46a4b00 rank 1 nRanks 2 nNodes 1 localRanks 2 localRank 1 MNNVL 0
pluto-prod-yutengl-dev-202-3-0:2335500:2335500 [1] NCCL INFO Trees [0] -1/-1/-1->1->0 [1] -1/-1/-1->1->0 [2] -1/-1/-1->1->0 [3] -1/-1/-1->1->0 [4] -1/-1/-1->1->0 [5] -1/-1/-1->1->0 [6] 0/-1/-1->1->-1 [7] 0/-1/-1->1->-1 [8] 0/-1/-1->1->-1 [9] 0/-1/-1->1->-1 [10] 0/-1/-1->1->-1 [11] 0/-1/-1->1->-1 [12] -1/-1/-1->1->0 [13] -1/-1/-1->1->0 [14] -1/-1/-1->1->0 [15] -1/-1/-1->1->0 [16] -1/-1/-1->1->0 [17] -1/-1/-1->1->0 [18] 0/-1/-1->1->-1 [19] 0/-1/-1->1->-1 [20] 0/-1/-1->1->-1 [21] 0/-1/-1->1->-1 [22] 0/-1/-1->1->-1 [23] 0/-1/-1->1->-1
pluto-prod-yutengl-dev-202-3-0:2335500:2335500 [1] NCCL INFO P2P Chunksize set to 524288
pluto-prod-yutengl-dev-202-3-0:2335500:2335500 [1] NCCL INFO Check P2P Type isAllDirectP2p 1 directMode 0 isAllCudaP2p 1
pluto-prod-yutengl-dev-202-3-0:2335500:2336197 [0] NCCL INFO [Proxy Service] Device 1 CPU core 126
pluto-prod-yutengl-dev-202-3-0:2335500:2336198 [0] NCCL INFO [Proxy Service UDS] Device 1 CPU core 12
pluto-prod-yutengl-dev-202-3-0:2335500:2335500 [1] NCCL INFO NET/OFI Region base Tuner is chosen for platform: p5.48xlarge
pluto-prod-yutengl-dev-202-3-0:2335500:2335500 [1] NCCL INFO NET/OFI Region Tuner init (platform 0): comm with 2 ranks and 1 nodes.
pluto-prod-yutengl-dev-202-3-0:2335500:2335500 [1] NCCL INFO NET/OFI Tuner init: comm with 2 ranks and 1 nodes.
pluto-prod-yutengl-dev-202-3-0:2335500:2335500 [1] NCCL INFO threadThresholds 8/8/64 | 16/8/64 | 512 | 512
pluto-prod-yutengl-dev-202-3-0:2335500:2335500 [1] NCCL INFO 24 coll channels, 24 collnet channels, 16 nvls channels, 32 p2p channels, 32 p2p channels per peer
pluto-prod-yutengl-dev-202-3-0:2335500:2335500 [1] NCCL INFO Symmetric VA size=80GB
pluto-prod-yutengl-dev-202-3-0:2335500:2335500 [1] NCCL INFO ncclCommInitRank comm 0x55c0c46a4b00 rank 1 nranks 2 cudaDev 1 nvmlDev 1 busId 75000 commId 0xbabdf26ea16ea169 - Init COMPLETE
pluto-prod-yutengl-dev-202-3-0:2335500:2335500 [1] NCCL INFO Init timings - ncclCommInitRank: rank 1 nranks 2 total 0.20 (kernels 0.00, alloc 0.00, bootstrap 0.00, allgathers 0.00, topo 0.02, graphs 0.00, connections 0.17, rest 0.01)
pluto-prod-yutengl-dev-202-3-0:2335500:2335500 [1] NCCL INFO Symmetric VA size=80GB
pluto-prod-yutengl-dev-202-3-0:2335500:2335500 [1] NCCL INFO Channel 00/0 : 1[1] -> 0[0] via P2P/CUMEM
pluto-prod-yutengl-dev-202-3-0:2335500:2335500 [1] NCCL INFO Channel 01/0 : 1[1] -> 0[0] via P2P/CUMEM
pluto-prod-yutengl-dev-202-3-0:2335500:2335500 [1] NCCL INFO Channel 02/0 : 1[1] -> 0[0] via P2P/CUMEM
pluto-prod-yutengl-dev-202-3-0:2335500:2335500 [1] NCCL INFO Channel 03/0 : 1[1] -> 0[0] via P2P/CUMEM
pluto-prod-yutengl-dev-202-3-0:2335500:2335500 [1] NCCL INFO Channel 04/0 : 1[1] -> 0[0] via P2P/CUMEM
pluto-prod-yutengl-dev-202-3-0:2335500:2335500 [1] NCCL INFO Channel 05/0 : 1[1] -> 0[0] via P2P/CUMEM
pluto-prod-yutengl-dev-202-3-0:2335500:2335500 [1] NCCL INFO Channel 06/0 : 1[1] -> 0[0] via P2P/CUMEM
pluto-prod-yutengl-dev-202-3-0:2335500:2335500 [1] NCCL INFO Channel 07/0 : 1[1] -> 0[0] via P2P/CUMEM
pluto-prod-yutengl-dev-202-3-0:2335500:2335500 [1] NCCL INFO Channel 08/0 : 1[1] -> 0[0] via P2P/CUMEM
pluto-prod-yutengl-dev-202-3-0:2335500:2335500 [1] NCCL INFO Channel 09/0 : 1[1] -> 0[0] via P2P/CUMEM
pluto-prod-yutengl-dev-202-3-0:2335500:2335500 [1] NCCL INFO Channel 10/0 : 1[1] -> 0[0] via P2P/CUMEM
pluto-prod-yutengl-dev-202-3-0:2335500:2335500 [1] NCCL INFO Channel 11/0 : 1[1] -> 0[0] via P2P/CUMEM
pluto-prod-yutengl-deels, 32 p2p channels, 32 p2p channels per peer
pluto-prod-yutengl-dev-202-3-0:2335499:2335499 [0] NCCL INFO Symmetric VA size=80GB
pluto-prod-yutengl-dev-202-3-0:2335499:2335499 [0] NCCL INFO CC Off, workFifoBytes 1048576
pluto-prod-yutengl-dev-202-3-0:2335499:2335499 [0] NCCL INFO ncclCommInitRank comm 0x55a25a50a0c0 rank 0 nranks 2 cudaDev 0 nvmlDev 0 busId 64000 commId 0xbabdf26ea16ea169 - Init COMPLETE
pluto-prod-yutengl-dev-202-3-0:2335499:2335499 [0] NCCL INFO Init timings - ncclCommInitRank: rank 0 nranks 2 total 0.20 (kernels 0.00, alloc 0.00, bootstrap 0.00, allgathers 0.00, topo 0.02, graphs 0.00, connections 0.17, rest 0.01)
pluto-prod-yutengl-dev-202-3-0:2335499:2335499 [0] NCCL INFO Symmetric VA size=80GB
pluto-prod-yutengl-dev-202-3-0:2335499:2335499 [0] NCCL INFO Channel 00/0 : 0[0] -> 1[1] via P2P/CUMEM
pluto-prod-yutengl-dev-202-3-0:2335499:2335499 [0] NCCL INFO Channel 01/0 : 0[0] -> 1[1] via P2P/CUMEM
pluto-prod-yutengl-dev-202-3-0:2335499:2335499 [0] NCCL INFO Channel 02/0 : 0[0] -> 1[1] via P2P/CUMEM
pluto-prod-yutengl-dev-202-3-0:2335499:2335499 [0] NCCL INFO Channel 03/0 : 0[0] -> 1[1] via P2P/CUMEM
pluto-prod-yutengl-dev-202-3-0:2335499:2335499 [0] NCCL INFO Channel 04/0 : 0[0] -> 1[1] via P2P/CUMEM
pluto-prod-yutengl-dev-202-3-0:2335499:2335499 [0] NCCL INFO Channel 05/0 : 0[0] -> 1[1] via P2P/CUMEM
pluto-prod-yutengl-dev-202-3-0:2335499:2335499 [0] NCCL INFO Channel 06/0 : 0[0] -> 1[1] via P2P/CUMEM
pluto-prod-yutengl-dev-202-3-0:2335499:2335499 [0] NCCL INFO Channel 07/0 : 0[0] -> 1[1] via P2P/CUMEM
pluto-prod-yutengl-dev-202-3-0:2335499:2335499 [0] NCCL INFO Channel 08/0 : 0[0] -> 1[1] via P2P/CUMEM
pluto-prod-yutengl-dev-202-3-0:2335499:2335499 [0] NCCL INFO Channel 09/0 : 0[0] -> 1[1] via P2P/CUMEM
pluto-prod-yutengl-dev-202-3-0:2335499:2335499 [0] NCCL INFO Channel 10/0 : 0[0] -> 1[1] via P2P/CUMEM
pluto-prod-yutengl-dev-202-3-0:2335499:2335499 [0] NCCL INFO Channel 11/0 : 0[0] -> 1[1] via P2P/CUMEM
pluto-prod-yutengl-dev-202-3-0:2335499:2335499 [0] NCCL INFO Channel 12/0 : 0[0] -> 1[1] via P2P/CUMEM
pluto-prod-yutengl-dev-202-3-0:2335499:2335499 [0] NCCL INFO Channel 13/0 : 0[0] -> 1[1] via P2P/CUMEM
pluto-prod-yutengl-dev-202-3-0:2335499:2335499 [0] NCCL INFO Channel 14/0 : 0[0] -> 1[1] via P2P/CUMEM
pluto-prod-yutengl-dev-202-3-0:2335499:2335499 [0] NCCL INFO Channel 15/0 : 0[0] -> 1[1] via P2P/CUMEM
pluto-prod-yutengl-dev-202-3-0:2335499:2335499 [0] NCCL INFO Channel 16/0 : 0[0] -> 1[1] via P2P/CUMEM
pluto-prod-yutengl-dev-202-3-0:2335499:2335499 [0] NCCL INFO Channel 17/0 : 0[0] -> 1[1] via P2P/CUMEM
pluto-prod-yutengl-dev-202-3-0:2335499:2335499 [0] NCCL INFO Channel 18/0 : 0[0] -> 1[1] via P2P/CUMEM
pluto-prod-yutengl-dev-202-3-0:2335499:2335499 [0] NCCL INFO Channel 19/0 : 0[0] -> 1[1] via P2P/CUMEM
pluto-prod-yutengl-dev-202-3-0:2335499:2335499 [0] NCCL INFO Channel 20/0 : 0[0] -> 1[1] via P2P/CUMEM
pluto-prod-yutengl-dev-202-3-0:2335499:2335499 [0] NCCL INFO Channel 21/0 : 0[0] -> 1[1] via P2P/CUMEM
pluto-prod-yutengl-dev-202-3-0:2335499:2335499 [0] NCCL INFO Channel 22/0 : 0[0] -> 1[1] via P2P/CUMEM
pluto-prod-yutengl-dev-202-3-0:2335499:2335499 [0] NCCL INFO Channel 23/0 : 0[0] -> 1[1] via P2P/CUMEM
pluto-prod-yutengl-dev-202-3-0:2335499:2335499 [0] NCCL INFO Connected all rings, use ring PXN 0 GDR 1
pluto-prod-yutengl-dev-202-3-0:2335499:2335499 [0] NCCL INFO Rank 0 has color with NCCL_SPLIT_NOCOLOR, not creating a new communicator
pluto-prod-yutengl-dev-202-3-0:2335499:2335499 [0] NCCL INFO Rank 0 has color with NCCL_SPLIT_NOCOLOR, not creating a new communicator
pluto-prod-yutengl-dev-202-3-0:2335499:2335499 [0] NCCL INFO Rank 0 has color with NCCL_SPLIT_NOCOLOR, not creating a new communicator
pluto-prod-yutengl-dev-202-3-0:2335499:2335499 [0] NCCL INFO Rank 0 has color with NCCL_SPLIT_NOCOLOR, not creating a new communicator
pluto-prod-yutengl-dev-202-3-0:2335499:2335499 [0] NCCL INFO Rank 0 has color with NCCL_SPLIT_NOCOLOR, not creating a new communicator
pluto-prod-yutengl-dev-202-3-0:2335499:2335499 [0] NCCL INFO Rank 0 has color with NCCL_SPLIT_NOCOLOR, not creating a v-202-3-0:2335500:2335500 [1] NCCL INFO Channel 12/0 : 1[1] -> 0[0] via P2P/CUMEM
pluto-prod-yutengl-dev-202-3-0:2335500:2335500 [1] NCCL INFO Channel 13/0 : 1[1] -> 0[0] via P2P/CUMEM
pluto-prod-yutengl-dev-202-3-0:2335500:2335500 [1] NCCL INFO Channel 14/0 : 1[1] -> 0[0] via P2P/CUMEM
pluto-prod-yutengl-dev-202-3-0:2335500:2335500 [1] NCCL INFO Channel 15/0 : 1[1] -> 0[0] via P2P/CUMEM
pluto-prod-yutengl-dev-202-3-0:2335500:2335500 [1] NCCL INFO Channel 16/0 : 1[1] -> 0[0] via P2P/CUMEM
pluto-prod-yutengl-dev-202-3-0:2335500:2335500 [1] NCCL INFO Channel 17/0 : 1[1] -> 0[0] via P2P/CUMEM
pluto-prod-yutengl-dev-202-3-0:2335500:2335500 [1] NCCL INFO Channel 18/0 : 1[1] -> 0[0] via P2P/CUMEM
pluto-prod-yutengl-dev-202-3-0:2335500:2335500 [1] NCCL INFO Channel 19/0 : 1[1] -> 0[0] via P2P/CUMEM
pluto-prod-yutengl-dev-202-3-0:2335500:2335500 [1] NCCL INFO Channel 20/0 : 1[1] -> 0[0] via P2P/CUMEM
pluto-prod-yutengl-dev-202-3-0:2335500:2335500 [1] NCCL INFO Channel 21/0 : 1[1] -> 0[0] via P2P/CUMEM
pluto-prod-yutengl-dev-202-3-0:2335500:2335500 [1] NCCL INFO Channel 22/0 : 1[1] -> 0[0] via P2P/CUMEM
pluto-prod-yutengl-dev-202-3-0:2335500:2335500 [1] NCCL INFO Channel 23/0 : 1[1] -> 0[0] via P2P/CUMEM
pluto-prod-yutengl-dev-202-3-0:2335500:2335500 [1] NCCL INFO Connected all rings, use ring PXN 0 GDR 1
pluto-prod-yutengl-dev-202-3-0:2335500:2335500 [1] NCCL INFO Rank 1 has color with NCCL_SPLIT_NOCOLOR, not creating a new communicator
pluto-prod-yutengl-dev-202-3-0:2335500:2335500 [1] NCCL INFO Rank 1 has color with NCCL_SPLIT_NOCOLOR, not creating a new communicator
pluto-prod-yutengl-dev-202-3-0:2335500:2335500 [1] NCCL INFO Rank 1 has color with NCCL_SPLIT_NOCOLOR, not creating a new communicator
pluto-prod-yutengl-dev-202-3-0:2335500:2335500 [1] NCCL INFO Rank 1 has color with NCCL_SPLIT_NOCOLOR, not creating a new communicator
pluto-prod-yutengl-dev-202-3-0:2335500:2335500 [1] NCCL INFO Rank 1 has color with NCCL_SPLIT_NOCOLOR, not creating a new communicator
pluto-prod-yutengl-dev-202-3-0:2335500:2335500 [1] NCCL INFO Rank 1 has color with NCCL_SPLIT_NOCOLOR, not creating a new communicator
pluto-prod-yutengl-dev-202-3-0:2335500:2335500 [1] NCCL INFO Rank 1 has color with NCCL_SPLIT_NOCOLOR, not creating a new communicator
pluto-prod-yutengl-dev-202-3-0:2335500:2335500 [1] NCCL INFO Rank 1 has color with NCCL_SPLIT_NOCOLOR, not creating a new communicator
pluto-prod-yutengl-dev-202-3-0:2335500:2335500 [1] NCCL INFO Rank 1 has color with NCCL_SPLIT_NOCOLOR, not creating a new communicator
pluto-prod-yutengl-dev-202-3-0:2335500:2335500 [1] NCCL INFO Rank 1 has color with NCCL_SPLIT_NOCOLOR, not creating a new communicator
pluto-prod-yutengl-dev-202-3-0:2335500:2335500 [1] NCCL INFO Rank 1 has color with NCCL_SPLIT_NOCOLOR, not creating a new communicator
pluto-prod-yutengl-dev-202-3-0:2335500:2335500 [1] NCCL INFO Comm config Blocking set to 1
pluto-prod-yutengl-dev-202-3-0:2335500:2335500 [1] NCCL INFO Initialized NET plugin Socket
pluto-prod-yutengl-dev-202-3-0:2335500:2335500 [1] NCCL INFO Assigned NET plugin Socket to comm
pluto-prod-yutengl-dev-202-3-0:2335500:2335500 [1] NCCL INFO Failed to initialize any GIN plugin
pluto-prod-yutengl-dev-202-3-0:2335500:2335500 [1] NCCL INFO Using network Socket
pluto-prod-yutengl-dev-202-3-0:2335500:2335500 [1] NCCL INFO ncclCommSplit comm 0x55c0c4ac2bb0 rank 1 nranks 2 cudaDev 1 nvmlDev 1 busId 75000 parent 0x55c0bb1c2cf0 childCount 16 color 2130503744 key 1- Init START
pluto-prod-yutengl-dev-202-3-0:2335500:2335500 [1] NCCL INFO MNNVL busId 0x75000 fabric UUID 0.0 cliqueId 0x0 state 3 healthMask 0x0
pluto-prod-yutengl-dev-202-3-0:2335500:2335500 [1] NCCL INFO ncclTopoGetCpuAffinity: Affinity for GPU 1 is 0-47,96-143. (GPU affinity = 0-47,96-143 ; CPU affinity = 0-47,96-143).
pluto-prod-yutengl-dev-202-3-0:2335500:2335500 [1] NCCL INFO NVLS multicast support is available on dev 1 (NVLS_NCHANNELS 16)
pluto-prod-yutengl-dev-202-3-0:2335500:2335500 [1] NCCL INFO comm 0x55c0c4ac2bb0 rank 1 nRanks 2 nNodes 1 localRanks 2 localRank 1 MNNVL 0
pluto-prod-yutengl-dev-202-3-0:2335500:233550new communicator
pluto-prod-yutengl-dev-202-3-0:2335499:2335499 [0] NCCL INFO Rank 0 has color with NCCL_SPLIT_NOCOLOR, not creating a new communicator
pluto-prod-yutengl-dev-202-3-0:2335499:2335499 [0] NCCL INFO Rank 0 has color with NCCL_SPLIT_NOCOLOR, not creating a new communicator
pluto-prod-yutengl-dev-202-3-0:2335499:2335499 [0] NCCL INFO Rank 0 has color with NCCL_SPLIT_NOCOLOR, not creating a new communicator
pluto-prod-yutengl-dev-202-3-0:2335499:2335499 [0] NCCL INFO Rank 0 has color with NCCL_SPLIT_NOCOLOR, not creating a new communicator
pluto-prod-yutengl-dev-202-3-0:2335499:2335499 [0] NCCL INFO Rank 0 has color with NCCL_SPLIT_NOCOLOR, not creating a new communicator
pluto-prod-yutengl-dev-202-3-0:2335499:2335499 [0] NCCL INFO Comm config Blocking set to 1
pluto-prod-yutengl-dev-202-3-0:2335499:2335499 [0] NCCL INFO Initialized NET plugin Socket
pluto-prod-yutengl-dev-202-3-0:2335499:2335499 [0] NCCL INFO Assigned NET plugin Socket to comm
pluto-prod-yutengl-dev-202-3-0:2335499:2335499 [0] NCCL INFO Failed to initialize any GIN plugin
pluto-prod-yutengl-dev-202-3-0:2335499:2335499 [0] NCCL INFO Using network Socket
pluto-prod-yutengl-dev-202-3-0:2335499:2335499 [0] NCCL INFO ncclCommSplit comm 0x55a25a927a30 rank 0 nranks 2 cudaDev 0 nvmlDev 0 busId 64000 parent 0x55a251027010 childCount 16 color 2130503744 key 0- Init START
pluto-prod-yutengl-dev-202-3-0:2335499:2335499 [0] NCCL INFO MNNVL busId 0x64000 fabric UUID 0.0 cliqueId 0x0 state 3 healthMask 0x0
pluto-prod-yutengl-dev-202-3-0:2335499:2335499 [0] NCCL INFO ncclTopoGetCpuAffinity: Affinity for GPU 0 is 0-47,96-143. (GPU affinity = 0-47,96-143 ; CPU affinity = 0-47,96-143).
pluto-prod-yutengl-dev-202-3-0:2335499:2335499 [0] NCCL INFO NVLS multicast support is available on dev 0 (NVLS_NCHANNELS 16)
pluto-prod-yutengl-dev-202-3-0:2335499:2335499 [0] NCCL INFO comm 0x55a25a927a30 rank 0 nRanks 2 nNodes 1 localRanks 2 localRank 0 MNNVL 0
pluto-prod-yutengl-dev-202-3-0:2335499:2335499 [0] NCCL INFO Channel 00/24 : 0 1
pluto-prod-yutengl-dev-202-3-0:2335499:2335499 [0] NCCL INFO Channel 01/24 : 0 1
pluto-prod-yutengl-dev-202-3-0:2335499:2335499 [0] NCCL INFO Channel 02/24 : 0 1
pluto-prod-yutengl-dev-202-3-0:2335499:2335499 [0] NCCL INFO Channel 03/24 : 0 1
pluto-prod-yutengl-dev-202-3-0:2335499:2335499 [0] NCCL INFO Channel 04/24 : 0 1
pluto-prod-yutengl-dev-202-3-0:2335499:2335499 [0] NCCL INFO Channel 05/24 : 0 1
pluto-prod-yutengl-dev-202-3-0:2335499:2335499 [0] NCCL INFO Channel 06/24 : 0 1
pluto-prod-yutengl-dev-202-3-0:2335499:2335499 [0] NCCL INFO Channel 07/24 : 0 1
pluto-prod-yutengl-dev-202-3-0:2335499:2335499 [0] NCCL INFO Channel 08/24 : 0 1
pluto-prod-yutengl-dev-202-3-0:2335499:2335499 [0] NCCL INFO Channel 09/24 : 0 1
pluto-prod-yutengl-dev-202-3-0:2335499:2335499 [0] NCCL INFO Channel 10/24 : 0 1
pluto-prod-yutengl-dev-202-3-0:2335499:2335499 [0] NCCL INFO Channel 11/24 : 0 1
pluto-prod-yutengl-dev-202-3-0:2335499:2335499 [0] NCCL INFO Channel 12/24 : 0 1
pluto-prod-yutengl-dev-202-3-0:2335499:2335499 [0] NCCL INFO Channel 13/24 : 0 1
pluto-prod-yutengl-dev-202-3-0:2335499:2335499 [0] NCCL INFO Channel 14/24 : 0 1
pluto-prod-yutengl-dev-202-3-0:2335499:2335499 [0] NCCL INFO Channel 15/24 : 0 1
pluto-prod-yutengl-dev-202-3-0:2335499:2335499 [0] NCCL INFO Channel 16/24 : 0 1
pluto-prod-yutengl-dev-202-3-0:2335499:2335499 [0] NCCL INFO Channel 17/24 : 0 1
pluto-prod-yutengl-dev-202-3-0:2335499:2335499 [0] NCCL INFO Channel 18/24 : 0 1
pluto-prod-yutengl-dev-202-3-0:2335499:2335499 [0] NCCL INFO Channel 19/24 : 0 1
pluto-prod-yutengl-dev-202-3-0:2335499:2335499 [0] NCCL INFO Channel 20/24 : 0 1
pluto-prod-yutengl-dev-202-3-0:2335499:2335499 [0] NCCL INFO Channel 21/24 : 0 1
pluto-prod-yutengl-dev-202-3-0:2335499:2335499 [0] NCCL INFO Channel 22/24 : 0 1
pluto-prod-yutengl-dev-202-3-0:2335499:2335499 [0] NCCL INFO Channel 23/24 : 0 1
pluto-prod-yutengl-dev-202-3-0:2335499:2335499 [0] NCCL INFO Trees [0] 1/-1/-1->0->-1 [1] 1/-1/-1->0->-1 [2] 1/-1/-1->0->-1 [3] 1/-1/-1->0->-1 [4] 1/-1/-1->0->-1 [5] 1/-1/-1->0->-1 [6] -1/-1/-1->0->1 [7] -1/-1/-1[09-15 17:40:59] Found nccl from library libnccl.so.2
[09-15 17:40:59] sglang-diffusion is using nccl==2.29.7
->0->1 [8] -1/-1/-1->0->1 [9] -1/-1/-1->0->1 [10] -1/-1/-1->0->1 [11] -1/-1/-1->0->1 [12] 1/-1/-1->0->-1 [13] 1/-1/-1->0->-1 [14] 1/-1/-1->0->-1 [15] 1/-1/-1->0->-1 [16] 1/-1/-1->0->-1 [17] 1/-1/-1->0->-1 [18] -1/-1/-1->0->1 [19] -1/-1/-1->0->1 [20] -1/-1/-1->0->1 [21] -1/-1/-1->0->1 [22] -1/-1/-1->0->1 [23] -1/-1/-1->0->1
pluto-prod-yutengl-dev-202-3-0:2335499:2335499 [0] NCCL INFO P2P Chunksize set to 524288
pluto-prod-yutengl-dev-202-3-0:2335499:2335499 [0] NCCL INFO Check P2P Type isAllDirectP2p 1 directMode 0 isAllCudaP2p 1
pluto-prod-yutengl-dev-202-3-0:2335499:2336277 [0] NCCL INFO [Proxy Service] Device 0 CPU core 112
pluto-prod-yutengl-dev-202-3-0:2335499:2336279 [0] NCCL INFO [Proxy Service UDS] Device 0 CPU core 35
pluto-prod-yutengl-dev-202-3-0:2335499:2335499 [0] NCCL INFO NET/OFI Region base Tuner is chosen for platform: p5.48xlarge
pluto-prod-yutengl-dev-202-3-0:2335499:2335499 [0] NCCL INFO NET/OFI Region Tuner init (platform 0): comm with 2 ranks and 1 nodes.
pluto-prod-yutengl-dev-202-3-0:2335499:2335499 [0] NCCL INFO NET/OFI Tuner init: comm with 2 ranks and 1 nodes.
pluto-prod-yutengl-dev-202-3-0:2335499:2335499 [0] NCCL INFO threadThresholds 8/8/64 | 16/8/64 | 512 | 512
pluto-prod-yutengl-dev-202-3-0:2335499:2335499 [0] NCCL INFO 24 coll channels, 24 collnet channels, 16 nvls channels, 32 p2p channels, 32 p2p channels per peer
pluto-prod-yutengl-dev-202-3-0:2335499:2335499 [0] NCCL INFO Symmetric VA size=80GB
pluto-prod-yutengl-dev-202-3-0:2335499:2335499 [0] NCCL INFO CC Off, workFifoBytes 1048576
pluto-prod-yutengl-dev-202-3-0:2335499:2335499 [0] NCCL INFO ncclCommSplit comm 0x55a25a927a30 rank 0 nranks 2 cudaDev 0 nvmlDev 0 busId 64000 parent 0x55a251027010 childCount 16 color 2130503744 key 0 - Init COMPLETE
pluto-prod-yutengl-dev-202-3-0:2335499:2335499 [0] NCCL INFO Init timings - ncclCommSplit: rank 0 nranks 2 total 0.12 (kernels 0.00, alloc 0.00, bootstrap 0.00, allgathers 0.00, topo 0.02, graphs 0.00, connections 0.08, rest 0.01)
pluto-prod-yutengl-dev-202-3-0:2335499:2335499 [0] NCCL INFO Initialized NET plugin Socket
pluto-prod-yutengl-dev-202-3-0:2335499:2335499 [0] NCCL INFO Assigned NET plugin Socket to comm
pluto-prod-yutengl-dev-202-3-0:2335499:2335499 [0] NCCL INFO Failed to initialize any GIN plugin
pluto-prod-yutengl-dev-202-3-0:2335499:2335499 [0] NCCL INFO Using network Socket
pluto-prod-yutengl-dev-202-3-0:2335499:2335499 [0] NCCL INFO [Rank 0] ncclCommInitRank comm 0x55a25acccfc0 rank 0 nranks 2 cudaDev 0 nvmlDev 0 busId 64000 commId 0xcf677c4e98cc3a39 - Init START
pluto-prod-yutengl-dev-202-3-0:2335499:2335499 [0] NCCL INFO Bootstrap timings total 0.000775 (create 0.000051, send 0.000125, recv 0.000383, ring 0.000038, delay 0.000000)
pluto-prod-yutengl-dev-202-3-0:2335499:2335499 [0] NCCL INFO MNNVL busId 0x64000 fabric UUID 0.0 cliqueId 0x0 state 3 healthMask 0x0
pluto-prod-yutengl-dev-202-3-0:2335499:2335499 [0] NCCL INFO ncclTopoGetCpuAffinity: Affinity for GPU 0 is 0-47,96-143. (GPU affinity = 0-47,96-143 ; CPU affinity = 0-47,96-143).
pluto-prod-yutengl-dev-202-3-0:2335499:2335499 [0] NCCL INFO NVLS multicast support is available on dev 0 (NVLS_NCHANNELS 16)
pluto-prod-yutengl-dev-202-3-0:2335499:2335499 [0] NCCL INFO comm 0x55a25acccfc0 rank 0 nRanks 2 nNodes 1 localRanks 2 localRank 0 MNNVL 0
pluto-prod-yutengl-dev-202-3-0:2335499:2335499 [0] NCCL INFO Channel 00/24 : 0 1
pluto-prod-yutengl-dev-202-3-0:2335499:2335499 [0] NCCL INFO Channel 01/24 : 0 1
pluto-prod-yutengl-dev-202-3-0:2335499:2335499 [0] NCCL INFO Channel 02/24 : 0 1
pluto-prod-yutengl-dev-202-3-0:2335499:2335499 [0] NCCL INFO Channel 03/24 : 0 1
pluto-prod-yutengl-dev-202-3-0:2335499:2335499 [0] NCCL INFO Channel 04/24 : 0 1
pluto-prod-yutengl-dev-202-3-0:2335499:2335499 [0] NCCL INFO Channel 05/24 : 0 1
pluto-prod-yutengl-dev-202-3-0:2335499:2335499 [0] NCCL INFO Channel 06/24 : 0 1
pluto-prod-yutengl-dev-202-3-0:2335499:2335499 [0] NCCL INFO Channel 07/24 : 0 1
pluto-prod-yutengl-dev-202-3-0:2335499:2335499 [0] NCCL INFO Channel 08/24 : 0 1
pluto-prod-yutengl-dev-202-3-0:2335499:2335499 [0] NCCL INFO Ch0 [1] NCCL INFO Trees [0] -1/-1/-1->1->0 [1] -1/-1/-1->1->0 [2] -1/-1/-1->1->0 [3] -1/-1/-1->1->0 [4] -1/-1/-1->1->0 [5] -1/-1/-1->1->0 [6] 0/-1/-1->1->-1 [7] 0/-1/-1->1->-1 [8] 0/-1/-1->1->-1 [9] 0/-1/-1->1->-1 [10] 0/-1/-1->1->-1 [11] 0/-1/-1->1->-1 [12] -1/-1/-1->1->0 [13] -1/-1/-1->1->0 [14] -1/-1/-1->1->0 [15] -1/-1/-1->1->0 [16] -1/-1/-1->1->0 [17] -1/-1/-1->1->0 [18] 0/-1/-1->1->-1 [19] 0/-1/-1->1->-1 [20] 0/-1/-1->1->-1 [21] 0/-1/-1->1->-1 [22] 0/-1/-1->1->-1 [23] 0/-1/-1->1->-1
pluto-prod-yutengl-dev-202-3-0:2335500:2335500 [1] NCCL INFO P2P Chunksize set to 524288
pluto-prod-yutengl-dev-202-3-0:2335500:2335500 [1] NCCL INFO Check P2P Type isAllDirectP2p 1 directMode 0 isAllCudaP2p 1
pluto-prod-yutengl-dev-202-3-0:2335500:2336278 [0] NCCL INFO [Proxy Service UDS] Device 1 CPU core 40
pluto-prod-yutengl-dev-202-3-0:2335500:2336276 [0] NCCL INFO [Proxy Service] Device 1 CPU core 12
pluto-prod-yutengl-dev-202-3-0:2335500:2335500 [1] NCCL INFO NET/OFI Region base Tuner is chosen for platform: p5.48xlarge
pluto-prod-yutengl-dev-202-3-0:2335500:2335500 [1] NCCL INFO NET/OFI Region Tuner init (platform 0): comm with 2 ranks and 1 nodes.
pluto-prod-yutengl-dev-202-3-0:2335500:2335500 [1] NCCL INFO NET/OFI Tuner init: comm with 2 ranks and 1 nodes.
pluto-prod-yutengl-dev-202-3-0:2335500:2335500 [1] NCCL INFO threadThresholds 8/8/64 | 16/8/64 | 512 | 512
pluto-prod-yutengl-dev-202-3-0:2335500:2335500 [1] NCCL INFO 24 coll channels, 24 collnet channels, 16 nvls channels, 32 p2p channels, 32 p2p channels per peer
pluto-prod-yutengl-dev-202-3-0:2335500:2335500 [1] NCCL INFO Symmetric VA size=80GB
pluto-prod-yutengl-dev-202-3-0:2335500:2335500 [1] NCCL INFO ncclCommSplit comm 0x55c0c4ac2bb0 rank 1 nranks 2 cudaDev 1 nvmlDev 1 busId 75000 parent 0x55c0bb1c2cf0 childCount 16 color 2130503744 key 1 - Init COMPLETE
pluto-prod-yutengl-dev-202-3-0:2335500:2335500 [1] NCCL INFO Init timings - ncclCommSplit: rank 1 nranks 2 total 0.12 (kernels 0.00, alloc 0.00, bootstrap 0.00, allgathers 0.00, topo 0.02, graphs 0.00, connections 0.08, rest 0.01)
pluto-prod-yutengl-dev-202-3-0:2335500:2335500 [1] NCCL INFO Initialized NET plugin Socket
pluto-prod-yutengl-dev-202-3-0:2335500:2335500 [1] NCCL INFO Assigned NET plugin Socket to comm
pluto-prod-yutengl-dev-202-3-0:2335500:2335500 [1] NCCL INFO Failed to initialize any GIN plugin
pluto-prod-yutengl-dev-202-3-0:2335500:2335500 [1] NCCL INFO Using network Socket
pluto-prod-yutengl-dev-202-3-0:2335500:2335500 [1] NCCL INFO [Rank 1] ncclCommInitRank comm 0x55c0c4e67b30 rank 1 nranks 2 cudaDev 1 nvmlDev 1 busId 75000 commId 0xcf677c4e98cc3a39 - Init START
pluto-prod-yutengl-dev-202-3-0:2335500:2335500 [1] NCCL INFO Bootstrap timings total 0.000765 (create 0.000055, send 0.000121, recv 0.000286, ring 0.000033, delay 0.000000)
pluto-prod-yutengl-dev-202-3-0:2335500:2335500 [1] NCCL INFO MNNVL busId 0x75000 fabric UUID 0.0 cliqueId 0x0 state 3 healthMask 0x0
pluto-prod-yutengl-dev-202-3-0:2335500:2335500 [1] NCCL INFO ncclTopoGetCpuAffinity: Affinity for GPU 1 is 0-47,96-143. (GPU affinity = 0-47,96-143 ; CPU affinity = 0-47,96-143).
pluto-prod-yutengl-dev-202-3-0:2335500:2335500 [1] NCCL INFO NVLS multicast support is available on dev 1 (NVLS_NCHANNELS 16)
pluto-prod-yutengl-dev-202-3-0:2335500:2335500 [1] NCCL INFO comm 0x55c0c4e67b30 rank 1 nRanks 2 nNodes 1 localRanks 2 localRank 1 MNNVL 0
pluto-prod-yutengl-dev-202-3-0:2335500:2335500 [1] NCCL INFO Trees [0] -1/-1/-1->1->0 [1] -1/-1/-1->1->0 [2] -1/-1/-1->1->0 [3] -1/-1/-1->1->0 [4] -1/-1/-1->1->0 [5] -1/-1/-1->1->0 [6] 0/-1/-1->1->-1 [7] 0/-1/-1->1->-1 [8] 0/-1/-1->1->-1 [9] 0/-1/-1->1->-1 [10] 0/-1/-1->1->-1 [11] 0/-1/-1->1->-1 [12] -1/-1/-1->1->0 [13] -1/-1/-1->1->0 [14] -1/-1/-1->1->0 [15] -1/-1/-1->1->0 [16] -1/-1/-1->1->0 [17] -1/-1/-1->1->0 [18] 0/-1/-1->1->-1 [19] 0/-1/-1->1->-1 [20] 0/-1/-1->1->-1 [21] 0/-1/-1->1->-1 [22] 0/-1/-1->1->-1 [23] 0/-1/-1->1->-1
pluto-prod-yutengl-dev-202-3-0:2335500:2335500 [1] NCCL INFO P2P Chunksize set to 524288
pluto-prod-yutengl-dev-202-3-0:2335500:2335500 [1] NCCL INFO Check P2P Type isAllDirectP2p annel 09/24 : 0 1
pluto-prod-yutengl-dev-202-3-0:2335499:2335499 [0] NCCL INFO Channel 10/24 : 0 1
pluto-prod-yutengl-dev-202-3-0:2335499:2335499 [0] NCCL INFO Channel 11/24 : 0 1
pluto-prod-yutengl-dev-202-3-0:2335499:2335499 [0] NCCL INFO Channel 12/24 : 0 1
pluto-prod-yutengl-dev-202-3-0:2335499:2335499 [0] NCCL INFO Channel 13/24 : 0 1
pluto-prod-yutengl-dev-202-3-0:2335499:2335499 [0] NCCL INFO Channel 14/24 : 0 1
pluto-prod-yutengl-dev-202-3-0:2335499:2335499 [0] NCCL INFO Channel 15/24 : 0 1
pluto-prod-yutengl-dev-202-3-0:2335499:2335499 [0] NCCL INFO Channel 16/24 : 0 1
pluto-prod-yutengl-dev-202-3-0:2335499:2335499 [0] NCCL INFO Channel 17/24 : 0 1
pluto-prod-yutengl-dev-202-3-0:2335499:2335499 [0] NCCL INFO Channel 18/24 : 0 1
pluto-prod-yutengl-dev-202-3-0:2335499:2335499 [0] NCCL INFO Channel 19/24 : 0 1
pluto-prod-yutengl-dev-202-3-0:2335499:2335499 [0] NCCL INFO Channel 20/24 : 0 1
pluto-prod-yutengl-dev-202-3-0:2335499:2335499 [0] NCCL INFO Channel 21/24 : 0 1
pluto-prod-yutengl-dev-202-3-0:2335499:2335499 [0] NCCL INFO Channel 22/24 : 0 1
pluto-prod-yutengl-dev-202-3-0:2335499:2335499 [0] NCCL INFO Channel 23/24 : 0 1
pluto-prod-yutengl-dev-202-3-0:2335499:2335499 [0] NCCL INFO Trees [0] 1/-1/-1->0->-1 [1] 1/-1/-1->0->-1 [2] 1/-1/-1->0->-1 [3] 1/-1/-1->0->-1 [4] 1/-1/-1->0->-1 [5] 1/-1/-1->0->-1 [6] -1/-1/-1->0->1 [7] -1/-1/-1->0->1 [8] -1/-1/-1->0->1 [9] -1/-1/-1->0->1 [10] -1/-1/-1->0->1 [11] -1/-1/-1->0->1 [12] 1/-1/-1->0->-1 [13] 1/-1/-1->0->-1 [14] 1/-1/-1->0->-1 [15] 1/-1/-1->0->-1 [16] 1/-1/-1->0->-1 [17] 1/-1/-1->0->-1 [18] -1/-1/-1->0->1 [19] -1/-1/-1->0->1 [20] -1/-1/-1->0->1 [21] -1/-1/-1->0->1 [22] -1/-1/-1->0->1 [23] -1/-1/-1->0->1
pluto-prod-yutengl-dev-202-3-0:2335499:2335499 [0] NCCL INFO P2P Chunksize set to 524288
pluto-prod-yutengl-dev-202-3-0:2335499:2335499 [0] NCCL INFO Check P2P Type isAllDirectP2p 1 directMode 0 isAllCudaP2p 1
pluto-prod-yutengl-dev-202-3-0:2335499:2336287 [0] NCCL INFO [Proxy Service] Device 0 CPU core 21
pluto-prod-yutengl-dev-202-3-0:2335499:2336288 [0] NCCL INFO [Proxy Service UDS] Device 0 CPU core 14
pluto-prod-yutengl-dev-202-3-0:2335499:2335499 [0] NCCL INFO NET/OFI Region base Tuner is chosen for platform: p5.48xlarge
pluto-prod-yutengl-dev-202-3-0:2335499:2335499 [0] NCCL INFO NET/OFI Region Tuner init (platform 0): comm with 2 ranks and 1 nodes.
pluto-prod-yutengl-dev-202-3-0:2335499:2335499 [0] NCCL INFO NET/OFI Tuner init: comm with 2 ranks and 1 nodes.
pluto-prod-yutengl-dev-202-3-0:2335499:2335499 [0] NCCL INFO threadThresholds 8/8/64 | 16/8/64 | 512 | 512
pluto-prod-yutengl-dev-202-3-0:2335499:2335499 [0] NCCL INFO 24 coll channels, 24 collnet channels, 16 nvls channels, 32 p2p channels, 32 p2p channels per peer
pluto-prod-yutengl-dev-202-3-0:2335499:2335499 [0] NCCL INFO Symmetric VA size=80GB
pluto-prod-yutengl-dev-202-3-0:2335499:2335499 [0] NCCL INFO CC Off, workFifoBytes 1048576
pluto-prod-yutengl-dev-202-3-0:2335499:2335499 [0] NCCL INFO ncclCommInitRank comm 0x55a25acccfc0 rank 0 nranks 2 cudaDev 0 nvmlDev 0 busId 64000 commId 0xcf677c4e98cc3a39 - Init COMPLETE
pluto-prod-yutengl-dev-202-3-0:2335499:2335499 [0] NCCL INFO Init timings - ncclCommInitRank: rank 0 nranks 2 total 0.11 (kernels 0.00, alloc 0.00, bootstrap 0.00, allgathers 0.00, topo 0.02, graphs 0.00, connections 0.08, rest 0.01)
pluto-prod-yutengl-dev-202-3-0:2335499:2335499 [0] NCCL INFO Symmetric VA size=80GB
pluto-prod-yutengl-dev-202-3-0:2335499:2335499 [0] NCCL INFO Channel 00/0 : 0[0] -> 1[1] via P2P/CUMEM
pluto-prod-yutengl-dev-202-3-0:2335499:2335499 [0] NCCL INFO Channel 01/0 : 0[0] -> 1[1] via P2P/CUMEM
pluto-prod-yutengl-dev-202-3-0:2335499:2335499 [0] NCCL INFO Channel 02/0 : 0[0] -> 1[1] via P2P/CUMEM
pluto-prod-yutengl-dev-202-3-0:2335499:2335499 [0] NCCL INFO Channel 03/0 : 0[0] -> 1[1] via P2P/CUMEM
pluto-prod-yutengl-dev-202-3-0:2335499:2335499 [0] NCCL INFO Channel 04/0 : 0[0] -> 1[1] via P2P/CUMEM
pluto-prod-yutengl-dev-202-3-0:2335499:2335499 [0] NCCL INFO Channel 05/0 : 0[0] -> 1[1] via P2P/CUMEM
pluto-prod-yutengl-dev-202-3-0:2335499:2335499 [0] NCCL INFO Cha1 directMode 0 isAllCudaP2p 1
pluto-prod-yutengl-dev-202-3-0:2335500:2336289 [0] NCCL INFO [Proxy Service] Device 1 CPU core 126
pluto-prod-yutengl-dev-202-3-0:2335500:2336290 [0] NCCL INFO [Proxy Service UDS] Device 1 CPU core 21
pluto-prod-yutengl-dev-202-3-0:2335500:2335500 [1] NCCL INFO NET/OFI Region base Tuner is chosen for platform: p5.48xlarge
pluto-prod-yutengl-dev-202-3-0:2335500:2335500 [1] NCCL INFO NET/OFI Region Tuner init (platform 0): comm with 2 ranks and 1 nodes.
pluto-prod-yutengl-dev-202-3-0:2335500:2335500 [1] NCCL INFO NET/OFI Tuner init: comm with 2 ranks and 1 nodes.
pluto-prod-yutengl-dev-202-3-0:2335500:2335500 [1] NCCL INFO threadThresholds 8/8/64 | 16/8/64 | 512 | 512
pluto-prod-yutengl-dev-202-3-0:2335500:2335500 [1] NCCL INFO 24 coll channels, 24 collnet channels, 16 nvls channels, 32 p2p channels, 32 p2p channels per peer
pluto-prod-yutengl-dev-202-3-0:2335500:2335500 [1] NCCL INFO Symmetric VA size=80GB
pluto-prod-yutengl-dev-202-3-0:2335500:2335500 [1] NCCL INFO ncclCommInitRank comm 0x55c0c4e67b30 rank 1 nranks 2 cudaDev 1 nvmlDev 1 busId 75000 commId 0xcf677c4e98cc3a39 - Init COMPLETE
pluto-prod-yutengl-dev-202-3-0:2335500:2335500 [1] NCCL INFO Init timings - ncclCommInitRank: rank 1 nranks 2 total 0.11 (kernels 0.00, alloc 0.00, bootstrap 0.00, allgathers 0.00, topo 0.02, graphs 0.00, connections 0.08, rest 0.01)
pluto-prod-yutengl-dev-202-3-0:2335500:2335500 [1] NCCL INFO Symmetric VA size=80GB
pluto-prod-yutengl-dev-202-3-0:2335500:2335500 [1] NCCL INFO Channel 00/0 : 1[1] -> 0[0] via P2P/CUMEM
pluto-prod-yutengl-dev-202-3-0:2335500:2335500 [1] NCCL INFO Channel 01/0 : 1[1] -> 0[0] via P2P/CUMEM
pluto-prod-yutengl-dev-202-3-0:2335500:2335500 [1] NCCL INFO Channel 02/0 : 1[1] -> 0[0] via P2P/CUMEM
pluto-prod-yutengl-dev-202-3-0:2335500:2335500 [1] NCCL INFO Channel 03/0 : 1[1] -> 0[0] via P2P/CUMEM
pluto-prod-yutengl-dev-202-3-0:2335500:2335500 [1] NCCL INFO Channel 04/0 : 1[1] -> 0[0] via P2P/CUMEM
pluto-prod-yutengl-dev-202-3-0:2335500:2335500 [1] NCCL INFO Channel 05/0 : 1[1] -> 0[0] via P2P/CUMEM
pluto-prod-yutengl-dev-202-3-0:2335500:2335500 [1] NCCL INFO Channel 06/0 : 1[1] -> 0[0] via P2P/CUMEM
pluto-prod-yutengl-dev-202-3-0:2335500:2335500 [1] NCCL INFO Channel 07/0 : 1[1] -> 0[0] via P2P/CUMEM
pluto-prod-yutengl-dev-202-3-0:2335500:2335500 [1] NCCL INFO Channel 08/0 : 1[1] -> 0[0] via P2P/CUMEM
pluto-prod-yutengl-dev-202-3-0:2335500:2335500 [1] NCCL INFO Channel 09/0 : 1[1] -> 0[0] via P2P/CUMEM
pluto-prod-yutengl-dev-202-3-0:2335500:2335500 [1] NCCL INFO Channel 10/0 : 1[1] -> 0[0] via P2P/CUMEM
pluto-prod-yutengl-dev-202-3-0:2335500:2335500 [1] NCCL INFO Channel 11/0 : 1[1] -> 0[0] via P2P/CUMEM
pluto-prod-yutengl-dev-202-3-0:2335500:2335500 [1] NCCL INFO Channel 12/0 : 1[1] -> 0[0] via P2P/CUMEM
pluto-prod-yutengl-dev-202-3-0:2335500:2335500 [1] NCCL INFO Channel 13/0 : 1[1] -> 0[0] via P2P/CUMEM
pluto-prod-yutengl-dev-202-3-0:2335500:2335500 [1] NCCL INFO Channel 14/0 : 1[1] -> 0[0] via P2P/CUMEM
pluto-prod-yutengl-dev-202-3-0:2335500:2335500 [1] NCCL INFO Channel 15/0 : 1[1] -> 0[0] via P2P/CUMEM
pluto-prod-yutengl-dev-202-3-0:2335500:2335500 [1] NCCL INFO Channel 16/0 : 1[1] -> 0[0] via P2P/CUMEM
pluto-prod-yutengl-dev-202-3-0:2335500:2335500 [1] NCCL INFO Channel 17/0 : 1[1] -> 0[0] via P2P/CUMEM
pluto-prod-yutengl-dev-202-3-0:2335500:2335500 [1] NCCL INFO Channel 18/0 : 1[1] -> 0[0] via P2P/CUMEM
pluto-prod-yutengl-dev-202-3-0:2335500:2335500 [1] NCCL INFO Channel 19/0 : 1[1] -> 0[0] via P2P/CUMEM
pluto-prod-yutengl-dev-202-3-0:2335500:2335500 [1] NCCL INFO Channel 20/0 : 1[1] -> 0[0] via P2P/CUMEM
pluto-prod-yutengl-dev-202-3-0:2335500:2335500 [1] NCCL INFO Channel 21/0 : 1[1] -> 0[0] via P2P/CUMEM
pluto-prod-yutengl-dev-202-3-0:2335500:2335500 [1] NCCL INFO Channel 22/0 : 1[1] -> 0[0] via P2P/CUMEM
pluto-prod-yutengl-dev-202-3-0:2335500:2335500 [1] NCCL INFO Channel 23/0 : 1[1] -> 0[0] via P2P/CUMEM
pluto-prod-yutengl-dev-202-3-0:2335500:2335500 [1] NCCL INFO Connected all rings, use ring PXN 0 GDR 1
pluto-prod-yutengl-dev-202-3-0:2335500:2335500 [1] NCCL INFO Comm nnel 06/0 : 0[0] -> 1[1] via P2P/CUMEM
pluto-prod-yutengl-dev-202-3-0:2335499:2335499 [0] NCCL INFO Channel 07/0 : 0[0] -> 1[1] via P2P/CUMEM
pluto-prod-yutengl-dev-202-3-0:2335499:2335499 [0] NCCL INFO Channel 08/0 : 0[0] -> 1[1] via P2P/CUMEM
pluto-prod-yutengl-dev-202-3-0:2335499:2335499 [0] NCCL INFO Channel 09/0 : 0[0] -> 1[1] via P2P/CUMEM
pluto-prod-yutengl-dev-202-3-0:2335499:2335499 [0] NCCL INFO Channel 10/0 : 0[0] -> 1[1] via P2P/CUMEM
pluto-prod-yutengl-dev-202-3-0:2335499:2335499 [0] NCCL INFO Channel 11/0 : 0[0] -> 1[1] via P2P/CUMEM
pluto-prod-yutengl-dev-202-3-0:2335499:2335499 [0] NCCL INFO Channel 12/0 : 0[0] -> 1[1] via P2P/CUMEM
pluto-prod-yutengl-dev-202-3-0:2335499:2335499 [0] NCCL INFO Channel 13/0 : 0[0] -> 1[1] via P2P/CUMEM
pluto-prod-yutengl-dev-202-3-0:2335499:2335499 [0] NCCL INFO Channel 14/0 : 0[0] -> 1[1] via P2P/CUMEM
pluto-prod-yutengl-dev-202-3-0:2335499:2335499 [0] NCCL INFO Channel 15/0 : 0[0] -> 1[1] via P2P/CUMEM
pluto-prod-yutengl-dev-202-3-0:2335499:2335499 [0] NCCL INFO Channel 16/0 : 0[0] -> 1[1] via P2P/CUMEM
pluto-prod-yutengl-dev-202-3-0:2335499:2335499 [0] NCCL INFO Channel 17/0 : 0[0] -> 1[1] via P2P/CUMEM
pluto-prod-yutengl-dev-202-3-0:2335499:2335499 [0] NCCL INFO Channel 18/0 : 0[0] -> 1[1] via P2P/CUMEM
pluto-prod-yutengl-dev-202-3-0:2335499:2335499 [0] NCCL INFO Channel 19/0 : 0[0] -> 1[1] via P2P/CUMEM
pluto-prod-yutengl-dev-202-3-0:2335499:2335499 [0] NCCL INFO Channel 20/0 : 0[0] -> 1[1] via P2P/CUMEM
pluto-prod-yutengl-dev-202-3-0:2335499:2335499 [0] NCCL INFO Channel 21/0 : 0[0] -> 1[1] via P2P/CUMEM
pluto-prod-yutengl-dev-202-3-0:2335499:2335499 [0] NCCL INFO Channel 22/0 : 0[0] -> 1[1] via P2P/CUMEM
pluto-prod-yutengl-dev-202-3-0:2335499:2335499 [0] NCCL INFO Channel 23/0 : 0[0] -> 1[1] via P2P/CUMEM
pluto-prod-yutengl-dev-202-3-0:2335499:2335499 [0] NCCL INFO Connected all rings, use ring PXN 0 GDR 1
pluto-prod-yutengl-dev-202-3-0:2335499:2335499 [0] NCCL INFO Comm config Blocking set to 1
pluto-prod-yutengl-dev-202-3-0:2335499:2335499 [0] NCCL INFO Initialized NET plugin Socket
pluto-prod-yutengl-dev-202-3-0:2335499:2335499 [0] NCCL INFO Assigned NET plugin Socket to comm
pluto-prod-yutengl-dev-202-3-0:2335499:2335499 [0] NCCL INFO Failed to initialize any GIN plugin
pluto-prod-yutengl-dev-202-3-0:2335499:2335499 [0] NCCL INFO Using network Socket
pluto-prod-yutengl-dev-202-3-0:2335499:2335499 [0] NCCL INFO ncclCommSplit comm 0x55a25b0d4950 rank 0 nranks 2 cudaDev 0 nvmlDev 0 busId 64000 parent 0x55a251027010 childCount 17 color 2130503744 key 0- Init START
pluto-prod-yutengl-dev-202-3-0:2335499:2335499 [0] NCCL INFO MNNVL busId 0x64000 fabric UUID 0.0 cliqueId 0x0 state 3 healthMask 0x0
pluto-prod-yutengl-dev-202-3-0:2335499:2335499 [0] NCCL INFO ncclTopoGetCpuAffinity: Affinity for GPU 0 is 0-47,96-143. (GPU affinity = 0-47,96-143 ; CPU affinity = 0-47,96-143).
pluto-prod-yutengl-dev-202-3-0:2335499:2335499 [0] NCCL INFO NVLS multicast support is available on dev 0 (NVLS_NCHANNELS 16)
pluto-prod-yutengl-dev-202-3-0:2335499:2335499 [0] NCCL INFO comm 0x55a25b0d4950 rank 0 nRanks 2 nNodes 1 localRanks 2 localRank 0 MNNVL 0
pluto-prod-yutengl-dev-202-3-0:2335499:2335499 [0] NCCL INFO Channel 00/24 : 0 1
pluto-prod-yutengl-dev-202-3-0:2335499:2335499 [0] NCCL INFO Channel 01/24 : 0 1
pluto-prod-yutengl-dev-202-3-0:2335499:2335499 [0] NCCL INFO Channel 02/24 : 0 1
pluto-prod-yutengl-dev-202-3-0:2335499:2335499 [0] NCCL INFO Channel 03/24 : 0 1
pluto-prod-yutengl-dev-202-3-0:2335499:2335499 [0] NCCL INFO Channel 04/24 : 0 1
pluto-prod-yutengl-dev-202-3-0:2335499:2335499 [0] NCCL INFO Channel 05/24 : 0 1
pluto-prod-yutengl-dev-202-3-0:2335499:2335499 [0] NCCL INFO Channel 06/24 : 0 1
pluto-prod-yutengl-dev-202-3-0:2335499:2335499 [0] NCCL INFO Channel 07/24 : 0 1
pluto-prod-yutengl-dev-202-3-0:2335499:2335499 [0] NCCL INFO Channel 08/24 : 0 1
pluto-prod-yutengl-dev-202-3-0:2335499:2335499 [0] NCCL INFO Channel 09/24 : 0 1
pluto-prod-yutengl-dev-202-3-0:2335499:2335499 [0] NCCL INFO Channel 10/24 : 0 1
pluto-prod-yutengl-dev-202-3-0:2335499:2335499 [0] NCCL INFO Cha[09-15 17:40:59] No pipeline_class_name specified, using model_index.json
[93m[09-15 17:41:00] Skipping pipeline module sglang.multimodal_gen.runtime.pipelines.hunyuan3d_pipeline during discovery due to import failure: Duplicate NCCL runtime found in the current system: /home/colligo/sglang-wiki/envs/run/lib/python3.10/site-packages/nvidia/nccl/lib/libnccl.so.2 and /opt/aws-ofi-nccl/install/lib/libnccl-net-ofi.so[0;0m
[93m[09-15 17:41:00] Skipping pipeline module sglang.multimodal_gen.runtime.pipelines.pi05 during discovery due to import failure: Duplicate NCCL runtime found in the current system: /home/colligo/sglang-wiki/envs/run/lib/python3.10/site-packages/nvidia/nccl/lib/libnccl.so.2 and /opt/aws-ofi-nccl/install/lib/libnccl-net-ofi.so[0;0m
[09-15 17:41:00] Diffusers version: 0.37.1
[09-15 17:41:00] Using pipeline from model_index.json: Cosmos3OmniDiffusersPipeline
[09-15 17:41:00] Loading pipeline modules...
[09-15 17:41:00] Model already exists locally and is complete
[09-15 17:41:00] Model path: /mnt/localssd/models/Cosmos3-Super-fe77b66696d645f663b8f27e942b3b43e4629e23
[09-15 17:41:00] Diffusers version: 0.37.1
[09-15 17:41:00] Model already exists locally and is complete
Loading required modules:   0%|          | 0/5 [00:00<?, ?it/s][09-15 17:41:00] Model path: /mnt/localssd/models/Cosmos3-Super-fe77b66696d645f663b8f27e942b3b43e4629e23
[09-15 17:41:00] Diffusers version: 0.37.1
[09-15 17:41:00] Loading pipeline modules from config: {'_class_name': 'Cosmos3OmniDiffusersPipeline', '_diffusers_version': '0.37.1', 'scheduler': ['diffusers', 'UniPCMultistepScheduler'], 'text_tokenizer': ['transformers', 'Qwen2TokenizerFast'], 'transformer': ['diffusers', 'Cosmos3OmniTransformer'], 'vae': ['diffusers', 'AutoencoderKLWan'], 'vision_encoder': ['transformers', 'Qwen3VLVisionModel'], 'sound_tokenizer': ['diffusers', 'Cosmos3AVAEAudioTokenizer']}
[09-15 17:41:00] Loading required components: ['text_tokenizer', 'vae', 'transformer', 'scheduler', 'sound_tokenizer']
[09-15 17:41:00] Memory-aware component load order: ['transformer', 'sound_tokenizer', 'vae', 'text_tokenizer', 'scheduler']
Loading required modules:   0%|          | 0/5 [00:00<?, ?it/s][09-15 17:41:00] Loading transformer from /mnt/localssd/models/Cosmos3-Super-fe77b66696d645f663b8f27e942b3b43e4629e23/transformer. avail mem: 75.07 GB
[09-15 17:41:00] Loading Cosmos3OmniTransformer from 27 safetensors file(s) , param_dtype: torch.bfloat16

Loading safetensors checkpoint shards: 0%|          | 0/27[A
Loading safetensors checkpoint shards: 4%|▎         | 1/27[A
Loading safetensors checkpoint shards: 7%|▋         | 2/27[A
Loading safetensors checkpoint shards: 11%|█         | 3/27[A
Loading safetensors checkpoint shards: 15%|█▍        | 4/27[A
Loading safetensors checkpoint shards: 19%|█▊        | 5/27[A
Loading safetensors checkpoint shards: 22%|██▏       | 6/27[A
Loading safetensors checkpoint shards: 26%|██▌       | 7/27[A
Loading safetensors checkpoint shards: 30%|██▉       | 8/27[A
Loading safetensors checkpoint shards: 33%|███▎      | 9/27[A
Loading safetensors checkpoint shards: 37%|███▋      | 10/27[A
Loading safetensors checkpoint shards: 41%|████      | 11/27[A
Loading safetensors checkpoint shards: 44%|████▍     | 12/27[A
Loading safetensors checkpoint shards: 48%|████▊     | 13/27[A
Loading safetensors checkpoint shards: 52%|█████▏    | 14/27[A
Loading safetensors checkpoint shards: 56%|█████▌    | 15/27[A
Loading safetensors checkpoint shards: 59%|█████▉    | 16/27[A
Loading safetensors checkpoint shards: 63%|██████▎   | 17/27[A
Loading safetensors checkpoint shards: 67%|██████▋   | 18/27[A
Loading safetensors checkpoint shards: 70%|███████   | 19/27[A
Loading safetensors checkpoint shards: 74%|███████▍  | 20/27[A
Loading safetensors checkpoint shards: 78%|███████▊  | 21/27[A
Loading safetensors checkpoint shards: 81%|████████▏ | 22/27[A
Loading safetensors checkpoint shards: 85%|████████▌ | 23/27[A
Loading safetensors checkpoint shards: 89%|████████▉ | 24/27[A
Loading safetensors checkpoint shards: 93%|█████████▎| 25/27[A
Loading safetensors checkpoint shards: 96%|█████████▋| 26/27[ALoading safetensors checkpoint shards: 100%|██████████| 27/27
Loading required modules:  20%|██        | 1/5 [00:07<00:29,  7.33s/it]/home/colligo/sglang-wiki/envs/run/lib/python3.10/site-packages/torch/nn/utils/weight_norm.py:144: FutureWarning: `torch.nn.utils.weight_norm` is deprecated in favor of `torch.nn.utils.parametrizations.weight_norm`.
  WeightNorm.apply(module, name, dim)
[09-15 17:41:07] Attention backends for transformer: fa
[09-15 17:41:07] Loaded transformer: Cosmos3OmniTransformer (sgl-diffusion version). model size: 117.85 GB, host mmap: 41.30 GB, host pageable: 76.55 GB. avail GPU mem: 75.07 GB
Loading required modules:  20%|██        | 1/5 [00:07<00:29,  7.44s/it][09-15 17:41:07] Loading sound_tokenizer from /mnt/localssd/models/Cosmos3-Super-fe77b66696d645f663b8f27e942b3b43e4629e23/sound_tokenizer. avail mem: 75.07 GB
/home/colligo/sglang-wiki/envs/run/lib/python3.10/site-packages/torch/nn/utils/weight_norm.py:144: FutureWarning: `torch.nn.utils.weight_norm` is deprecated in favor of `torch.nn.utils.parametrizations.weight_norm`.
  WeightNorm.apply(module, name, dim)
Loading required modules:  40%|████      | 2/5 [00:09<00:12,  4.16s/it][09-15 17:41:09] Loaded sound_tokenizer: Cosmos3AVAEAudioTokenizer (sgl-diffusion version). model size: 0.88 GB, vram: 0.88 GB. avail GPU mem: 74.18 GB
Loading required modules:  40%|████      | 2/5 [00:09<00:12,  4.20s/it][09-15 17:41:09] Loading vae from /mnt/localssd/models/Cosmos3-Super-fe77b66696d645f663b8f27e942b3b43e4629e23/vae. avail mem: 74.18 GB
[09-15 17:41:09] vae (VAE) stays on its checkpoint mapping: the deployment is 123.52 GiB of weights against 8.49 GiB of host memory, so copies are host memory the streamed components need more.
[09-15 17:41:09] Wan VAE: spatial-parallel decode; skipping fast path.
[09-15 17:41:09] Loaded vae: AutoencoderKLWan (sgl-diffusion version). model size: 1.31 GB, host mmap: 1.31 GB. avail GPU mem: 74.18 GB
[09-15 17:41:09] Loading text_tokenizer from /mnt/localssd/models/Cosmos3-Super-fe77b66696d645f663b8f27e942b3b43e4629e23/text_tokenizer. avail mem: 74.18 GB
Loading required modules:  80%|████████  | 4/5 [00:09<00:01,  1.78s/it]Loading required modules: 100%|██████████| 5/5 [00:10<00:00,  2.00s/it]
[09-15 17:41:10] Loaded text_tokenizer: Qwen2Tokenizer (sgl-diffusion version). model size: NA GB, weights: none. avail GPU mem: 74.18 GB
Loading required modules:  80%|████████  | 4/5 [00:10<00:01,  1.80s/it][09-15 17:41:10] Loading scheduler from /mnt/localssd/models/Cosmos3-Super-fe77b66696d645f663b8f27e942b3b43e4629e23/scheduler. avail mem: 74.18 GB
[09-15 17:41:10] Overriding scheduler class from UniPCMultistepScheduler to FlowUniPCMultistepScheduler
[09-15 17:41:10] Loaded scheduler: FlowUniPCMultistepScheduler (sgl-diffusion version). model size: NA GB, weights: none. avail GPU mem: 74.18 GB
Loading required modules: 100%|██████████| 5/5 [00:10<00:00,  2.02s/it]
[09-15 17:41:10] Creating pipeline stages...
[93m[09-15 17:41:10] Cosmos3 guardrails disabled because cosmos-guardrail is not installed. Install it with: pip install cosmos-guardrail==0.3.1[0;0m
[09-15 17:41:10] Cosmos3 pipeline stages created successfully (guardrails=False)
[09-15 17:41:10] Pipeline instantiated
[09-15 17:41:10] Layerwise offload host memory: 8.2 GiB available (cgroup cap 292.8 GiB, in use 284.6 GiB)
[09-15 17:41:10] Configuring layerwise offload for transformer (Cosmos3OmniTransformer): gen_layers (64 layers), language_model.layers (64 layers)
[09-15 17:41:10] Layerwise offload: transformer.gen_layers pins 6 of 64 layers (5.45 GiB of 6.23 GiB spendable). Of the rest, 0 are copied into pageable host memory and 58 stay on the checkpoint mapping. Pinning every layer would need 58.13 GiB.
[09-15 17:41:19] Layerwise offload: transformer.language_model.layers pins 0 of 64 layers (0.00 GiB of 0.78 GiB spendable). Of the rest, 0 are copied into pageable host memory and 64 stay on the checkpoint mapping. Pinning every layer would need 58.13 GiB.
[09-15 17:41:25] Layerwise offload: gen_layers ships mapped layers through a courier thread with 2 pinned slots, so their device copies overlap compute instead of stalling it.
[09-15 17:41:26] Layerwise offload: language_model.layers ships mapped layers through a courier thread with 2 pinned slots, so their device copies overlap compute instead of stalling it.
[09-15 17:41:26] Layerwise offload ready for transformer (Cosmos3OmniTransformer) in 16.40s: groups=2, layers=128, prefetch/group=1, resident=2/128, policy=leading
[09-15 17:41:26] Configuring layerwise offload for vae (AutoencoderKLWan): encoder.down_blocks (4 layers), decoder.up_blocks (4 layers)
[09-15 17:41:26] Layerwise offload: vae.decoder.up_blocks pins 0 of 4 layers (0.00 GiB of 0.78 GiB spendable). Of the rest, 0 are copied into pageable host memory and 4 stay on the checkpoint mapping. Pinning every layer would need 0.81 GiB.
[09-15 17:41:32] Layerwise offload: decoder.up_blocks ships mapped layers through a courier thread with 2 pinned slots, so their device copies overlap compute instead of stalling it.
[09-15 17:41:32] Layerwise offload ready for vae (AutoencoderKLWan) in 5.60s: groups=2, layers=8, prefetch/group=1, resident=0/8, policy=leading
[09-15 17:41:32] Layerwise offload summary: transformer (vram: 2.77 GB, host pinned: 5.45 GB, host mmap: 39.32 GB, host pageable: 71.48 GB), vae (vram: 0.32 GB, host pinned: 0.19 GB, host mmap: 0.81 GB)
[09-15 17:41:32] Worker 0: Initialized device, model, and distributed environment.
[09-15 17:41:32] Worker 0: Scheduler loop started.
[09-15 17:41:33] Stage generation control plane started
[09-15 17:41:33] Scheduler thread for stage generation set cuda device to 0
[09-15 17:41:33] Stage generation started
[09-15 17:41:33] Process generation ready with stages=['generation']
[09-15 17:41:33] Diffusers version: 0.37.1
[09-15 17:41:33] Sequence dimension shard is enabled, disabling frame adjustment for better performance
[09-15 17:41:33] Adjusting number of frames from 17 to 17 based on model
[09-15 17:41:33] Running pipeline stages: ['Cosmos3ImagePreprocessStage', 'Cosmos3TokenizationStage', 'Cosmos3LatentPreparationStage', 'Cosmos3TimestepPreparationStage', 'Cosmos3DenoisingStage', 'Cosmos3DecodingStage']
[09-15 17:41:33] [Cosmos3ImagePreprocessStage] started...
[09-15 17:41:35] [Cosmos3ImagePreprocessStage] Preprocessed conditioning video to 17x480x832 (keep=first, source frames=17, padded to 17)
[09-15 17:41:35] [Cosmos3ImagePreprocessStage] finished in 2.3987 seconds
[09-15 17:41:35] [Cosmos3TokenizationStage] started...
[09-15 17:41:35] [Cosmos3TokenizationStage] Action prompt: {"cinematography": {"framing": "This video is captured from a first-person perspective looking at the scene."}, "actions": [{"time": "0:00-0:03", "description": ""}], "duration": "3s", "fps": 5.0, "resolution": {"H": 480, "W": 832}, "aspect_ratio": "16,9"}
[09-15 17:41:35] [Cosmos3TokenizationStage] finished in 0.0219 seconds
[09-15 17:41:35] [Cosmos3LatentPreparationStage] started...
[09-15 17:41:36] [Cosmos3LatentPreparationStage] Prepared V2V latents with conditioning at frames [0, 1, 2, 3, 4]
[09-15 17:41:36] [Cosmos3LatentPreparationStage] Prepared latents with shape (1, 48, 5, 30, 52)
[09-15 17:41:36] [Cosmos3LatentPreparationStage] Prepared action latents with shape (1, 16, 64) (mode=inverse_dynamics, domain_id=1, raw_action_dim=9, start_frame_offset=1)
[09-15 17:41:36] [Cosmos3LatentPreparationStage] finished in 0.5790 seconds
[09-15 17:41:36] [Cosmos3TimestepPreparationStage] started...
[09-15 17:41:36] [Cosmos3TimestepPreparationStage] Prepared 4 timesteps (flow_shift=10.0)
[09-15 17:41:36] [Cosmos3TimestepPreparationStage] finished in 0.0005 seconds
[09-15 17:41:36] [Cosmos3DenoisingStage] started...
[09-15 17:41:36] [Cosmos3DenoisingStage] Starting denoising with 4 steps, CFG=False, CFG_parallel=False, cfg_rank=0
Denoising:   0%|          | 0/4 [00:00<?, ?it/s]Denoising:  25%|██▌       | 1/4 [00:13<00:39, 13.26s/it]Denoising:  50%|█████     | 2/4 [00:18<00:16,  8.46s/it]Denoising:  75%|███████▌  | 3/4 [00:23<00:06,  6.93s/it]Denoising: 100%|██████████| 4/4 [00:28<00:00,  6.20s/it]Denoising: 100%|██████████| 4/4 [00:28<00:00,  7.14s/it]
[09-15 17:42:04] [Cosmos3DenoisingStage] Denoising complete
[09-15 17:42:05] [Cosmos3DenoisingStage] finished in 28.6223 seconds
[09-15 17:42:05] [Cosmos3DecodingStage] started...
[09-15 17:42:05] [Cosmos3DecodingStage] Action predictions shape: (1, 16, 9)
[09-15 17:42:05] [Cosmos3DecodingStage] finished in 0.0003 seconds
config Blocking set to 1
pluto-prod-yutengl-dev-202-3-0:2335500:2335500 [1] NCCL INFO Initialized NET plugin Socket
pluto-prod-yutengl-dev-202-3-0:2335500:2335500 [1] NCCL INFO Assigned NET plugin Socket to comm
pluto-prod-yutengl-dev-202-3-0:2335500:2335500 [1] NCCL INFO Failed to initialize any GIN plugin
pluto-prod-yutengl-dev-202-3-0:2335500:2335500 [1] NCCL INFO Using network Socket
pluto-prod-yutengl-dev-202-3-0:2335500:2335500 [1] NCCL INFO ncclCommSplit comm 0x55c0c526fce0 rank 1 nranks 2 cudaDev 1 nvmlDev 1 busId 75000 parent 0x55c0bb1c2cf0 childCount 17 color 2130503744 key 1- Init START
pluto-prod-yutengl-dev-202-3-0:2335500:2335500 [1] NCCL INFO MNNVL busId 0x75000 fabric UUID 0.0 cliqueId 0x0 state 3 healthMask 0x0
pluto-prod-yutengl-dev-202-3-0:2335500:2335500 [1] NCCL INFO ncclTopoGetCpuAffinity: Affinity for GPU 1 is 0-47,96-143. (GPU affinity = 0-47,96-143 ; CPU affinity = 0-47,96-143).
pluto-prod-yutengl-dev-202-3-0:2335500:2335500 [1] NCCL INFO NVLS multicast support is available on dev 1 (NVLS_NCHANNELS 16)
pluto-prod-yutengl-dev-202-3-0:2335500:2335500 [1] NCCL INFO comm 0x55c0c526fce0 rank 1 nRanks 2 nNodes 1 localRanks 2 localRank 1 MNNVL 0
pluto-prod-yutengl-dev-202-3-0:2335500:2335500 [1] NCCL INFO Trees [0] -1/-1/-1->1->0 [1] -1/-1/-1->1->0 [2] -1/-1/-1->1->0 [3] -1/-1/-1->1->0 [4] -1/-1/-1->1->0 [5] -1/-1/-1->1->0 [6] 0/-1/-1->1->-1 [7] 0/-1/-1->1->-1 [8] 0/-1/-1->1->-1 [9] 0/-1/-1->1->-1 [10] 0/-1/-1->1->-1 [11] 0/-1/-1->1->-1 [12] -1/-1/-1->1->0 [13] -1/-1/-1->1->0 [14] -1/-1/-1->1->0 [15] -1/-1/-1->1->0 [16] -1/-1/-1->1->0 [17] -1/-1/-1->1->0 [18] 0/-1/-1->1->-1 [19] 0/-1/-1->1->-1 [20] 0/-1/-1->1->-1 [21] 0/-1/-1->1->-1 [22] 0/-1/-1->1->-1 [23] 0/-1/-1->1->-1
pluto-prod-yutengl-dev-202-3-0:2335500:2335500 [1] NCCL INFO P2P Chunksize set to 524288
pluto-prod-yutengl-dev-202-3-0:2335500:2335500 [1] NCCL INFO Check P2P Type isAllDirectP2p 1 directMode 0 isAllCudaP2p 1
pluto-prod-yutengl-dev-202-3-0:2335500:2336298 [0] NCCL INFO [Proxy Service UDS] Device 1 CPU core 34
pluto-prod-yutengl-dev-202-3-0:2335500:2336297 [0] NCCL INFO [Proxy Service] Device 1 CPU core 40
pluto-prod-yutengl-dev-202-3-0:2335500:2335500 [1] NCCL INFO NET/OFI Region base Tuner is chosen for platform: p5.48xlarge
pluto-prod-yutengl-dev-202-3-0:2335500:2335500 [1] NCCL INFO NET/OFI Region Tuner init (platform 0): comm with 2 ranks and 1 nodes.
pluto-prod-yutengl-dev-202-3-0:2335500:2335500 [1] NCCL INFO NET/OFI Tuner init: comm with 2 ranks and 1 nodes.
pluto-prod-yutengl-dev-202-3-0:2335500:2335500 [1] NCCL INFO threadThresholds 8/8/64 | 16/8/64 | 512 | 512
pluto-prod-yutengl-dev-202-3-0:2335500:2335500 [1] NCCL INFO 24 coll channels, 24 collnet channels, 16 nvls channels, 32 p2p channels, 32 p2p channels per peer
pluto-prod-yutengl-dev-202-3-0:2335500:2335500 [1] NCCL INFO Symmetric VA size=80GB
pluto-prod-yutengl-dev-202-3-0:2335500:2335500 [1] NCCL INFO ncclCommSplit comm 0x55c0c526fce0 rank 1 nranks 2 cudaDev 1 nvmlDev 1 busId 75000 parent 0x55c0bb1c2cf0 childCount 17 color 2130503744 key 1 - Init COMPLETE
pluto-prod-yutengl-dev-202-3-0:2335500:2335500 [1] NCCL INFO Init timings - ncclCommSplit: rank 1 nranks 2 total 0.12 (kernels 0.00, alloc 0.00, bootstrap 0.00, allgathers 0.00, topo 0.02, graphs 0.00, connections 0.09, rest 0.01)
pluto-prod-yutengl-dev-202-3-0:2335500:2335500 [1] NCCL INFO comm 0x55c0c42f89f0 rank 1 nranks 2 cudaDev 1 busId 75000 - Destroy COMPLETE
pluto-prod-yutengl-dev-202-3-0:2335500:2335500 [1] NCCL INFO comm 0x55c0c526fce0 rank 1 nranks 2 cudaDev 1 busId 75000 - Destroy COMPLETE
pluto-prod-yutengl-dev-202-3-0:2335500:2335500 [1] NCCL INFO comm 0x55c0c4ac2bb0 rank 1 nranks 2 cudaDev 1 busId 75000 - Destroy COMPLETE
pluto-prod-yutengl-dev-202-3-0:2335500:2335500 [1] NCCL INFO comm 0x55c0c2ffc860 rank 1 nranks 2 cudaDev 1 busId 75000 - Destroy COMPLETE
pluto-prod-yutengl-dev-202-3-0:2335500:2335500 [1] NCCL INFO comm 0x55c0bb1c2cf0 rank 1 nranks 2 cudaDev 1 busId 75000 - Destroy COMPLETE
[09-15 17:42:07] Worker 0: Shutdown complete.
nnel 11/24 : 0 1
pluto-prod-yutengl-dev-202-3-0:2335499:2335499 [0] NCCL INFO Channel 12/24 : 0 1
pluto-prod-yutengl-dev-202-3-0:2335499:2335499 [0] NCCL INFO Channel 13/24 : 0 1
pluto-prod-yutengl-dev-202-3-0:2335499:2335499 [0] NCCL INFO Channel 14/24 : 0 1
pluto-prod-yutengl-dev-202-3-0:2335499:2335499 [0] NCCL INFO Channel 15/24 : 0 1
pluto-prod-yutengl-dev-202-3-0:2335499:2335499 [0] NCCL INFO Channel 16/24 : 0 1
pluto-prod-yutengl-dev-202-3-0:2335499:2335499 [0] NCCL INFO Channel 17/24 : 0 1
pluto-prod-yutengl-dev-202-3-0:2335499:2335499 [0] NCCL INFO Channel 18/24 : 0 1
pluto-prod-yutengl-dev-202-3-0:2335499:2335499 [0] NCCL INFO Channel 19/24 : 0 1
pluto-prod-yutengl-dev-202-3-0:2335499:2335499 [0] NCCL INFO Channel 20/24 : 0 1
pluto-prod-yutengl-dev-202-3-0:2335499:2335499 [0] NCCL INFO Channel 21/24 : 0 1
pluto-prod-yutengl-dev-202-3-0:2335499:2335499 [0] NCCL INFO Channel 22/24 : 0 1
pluto-prod-yutengl-dev-202-3-0:2335499:2335499 [0] NCCL INFO Channel 23/24 : 0 1
pluto-prod-yutengl-dev-202-3-0:2335499:2335499 [0] NCCL INFO Trees [0] 1/-1/-1->0->-1 [1] 1/-1/-1->0->-1 [2] 1/-1/-1->0->-1 [3] 1/-1/-1->0->-1 [4] 1/-1/-1->0->-1 [5] 1/-1/-1->0->-1 [6] -1/-1/-1->0->1 [7] -1/-1/-1->0->1 [8] -1/-1/-1->0->1 [9] -1/-1/-1->0->1 [10] -1/-1/-1->0->1 [11] -1/-1/-1->0->1 [12] 1/-1/-1->0->-1 [13] 1/-1/-1->0->-1 [14] 1/-1/-1->0->-1 [15] 1/-1/-1->0->-1 [16] 1/-1/-1->0->-1 [17] 1/-1/-1->0->-1 [18] -1/-1/-1->0->1 [19] -1/-1/-1->0->1 [20] -1/-1/-1->0->1 [21] -1/-1/-1->0->1 [22] -1/-1/-1->0->1 [23] -1/-1/-1->0->1
pluto-prod-yutengl-dev-202-3-0:2335499:2335499 [0] NCCL INFO P2P Chunksize set to 524288
pluto-prod-yutengl-dev-202-3-0:2335499:2335499 [0] NCCL INFO Check P2P Type isAllDirectP2p 1 directMode 0 isAllCudaP2p 1
pluto-prod-yutengl-dev-202-3-0:2335499:2336295 [0] NCCL INFO [Proxy Service] Device 0 CPU core 40
pluto-prod-yutengl-dev-202-3-0:2335499:2336296 [0] NCCL INFO [Proxy Service UDS] Device 0 CPU core 117
pluto-prod-yutengl-dev-202-3-0:2335499:2335499 [0] NCCL INFO NET/OFI Region base Tuner is chosen for platform: p5.48xlarge
pluto-prod-yutengl-dev-202-3-0:2335499:2335499 [0] NCCL INFO NET/OFI Region Tuner init (platform 0): comm with 2 ranks and 1 nodes.
pluto-prod-yutengl-dev-202-3-0:2335499:2335499 [0] NCCL INFO NET/OFI Tuner init: comm with 2 ranks and 1 nodes.
pluto-prod-yutengl-dev-202-3-0:2335499:2335499 [0] NCCL INFO threadThresholds 8/8/64 | 16/8/64 | 512 | 512
pluto-prod-yutengl-dev-202-3-0:2335499:2335499 [0] NCCL INFO 24 coll channels, 24 collnet channels, 16 nvls channels, 32 p2p channels, 32 p2p channels per peer
pluto-prod-yutengl-dev-202-3-0:2335499:2335499 [0] NCCL INFO Symmetric VA size=80GB
pluto-prod-yutengl-dev-202-3-0:2335499:2335499 [0] NCCL INFO CC Off, workFifoBytes 1048576
pluto-prod-yutengl-dev-202-3-0:2335499:2335499 [0] NCCL INFO ncclCommSplit comm 0x55a25b0d4950 rank 0 nranks 2 cudaDev 0 nvmlDev 0 busId 64000 parent 0x55a251027010 childCount 17 color 2130503744 key 0 - Init COMPLETE
pluto-prod-yutengl-dev-202-3-0:2335499:2335499 [0] NCCL INFO Init timings - ncclCommSplit: rank 0 nranks 2 total 0.12 (kernels 0.00, alloc 0.00, bootstrap 0.00, allgathers 0.00, topo 0.02, graphs 0.00, connections 0.09, rest 0.01)
pluto-prod-yutengl-dev-202-3-0:2335499:2335499 [0] NCCL INFO comm 0x55a25a15e3d0 rank 0 nranks 2 cudaDev 0 busId 64000 - Destroy COMPLETE
pluto-prod-yutengl-dev-202-3-0:2335499:2335499 [0] NCCL INFO comm 0x55a25b0d4950 rank 0 nranks 2 cudaDev 0 busId 64000 - Destroy COMPLETE
pluto-prod-yutengl-dev-202-3-0:2335499:2335499 [0] NCCL INFO comm 0x55a25a927a30 rank 0 nranks 2 cudaDev 0 busId 64000 - Destroy COMPLETE
pluto-prod-yutengl-dev-202-3-0:2335499:2335499 [0] NCCL INFO comm 0x55a258e62830 rank 0 nranks 2 cudaDev 0 busId 64000 - Destroy COMPLETE
pluto-prod-yutengl-dev-202-3-0:2335499:2335499 [0] NCCL INFO comm 0x55a251027010 rank 0 nranks 2 cudaDev 0 busId 64000 - Destroy COMPLETE
pluto-prod-yutengl-dev-202-3-0:2335500:2335500 [1] NCCL INFO ENV/Plugin: Closing env plugin ncclEnvDefault
pluto-prod-yutengl-dev-202-3-0:2335499:2336287 [0] NCCL INFO [Service thread] Connection closed by localRank 1
pluto-prod-yutengl-dev-202-3-0:2335499:2336199 [0] NCCL INFO [Service thread] Connection closed by localRank 1
pluto-prod-yutengl-dev-202-3-0:2335499:2336166 [0] NCCL INFO [Service thread] Connection closed by localRank 1
pluto-prod-yutengl-dev-202-3-0:2335499:2335499 [0] NCCL INFO ENV/Plugin: Closing env plugin ncclEnvDefault
[09-15 17:42:26] Stage generation stopped
PASSED
tests/integration/cosmos3/test_super_gpu.py::test_super_generation[forward_dynamics] Failed to import mooncake: No module named 'mooncake'. MooncakeRelay will not work. Install with: pip install mooncake-transfer-engine
Failed to import nixl: No module named 'nixl'. NixlRelay will not work.
Failed to import torchada: No module named 'torchada'. MUSA platform compatibility will not work.
[09-15 17:42:42] Auto memory policy for Cosmos3Config: 78.7 GiB of free device memory selects layerwise offload for text_encoder, image_encoder, vae. Explicit placement flags always win, and the per-component lines below say where each one's weights landed -- see the model's cookbook page for what to expect from your memory budget.
[93m[09-15 17:42:42] Cosmos3Config keeps its DiT resident with 78.7 GiB of device memory available, below the 120.0 GiB this model declares as its threshold for keeping components resident. The DiT is not in the automatic layerwise selection because the model does not list 'auto' in dit_layerwise_offload_modes. If the DiT does not fit, pass --layerwise-offload-components dit,... explicitly, or add the mode to the model's deployment config.[0;0m
[09-15 17:42:42] Diffusers version: 0.37.1
[09-15 17:42:42] Automatically enabled CFG parallel at degree 2 for 2 GPUs. Use --sp-degree / --ulysses-degree to use sequence parallelism instead.
[09-15 17:42:42] Proposed encoder parallel folding (mode=world) for ServerArgs (tp=1 sp=1 cfg=2 replica=2); the loader keeps it for encoders wide enough to benefit.
[09-15 17:42:42] Using layerwise offload components: text_encoder, image_encoder, vae, transformer. This reduces peak GPU memory and can increase latency; use --performance-mode speed for GPU-resident defaults when memory allows.
[09-15 17:42:42] server_args: {"model_path": "/mnt/localssd/models/Cosmos3-Super-fe77b66696d645f663b8f27e942b3b43e4629e23", "model_subfolder": null, "model_variant": null, "model_id": null, "served_model_name": "/mnt/localssd/models/Cosmos3-Super-fe77b66696d645f663b8f27e942b3b43e4629e23", "backend": "auto", "attention_backend": null, "attention_backend_config": {}, "component_attention_backends": {}, "cache_dit_config": null, "nccl_port": null, "enable_nccl_nvls": false, "trust_remote_code": false, "revision": null, "num_gpus": 2, "performance_mode": "auto", "base_gpu_id": 0, "gpu_ids": [0, 1], "nnodes": 1, "node_rank": 0, "dist_init_addr": null, "tp_size": 1, "sp_degree": 1, "ulysses_degree": 1, "ring_degree": 1, "kv_gather_degree": 1, "sp_split_auto": false, "dp_size": 1, "enable_cfg_parallel": true, "cfg_parallel_degree": 2, "encoder_parallel": "auto", "hsdp_replicate_dim": 1, "hsdp_shard_dim": 2, "dist_timeout": 3600, "scheduler_rpc_timeout": null, "pipeline_class_name": null, "lora_path": null, "lora_nickname": "default", "lora_scale": 1.0, "lora_alpha": null, "lora_merge_mode": "auto", "lora_weight_name": null, "component_paths": {}, "component_weights_paths": {}, "component_direct_gpu_weight_loading": {}, "component_quantizations": {}, "component_precisions": {}, "component_quantization_ignored_layers": {}, "load_diffusion_decoder": false, "transformer_weights_path": null, "minimax_h3_adaln_cache_path": null, "minimax_h3_adaln_online": false, "minimax_h3_adaln_plan_width": 4, "quantization": null, "quantization_ignored_layers": null, "lora_target_modules": null, "component_residency": {"transformer": "layerwise-offload"}, "cpu_offload_components": null, "dit_cpu_offload": true, "direct_gpu_weight_loading": false, "dit_layerwise_offload": false, "layerwise_offload_components": ["text_encoder", "image_encoder", "vae"], "dit_offload_prefetch_size": 0.0, "dit_layerwise_resident_layers": 0.0, "dit_layerwise_residency_policy": "leading", "layerwise_prefetch_size": {}, "layerwise_resident_layers": {"transformer": 1}, "layerwise_residency_policy": {}, "offload_during_compile": true, "text_encoder_cpu_offload": false, "image_encoder_cpu_offload": false, "vae_cpu_offload": false, "use_fsdp_inference": true, "pin_cpu_memory": true, "ltx2_two_stage_device_mode": null, "comfyui_mode": false, "enable_torch_compile": false, "regional_compile": false, "enable_breakable_cuda_graph": false, "bcg_text_buckets": null, "enable_layerwise_nvtx_marker": false, "warmup_mode": "off", "warmup_resolutions": null, "warmup_num_frames": null, "warmup_steps": 1, "disable_autocast": false, "master_port": 30005, "host": "127.0.0.1", "port": 30000, "webui": false, "webui_port": 12312, "scheduler_port": 5644, "scheduler_ports": [5644], "batching_mode": "dynamic", "batching_max_size": 1, "batching_delay_ms": 0.0, "batching_config": null, "enable_batching_metrics": false, "strict_ports": false, "output_path": "outputs/", "input_save_path": "inputs/uploads", "prompt_file_path": null, "model_paths": {}, "model_loaded": {"transformer": true, "vae": true, "video_vae": true, "audio_vae": true, "video_dit": true, "audio_dit": true, "dual_tower_bridge": true}, "boundary_ratio": null, "disagg_role": "monolithic", "disagg_timeout": 3600, "disagg_downstream_wait_timeout": 1800, "disagg_dispatch_policy": "round_robin", "disagg_mode": false, "disagg_instance_id": 0, "disagg_max_slots_per_instance": 8, "disagg_transfer_redundancy": 1.25, "disagg_role_device": "auto", "disagg_transfer_backend": "auto", "disagg_transfer_pool_size": 268435456, "disagg_transfer_pin_memory": "auto", "disagg_p2p_hostname": "127.0.0.1", "disagg_ib_device": null, "disagg_server_addr": null, "encoder_urls": null, "denoiser_urls": null, "decoder_urls": null, "encoder_tp": null, "denoiser_tp": null, "denoiser_sp": null, "denoiser_ulysses": null, "denoiser_ring": null, "decoder_sp": null, "pool_work_endpoint": null, "pool_result_endpoint": null, "pool_control_endpoint": null, "pool_control_advertised_endpoint": null, "log_level": "info", "log_requests": false, "log_requests_level": 2, "log_requests_format": "text", "log_requests_target": null, "uvicorn_access_log_exclude_prefixes": [], "enable_cache_report": false, "enable_trace": false, "otlp_traces_endpoint": "localhost:4317", "srt_encoder_url": null, "srt_encoder_connect_timeout": 3.05, "srt_encoder_timeout": 100, "pe_server_url": null}
[09-15 17:42:42] Local mode: True
[09-15 17:42:42] Starting server...
[09-15 17:42:53] Scheduler (dp replica 0) bind at endpoint: tcp://127.0.0.1:5644
[09-15 17:42:53] torch.compile cache: TORCHINDUCTOR_CACHE_DIR=/mnt/localssd/.cache/sgl_diffusion/torch_compile_cache/inductor TRITON_CACHE_DIR=/mnt/localssd/.cache/sgl_diffusion/torch_compile_cache/triton
[09-15 17:42:53] Initializing distributed environment with world_size=2, device=cuda:0, timeout=3600
[09-15 17:42:53] Setting distributed timeout to 3600 seconds
libfabric:2338575:1789519374::core:core:cuda_gdrcopy_hmem_init():192<warn> gdrcopy_dl_hmem_init failed!
libfabric:2338576:1789519374::core:core:cuda_gdrcopy_hmem_init():192<warn> gdrcopy_dl_hmem_init failed!
libfabric:2338575:1789519374::core:core:fi_getinfo_():1392<warn> fi_getinfo: provider efa output empty list
libfabric:2338576:1789519374::core:core:fi_getinfo_():1392<warn> fi_getinfo: provider efa output empty list
pluto-prod-yutengl-dev-202-3-0:2338576:2338576 [1] NCCL INFO ENV/Plugin: Could not find: libnccl-env.so
pluto-prod-yutengl-dev-202-3-0:2338576:2338576 [1] NCCL INFO cudaDriverVersion 13000
pluto-prod-yutengl-dev-202-3-0:2338576:2338576 [1] NCCL INFO Bootstrap: Using eth0:10.91.207.160<0>
pluto-prod-yutengl-dev-202-3-0:2338576:2338576 [1] NCCL INFO NCCL version 2.29.7+cuda13.2
pluto-prod-yutengl-dev-202-3-0:2338576:2338576 [1] NCCL INFO NCCL git version stable b81d6a5a3
pluto-prod-yutengl-dev-202-3-0:2338576:2338576 [1] NCCL INFO Comm config Blocking set to 1
pluto-prod-yutengl-dev-202-3-0:2338576:2338576 [1] NCCL INFO NET/Plugin: Loaded net plugin Libfabric (v10)
pluto-prod-yutengl-dev-202-3-0:2338576:2338576 [1] NCCL INFO Successfully loaded external network plugin /opt/aws-ofi-nccl/install/lib/libnccl-net.so
pluto-prod-yutengl-dev-202-3-0:2338576:2338576 [1] NCCL INFO NET/OFI Initializing aws-ofi-nccl 1.16.1
pluto-prod-yutengl-dev-202-3-0:2338576:2338576 [1] NCCL INFO NET/OFI Using Libfabric version 2.1
pluto-prod-yutengl-dev-202-3-0:2338576:2338576 [1] NCCL INFO NET/OFI Using CUDA driver version 13000 with runtime 12080
pluto-prod-yutengl-dev-202-3-0:2338576:2338576 [1] NCCL INFO NET/OFI Configuring AWS-specific options
pluto-prod-yutengl-dev-202-3-0:2338576:2338576 [1] NCCL INFO NET/OFI Internode latency set at 75.0 us
pluto-prod-yutengl-dev-202-3-0:2338576:2338576 [1] NCCL INFO NET/OFI Using transport protocol RDMA (platform set)
pluto-prod-yutengl-dev-202-3-0:2338576:2338576 [1] NCCL INFO NET/OFI No eligible providers were found

[2026-09-15 17:42:54] pluto-prod-yutengl-dev-202-3-0:2338576:2338576 [1] int nccl_net_ofi_create_plugin(nccl_net_ofi_plugin_t**):215 NCCL WARN NET/OFI Failed to initialize rdma protocol

[2026-09-15 17:42:54] pluto-prod-yutengl-dev-202-3-0:2338576:2338576 [1] int nccl_net_ofi_create_plugin(nccl_net_ofi_plugin_t**):352 NCCL WARN NET/OFI aws-ofi-nccl initialization failed

[2026-09-15 17:42:54] pluto-prod-yutengl-dev-202-3-0:2338576:2338576 [1] ncclResult_t nccl_net_ofi_init_v6(ncclDebugLogger_t):166 NCCL WARN NET/OFI Initializing plugin failed
pluto-prod-yutengl-dev-202-3-0:2338576:2338576 [1] NCCL INFO plugin/net/net_v10.cc:82 -> 2
pluto-prod-yutengl-dev-202-3-0:2338576:2338576 [1] NCCL INFO Failed to initialize NET plugin Libfabric
pluto-prod-yutengl-dev-202-3-0:2338576:2338576 [1] NCCL INFO NET/IB : No device found.
pluto-prod-yutengl-dev-202-3-0:2338576:2338576 [1] NCCL INFO NET/IB : Using [RO]; OOB eth0:10.91.207.160<0>
pluto-prod-yutengl-dev-202-3-0:2338576:2338576 [1] NCCL INFO Failed to initialize NET plugin IB
pluto-prod-yutengl-dev-202-3-0:2338576:2338576 [1] NCCL INFO NET/Socket : Using [0]eth0:10.91.207.160<0>
pluto-prod-yutengl-dev-202-3-0:2338576:2338576 [1] NCCL INFO Initialized NET plugin Socket
pluto-prod-yutengl-dev-202-3-0:2338576:2338576 [1] NCCL INFO Assigned NET plugin Socket to comm
pluto-prod-yutengl-dev-202-3-0:2338576:2338576 [1] NCCL INFO GIN/Plugin: Could not find: libnccl-gin.so
pluto-prod-yutengl-dev-202-3-0:2338576:2338576 [1] NCCL INFO Successfully loaded external gin plugin /opt/aws-ofi-nccl/install/lib/libnccl-net.so
pluto-prod-yutengl-dev-202-3-0:2338576:2338576 [1] NCCL INFO Failed to initialize any GIN plugin
pluto-prod-yutengl-dev-202-3-0:2338576:2338576 [1] NCCL INFO Using network Socket
pluto-prod-yutengl-dev-202-3-0:2338576:2338576 [1] NCCL INFO [Rank 1] ncclCommInitRankConfig comm 0x562c5ccf82d0 rank 1 nranks 2 cudaDev 1 nvmlDev 1 busId 75000 commId 0x7f5178fa6dc1cdd6 - Init START
pluto-prod-yutengl-dev-202-3-0:2338576:2338576 [1] NCCL INFO RAS client listening socket at ::1<28028>
pluto-prod-yutengl-dev-202-3-0:2338576:2338576 [1] NCCL INFO Bootstrap timings total 0.001396 (create 0.000079, send 0.000150, recv 0.000485, ring 0.000036, delay 0.000001)
pluto-prod-yutengl-dev-202-3-0:2338576:2338576 [1] NCCL INFO MNNVL busId 0x75000 fabric UUID 0.0 cliqueId 0x0 state 3 healthMask 0x0
pluto-prod-yutengl-dev-202-3-0:2338576:2338576 [1] NCCL INFO ncclTopoGetCpuAffinity: Affinity for GPU 1 is 0-47,96-143. (GPU affinity = 0-47,96-143 ; CPU affinity = 0-191pluto-prod-yutengl-dev-202-3-0:2338575:2338575 [0] NCCL INFO ENV/Plugin: Could not find: libnccl-env.so
pluto-prod-yutengl-dev-202-3-0:2338575:2338575 [0] NCCL INFO Bootstrap: Using eth0:10.91.207.160<0>
pluto-prod-yutengl-dev-202-3-0:2338575:2338575 [0] NCCL INFO cudaDriverVersion 13000
pluto-prod-yutengl-dev-202-3-0:2338575:2338575 [0] NCCL INFO NCCL version 2.29.7+cuda13.2
pluto-prod-yutengl-dev-202-3-0:2338575:2338575 [0] NCCL INFO NCCL git version stable b81d6a5a3
pluto-prod-yutengl-dev-202-3-0:2338575:2338575 [0] NCCL INFO Comm config Blocking set to 1
pluto-prod-yutengl-dev-202-3-0:2338575:2338575 [0] NCCL INFO NET/Plugin: Loaded net plugin Libfabric (v10)
pluto-prod-yutengl-dev-202-3-0:2338575:2338575 [0] NCCL INFO Successfully loaded external network plugin /opt/aws-ofi-nccl/install/lib/libnccl-net.so
pluto-prod-yutengl-dev-202-3-0:2338575:2338575 [0] NCCL INFO NET/OFI Initializing aws-ofi-nccl 1.16.1
pluto-prod-yutengl-dev-202-3-0:2338575:2338575 [0] NCCL INFO NET/OFI Using Libfabric version 2.1
pluto-prod-yutengl-dev-202-3-0:2338575:2338575 [0] NCCL INFO NET/OFI Using CUDA driver version 13000 with runtime 12080
pluto-prod-yutengl-dev-202-3-0:2338575:2338575 [0] NCCL INFO NET/OFI Configuring AWS-specific options
pluto-prod-yutengl-dev-202-3-0:2338575:2338575 [0] NCCL INFO NET/OFI Internode latency set at 75.0 us
pluto-prod-yutengl-dev-202-3-0:2338575:2338575 [0] NCCL INFO NET/OFI Using transport protocol RDMA (platform set)
pluto-prod-yutengl-dev-202-3-0:2338575:2338575 [0] NCCL INFO NET/OFI No eligible providers were found

[2026-09-15 17:42:54] pluto-prod-yutengl-dev-202-3-0:2338575:2338575 [0] int nccl_net_ofi_create_plugin(nccl_net_ofi_plugin_t**):215 NCCL WARN NET/OFI Failed to initialize rdma protocol

[2026-09-15 17:42:54] pluto-prod-yutengl-dev-202-3-0:2338575:2338575 [0] int nccl_net_ofi_create_plugin(nccl_net_ofi_plugin_t**):352 NCCL WARN NET/OFI aws-ofi-nccl initialization failed

[2026-09-15 17:42:54] pluto-prod-yutengl-dev-202-3-0:2338575:2338575 [0] ncclResult_t nccl_net_ofi_init_v6(ncclDebugLogger_t):166 NCCL WARN NET/OFI Initializing plugin failed
pluto-prod-yutengl-dev-202-3-0:2338575:2338575 [0] NCCL INFO plugin/net/net_v10.cc:82 -> 2
pluto-prod-yutengl-dev-202-3-0:2338575:2338575 [0] NCCL INFO Failed to initialize NET plugin Libfabric
pluto-prod-yutengl-dev-202-3-0:2338575:2338575 [0] NCCL INFO NET/IB : No device found.
pluto-prod-yutengl-dev-202-3-0:2338575:2338575 [0] NCCL INFO NET/IB : Using [RO]; OOB eth0:10.91.207.160<0>
pluto-prod-yutengl-dev-202-3-0:2338575:2338575 [0] NCCL INFO Failed to initialize NET plugin IB
pluto-prod-yutengl-dev-202-3-0:2338575:2338575 [0] NCCL INFO NET/Socket : Using [0]eth0:10.91.207.160<0>
pluto-prod-yutengl-dev-202-3-0:2338575:2338575 [0] NCCL INFO Initialized NET plugin Socket
pluto-prod-yutengl-dev-202-3-0:2338575:2338575 [0] NCCL INFO Assigned NET plugin Socket to comm
pluto-prod-yutengl-dev-202-3-0:2338575:2338575 [0] NCCL INFO GIN/Plugin: Could not find: libnccl-gin.so
pluto-prod-yutengl-dev-202-3-0:2338575:2338575 [0] NCCL INFO Successfully loaded external gin plugin /opt/aws-ofi-nccl/install/lib/libnccl-net.so
pluto-prod-yutengl-dev-202-3-0:2338575:2338575 [0] NCCL INFO Failed to initialize any GIN plugin
pluto-prod-yutengl-dev-202-3-0:2338575:2338575 [0] NCCL INFO Using network Socket
pluto-prod-yutengl-dev-202-3-0:2338575:2338575 [0] NCCL INFO [Rank 0] ncclCommInitRankConfig comm 0x564350a09080 rank 0 nranks 2 cudaDev 0 nvmlDev 0 busId 64000 commId 0x7f5178fa6dc1cdd6 - Init START
pluto-prod-yutengl-dev-202-3-0:2338575:2338575 [0] NCCL INFO RAS client listening socket at ::1<28028>
pluto-prod-yutengl-dev-202-3-0:2338575:2338575 [0] NCCL INFO Bootstrap timings total 0.005259 (create 0.000077, send 0.000153, recv 0.004146, ring 0.000062, delay 0.000001)
pluto-prod-yutengl-dev-202-3-0:2338575:2338575 [0] NCCL INFO MNNVL busId 0x64000 fabric UUID 0.0 cliqueId 0x0 state 3 healthMask 0x0
pluto-prod-yutengl-dev-202-3-0:2338575:2338575 [0] NCCL INFO ncclTopoGetCpuAffinity: Affinity for GPU 0 is 0-47,96-143. (GPU affinity = 0-47,96-143 ; CPU affinity = 0-191).
pluto-prod-yutengl-dev-202-3-0:2338575:2338575 [0] NCCL INFO NVLS multicast support is available on dev 0 (NVLS_NCHANNELS 16)
pluto-prod-yutengl-dev-202-3-0:2338575:2338575 [0] NCCL INFO comm 0x564350a09080 rank 0 nRanks 2 nNodes 1 localRanks 2 localRank 0 MNNVL 0
pluto-prod-yutengl-dev-202-3-0:2338575:2338575 [0] NCCL INFO Channel 00/24 : 0 1
pluto-prod-yutengl-dev-202-3-0:2338575:2338575 [0] NCCL INFO Channel 01/24 : 0 1
pluto-prod-yutengl-dev-202-3-0:2338575:2338575 [0] NCCL INFO Channel 02/24 : 0 1
pluto-prod-yutengl-dev-202-3-0:2338575:2338575 [0] NCCL INFO Channel 03/24 : 0 1
pluto-prod-yutengl-dev-202-3-0:2338575:2338575 [0] NCCL INFO Channel 04/24 : 0 1
pluto-prod-yutengl-dev-202-3-0:2338575:2338575 [0] NCCL INFO Channel 05/24 : 0 1
pluto-prod-yutengl-dev-202-3-0:2338575:2338575 [0] NCCL INFO Channel 06/24 : 0 1
pluto-prod-yutengl-dev-202-3-0:2338575:2338575 [0] NCCL INFO Channel 07/24 : 0 1
pluto-prod-yutengl-dev-202-3-0:2338575:2338575 [0] NCCL INFO Channel 08/24 : 0 1
pluto-prod-yutengl-dev-202-3-0:2338575:2338575 [0] NCCL INFO Channel 09/24 : 0 1
pluto-prod-yutengl-dev-202-3-0:2338575:2338575 [0] NCCL INFO Channel 10/24 : 0 1
pluto-prod-yutengl-dev-202-3-0:2338575:2338575 [0] NCCL INFO Channel 11/24 : 0 1
pluto-prod-yutengl-dev-202-3-0:2338575:2338575 [0] NCCL INFO Channel 12/24 : 0 1
pluto-prod-yutengl-dev-202-3-0:2338575:2338575 [0] NCCL INFO Channel 13/24 : 0 1
pluto-prod-yutengl-dev-202-3-0:2338575:2338575 [0] NCCL INFO Channel 14/24 : 0 1
pluto-prod-yutengl-dev-202-3-0:2338575:2338575 [0] NCCL INFO Channel 15/24 : 0 1
pluto-prod-yutengl-dev-202-3-0:2338575:2338575 [0] NCCL INFO Channel 16/24 : 0 1
pluto-prod-yutengl-dev-202-3-0:2338575:2338575 [0] NCCL INFO Channel 17/24 : 0 1
pluto-prod-yutengl-dev-202-3-0:2338575:2338575 [0] NCCL INFO Channel 18/24 : 0 1
pluto-prod-yutengl-dev-202-3-0:2338575:2338575 [0] NCCL INFO Channel 19/24 : 0 1
pluto-prod-yutengl-dev-202-3-0:2338575:2338575 [0] NCCL INFO Channel 20/24 : 0 1
pluto-prod-yutengl-dev-202-3-0:2338575:2338575 [0] NCCL INFO Channel 21/24 : 0 1
pluto-prod-yutengl-dev-202-3-0:2338575:2338575 [0] NCCL INFO Channel 22/24 : 0 1
pluto-prod-yutengl-dev-202-3-0:2338575:2338575 [0] NCCL INFO Channel 23/24 : 0 1
pluto-prod-yutengl-dev-202-3-0:2338575:2338575 [0] NCCL INFO Trees [0] 1/-1/-1->0->-1 [1] 1/-1/-1->0->-1 [2] 1/-1/-1->0->-1 [3] 1/-1/-1->0->-1 [4] 1/-1/-1->0->-1 [5] 1/-1/-1->0->-1 [6] -1/-1/-1->0->1 [7] -1/-1/-1->0->1 [8] -1/-1/-1->0->1 [9] -1/-1/-1->0->1 [10] -1/-1/-1->0->1 [11] -1/-1/-1->0->1 [12] 1/-1/-1->0->-1 [13] 1/-1/-1->0->-1 [14] 1/-1/-1->0->-1 [15] 1/-1/-1->0->-1 [16] 1/-1/-1->0->-1 [17] 1/-1/-1->0->-1 [18] -1/-1/-1->0->1 [19] -1/-1/-1->0->1 [20] -1/-1/-1->0->1 [21] -1/-1/-1->0->1 [22] -1/-1/-1->0->1 [23] -1/-1/-1->0->1
pluto-prod-yutengl-dev-202-3-0:2338575:2338575 [0] NCCL INFO P2P Chunksize set to 524288
pluto-prod-yutengl-dev-202-3-0:2338575:2338575 [0] NCCL INFO PROFILER/Plugin: Could not find: libnccl-profiler.so
pluto-prod-yutengl-dev-202-3-0:2338575:2338575 [0] NCCL INFO Check P2P Type isAllDirectP2p 1 directMode 0 isAllCudaP2p 1
pluto-prod-yutengl-dev-202-3-0:2338575:2339196 [0] NCCL INFO [Proxy Service] Device 0 CPU core 114
pluto-prod-yutengl-dev-202-3-0:2338575:2339199 [0] NCCL INFO [Proxy Service UDS] Device 0 CPU core 139
pluto-prod-yutengl-dev-202-3-0:2338575:2338575 [0] NCCL INFO TUNER/Plugin: Could not find: libnccl-tuner.so
pluto-prod-yutengl-dev-202-3-0:2338575:2338575 [0] NCCL INFO TUNER/Plugin: Using nccl_ofi_tuner (v3)
pluto-prod-yutengl-dev-202-3-0:2338575:2338575 [0] NCCL INFO NET/OFI Region base Tuner is chosen for platform: p5.48xlarge
pluto-prod-yutengl-dev-202-3-0:2338575:2338575 [0] NCCL INFO NET/OFI Region Tuner init (platform 0): comm with 2 ranks and 1 nodes.
pluto-prod-yutengl-dev-202-3-0:2338575:2338575 [0] NCCL INFO NET/OFI Tuner init: comm with 2 ranks and 1 nodes.
pluto-prod-yutengl-dev-202-3-0:2338575:2338575 [0] NCCL INFO threadThresholds 8/8/64 | 16/8/64 | 512 | 512
pluto-prod-yutengl-dev-202-3-0:2338575:2338575 [0] NCCL INFO 24 coll channels, 24 collnet channels, 16 nvls channels, 32 p2p channels, 32 ).
pluto-prod-yutengl-dev-202-3-0:2338576:2338576 [1] NCCL INFO NVLS multicast support is available on dev 1 (NVLS_NCHANNELS 16)
pluto-prod-yutengl-dev-202-3-0:2338576:2338576 [1] NCCL INFO comm 0x562c5ccf82d0 rank 1 nRanks 2 nNodes 1 localRanks 2 localRank 1 MNNVL 0
pluto-prod-yutengl-dev-202-3-0:2338576:2338576 [1] NCCL INFO Trees [0] -1/-1/-1->1->0 [1] -1/-1/-1->1->0 [2] -1/-1/-1->1->0 [3] -1/-1/-1->1->0 [4] -1/-1/-1->1->0 [5] -1/-1/-1->1->0 [6] 0/-1/-1->1->-1 [7] 0/-1/-1->1->-1 [8] 0/-1/-1->1->-1 [9] 0/-1/-1->1->-1 [10] 0/-1/-1->1->-1 [11] 0/-1/-1->1->-1 [12] -1/-1/-1->1->0 [13] -1/-1/-1->1->0 [14] -1/-1/-1->1->0 [15] -1/-1/-1->1->0 [16] -1/-1/-1->1->0 [17] -1/-1/-1->1->0 [18] 0/-1/-1->1->-1 [19] 0/-1/-1->1->-1 [20] 0/-1/-1->1->-1 [21] 0/-1/-1->1->-1 [22] 0/-1/-1->1->-1 [23] 0/-1/-1->1->-1
pluto-prod-yutengl-dev-202-3-0:2338576:2338576 [1] NCCL INFO P2P Chunksize set to 524288
pluto-prod-yutengl-dev-202-3-0:2338576:2338576 [1] NCCL INFO PROFILER/Plugin: Could not find: libnccl-profiler.so
pluto-prod-yutengl-dev-202-3-0:2338576:2338576 [1] NCCL INFO Check P2P Type isAllDirectP2p 1 directMode 0 isAllCudaP2p 1
pluto-prod-yutengl-dev-202-3-0:2338576:2339198 [0] NCCL INFO [Proxy Service UDS] Device 1 CPU core 30
pluto-prod-yutengl-dev-202-3-0:2338576:2339197 [0] NCCL INFO [Proxy Service] Device 1 CPU core 114
pluto-prod-yutengl-dev-202-3-0:2338576:2338576 [1] NCCL INFO TUNER/Plugin: Could not find: libnccl-tuner.so
pluto-prod-yutengl-dev-202-3-0:2338576:2338576 [1] NCCL INFO TUNER/Plugin: Using nccl_ofi_tuner (v3)
pluto-prod-yutengl-dev-202-3-0:2338576:2338576 [1] NCCL INFO NET/OFI Region base Tuner is chosen for platform: p5.48xlarge
pluto-prod-yutengl-dev-202-3-0:2338576:2338576 [1] NCCL INFO NET/OFI Region Tuner init (platform 0): comm with 2 ranks and 1 nodes.
pluto-prod-yutengl-dev-202-3-0:2338576:2338576 [1] NCCL INFO NET/OFI Tuner init: comm with 2 ranks and 1 nodes.
pluto-prod-yutengl-dev-202-3-0:2338576:2338576 [1] NCCL INFO threadThresholds 8/8/64 | 16/8/64 | 512 | 512
pluto-prod-yutengl-dev-202-3-0:2338576:2338576 [1] NCCL INFO 24 coll channels, 24 collnet channels, 16 nvls channels, 32 p2p channels, 32 p2p channels per peer
pluto-prod-yutengl-dev-202-3-0:2338576:2338576 [1] NCCL INFO Symmetric VA size=80GB
pluto-prod-yutengl-dev-202-3-0:2338576:2338576 [1] NCCL INFO ncclCommInitRankConfig comm 0x562c5ccf82d0 rank 1 nranks 2 cudaDev 1 nvmlDev 1 busId 75000 commId 0x7f5178fa6dc1cdd6 - Init COMPLETE
pluto-prod-yutengl-dev-202-3-0:2338576:2338576 [1] NCCL INFO Init timings - ncclCommInitRankConfig: rank 1 nranks 2 total 0.54 (kernels 0.33, alloc 0.08, bootstrap 0.00, allgathers 0.00, topo 0.02, graphs 0.00, connections 0.10, rest 0.01)
pluto-prod-yutengl-dev-202-3-0:2338576:2338576 [1] NCCL INFO Comm config Blocking set to 1
pluto-prod-yutengl-dev-202-3-0:2338576:2338576 [1] NCCL INFO Initialized NET plugin Socket
pluto-prod-yutengl-dev-202-3-0:2338576:2338576 [1] NCCL INFO Assigned NET plugin Socket to comm
pluto-prod-yutengl-dev-202-3-0:2338576:2338576 [1] NCCL INFO Failed to initialize any GIN plugin
pluto-prod-yutengl-dev-202-3-0:2338576:2338576 [1] NCCL INFO Using network Socket
pluto-prod-yutengl-dev-202-3-0:2338576:2338576 [1] NCCL INFO ncclCommSplit comm 0x562c64b326d0 rank 1 nranks 2 cudaDev 1 nvmlDev 1 busId 75000 parent 0x562c5ccf82d0 childCount 1 color 2130503744 key 1- Init START
pluto-prod-yutengl-dev-202-3-0:2338576:2338576 [1] NCCL INFO MNNVL busId 0x75000 fabric UUID 0.0 cliqueId 0x0 state 3 healthMask 0x0
pluto-prod-yutengl-dev-202-3-0:2338576:2338576 [1] NCCL INFO ncclTopoGetCpuAffinity: Affinity for GPU 1 is 0-47,96-143. (GPU affinity = 0-47,96-143 ; CPU affinity = 0-47,96-143).
pluto-prod-yutengl-dev-202-3-0:2338576:2338576 [1] NCCL INFO NVLS multicast support is available on dev 1 (NVLS_NCHANNELS 16)
pluto-prod-yutengl-dev-202-3-0:2338576:2338576 [1] NCCL INFO comm 0x562c64b326d0 rank 1 nRanks 2 nNodes 1 localRanks 2 localRank 1 MNNVL 0
pluto-prod-yutengl-dev-202-3-0:2338576:2338576 [1] NCCL INFO Trees [0] -1/-1/-1->1->0 [1] -1/-1/-1->1->0 [2] -1/-1/-1->1->0 [3] -1/-1/-1->1->0 [4] -1/-1/-1->1p2p channels per peer
pluto-prod-yutengl-dev-202-3-0:2338575:2338575 [0] NCCL INFO Symmetric VA size=80GB
pluto-prod-yutengl-dev-202-3-0:2338575:2338575 [0] NCCL INFO CC Off, workFifoBytes 1048576
pluto-prod-yutengl-dev-202-3-0:2338575:2338575 [0] NCCL INFO ncclCommInitRankConfig comm 0x564350a09080 rank 0 nranks 2 cudaDev 0 nvmlDev 0 busId 64000 commId 0x7f5178fa6dc1cdd6 - Init COMPLETE
pluto-prod-yutengl-dev-202-3-0:2338575:2338575 [0] NCCL INFO Init timings - ncclCommInitRankConfig: rank 0 nranks 2 total 0.54 (kernels 0.33, alloc 0.08, bootstrap 0.01, allgathers 0.00, topo 0.02, graphs 0.00, connections 0.10, rest 0.01)
pluto-prod-yutengl-dev-202-3-0:2338575:2338575 [0] NCCL INFO Comm config Blocking set to 1
pluto-prod-yutengl-dev-202-3-0:2338575:2338575 [0] NCCL INFO Initialized NET plugin Socket
pluto-prod-yutengl-dev-202-3-0:2338575:2338575 [0] NCCL INFO Assigned NET plugin Socket to comm
pluto-prod-yutengl-dev-202-3-0:2338575:2338575 [0] NCCL INFO Failed to initialize any GIN plugin
pluto-prod-yutengl-dev-202-3-0:2338575:2338575 [0] NCCL INFO Using network Socket
pluto-prod-yutengl-dev-202-3-0:2338575:2338575 [0] NCCL INFO ncclCommSplit comm 0x564358844150 rank 0 nranks 2 cudaDev 0 nvmlDev 0 busId 64000 parent 0x564350a09080 childCount 1 color 2130503744 key 0- Init START
pluto-prod-yutengl-dev-202-3-0:2338575:2338575 [0] NCCL INFO MNNVL busId 0x64000 fabric UUID 0.0 cliqueId 0x0 state 3 healthMask 0x0
pluto-prod-yutengl-dev-202-3-0:2338575:2338575 [0] NCCL INFO ncclTopoGetCpuAffinity: Affinity for GPU 0 is 0-47,96-143. (GPU affinity = 0-47,96-143 ; CPU affinity = 0-47,96-143).
pluto-prod-yutengl-dev-202-3-0:2338575:2338575 [0] NCCL INFO NVLS multicast support is available on dev 0 (NVLS_NCHANNELS 16)
pluto-prod-yutengl-dev-202-3-0:2338575:2338575 [0] NCCL INFO comm 0x564358844150 rank 0 nRanks 2 nNodes 1 localRanks 2 localRank 0 MNNVL 0
pluto-prod-yutengl-dev-202-3-0:2338575:2338575 [0] NCCL INFO Channel 00/24 : 0 1
pluto-prod-yutengl-dev-202-3-0:2338575:2338575 [0] NCCL INFO Channel 01/24 : 0 1
pluto-prod-yutengl-dev-202-3-0:2338575:2338575 [0] NCCL INFO Channel 02/24 : 0 1
pluto-prod-yutengl-dev-202-3-0:2338575:2338575 [0] NCCL INFO Channel 03/24 : 0 1
pluto-prod-yutengl-dev-202-3-0:2338575:2338575 [0] NCCL INFO Channel 04/24 : 0 1
pluto-prod-yutengl-dev-202-3-0:2338575:2338575 [0] NCCL INFO Channel 05/24 : 0 1
pluto-prod-yutengl-dev-202-3-0:2338575:2338575 [0] NCCL INFO Channel 06/24 : 0 1
pluto-prod-yutengl-dev-202-3-0:2338575:2338575 [0] NCCL INFO Channel 07/24 : 0 1
pluto-prod-yutengl-dev-202-3-0:2338575:2338575 [0] NCCL INFO Channel 08/24 : 0 1
pluto-prod-yutengl-dev-202-3-0:2338575:2338575 [0] NCCL INFO Channel 09/24 : 0 1
pluto-prod-yutengl-dev-202-3-0:2338575:2338575 [0] NCCL INFO Channel 10/24 : 0 1
pluto-prod-yutengl-dev-202-3-0:2338575:2338575 [0] NCCL INFO Channel 11/24 : 0 1
pluto-prod-yutengl-dev-202-3-0:2338575:2338575 [0] NCCL INFO Channel 12/24 : 0 1
pluto-prod-yutengl-dev-202-3-0:2338575:2338575 [0] NCCL INFO Channel 13/24 : 0 1
pluto-prod-yutengl-dev-202-3-0:2338575:2338575 [0] NCCL INFO Channel 14/24 : 0 1
pluto-prod-yutengl-dev-202-3-0:2338575:2338575 [0] NCCL INFO Channel 15/24 : 0 1
pluto-prod-yutengl-dev-202-3-0:2338575:2338575 [0] NCCL INFO Channel 16/24 : 0 1
pluto-prod-yutengl-dev-202-3-0:2338575:2338575 [0] NCCL INFO Channel 17/24 : 0 1
pluto-prod-yutengl-dev-202-3-0:2338575:2338575 [0] NCCL INFO Channel 18/24 : 0 1
pluto-prod-yutengl-dev-202-3-0:2338575:2338575 [0] NCCL INFO Channel 19/24 : 0 1
pluto-prod-yutengl-dev-202-3-0:2338575:2338575 [0] NCCL INFO Channel 20/24 : 0 1
pluto-prod-yutengl-dev-202-3-0:2338575:2338575 [0] NCCL INFO Channel 21/24 : 0 1
pluto-prod-yutengl-dev-202-3-0:2338575:2338575 [0] NCCL INFO Channel 22/24 : 0 1
pluto-prod-yutengl-dev-202-3-0:2338575:2338575 [0] NCCL INFO Channel 23/24 : 0 1
pluto-prod-yutengl-dev-202-3-0:2338575:2338575 [0] NCCL INFO Trees [0] 1/-1/-1->0->-1 [1] 1/-1/-1->0->-1 [2] 1/-1/-1->0->-1 [3] 1/-1/-1->0->-1 [4] 1/-1/-1->0->-1 [5] 1/-1/-1->0->-1 [6] -1/-1/-1->0->1 [7] -1/-1/-1->0->1 [8] -1/-1/-1->0->1 [9] -1/-1/-1->0->1 [10] -1/-1/-1->0-[09-15 17:42:55] Found nccl from library libnccl.so.2
[09-15 17:42:55] sglang-diffusion is using nccl==2.29.7
>1 [11] -1/-1/-1->0->1 [12] 1/-1/-1->0->-1 [13] 1/-1/-1->0->-1 [14] 1/-1/-1->0->-1 [15] 1/-1/-1->0->-1 [16] 1/-1/-1->0->-1 [17] 1/-1/-1->0->-1 [18] -1/-1/-1->0->1 [19] -1/-1/-1->0->1 [20] -1/-1/-1->0->1 [21] -1/-1/-1->0->1 [22] -1/-1/-1->0->1 [23] -1/-1/-1->0->1
pluto-prod-yutengl-dev-202-3-0:2338575:2338575 [0] NCCL INFO P2P Chunksize set to 524288
pluto-prod-yutengl-dev-202-3-0:2338575:2338575 [0] NCCL INFO Check P2P Type isAllDirectP2p 1 directMode 0 isAllCudaP2p 1
pluto-prod-yutengl-dev-202-3-0:2338575:2339213 [0] NCCL INFO [Proxy Service UDS] Device 0 CPU core 107
pluto-prod-yutengl-dev-202-3-0:2338575:2339211 [0] NCCL INFO [Proxy Service] Device 0 CPU core 136
pluto-prod-yutengl-dev-202-3-0:2338575:2338575 [0] NCCL INFO NET/OFI Region base Tuner is chosen for platform: p5.48xlarge
pluto-prod-yutengl-dev-202-3-0:2338575:2338575 [0] NCCL INFO NET/OFI Region Tuner init (platform 0): comm with 2 ranks and 1 nodes.
pluto-prod-yutengl-dev-202-3-0:2338575:2338575 [0] NCCL INFO NET/OFI Tuner init: comm with 2 ranks and 1 nodes.
pluto-prod-yutengl-dev-202-3-0:2338575:2338575 [0] NCCL INFO threadThresholds 8/8/64 | 16/8/64 | 512 | 512
pluto-prod-yutengl-dev-202-3-0:2338575:2338575 [0] NCCL INFO 24 coll channels, 24 collnet channels, 16 nvls channels, 32 p2p channels, 32 p2p channels per peer
pluto-prod-yutengl-dev-202-3-0:2338575:2338575 [0] NCCL INFO Symmetric VA size=80GB
pluto-prod-yutengl-dev-202-3-0:2338575:2338575 [0] NCCL INFO CC Off, workFifoBytes 1048576
pluto-prod-yutengl-dev-202-3-0:2338575:2338575 [0] NCCL INFO ncclCommSplit comm 0x564358844150 rank 0 nranks 2 cudaDev 0 nvmlDev 0 busId 64000 parent 0x564350a09080 childCount 1 color 2130503744 key 0 - Init COMPLETE
pluto-prod-yutengl-dev-202-3-0:2338575:2338575 [0] NCCL INFO Init timings - ncclCommSplit: rank 0 nranks 2 total 0.12 (kernels 0.00, alloc 0.00, bootstrap 0.00, allgathers 0.00, topo 0.02, graphs 0.00, connections 0.08, rest 0.01)
pluto-prod-yutengl-dev-202-3-0:2338575:2338575 [0] NCCL INFO Initialized NET plugin Socket
pluto-prod-yutengl-dev-202-3-0:2338575:2338575 [0] NCCL INFO Assigned NET plugin Socket to comm
pluto-prod-yutengl-dev-202-3-0:2338575:2338575 [0] NCCL INFO Failed to initialize any GIN plugin
pluto-prod-yutengl-dev-202-3-0:2338575:2338575 [0] NCCL INFO Using network Socket
pluto-prod-yutengl-dev-202-3-0:2338575:2338575 [0] NCCL INFO [Rank 0] ncclCommInitRank comm 0x564358bf0c80 rank 0 nranks 2 cudaDev 0 nvmlDev 0 busId 64000 commId 0xbd2e61fdd58a66f0 - Init START
pluto-prod-yutengl-dev-202-3-0:2338575:2338575 [0] NCCL INFO Bootstrap timings total 0.000743 (create 0.000052, send 0.000124, recv 0.000357, ring 0.000026, delay 0.000000)
pluto-prod-yutengl-dev-202-3-0:2338575:2338575 [0] NCCL INFO MNNVL busId 0x64000 fabric UUID 0.0 cliqueId 0x0 state 3 healthMask 0x0
pluto-prod-yutengl-dev-202-3-0:2338575:2338575 [0] NCCL INFO ncclTopoGetCpuAffinity: Affinity for GPU 0 is 0-47,96-143. (GPU affinity = 0-47,96-143 ; CPU affinity = 0-47,96-143).
pluto-prod-yutengl-dev-202-3-0:2338575:2338575 [0] NCCL INFO NVLS multicast support is available on dev 0 (NVLS_NCHANNELS 16)
pluto-prod-yutengl-dev-202-3-0:2338575:2338575 [0] NCCL INFO comm 0x564358bf0c80 rank 0 nRanks 2 nNodes 1 localRanks 2 localRank 0 MNNVL 0
pluto-prod-yutengl-dev-202-3-0:2338575:2338575 [0] NCCL INFO Channel 00/24 : 0 1
pluto-prod-yutengl-dev-202-3-0:2338575:2338575 [0] NCCL INFO Channel 01/24 : 0 1
pluto-prod-yutengl-dev-202-3-0:2338575:2338575 [0] NCCL INFO Channel 02/24 : 0 1
pluto-prod-yutengl-dev-202-3-0:2338575:2338575 [0] NCCL INFO Channel 03/24 : 0 1
pluto-prod-yutengl-dev-202-3-0:2338575:2338575 [0] NCCL INFO Channel 04/24 : 0 1
pluto-prod-yutengl-dev-202-3-0:2338575:2338575 [0] NCCL INFO Channel 05/24 : 0 1
pluto-prod-yutengl-dev-202-3-0:2338575:2338575 [0] NCCL INFO Channel 06/24 : 0 1
pluto-prod-yutengl-dev-202-3-0:2338575:2338575 [0] NCCL INFO Channel 07/24 : 0 1
pluto-prod-yutengl-dev-202-3-0:2338575:2338575 [0] NCCL INFO Channel 08/24 : 0 1
pluto-prod-yutengl-dev-202-3-0:2338575:2338575 [0] NCCL INFO Channel 09/24 : 0 1
pluto-prod-yutengl-dev-202-3-0:2338575:23385->0 [5] -1/-1/-1->1->0 [6] 0/-1/-1->1->-1 [7] 0/-1/-1->1->-1 [8] 0/-1/-1->1->-1 [9] 0/-1/-1->1->-1 [10] 0/-1/-1->1->-1 [11] 0/-1/-1->1->-1 [12] -1/-1/-1->1->0 [13] -1/-1/-1->1->0 [14] -1/-1/-1->1->0 [15] -1/-1/-1->1->0 [16] -1/-1/-1->1->0 [17] -1/-1/-1->1->0 [18] 0/-1/-1->1->-1 [19] 0/-1/-1->1->-1 [20] 0/-1/-1->1->-1 [21] 0/-1/-1->1->-1 [22] 0/-1/-1->1->-1 [23] 0/-1/-1->1->-1
pluto-prod-yutengl-dev-202-3-0:2338576:2338576 [1] NCCL INFO P2P Chunksize set to 524288
pluto-prod-yutengl-dev-202-3-0:2338576:2338576 [1] NCCL INFO Check P2P Type isAllDirectP2p 1 directMode 0 isAllCudaP2p 1
pluto-prod-yutengl-dev-202-3-0:2338576:2339210 [0] NCCL INFO [Proxy Service] Device 1 CPU core 25
pluto-prod-yutengl-dev-202-3-0:2338576:2339212 [0] NCCL INFO [Proxy Service UDS] Device 1 CPU core 132
pluto-prod-yutengl-dev-202-3-0:2338576:2338576 [1] NCCL INFO NET/OFI Region base Tuner is chosen for platform: p5.48xlarge
pluto-prod-yutengl-dev-202-3-0:2338576:2338576 [1] NCCL INFO NET/OFI Region Tuner init (platform 0): comm with 2 ranks and 1 nodes.
pluto-prod-yutengl-dev-202-3-0:2338576:2338576 [1] NCCL INFO NET/OFI Tuner init: comm with 2 ranks and 1 nodes.
pluto-prod-yutengl-dev-202-3-0:2338576:2338576 [1] NCCL INFO threadThresholds 8/8/64 | 16/8/64 | 512 | 512
pluto-prod-yutengl-dev-202-3-0:2338576:2338576 [1] NCCL INFO 24 coll channels, 24 collnet channels, 16 nvls channels, 32 p2p channels, 32 p2p channels per peer
pluto-prod-yutengl-dev-202-3-0:2338576:2338576 [1] NCCL INFO Symmetric VA size=80GB
pluto-prod-yutengl-dev-202-3-0:2338576:2338576 [1] NCCL INFO ncclCommSplit comm 0x562c64b326d0 rank 1 nranks 2 cudaDev 1 nvmlDev 1 busId 75000 parent 0x562c5ccf82d0 childCount 1 color 2130503744 key 1 - Init COMPLETE
pluto-prod-yutengl-dev-202-3-0:2338576:2338576 [1] NCCL INFO Init timings - ncclCommSplit: rank 1 nranks 2 total 0.12 (kernels 0.00, alloc 0.00, bootstrap 0.00, allgathers 0.00, topo 0.02, graphs 0.00, connections 0.08, rest 0.01)
pluto-prod-yutengl-dev-202-3-0:2338576:2338576 [1] NCCL INFO Initialized NET plugin Socket
pluto-prod-yutengl-dev-202-3-0:2338576:2338576 [1] NCCL INFO Assigned NET plugin Socket to comm
pluto-prod-yutengl-dev-202-3-0:2338576:2338576 [1] NCCL INFO Failed to initialize any GIN plugin
pluto-prod-yutengl-dev-202-3-0:2338576:2338576 [1] NCCL INFO Using network Socket
pluto-prod-yutengl-dev-202-3-0:2338576:2338576 [1] NCCL INFO [Rank 1] ncclCommInitRank comm 0x562c64edf110 rank 1 nranks 2 cudaDev 1 nvmlDev 1 busId 75000 commId 0xbd2e61fdd58a66f0 - Init START
pluto-prod-yutengl-dev-202-3-0:2338576:2338576 [1] NCCL INFO Bootstrap timings total 0.000756 (create 0.000055, send 0.000140, recv 0.000254, ring 0.000030, delay 0.000000)
pluto-prod-yutengl-dev-202-3-0:2338576:2338576 [1] NCCL INFO MNNVL busId 0x75000 fabric UUID 0.0 cliqueId 0x0 state 3 healthMask 0x0
pluto-prod-yutengl-dev-202-3-0:2338576:2338576 [1] NCCL INFO ncclTopoGetCpuAffinity: Affinity for GPU 1 is 0-47,96-143. (GPU affinity = 0-47,96-143 ; CPU affinity = 0-47,96-143).
pluto-prod-yutengl-dev-202-3-0:2338576:2338576 [1] NCCL INFO NVLS multicast support is available on dev 1 (NVLS_NCHANNELS 16)
pluto-prod-yutengl-dev-202-3-0:2338576:2338576 [1] NCCL INFO comm 0x562c64edf110 rank 1 nRanks 2 nNodes 1 localRanks 2 localRank 1 MNNVL 0
pluto-prod-yutengl-dev-202-3-0:2338576:2338576 [1] NCCL INFO Trees [0] -1/-1/-1->1->0 [1] -1/-1/-1->1->0 [2] -1/-1/-1->1->0 [3] -1/-1/-1->1->0 [4] -1/-1/-1->1->0 [5] -1/-1/-1->1->0 [6] 0/-1/-1->1->-1 [7] 0/-1/-1->1->-1 [8] 0/-1/-1->1->-1 [9] 0/-1/-1->1->-1 [10] 0/-1/-1->1->-1 [11] 0/-1/-1->1->-1 [12] -1/-1/-1->1->0 [13] -1/-1/-1->1->0 [14] -1/-1/-1->1->0 [15] -1/-1/-1->1->0 [16] -1/-1/-1->1->0 [17] -1/-1/-1->1->0 [18] 0/-1/-1->1->-1 [19] 0/-1/-1->1->-1 [20] 0/-1/-1->1->-1 [21] 0/-1/-1->1->-1 [22] 0/-1/-1->1->-1 [23] 0/-1/-1->1->-1
pluto-prod-yutengl-dev-202-3-0:2338576:2338576 [1] NCCL INFO P2P Chunksize set to 524288
pluto-prod-yutengl-dev-202-3-0:2338576:2338576 [1] NCCL INFO Check P2P Type isAllDirectP2p 1 directMode 0 isAllCudaP2p 1
pluto-prod-yutengl-dev-202-3-0:2338576:2339223 [0] NCCL INFO [Proxy Service] Device75 [0] NCCL INFO Channel 10/24 : 0 1
pluto-prod-yutengl-dev-202-3-0:2338575:2338575 [0] NCCL INFO Channel 11/24 : 0 1
pluto-prod-yutengl-dev-202-3-0:2338575:2338575 [0] NCCL INFO Channel 12/24 : 0 1
pluto-prod-yutengl-dev-202-3-0:2338575:2338575 [0] NCCL INFO Channel 13/24 : 0 1
pluto-prod-yutengl-dev-202-3-0:2338575:2338575 [0] NCCL INFO Channel 14/24 : 0 1
pluto-prod-yutengl-dev-202-3-0:2338575:2338575 [0] NCCL INFO Channel 15/24 : 0 1
pluto-prod-yutengl-dev-202-3-0:2338575:2338575 [0] NCCL INFO Channel 16/24 : 0 1
pluto-prod-yutengl-dev-202-3-0:2338575:2338575 [0] NCCL INFO Channel 17/24 : 0 1
pluto-prod-yutengl-dev-202-3-0:2338575:2338575 [0] NCCL INFO Channel 18/24 : 0 1
pluto-prod-yutengl-dev-202-3-0:2338575:2338575 [0] NCCL INFO Channel 19/24 : 0 1
pluto-prod-yutengl-dev-202-3-0:2338575:2338575 [0] NCCL INFO Channel 20/24 : 0 1
pluto-prod-yutengl-dev-202-3-0:2338575:2338575 [0] NCCL INFO Channel 21/24 : 0 1
pluto-prod-yutengl-dev-202-3-0:2338575:2338575 [0] NCCL INFO Channel 22/24 : 0 1
pluto-prod-yutengl-dev-202-3-0:2338575:2338575 [0] NCCL INFO Channel 23/24 : 0 1
pluto-prod-yutengl-dev-202-3-0:2338575:2338575 [0] NCCL INFO Trees [0] 1/-1/-1->0->-1 [1] 1/-1/-1->0->-1 [2] 1/-1/-1->0->-1 [3] 1/-1/-1->0->-1 [4] 1/-1/-1->0->-1 [5] 1/-1/-1->0->-1 [6] -1/-1/-1->0->1 [7] -1/-1/-1->0->1 [8] -1/-1/-1->0->1 [9] -1/-1/-1->0->1 [10] -1/-1/-1->0->1 [11] -1/-1/-1->0->1 [12] 1/-1/-1->0->-1 [13] 1/-1/-1->0->-1 [14] 1/-1/-1->0->-1 [15] 1/-1/-1->0->-1 [16] 1/-1/-1->0->-1 [17] 1/-1/-1->0->-1 [18] -1/-1/-1->0->1 [19] -1/-1/-1->0->1 [20] -1/-1/-1->0->1 [21] -1/-1/-1->0->1 [22] -1/-1/-1->0->1 [23] -1/-1/-1->0->1
pluto-prod-yutengl-dev-202-3-0:2338575:2338575 [0] NCCL INFO P2P Chunksize set to 524288
pluto-prod-yutengl-dev-202-3-0:2338575:2338575 [0] NCCL INFO Check P2P Type isAllDirectP2p 1 directMode 0 isAllCudaP2p 1
pluto-prod-yutengl-dev-202-3-0:2338575:2339221 [0] NCCL INFO [Proxy Service] Device 0 CPU core 137
pluto-prod-yutengl-dev-202-3-0:2338575:2339222 [0] NCCL INFO [Proxy Service UDS] Device 0 CPU core 135
pluto-prod-yutengl-dev-202-3-0:2338575:2338575 [0] NCCL INFO NET/OFI Region base Tuner is chosen for platform: p5.48xlarge
pluto-prod-yutengl-dev-202-3-0:2338575:2338575 [0] NCCL INFO NET/OFI Region Tuner init (platform 0): comm with 2 ranks and 1 nodes.
pluto-prod-yutengl-dev-202-3-0:2338575:2338575 [0] NCCL INFO NET/OFI Tuner init: comm with 2 ranks and 1 nodes.
pluto-prod-yutengl-dev-202-3-0:2338575:2338575 [0] NCCL INFO threadThresholds 8/8/64 | 16/8/64 | 512 | 512
pluto-prod-yutengl-dev-202-3-0:2338575:2338575 [0] NCCL INFO 24 coll channels, 24 collnet channels, 16 nvls channels, 32 p2p channels, 32 p2p channels per peer
pluto-prod-yutengl-dev-202-3-0:2338575:2338575 [0] NCCL INFO Symmetric VA size=80GB
pluto-prod-yutengl-dev-202-3-0:2338575:2338575 [0] NCCL INFO CC Off, workFifoBytes 1048576
pluto-prod-yutengl-dev-202-3-0:2338575:2338575 [0] NCCL INFO ncclCommInitRank comm 0x564358bf0c80 rank 0 nranks 2 cudaDev 0 nvmlDev 0 busId 64000 commId 0xbd2e61fdd58a66f0 - Init COMPLETE
pluto-prod-yutengl-dev-202-3-0:2338575:2338575 [0] NCCL INFO Init timings - ncclCommInitRank: rank 0 nranks 2 total 0.12 (kernels 0.00, alloc 0.00, bootstrap 0.00, allgathers 0.01, topo 0.02, graphs 0.00, connections 0.08, rest 0.01)
pluto-prod-yutengl-dev-202-3-0:2338575:2338575 [0] NCCL INFO Symmetric VA size=80GB
pluto-prod-yutengl-dev-202-3-0:2338575:2338575 [0] NCCL INFO Channel 00/0 : 0[0] -> 1[1] via P2P/CUMEM
pluto-prod-yutengl-dev-202-3-0:2338575:2338575 [0] NCCL INFO Channel 01/0 : 0[0] -> 1[1] via P2P/CUMEM
pluto-prod-yutengl-dev-202-3-0:2338575:2338575 [0] NCCL INFO Channel 02/0 : 0[0] -> 1[1] via P2P/CUMEM
pluto-prod-yutengl-dev-202-3-0:2338575:2338575 [0] NCCL INFO Channel 03/0 : 0[0] -> 1[1] via P2P/CUMEM
pluto-prod-yutengl-dev-202-3-0:2338575:2338575 [0] NCCL INFO Channel 04/0 : 0[0] -> 1[1] via P2P/CUMEM
pluto-prod-yutengl-dev-202-3-0:2338575:2338575 [0] NCCL INFO Channel 05/0 : 0[0] -> 1[1] via P2P/CUMEM
pluto-prod-yutengl-dev-202-3-0:2338575:2338575 [0] NCCL INFO Channel 06/0 : 0[0] -> 1[1] via P2P/CUMEM
pluto-prod-yutengl-dev-202-3-0:2338575:2338575 [0] NCCL INFO Channel 07/0 : 0[0] -> 1[1] via P2P/CUMEM
pluto-prod-yutengl-dev-202-3-0:2338575:2338575 [0] NCCL INFO Channel 08/0 : 0[0] -> 1[1] via P2P/CUMEM
pluto-prod-yutengl-dev-202-3-0:2338575:2338575 [0] NCCL INFO Channel 09/0 : 0[0] -> 1[1] via P2P/CUMEM
pluto-prod-yutengl-dev-202-3-0:2338575:2338575 [0] NCCL INFO Channel 10/0 : 0[0] -> 1[1] via P2P/CUMEM
pluto-prod-yutengl-dev-202-3-0:2338575:2338575 [0] NCCL INFO Channel 11/0 : 0[0] -> 1[1] via P2P/CUMEM
pluto-prod-yutengl-dev-202-3-0:2338575:2338575 [0] NCCL INFO Channel 12/0 : 0[0] -> 1[1] via P2P/CUMEM
pluto-prod-yutengl-dev-202-3-0:2338575:2338575 [0] NCCL INFO Channel 13/0 : 0[0] -> 1[1] via P2P/CUMEM
pluto-prod-yutengl-dev-202-3-0:2338575:2338575 [0] NCCL INFO Channel 14/0 : 0[0] -> 1[1] via P2P/CUMEM
pluto-prod-yutengl-dev-202-3-0:2338575:2338575 [0] NCCL INFO Channel 15/0 : 0[0] -> 1[1] via P2P/CUMEM
pluto-prod-yutengl-dev-202-3-0:2338575:2338575 [0] NCCL INFO Channel 16/0 : 0[0] -> 1[1] via P2P/CUMEM
pluto-prod-yutengl-dev-202-3-0:2338575:2338575 [0] NCCL INFO Channel 17/0 : 0[0] -> 1[1] via P2P/CUMEM
pluto-prod-yutengl-dev-202-3-0:2338575:2338575 [0] NCCL INFO Channel 18/0 : 0[0] -> 1[1] via P2P/CUMEM
pluto-prod-yutengl-dev-202-3-0:2338575:2338575 [0] NCCL INFO Channel 19/0 : 0[0] -> 1[1] via P2P/CUMEM
pluto-prod-yutengl-dev-202-3-0:2338575:2338575 [0] NCCL INFO Channel 20/0 : 0[0] -> 1[1] via P2P/CUMEM
pluto-prod-yutengl-dev-202-3-0:2338575:2338575 [0] NCCL INFO Channel 21/0 : 0[0] -> 1[1] via P2P/CUMEM
pluto-prod-yutengl-dev-202-3-0:2338575:2338575 [0] NCCL INFO Channel 22/0 : 0[0] -> 1[1] via P2P/CUMEM
pluto-prod-yutengl-dev-202-3-0:2338575:2338575 [0] NCCL INFO Channel 23/0 : 0[0] -> 1[1] via P2P/CUMEM
pluto-prod-yutengl-dev-202-3-0:2338575:2338575 [0] NCCL INFO Connected all rings, use ring PXN 0 GDR 1
pluto-prod-yutengl-dev-202-3-0:2338575:2338575 [0] NCCL INFO Rank 0 has color with NCCL_SPLIT_NOCOLOR, not creating a new communicator
pluto-prod-yutengl-dev-202-3-0:2338575:2338575 [0] NCCL INFO Rank 0 has color with NCCL_SPLIT_NOCOLOR, not creating a new communicator
pluto-prod-yutengl-dev-202-3-0:2338575:2338575 [0] NCCL INFO Comm config Blocking set to 1
pluto-prod-yutengl-dev-202-3-0:2338575:2338575 [0] NCCL INFO Initialized NET plugin Socket
pluto-prod-yutengl-dev-202-3-0:2338575:2338575 [0] NCCL INFO Assigned NET plugin Socket to comm
pluto-prod-yutengl-dev-202-3-0:2338575:2338575 [0] NCCL INFO Failed to initialize any GIN plugin
pluto-prod-yutengl-dev-202-3-0:2338575:2338575 [0] NCCL INFO Using network Socket
pluto-prod-yutengl-dev-202-3-0:2338575:2338575 [0] NCCL INFO ncclCommSplit comm 0x564359b3fe30 rank 0 nranks 2 cudaDev 0 nvmlDev 0 busId 64000 parent 0x564350a09080 childCount 4 color 2130503744 key 0- Init START
pluto-prod-yutengl-dev-202-3-0:2338575:2338575 [0] NCCL INFO MNNVL busId 0x64000 fabric UUID 0.0 cliqueId 0x0 state 3 healthMask 0x0
pluto-prod-yutengl-dev-202-3-0:2338575:2338575 [0] NCCL INFO ncclTopoGetCpuAffinity: Affinity for GPU 0 is 0-47,96-143. (GPU affinity = 0-47,96-143 ; CPU affinity = 0-47,96-143).
pluto-prod-yutengl-dev-202-3-0:2338575:2338575 [0] NCCL INFO NVLS multicast support is available on dev 0 (NVLS_NCHANNELS 16)
pluto-prod-yutengl-dev-202-3-0:2338575:2338575 [0] NCCL INFO comm 0x564359b3fe30 rank 0 nRanks 2 nNodes 1 localRanks 2 localRank 0 MNNVL 0
pluto-prod-yutengl-dev-202-3-0:2338575:2338575 [0] NCCL INFO Channel 00/24 : 0 1
pluto-prod-yutengl-dev-202-3-0:2338575:2338575 [0] NCCL INFO Channel 01/24 : 0 1
pluto-prod-yutengl-dev-202-3-0:2338575:2338575 [0] NCCL INFO Channel 02/24 : 0 1
pluto-prod-yutengl-dev-202-3-0:2338575:2338575 [0] NCCL INFO Channel 03/24 : 0 1
pluto-prod-yutengl-dev-202-3-0:2338575:2338575 [0] NCCL INFO Channel 04/24 : 0 1
pluto-prod-yutengl-dev-202-3-0:2338575:2338575 [0] NCCL INFO Channel 05/24 : 0 1
pluto-prod-yutengl-dev-202-3-0:2338575:2338575 [0] NCCL INFO Channel 06/24 : 0 1
pluto-prod-yutengl-dev-202-3-0:2338575:2338575 [0] NCCL INFO Channel 07/24 : 0 1
pluto-prod-yutengl-dev-202-3-0:2338575:2338575 [0] NCCL INFO Channel 08/24 : 0 1
pluto-prod-yuteng[09-15 17:42:55] Found nccl from library libnccl.so.2
[09-15 17:42:55] sglang-diffusion is using nccl==2.29.7
l-dev-202-3-0:2338575:2338575 [0] NCCL INFO Channel 09/24 : 0 1
pluto-prod-yutengl-dev-202-3-0:2338575:2338575 [0] NCCL INFO Channel 10/24 : 0 1
pluto-prod-yutengl-dev-202-3-0:2338575:2338575 [0] NCCL INFO Channel 11/24 : 0 1
pluto-prod-yutengl-dev-202-3-0:2338575:2338575 [0] NCCL INFO Channel 12/24 : 0 1
pluto-prod-yutengl-dev-202-3-0:2338575:2338575 [0] NCCL INFO Channel 13/24 : 0 1
pluto-prod-yutengl-dev-202-3-0:2338575:2338575 [0] NCCL INFO Channel 14/24 : 0 1
pluto-prod-yutengl-dev-202-3-0:2338575:2338575 [0] NCCL INFO Channel 15/24 : 0 1
pluto-prod-yutengl-dev-202-3-0:2338575:2338575 [0] NCCL INFO Channel 16/24 : 0 1
pluto-prod-yutengl-dev-202-3-0:2338575:2338575 [0] NCCL INFO Channel 17/24 : 0 1
pluto-prod-yutengl-dev-202-3-0:2338575:2338575 [0] NCCL INFO Channel 18/24 : 0 1
pluto-prod-yutengl-dev-202-3-0:2338575:2338575 [0] NCCL INFO Channel 19/24 : 0 1
pluto-prod-yutengl-dev-202-3-0:2338575:2338575 [0] NCCL INFO Channel 20/24 : 0 1
pluto-prod-yutengl-dev-202-3-0:2338575:2338575 [0] NCCL INFO Channel 21/24 : 0 1
pluto-prod-yutengl-dev-202-3-0:2338575:2338575 [0] NCCL INFO Channel 22/24 : 0 1
pluto-prod-yutengl-dev-202-3-0:2338575:2338575 [0] NCCL INFO Channel 23/24 : 0 1
pluto-prod-yutengl-dev-202-3-0:2338575:2338575 [0] NCCL INFO Trees [0] 1/-1/-1->0->-1 [1] 1/-1/-1->0->-1 [2] 1/-1/-1->0->-1 [3] 1/-1/-1->0->-1 [4] 1/-1/-1->0->-1 [5] 1/-1/-1->0->-1 [6] -1/-1/-1->0->1 [7] -1/-1/-1->0->1 [8] -1/-1/-1->0->1 [9] -1/-1/-1->0->1 [10] -1/-1/-1->0->1 [11] -1/-1/-1->0->1 [12] 1/-1/-1->0->-1 [13] 1/-1/-1->0->-1 [14] 1/-1/-1->0->-1 [15] 1/-1/-1->0->-1 [16] 1/-1/-1->0->-1 [17] 1/-1/-1->0->-1 [18] -1/-1/-1->0->1 [19] -1/-1/-1->0->1 [20] -1/-1/-1->0->1 [21] -1/-1/-1->0->1 [22] -1/-1/-1->0->1 [23] -1/-1/-1->0->1
pluto-prod-yutengl-dev-202-3-0:2338575:2338575 [0] NCCL INFO P2P Chunksize set to 524288
pluto-prod-yutengl-dev-202-3-0:2338575:2338575 [0] NCCL INFO Check P2P Type isAllDirectP2p 1 directMode 0 isAllCudaP2p 1
pluto-prod-yutengl-dev-202-3-0:2338575:2339247 [0] NCCL INFO [Proxy Service] Device 0 CPU core 39
pluto-prod-yutengl-dev-202-3-0:2338575:2339249 [0] NCCL INFO [Proxy Service UDS] Device 0 CPU core 132
pluto-prod-yutengl-dev-202-3-0:2338575:2338575 [0] NCCL INFO NET/OFI Region base Tuner is chosen for platform: p5.48xlarge
pluto-prod-yutengl-dev-202-3-0:2338575:2338575 [0] NCCL INFO NET/OFI Region Tuner init (platform 0): comm with 2 ranks and 1 nodes.
pluto-prod-yutengl-dev-202-3-0:2338575:2338575 [0] NCCL INFO NET/OFI Tuner init: comm with 2 ranks and 1 nodes.
pluto-prod-yutengl-dev-202-3-0:2338575:2338575 [0] NCCL INFO threadThresholds 8/8/64 | 16/8/64 | 512 | 512
pluto-prod-yutengl-dev-202-3-0:2338575:2338575 [0] NCCL INFO 24 coll channels, 24 collnet channels, 16 nvls channels, 32 p2p channels, 32 p2p channels per peer
pluto-prod-yutengl-dev-202-3-0:2338575:2338575 [0] NCCL INFO Symmetric VA size=80GB
pluto-prod-yutengl-dev-202-3-0:2338575:2338575 [0] NCCL INFO CC Off, workFifoBytes 1048576
pluto-prod-yutengl-dev-202-3-0:2338575:2338575 [0] NCCL INFO ncclCommSplit comm 0x564359b3fe30 rank 0 nranks 2 cudaDev 0 nvmlDev 0 busId 64000 parent 0x564350a09080 childCount 4 color 2130503744 key 0 - Init COMPLETE
pluto-prod-yutengl-dev-202-3-0:2338575:2338575 [0] NCCL INFO Init timings - ncclCommSplit: rank 0 nranks 2 total 0.13 (kernels 0.00, alloc 0.00, bootstrap 0.00, allgathers 0.00, topo 0.02, graphs 0.00, connections 0.09, rest 0.01)
pluto-prod-yutengl-dev-202-3-0:2338575:2338575 [0] NCCL INFO Initialized NET plugin Socket
pluto-prod-yutengl-dev-202-3-0:2338575:2338575 [0] NCCL INFO Assigned NET plugin Socket to comm
pluto-prod-yutengl-dev-202-3-0:2338575:2338575 [0] NCCL INFO Failed to initialize any GIN plugin
pluto-prod-yutengl-dev-202-3-0:2338575:2338575 [0] NCCL INFO Using network Socket
pluto-prod-yutengl-dev-202-3-0:2338575:2338575 [0] NCCL INFO [Rank 0] ncclCommInitRank comm 0x564359eec590 rank 0 nranks 2 cudaDev 0 nvmlDev 0 busId 64000 commId 0xe61f263ec5064e83 - Init START
pluto-prod-yutengl-dev-202-3-0:2338575:2338575 [0] NCCL INFO Bootstrap timings total 0.000879 (create 0.000062, send 0.000131, recv 0576 [1] NCCL INFO Rank 1 has color with NCCL_SPLIT_NOCOLOR, not creating a new communicator
pluto-prod-yutengl-dev-202-3-0:2338576:2338576 [1] NCCL INFO Comm config Blocking set to 1
pluto-prod-yutengl-dev-202-3-0:2338576:2338576 [1] NCCL INFO Initialized NET plugin Socket
pluto-prod-yutengl-dev-202-3-0:2338576:2338576 [1] NCCL INFO Assigned NET plugin Socket to comm
pluto-prod-yutengl-dev-202-3-0:2338576:2338576 [1] NCCL INFO Failed to initialize any GIN plugin
pluto-prod-yutengl-dev-202-3-0:2338576:2338576 [1] NCCL INFO Using network Socket
pluto-prod-yutengl-dev-202-3-0:2338576:2338576 [1] NCCL INFO ncclCommSplit comm 0x562c65e2e440 rank 1 nranks 2 cudaDev 1 nvmlDev 1 busId 75000 parent 0x562c5ccf82d0 childCount 4 color 2130503744 key 1- Init START
pluto-prod-yutengl-dev-202-3-0:2338576:2338576 [1] NCCL INFO MNNVL busId 0x75000 fabric UUID 0.0 cliqueId 0x0 state 3 healthMask 0x0
pluto-prod-yutengl-dev-202-3-0:2338576:2338576 [1] NCCL INFO ncclTopoGetCpuAffinity: Affinity for GPU 1 is 0-47,96-143. (GPU affinity = 0-47,96-143 ; CPU affinity = 0-47,96-143).
pluto-prod-yutengl-dev-202-3-0:2338576:2338576 [1] NCCL INFO NVLS multicast support is available on dev 1 (NVLS_NCHANNELS 16)
pluto-prod-yutengl-dev-202-3-0:2338576:2338576 [1] NCCL INFO comm 0x562c65e2e440 rank 1 nRanks 2 nNodes 1 localRanks 2 localRank 1 MNNVL 0
pluto-prod-yutengl-dev-202-3-0:2338576:2338576 [1] NCCL INFO Trees [0] -1/-1/-1->1->0 [1] -1/-1/-1->1->0 [2] -1/-1/-1->1->0 [3] -1/-1/-1->1->0 [4] -1/-1/-1->1->0 [5] -1/-1/-1->1->0 [6] 0/-1/-1->1->-1 [7] 0/-1/-1->1->-1 [8] 0/-1/-1->1->-1 [9] 0/-1/-1->1->-1 [10] 0/-1/-1->1->-1 [11] 0/-1/-1->1->-1 [12] -1/-1/-1->1->0 [13] -1/-1/-1->1->0 [14] -1/-1/-1->1->0 [15] -1/-1/-1->1->0 [16] -1/-1/-1->1->0 [17] -1/-1/-1->1->0 [18] 0/-1/-1->1->-1 [19] 0/-1/-1->1->-1 [20] 0/-1/-1->1->-1 [21] 0/-1/-1->1->-1 [22] 0/-1/-1->1->-1 [23] 0/-1/-1->1->-1
pluto-prod-yutengl-dev-202-3-0:2338576:2338576 [1] NCCL INFO P2P Chunksize set to 524288
pluto-prod-yutengl-dev-202-3-0:2338576:2338576 [1] NCCL INFO Check P2P Type isAllDirectP2p 1 directMode 0 isAllCudaP2p 1
pluto-prod-yutengl-dev-202-3-0:2338576:2339246 [0] NCCL INFO [Proxy Service] Device 1 CPU core 33
pluto-prod-yutengl-dev-202-3-0:2338576:2339248 [0] NCCL INFO [Proxy Service UDS] Device 1 CPU core 141
pluto-prod-yutengl-dev-202-3-0:2338576:2338576 [1] NCCL INFO NET/OFI Region base Tuner is chosen for platform: p5.48xlarge
pluto-prod-yutengl-dev-202-3-0:2338576:2338576 [1] NCCL INFO NET/OFI Region Tuner init (platform 0): comm with 2 ranks and 1 nodes.
pluto-prod-yutengl-dev-202-3-0:2338576:2338576 [1] NCCL INFO NET/OFI Tuner init: comm with 2 ranks and 1 nodes.
pluto-prod-yutengl-dev-202-3-0:2338576:2338576 [1] NCCL INFO threadThresholds 8/8/64 | 16/8/64 | 512 | 512
pluto-prod-yutengl-dev-202-3-0:2338576:2338576 [1] NCCL INFO 24 coll channels, 24 collnet channels, 16 nvls channels, 32 p2p channels, 32 p2p channels per peer
pluto-prod-yutengl-dev-202-3-0:2338576:2338576 [1] NCCL INFO Symmetric VA size=80GB
pluto-prod-yutengl-dev-202-3-0:2338576:2338576 [1] NCCL INFO ncclCommSplit comm 0x562c65e2e440 rank 1 nranks 2 cudaDev 1 nvmlDev 1 busId 75000 parent 0x562c5ccf82d0 childCount 4 color 2130503744 key 1 - Init COMPLETE
pluto-prod-yutengl-dev-202-3-0:2338576:2338576 [1] NCCL INFO Init timings - ncclCommSplit: rank 1 nranks 2 total 0.13 (kernels 0.00, alloc 0.00, bootstrap 0.00, allgathers 0.00, topo 0.02, graphs 0.00, connections 0.09, rest 0.01)
pluto-prod-yutengl-dev-202-3-0:2338576:2338576 [1] NCCL INFO Initialized NET plugin Socket
pluto-prod-yutengl-dev-202-3-0:2338576:2338576 [1] NCCL INFO Assigned NET plugin Socket to comm
pluto-prod-yutengl-dev-202-3-0:2338576:2338576 [1] NCCL INFO Failed to initialize any GIN plugin
pluto-prod-yutengl-dev-202-3-0:2338576:2338576 [1] NCCL INFO Using network Socket
pluto-prod-yutengl-dev-202-3-0:2338576:2338576 [1] NCCL INFO [Rank 1] ncclCommInitRank comm 0x562c661da4e0 rank 1 nranks 2 cudaDev 1 nvmlDev 1 busId 75000 commId 0xe61f263ec5064e83 - Init START
pluto-prod-yutengl-dev-202-3-0:2338576:2338576 [1] NCCL INFO Bootstrap timings tota.000322, ring 0.000052, delay 0.000000)
pluto-prod-yutengl-dev-202-3-0:2338575:2338575 [0] NCCL INFO MNNVL busId 0x64000 fabric UUID 0.0 cliqueId 0x0 state 3 healthMask 0x0
pluto-prod-yutengl-dev-202-3-0:2338575:2338575 [0] NCCL INFO ncclTopoGetCpuAffinity: Affinity for GPU 0 is 0-47,96-143. (GPU affinity = 0-47,96-143 ; CPU affinity = 0-47,96-143).
pluto-prod-yutengl-dev-202-3-0:2338575:2338575 [0] NCCL INFO NVLS multicast support is available on dev 0 (NVLS_NCHANNELS 16)
pluto-prod-yutengl-dev-202-3-0:2338575:2338575 [0] NCCL INFO comm 0x564359eec590 rank 0 nRanks 2 nNodes 1 localRanks 2 localRank 0 MNNVL 0
pluto-prod-yutengl-dev-202-3-0:2338575:2338575 [0] NCCL INFO Channel 00/24 : 0 1
pluto-prod-yutengl-dev-202-3-0:2338575:2338575 [0] NCCL INFO Channel 01/24 : 0 1
pluto-prod-yutengl-dev-202-3-0:2338575:2338575 [0] NCCL INFO Channel 02/24 : 0 1
pluto-prod-yutengl-dev-202-3-0:2338575:2338575 [0] NCCL INFO Channel 03/24 : 0 1
pluto-prod-yutengl-dev-202-3-0:2338575:2338575 [0] NCCL INFO Channel 04/24 : 0 1
pluto-prod-yutengl-dev-202-3-0:2338575:2338575 [0] NCCL INFO Channel 05/24 : 0 1
pluto-prod-yutengl-dev-202-3-0:2338575:2338575 [0] NCCL INFO Channel 06/24 : 0 1
pluto-prod-yutengl-dev-202-3-0:2338575:2338575 [0] NCCL INFO Channel 07/24 : 0 1
pluto-prod-yutengl-dev-202-3-0:2338575:2338575 [0] NCCL INFO Channel 08/24 : 0 1
pluto-prod-yutengl-dev-202-3-0:2338575:2338575 [0] NCCL INFO Channel 09/24 : 0 1
pluto-prod-yutengl-dev-202-3-0:2338575:2338575 [0] NCCL INFO Channel 10/24 : 0 1
pluto-prod-yutengl-dev-202-3-0:2338575:2338575 [0] NCCL INFO Channel 11/24 : 0 1
pluto-prod-yutengl-dev-202-3-0:2338575:2338575 [0] NCCL INFO Channel 12/24 : 0 1
pluto-prod-yutengl-dev-202-3-0:2338575:2338575 [0] NCCL INFO Channel 13/24 : 0 1
pluto-prod-yutengl-dev-202-3-0:2338575:2338575 [0] NCCL INFO Channel 14/24 : 0 1
pluto-prod-yutengl-dev-202-3-0:2338575:2338575 [0] NCCL INFO Channel 15/24 : 0 1
pluto-prod-yutengl-dev-202-3-0:2338575:2338575 [0] NCCL INFO Channel 16/24 : 0 1
pluto-prod-yutengl-dev-202-3-0:2338575:2338575 [0] NCCL INFO Channel 17/24 : 0 1
pluto-prod-yutengl-dev-202-3-0:2338575:2338575 [0] NCCL INFO Channel 18/24 : 0 1
pluto-prod-yutengl-dev-202-3-0:2338575:2338575 [0] NCCL INFO Channel 19/24 : 0 1
pluto-prod-yutengl-dev-202-3-0:2338575:2338575 [0] NCCL INFO Channel 20/24 : 0 1
pluto-prod-yutengl-dev-202-3-0:2338575:2338575 [0] NCCL INFO Channel 21/24 : 0 1
pluto-prod-yutengl-dev-202-3-0:2338575:2338575 [0] NCCL INFO Channel 22/24 : 0 1
pluto-prod-yutengl-dev-202-3-0:2338575:2338575 [0] NCCL INFO Channel 23/24 : 0 1
pluto-prod-yutengl-dev-202-3-0:2338575:2338575 [0] NCCL INFO Trees [0] 1/-1/-1->0->-1 [1] 1/-1/-1->0->-1 [2] 1/-1/-1->0->-1 [3] 1/-1/-1->0->-1 [4] 1/-1/-1->0->-1 [5] 1/-1/-1->0->-1 [6] -1/-1/-1->0->1 [7] -1/-1/-1->0->1 [8] -1/-1/-1->0->1 [9] -1/-1/-1->0->1 [10] -1/-1/-1->0->1 [11] -1/-1/-1->0->1 [12] 1/-1/-1->0->-1 [13] 1/-1/-1->0->-1 [14] 1/-1/-1->0->-1 [15] 1/-1/-1->0->-1 [16] 1/-1/-1->0->-1 [17] 1/-1/-1->0->-1 [18] -1/-1/-1->0->1 [19] -1/-1/-1->0->1 [20] -1/-1/-1->0->1 [21] -1/-1/-1->0->1 [22] -1/-1/-1->0->1 [23] -1/-1/-1->0->1
pluto-prod-yutengl-dev-202-3-0:2338575:2338575 [0] NCCL INFO P2P Chunksize set to 524288
pluto-prod-yutengl-dev-202-3-0:2338575:2338575 [0] NCCL INFO Check P2P Type isAllDirectP2p 1 directMode 0 isAllCudaP2p 1
pluto-prod-yutengl-dev-202-3-0:2338575:2339269 [0] NCCL INFO [Proxy Service] Device 0 CPU core 110
pluto-prod-yutengl-dev-202-3-0:2338575:2339271 [0] NCCL INFO [Proxy Service UDS] Device 0 CPU core 121
pluto-prod-yutengl-dev-202-3-0:2338575:2338575 [0] NCCL INFO NET/OFI Region base Tuner is chosen for platform: p5.48xlarge
pluto-prod-yutengl-dev-202-3-0:2338575:2338575 [0] NCCL INFO NET/OFI Region Tuner init (platform 0): comm with 2 ranks and 1 nodes.
pluto-prod-yutengl-dev-202-3-0:2338575:2338575 [0] NCCL INFO NET/OFI Tuner init: comm with 2 ranks and 1 nodes.
pluto-prod-yutengl-dev-202-3-0:2338575:2338575 [0] NCCL INFO threadThresholds 8/8/64 | 16/8/64 | 512 | 512
pluto-prod-yutengl-dev-202-3-0:2338575:2338575 [0] NCCL INFO 24 coll channels, 24 collnet channels, 16 nvls chanl 0.000761 (create 0.000058, send 0.000096, recv 0.000365, ring 0.000037, delay 0.000000)
pluto-prod-yutengl-dev-202-3-0:2338576:2338576 [1] NCCL INFO MNNVL busId 0x75000 fabric UUID 0.0 cliqueId 0x0 state 3 healthMask 0x0
pluto-prod-yutengl-dev-202-3-0:2338576:2338576 [1] NCCL INFO ncclTopoGetCpuAffinity: Affinity for GPU 1 is 0-47,96-143. (GPU affinity = 0-47,96-143 ; CPU affinity = 0-47,96-143).
pluto-prod-yutengl-dev-202-3-0:2338576:2338576 [1] NCCL INFO NVLS multicast support is available on dev 1 (NVLS_NCHANNELS 16)
pluto-prod-yutengl-dev-202-3-0:2338576:2338576 [1] NCCL INFO comm 0x562c661da4e0 rank 1 nRanks 2 nNodes 1 localRanks 2 localRank 1 MNNVL 0
pluto-prod-yutengl-dev-202-3-0:2338576:2338576 [1] NCCL INFO Trees [0] -1/-1/-1->1->0 [1] -1/-1/-1->1->0 [2] -1/-1/-1->1->0 [3] -1/-1/-1->1->0 [4] -1/-1/-1->1->0 [5] -1/-1/-1->1->0 [6] 0/-1/-1->1->-1 [7] 0/-1/-1->1->-1 [8] 0/-1/-1->1->-1 [9] 0/-1/-1->1->-1 [10] 0/-1/-1->1->-1 [11] 0/-1/-1->1->-1 [12] -1/-1/-1->1->0 [13] -1/-1/-1->1->0 [14] -1/-1/-1->1->0 [15] -1/-1/-1->1->0 [16] -1/-1/-1->1->0 [17] -1/-1/-1->1->0 [18] 0/-1/-1->1->-1 [19] 0/-1/-1->1->-1 [20] 0/-1/-1->1->-1 [21] 0/-1/-1->1->-1 [22] 0/-1/-1->1->-1 [23] 0/-1/-1->1->-1
pluto-prod-yutengl-dev-202-3-0:2338576:2338576 [1] NCCL INFO P2P Chunksize set to 524288
pluto-prod-yutengl-dev-202-3-0:2338576:2338576 [1] NCCL INFO Check P2P Type isAllDirectP2p 1 directMode 0 isAllCudaP2p 1
pluto-prod-yutengl-dev-202-3-0:2338576:2339268 [0] NCCL INFO [Proxy Service] Device 1 CPU core 110
pluto-prod-yutengl-dev-202-3-0:2338576:2339270 [0] NCCL INFO [Proxy Service UDS] Device 1 CPU core 133
pluto-prod-yutengl-dev-202-3-0:2338576:2338576 [1] NCCL INFO NET/OFI Region base Tuner is chosen for platform: p5.48xlarge
pluto-prod-yutengl-dev-202-3-0:2338576:2338576 [1] NCCL INFO NET/OFI Region Tuner init (platform 0): comm with 2 ranks and 1 nodes.
pluto-prod-yutengl-dev-202-3-0:2338576:2338576 [1] NCCL INFO NET/OFI Tuner init: comm with 2 ranks and 1 nodes.
pluto-prod-yutengl-dev-202-3-0:2338576:2338576 [1] NCCL INFO threadThresholds 8/8/64 | 16/8/64 | 512 | 512
pluto-prod-yutengl-dev-202-3-0:2338576:2338576 [1] NCCL INFO 24 coll channels, 24 collnet channels, 16 nvls channels, 32 p2p channels, 32 p2p channels per peer
pluto-prod-yutengl-dev-202-3-0:2338576:2338576 [1] NCCL INFO Symmetric VA size=80GB
pluto-prod-yutengl-dev-202-3-0:2338576:2338576 [1] NCCL INFO ncclCommInitRank comm 0x562c661da4e0 rank 1 nranks 2 cudaDev 1 nvmlDev 1 busId 75000 commId 0xe61f263ec5064e83 - Init COMPLETE
pluto-prod-yutengl-dev-202-3-0:2338576:2338576 [1] NCCL INFO Init timings - ncclCommInitRank: rank 1 nranks 2 total 0.17 (kernels 0.00, alloc 0.00, bootstrap 0.00, allgathers 0.00, topo 0.02, graphs 0.00, connections 0.14, rest 0.01)
pluto-prod-yutengl-dev-202-3-0:2338576:2338576 [1] NCCL INFO Symmetric VA size=80GB
pluto-prod-yutengl-dev-202-3-0:2338576:2338576 [1] NCCL INFO Channel 00/0 : 1[1] -> 0[0] via P2P/CUMEM
pluto-prod-yutengl-dev-202-3-0:2338576:2338576 [1] NCCL INFO Channel 01/0 : 1[1] -> 0[0] via P2P/CUMEM
pluto-prod-yutengl-dev-202-3-0:2338576:2338576 [1] NCCL INFO Channel 02/0 : 1[1] -> 0[0] via P2P/CUMEM
pluto-prod-yutengl-dev-202-3-0:2338576:2338576 [1] NCCL INFO Channel 03/0 : 1[1] -> 0[0] via P2P/CUMEM
pluto-prod-yutengl-dev-202-3-0:2338576:2338576 [1] NCCL INFO Channel 04/0 : 1[1] -> 0[0] via P2P/CUMEM
pluto-prod-yutengl-dev-202-3-0:2338576:2338576 [1] NCCL INFO Channel 05/0 : 1[1] -> 0[0] via P2P/CUMEM
pluto-prod-yutengl-dev-202-3-0:2338576:2338576 [1] NCCL INFO Channel 06/0 : 1[1] -> 0[0] via P2P/CUMEM
pluto-prod-yutengl-dev-202-3-0:2338576:2338576 [1] NCCL INFO Channel 07/0 : 1[1] -> 0[0] via P2P/CUMEM
pluto-prod-yutengl-dev-202-3-0:2338576:2338576 [1] NCCL INFO Channel 08/0 : 1[1] -> 0[0] via P2P/CUMEM
pluto-prod-yutengl-dev-202-3-0:2338576:2338576 [1] NCCL INFO Channel 09/0 : 1[1] -> 0[0] via P2P/CUMEM
pluto-prod-yutengl-dev-202-3-0:2338576:2338576 [1] NCCL INFO Channel 10/0 : 1[1] -> 0[0] via P2P/CUMEM
pluto-prod-yutengl-dev-202-3-0:2338576:2338576 [1] NCCL INFO Channel 11/0 : 1[1] -> 0[0] via P2P/CUMEM
pluto-prod-yutengl-dnels, 32 p2p channels, 32 p2p channels per peer
pluto-prod-yutengl-dev-202-3-0:2338575:2338575 [0] NCCL INFO Symmetric VA size=80GB
pluto-prod-yutengl-dev-202-3-0:2338575:2338575 [0] NCCL INFO CC Off, workFifoBytes 1048576
pluto-prod-yutengl-dev-202-3-0:2338575:2338575 [0] NCCL INFO ncclCommInitRank comm 0x564359eec590 rank 0 nranks 2 cudaDev 0 nvmlDev 0 busId 64000 commId 0xe61f263ec5064e83 - Init COMPLETE
pluto-prod-yutengl-dev-202-3-0:2338575:2338575 [0] NCCL INFO Init timings - ncclCommInitRank: rank 0 nranks 2 total 0.17 (kernels 0.00, alloc 0.00, bootstrap 0.00, allgathers 0.00, topo 0.02, graphs 0.00, connections 0.14, rest 0.01)
pluto-prod-yutengl-dev-202-3-0:2338575:2338575 [0] NCCL INFO Symmetric VA size=80GB
pluto-prod-yutengl-dev-202-3-0:2338575:2338575 [0] NCCL INFO Channel 00/0 : 0[0] -> 1[1] via P2P/CUMEM
pluto-prod-yutengl-dev-202-3-0:2338575:2338575 [0] NCCL INFO Channel 01/0 : 0[0] -> 1[1] via P2P/CUMEM
pluto-prod-yutengl-dev-202-3-0:2338575:2338575 [0] NCCL INFO Channel 02/0 : 0[0] -> 1[1] via P2P/CUMEM
pluto-prod-yutengl-dev-202-3-0:2338575:2338575 [0] NCCL INFO Channel 03/0 : 0[0] -> 1[1] via P2P/CUMEM
pluto-prod-yutengl-dev-202-3-0:2338575:2338575 [0] NCCL INFO Channel 04/0 : 0[0] -> 1[1] via P2P/CUMEM
pluto-prod-yutengl-dev-202-3-0:2338575:2338575 [0] NCCL INFO Channel 05/0 : 0[0] -> 1[1] via P2P/CUMEM
pluto-prod-yutengl-dev-202-3-0:2338575:2338575 [0] NCCL INFO Channel 06/0 : 0[0] -> 1[1] via P2P/CUMEM
pluto-prod-yutengl-dev-202-3-0:2338575:2338575 [0] NCCL INFO Channel 07/0 : 0[0] -> 1[1] via P2P/CUMEM
pluto-prod-yutengl-dev-202-3-0:2338575:2338575 [0] NCCL INFO Channel 08/0 : 0[0] -> 1[1] via P2P/CUMEM
pluto-prod-yutengl-dev-202-3-0:2338575:2338575 [0] NCCL INFO Channel 09/0 : 0[0] -> 1[1] via P2P/CUMEM
pluto-prod-yutengl-dev-202-3-0:2338575:2338575 [0] NCCL INFO Channel 10/0 : 0[0] -> 1[1] via P2P/CUMEM
pluto-prod-yutengl-dev-202-3-0:2338575:2338575 [0] NCCL INFO Channel 11/0 : 0[0] -> 1[1] via P2P/CUMEM
pluto-prod-yutengl-dev-202-3-0:2338575:2338575 [0] NCCL INFO Channel 12/0 : 0[0] -> 1[1] via P2P/CUMEM
pluto-prod-yutengl-dev-202-3-0:2338575:2338575 [0] NCCL INFO Channel 13/0 : 0[0] -> 1[1] via P2P/CUMEM
pluto-prod-yutengl-dev-202-3-0:2338575:2338575 [0] NCCL INFO Channel 14/0 : 0[0] -> 1[1] via P2P/CUMEM
pluto-prod-yutengl-dev-202-3-0:2338575:2338575 [0] NCCL INFO Channel 15/0 : 0[0] -> 1[1] via P2P/CUMEM
pluto-prod-yutengl-dev-202-3-0:2338575:2338575 [0] NCCL INFO Channel 16/0 : 0[0] -> 1[1] via P2P/CUMEM
pluto-prod-yutengl-dev-202-3-0:2338575:2338575 [0] NCCL INFO Channel 17/0 : 0[0] -> 1[1] via P2P/CUMEM
pluto-prod-yutengl-dev-202-3-0:2338575:2338575 [0] NCCL INFO Channel 18/0 : 0[0] -> 1[1] via P2P/CUMEM
pluto-prod-yutengl-dev-202-3-0:2338575:2338575 [0] NCCL INFO Channel 19/0 : 0[0] -> 1[1] via P2P/CUMEM
pluto-prod-yutengl-dev-202-3-0:2338575:2338575 [0] NCCL INFO Channel 20/0 : 0[0] -> 1[1] via P2P/CUMEM
pluto-prod-yutengl-dev-202-3-0:2338575:2338575 [0] NCCL INFO Channel 21/0 : 0[0] -> 1[1] via P2P/CUMEM
pluto-prod-yutengl-dev-202-3-0:2338575:2338575 [0] NCCL INFO Channel 22/0 : 0[0] -> 1[1] via P2P/CUMEM
pluto-prod-yutengl-dev-202-3-0:2338575:2338575 [0] NCCL INFO Channel 23/0 : 0[0] -> 1[1] via P2P/CUMEM
pluto-prod-yutengl-dev-202-3-0:2338575:2338575 [0] NCCL INFO Connected all rings, use ring PXN 0 GDR 1
pluto-prod-yutengl-dev-202-3-0:2338575:2338575 [0] NCCL INFO Rank 0 has color with NCCL_SPLIT_NOCOLOR, not creating a new communicator
pluto-prod-yutengl-dev-202-3-0:2338575:2338575 [0] NCCL INFO Rank 0 has color with NCCL_SPLIT_NOCOLOR, not creating a new communicator
pluto-prod-yutengl-dev-202-3-0:2338575:2338575 [0] NCCL INFO Rank 0 has color with NCCL_SPLIT_NOCOLOR, not creating a new communicator
pluto-prod-yutengl-dev-202-3-0:2338575:2338575 [0] NCCL INFO Rank 0 has color with NCCL_SPLIT_NOCOLOR, not creating a new communicator
pluto-prod-yutengl-dev-202-3-0:2338575:2338575 [0] NCCL INFO Rank 0 has color with NCCL_SPLIT_NOCOLOR, not creating a new communicator
pluto-prod-yutengl-dev-202-3-0:2338575:2338575 [0] NCCL INFO Rank 0 has color with NCCL_SPLIT_NOCOLOR, not creating aev-202-3-0:2338576:2338576 [1] NCCL INFO Channel 12/0 : 1[1] -> 0[0] via P2P/CUMEM
pluto-prod-yutengl-dev-202-3-0:2338576:2338576 [1] NCCL INFO Channel 13/0 : 1[1] -> 0[0] via P2P/CUMEM
pluto-prod-yutengl-dev-202-3-0:2338576:2338576 [1] NCCL INFO Channel 14/0 : 1[1] -> 0[0] via P2P/CUMEM
pluto-prod-yutengl-dev-202-3-0:2338576:2338576 [1] NCCL INFO Channel 15/0 : 1[1] -> 0[0] via P2P/CUMEM
pluto-prod-yutengl-dev-202-3-0:2338576:2338576 [1] NCCL INFO Channel 16/0 : 1[1] -> 0[0] via P2P/CUMEM
pluto-prod-yutengl-dev-202-3-0:2338576:2338576 [1] NCCL INFO Channel 17/0 : 1[1] -> 0[0] via P2P/CUMEM
pluto-prod-yutengl-dev-202-3-0:2338576:2338576 [1] NCCL INFO Channel 18/0 : 1[1] -> 0[0] via P2P/CUMEM
pluto-prod-yutengl-dev-202-3-0:2338576:2338576 [1] NCCL INFO Channel 19/0 : 1[1] -> 0[0] via P2P/CUMEM
pluto-prod-yutengl-dev-202-3-0:2338576:2338576 [1] NCCL INFO Channel 20/0 : 1[1] -> 0[0] via P2P/CUMEM
pluto-prod-yutengl-dev-202-3-0:2338576:2338576 [1] NCCL INFO Channel 21/0 : 1[1] -> 0[0] via P2P/CUMEM
pluto-prod-yutengl-dev-202-3-0:2338576:2338576 [1] NCCL INFO Channel 22/0 : 1[1] -> 0[0] via P2P/CUMEM
pluto-prod-yutengl-dev-202-3-0:2338576:2338576 [1] NCCL INFO Channel 23/0 : 1[1] -> 0[0] via P2P/CUMEM
pluto-prod-yutengl-dev-202-3-0:2338576:2338576 [1] NCCL INFO Connected all rings, use ring PXN 0 GDR 1
pluto-prod-yutengl-dev-202-3-0:2338576:2338576 [1] NCCL INFO Rank 1 has color with NCCL_SPLIT_NOCOLOR, not creating a new communicator
pluto-prod-yutengl-dev-202-3-0:2338576:2338576 [1] NCCL INFO Rank 1 has color with NCCL_SPLIT_NOCOLOR, not creating a new communicator
pluto-prod-yutengl-dev-202-3-0:2338576:2338576 [1] NCCL INFO Rank 1 has color with NCCL_SPLIT_NOCOLOR, not creating a new communicator
pluto-prod-yutengl-dev-202-3-0:2338576:2338576 [1] NCCL INFO Rank 1 has color with NCCL_SPLIT_NOCOLOR, not creating a new communicator
pluto-prod-yutengl-dev-202-3-0:2338576:2338576 [1] NCCL INFO Rank 1 has color with NCCL_SPLIT_NOCOLOR, not creating a new communicator
pluto-prod-yutengl-dev-202-3-0:2338576:2338576 [1] NCCL INFO Rank 1 has color with NCCL_SPLIT_NOCOLOR, not creating a new communicator
pluto-prod-yutengl-dev-202-3-0:2338576:2338576 [1] NCCL INFO Rank 1 has color with NCCL_SPLIT_NOCOLOR, not creating a new communicator
pluto-prod-yutengl-dev-202-3-0:2338576:2338576 [1] NCCL INFO Rank 1 has color with NCCL_SPLIT_NOCOLOR, not creating a new communicator
pluto-prod-yutengl-dev-202-3-0:2338576:2338576 [1] NCCL INFO Rank 1 has color with NCCL_SPLIT_NOCOLOR, not creating a new communicator
pluto-prod-yutengl-dev-202-3-0:2338576:2338576 [1] NCCL INFO Rank 1 has color with NCCL_SPLIT_NOCOLOR, not creating a new communicator
pluto-prod-yutengl-dev-202-3-0:2338576:2338576 [1] NCCL INFO Rank 1 has color with NCCL_SPLIT_NOCOLOR, not creating a new communicator
pluto-prod-yutengl-dev-202-3-0:2338576:2338576 [1] NCCL INFO Comm config Blocking set to 1
pluto-prod-yutengl-dev-202-3-0:2338576:2338576 [1] NCCL INFO Initialized NET plugin Socket
pluto-prod-yutengl-dev-202-3-0:2338576:2338576 [1] NCCL INFO Assigned NET plugin Socket to comm
pluto-prod-yutengl-dev-202-3-0:2338576:2338576 [1] NCCL INFO Failed to initialize any GIN plugin
pluto-prod-yutengl-dev-202-3-0:2338576:2338576 [1] NCCL INFO Using network Socket
pluto-prod-yutengl-dev-202-3-0:2338576:2338576 [1] NCCL INFO ncclCommSplit comm 0x562c665f82e0 rank 1 nranks 2 cudaDev 1 nvmlDev 1 busId 75000 parent 0x562c5ccf82d0 childCount 16 color 2130503744 key 1- Init START
pluto-prod-yutengl-dev-202-3-0:2338576:2338576 [1] NCCL INFO MNNVL busId 0x75000 fabric UUID 0.0 cliqueId 0x0 state 3 healthMask 0x0
pluto-prod-yutengl-dev-202-3-0:2338576:2338576 [1] NCCL INFO ncclTopoGetCpuAffinity: Affinity for GPU 1 is 0-47,96-143. (GPU affinity = 0-47,96-143 ; CPU affinity = 0-47,96-143).
pluto-prod-yutengl-dev-202-3-0:2338576:2338576 [1] NCCL INFO NVLS multicast support is available on dev 1 (NVLS_NCHANNELS 16)
pluto-prod-yutengl-dev-202-3-0:2338576:2338576 [1] NCCL INFO comm 0x562c665f82e0 rank 1 nRanks 2 nNodes 1 localRanks 2 localRank 1 MNNVL 0
pluto-prod-yutengl-dev-202-3-0:2338576:23385 new communicator
pluto-prod-yutengl-dev-202-3-0:2338575:2338575 [0] NCCL INFO Rank 0 has color with NCCL_SPLIT_NOCOLOR, not creating a new communicator
pluto-prod-yutengl-dev-202-3-0:2338575:2338575 [0] NCCL INFO Rank 0 has color with NCCL_SPLIT_NOCOLOR, not creating a new communicator
pluto-prod-yutengl-dev-202-3-0:2338575:2338575 [0] NCCL INFO Rank 0 has color with NCCL_SPLIT_NOCOLOR, not creating a new communicator
pluto-prod-yutengl-dev-202-3-0:2338575:2338575 [0] NCCL INFO Rank 0 has color with NCCL_SPLIT_NOCOLOR, not creating a new communicator
pluto-prod-yutengl-dev-202-3-0:2338575:2338575 [0] NCCL INFO Rank 0 has color with NCCL_SPLIT_NOCOLOR, not creating a new communicator
pluto-prod-yutengl-dev-202-3-0:2338575:2338575 [0] NCCL INFO Comm config Blocking set to 1
pluto-prod-yutengl-dev-202-3-0:2338575:2338575 [0] NCCL INFO Initialized NET plugin Socket
pluto-prod-yutengl-dev-202-3-0:2338575:2338575 [0] NCCL INFO Assigned NET plugin Socket to comm
pluto-prod-yutengl-dev-202-3-0:2338575:2338575 [0] NCCL INFO Failed to initialize any GIN plugin
pluto-prod-yutengl-dev-202-3-0:2338575:2338575 [0] NCCL INFO Using network Socket
pluto-prod-yutengl-dev-202-3-0:2338575:2338575 [0] NCCL INFO ncclCommSplit comm 0x56435a309dc0 rank 0 nranks 2 cudaDev 0 nvmlDev 0 busId 64000 parent 0x564350a09080 childCount 16 color 2130503744 key 0- Init START
pluto-prod-yutengl-dev-202-3-0:2338575:2338575 [0] NCCL INFO MNNVL busId 0x64000 fabric UUID 0.0 cliqueId 0x0 state 3 healthMask 0x0
pluto-prod-yutengl-dev-202-3-0:2338575:2338575 [0] NCCL INFO ncclTopoGetCpuAffinity: Affinity for GPU 0 is 0-47,96-143. (GPU affinity = 0-47,96-143 ; CPU affinity = 0-47,96-143).
pluto-prod-yutengl-dev-202-3-0:2338575:2338575 [0] NCCL INFO NVLS multicast support is available on dev 0 (NVLS_NCHANNELS 16)
pluto-prod-yutengl-dev-202-3-0:2338575:2338575 [0] NCCL INFO comm 0x56435a309dc0 rank 0 nRanks 2 nNodes 1 localRanks 2 localRank 0 MNNVL 0
pluto-prod-yutengl-dev-202-3-0:2338575:2338575 [0] NCCL INFO Channel 00/24 : 0 1
pluto-prod-yutengl-dev-202-3-0:2338575:2338575 [0] NCCL INFO Channel 01/24 : 0 1
pluto-prod-yutengl-dev-202-3-0:2338575:2338575 [0] NCCL INFO Channel 02/24 : 0 1
pluto-prod-yutengl-dev-202-3-0:2338575:2338575 [0] NCCL INFO Channel 03/24 : 0 1
pluto-prod-yutengl-dev-202-3-0:2338575:2338575 [0] NCCL INFO Channel 04/24 : 0 1
pluto-prod-yutengl-dev-202-3-0:2338575:2338575 [0] NCCL INFO Channel 05/24 : 0 1
pluto-prod-yutengl-dev-202-3-0:2338575:2338575 [0] NCCL INFO Channel 06/24 : 0 1
pluto-prod-yutengl-dev-202-3-0:2338575:2338575 [0] NCCL INFO Channel 07/24 : 0 1
pluto-prod-yutengl-dev-202-3-0:2338575:2338575 [0] NCCL INFO Channel 08/24 : 0 1
pluto-prod-yutengl-dev-202-3-0:2338575:2338575 [0] NCCL INFO Channel 09/24 : 0 1
pluto-prod-yutengl-dev-202-3-0:2338575:2338575 [0] NCCL INFO Channel 10/24 : 0 1
pluto-prod-yutengl-dev-202-3-0:2338575:2338575 [0] NCCL INFO Channel 11/24 : 0 1
pluto-prod-yutengl-dev-202-3-0:2338575:2338575 [0] NCCL INFO Channel 12/24 : 0 1
pluto-prod-yutengl-dev-202-3-0:2338575:2338575 [0] NCCL INFO Channel 13/24 : 0 1
pluto-prod-yutengl-dev-202-3-0:2338575:2338575 [0] NCCL INFO Channel 14/24 : 0 1
pluto-prod-yutengl-dev-202-3-0:2338575:2338575 [0] NCCL INFO Channel 15/24 : 0 1
pluto-prod-yutengl-dev-202-3-0:2338575:2338575 [0] NCCL INFO Channel 16/24 : 0 1
pluto-prod-yutengl-dev-202-3-0:2338575:2338575 [0] NCCL INFO Channel 17/24 : 0 1
pluto-prod-yutengl-dev-202-3-0:2338575:2338575 [0] NCCL INFO Channel 18/24 : 0 1
pluto-prod-yutengl-dev-202-3-0:2338575:2338575 [0] NCCL INFO Channel 19/24 : 0 1
pluto-prod-yutengl-dev-202-3-0:2338575:2338575 [0] NCCL INFO Channel 20/24 : 0 1
pluto-prod-yutengl-dev-202-3-0:2338575:2338575 [0] NCCL INFO Channel 21/24 : 0 1
pluto-prod-yutengl-dev-202-3-0:2338575:2338575 [0] NCCL INFO Channel 22/24 : 0 1
pluto-prod-yutengl-dev-202-3-0:2338575:2338575 [0] NCCL INFO Channel 23/24 : 0 1
pluto-prod-yutengl-dev-202-3-0:2338575:2338575 [0] NCCL INFO Trees [0] 1/-1/-1->0->-1 [1] 1/-1/-1->0->-1 [2] 1/-1/-1->0->-1 [3] 1/-1/-1->0->-1 [4] 1/-1/-1->0->-1 [5] 1/-1/-1->0->-1 [6] -1/-1/-1->0->1 [7] -1/-1/-[09-15 17:42:56] Found nccl from library libnccl.so.2
[09-15 17:42:56] sglang-diffusion is using nccl==2.29.7
1->0->1 [8] -1/-1/-1->0->1 [9] -1/-1/-1->0->1 [10] -1/-1/-1->0->1 [11] -1/-1/-1->0->1 [12] 1/-1/-1->0->-1 [13] 1/-1/-1->0->-1 [14] 1/-1/-1->0->-1 [15] 1/-1/-1->0->-1 [16] 1/-1/-1->0->-1 [17] 1/-1/-1->0->-1 [18] -1/-1/-1->0->1 [19] -1/-1/-1->0->1 [20] -1/-1/-1->0->1 [21] -1/-1/-1->0->1 [22] -1/-1/-1->0->1 [23] -1/-1/-1->0->1
pluto-prod-yutengl-dev-202-3-0:2338575:2338575 [0] NCCL INFO P2P Chunksize set to 524288
pluto-prod-yutengl-dev-202-3-0:2338575:2338575 [0] NCCL INFO Check P2P Type isAllDirectP2p 1 directMode 0 isAllCudaP2p 1
pluto-prod-yutengl-dev-202-3-0:2338575:2339347 [0] NCCL INFO [Proxy Service] Device 0 CPU core 128
pluto-prod-yutengl-dev-202-3-0:2338575:2339349 [0] NCCL INFO [Proxy Service UDS] Device 0 CPU core 114
pluto-prod-yutengl-dev-202-3-0:2338575:2338575 [0] NCCL INFO NET/OFI Region base Tuner is chosen for platform: p5.48xlarge
pluto-prod-yutengl-dev-202-3-0:2338575:2338575 [0] NCCL INFO NET/OFI Region Tuner init (platform 0): comm with 2 ranks and 1 nodes.
pluto-prod-yutengl-dev-202-3-0:2338575:2338575 [0] NCCL INFO NET/OFI Tuner init: comm with 2 ranks and 1 nodes.
pluto-prod-yutengl-dev-202-3-0:2338575:2338575 [0] NCCL INFO threadThresholds 8/8/64 | 16/8/64 | 512 | 512
pluto-prod-yutengl-dev-202-3-0:2338575:2338575 [0] NCCL INFO 24 coll channels, 24 collnet channels, 16 nvls channels, 32 p2p channels, 32 p2p channels per peer
pluto-prod-yutengl-dev-202-3-0:2338575:2338575 [0] NCCL INFO Symmetric VA size=80GB
pluto-prod-yutengl-dev-202-3-0:2338575:2338575 [0] NCCL INFO CC Off, workFifoBytes 1048576
pluto-prod-yutengl-dev-202-3-0:2338575:2338575 [0] NCCL INFO ncclCommSplit comm 0x56435a309dc0 rank 0 nranks 2 cudaDev 0 nvmlDev 0 busId 64000 parent 0x564350a09080 childCount 16 color 2130503744 key 0 - Init COMPLETE
pluto-prod-yutengl-dev-202-3-0:2338575:2338575 [0] NCCL INFO Init timings - ncclCommSplit: rank 0 nranks 2 total 0.13 (kernels 0.00, alloc 0.00, bootstrap 0.00, allgathers 0.00, topo 0.03, graphs 0.00, connections 0.09, rest 0.01)
pluto-prod-yutengl-dev-202-3-0:2338575:2338575 [0] NCCL INFO Initialized NET plugin Socket
pluto-prod-yutengl-dev-202-3-0:2338575:2338575 [0] NCCL INFO Assigned NET plugin Socket to comm
pluto-prod-yutengl-dev-202-3-0:2338575:2338575 [0] NCCL INFO Failed to initialize any GIN plugin
pluto-prod-yutengl-dev-202-3-0:2338575:2338575 [0] NCCL INFO Using network Socket
pluto-prod-yutengl-dev-202-3-0:2338575:2338575 [0] NCCL INFO [Rank 0] ncclCommInitRank comm 0x56435a6af2e0 rank 0 nranks 2 cudaDev 0 nvmlDev 0 busId 64000 commId 0x2fe7f157a9037704 - Init START
pluto-prod-yutengl-dev-202-3-0:2338575:2338575 [0] NCCL INFO Bootstrap timings total 0.000704 (create 0.000053, send 0.000133, recv 0.000204, ring 0.000027, delay 0.000000)
pluto-prod-yutengl-dev-202-3-0:2338575:2338575 [0] NCCL INFO MNNVL busId 0x64000 fabric UUID 0.0 cliqueId 0x0 state 3 healthMask 0x0
pluto-prod-yutengl-dev-202-3-0:2338575:2338575 [0] NCCL INFO ncclTopoGetCpuAffinity: Affinity for GPU 0 is 0-47,96-143. (GPU affinity = 0-47,96-143 ; CPU affinity = 0-47,96-143).
pluto-prod-yutengl-dev-202-3-0:2338575:2338575 [0] NCCL INFO NVLS multicast support is available on dev 0 (NVLS_NCHANNELS 16)
pluto-prod-yutengl-dev-202-3-0:2338575:2338575 [0] NCCL INFO comm 0x56435a6af2e0 rank 0 nRanks 2 nNodes 1 localRanks 2 localRank 0 MNNVL 0
pluto-prod-yutengl-dev-202-3-0:2338575:2338575 [0] NCCL INFO Channel 00/24 : 0 1
pluto-prod-yutengl-dev-202-3-0:2338575:2338575 [0] NCCL INFO Channel 01/24 : 0 1
pluto-prod-yutengl-dev-202-3-0:2338575:2338575 [0] NCCL INFO Channel 02/24 : 0 1
pluto-prod-yutengl-dev-202-3-0:2338575:2338575 [0] NCCL INFO Channel 03/24 : 0 1
pluto-prod-yutengl-dev-202-3-0:2338575:2338575 [0] NCCL INFO Channel 04/24 : 0 1
pluto-prod-yutengl-dev-202-3-0:2338575:2338575 [0] NCCL INFO Channel 05/24 : 0 1
pluto-prod-yutengl-dev-202-3-0:2338575:2338575 [0] NCCL INFO Channel 06/24 : 0 1
pluto-prod-yutengl-dev-202-3-0:2338575:2338575 [0] NCCL INFO Channel 07/24 : 0 1
pluto-prod-yutengl-dev-202-3-0:2338575:2338575 [0] NCCL INFO Channel 08/24 : 0 1
pluto-prod-yutengl-dev-202-3-0:2338575:2338575 [0] NCCL INFO 76 [1] NCCL INFO Trees [0] -1/-1/-1->1->0 [1] -1/-1/-1->1->0 [2] -1/-1/-1->1->0 [3] -1/-1/-1->1->0 [4] -1/-1/-1->1->0 [5] -1/-1/-1->1->0 [6] 0/-1/-1->1->-1 [7] 0/-1/-1->1->-1 [8] 0/-1/-1->1->-1 [9] 0/-1/-1->1->-1 [10] 0/-1/-1->1->-1 [11] 0/-1/-1->1->-1 [12] -1/-1/-1->1->0 [13] -1/-1/-1->1->0 [14] -1/-1/-1->1->0 [15] -1/-1/-1->1->0 [16] -1/-1/-1->1->0 [17] -1/-1/-1->1->0 [18] 0/-1/-1->1->-1 [19] 0/-1/-1->1->-1 [20] 0/-1/-1->1->-1 [21] 0/-1/-1->1->-1 [22] 0/-1/-1->1->-1 [23] 0/-1/-1->1->-1
pluto-prod-yutengl-dev-202-3-0:2338576:2338576 [1] NCCL INFO P2P Chunksize set to 524288
pluto-prod-yutengl-dev-202-3-0:2338576:2338576 [1] NCCL INFO Check P2P Type isAllDirectP2p 1 directMode 0 isAllCudaP2p 1
pluto-prod-yutengl-dev-202-3-0:2338576:2339346 [0] NCCL INFO [Proxy Service] Device 1 CPU core 4
pluto-prod-yutengl-dev-202-3-0:2338576:2339348 [0] NCCL INFO [Proxy Service UDS] Device 1 CPU core 128
pluto-prod-yutengl-dev-202-3-0:2338576:2338576 [1] NCCL INFO NET/OFI Region base Tuner is chosen for platform: p5.48xlarge
pluto-prod-yutengl-dev-202-3-0:2338576:2338576 [1] NCCL INFO NET/OFI Region Tuner init (platform 0): comm with 2 ranks and 1 nodes.
pluto-prod-yutengl-dev-202-3-0:2338576:2338576 [1] NCCL INFO NET/OFI Tuner init: comm with 2 ranks and 1 nodes.
pluto-prod-yutengl-dev-202-3-0:2338576:2338576 [1] NCCL INFO threadThresholds 8/8/64 | 16/8/64 | 512 | 512
pluto-prod-yutengl-dev-202-3-0:2338576:2338576 [1] NCCL INFO 24 coll channels, 24 collnet channels, 16 nvls channels, 32 p2p channels, 32 p2p channels per peer
pluto-prod-yutengl-dev-202-3-0:2338576:2338576 [1] NCCL INFO Symmetric VA size=80GB
pluto-prod-yutengl-dev-202-3-0:2338576:2338576 [1] NCCL INFO ncclCommSplit comm 0x562c665f82e0 rank 1 nranks 2 cudaDev 1 nvmlDev 1 busId 75000 parent 0x562c5ccf82d0 childCount 16 color 2130503744 key 1 - Init COMPLETE
pluto-prod-yutengl-dev-202-3-0:2338576:2338576 [1] NCCL INFO Init timings - ncclCommSplit: rank 1 nranks 2 total 0.13 (kernels 0.00, alloc 0.00, bootstrap 0.00, allgathers 0.00, topo 0.03, graphs 0.00, connections 0.09, rest 0.01)
pluto-prod-yutengl-dev-202-3-0:2338576:2338576 [1] NCCL INFO Initialized NET plugin Socket
pluto-prod-yutengl-dev-202-3-0:2338576:2338576 [1] NCCL INFO Assigned NET plugin Socket to comm
pluto-prod-yutengl-dev-202-3-0:2338576:2338576 [1] NCCL INFO Failed to initialize any GIN plugin
pluto-prod-yutengl-dev-202-3-0:2338576:2338576 [1] NCCL INFO Using network Socket
pluto-prod-yutengl-dev-202-3-0:2338576:2338576 [1] NCCL INFO [Rank 1] ncclCommInitRank comm 0x562c6699d2a0 rank 1 nranks 2 cudaDev 1 nvmlDev 1 busId 75000 commId 0x2fe7f157a9037704 - Init START
pluto-prod-yutengl-dev-202-3-0:2338576:2338576 [1] NCCL INFO Bootstrap timings total 0.000607 (create 0.000056, send 0.000093, recv 0.000245, ring 0.000026, delay 0.000000)
pluto-prod-yutengl-dev-202-3-0:2338576:2338576 [1] NCCL INFO MNNVL busId 0x75000 fabric UUID 0.0 cliqueId 0x0 state 3 healthMask 0x0
pluto-prod-yutengl-dev-202-3-0:2338576:2338576 [1] NCCL INFO ncclTopoGetCpuAffinity: Affinity for GPU 1 is 0-47,96-143. (GPU affinity = 0-47,96-143 ; CPU affinity = 0-47,96-143).
pluto-prod-yutengl-dev-202-3-0:2338576:2338576 [1] NCCL INFO NVLS multicast support is available on dev 1 (NVLS_NCHANNELS 16)
pluto-prod-yutengl-dev-202-3-0:2338576:2338576 [1] NCCL INFO comm 0x562c6699d2a0 rank 1 nRanks 2 nNodes 1 localRanks 2 localRank 1 MNNVL 0
pluto-prod-yutengl-dev-202-3-0:2338576:2338576 [1] NCCL INFO Trees [0] -1/-1/-1->1->0 [1] -1/-1/-1->1->0 [2] -1/-1/-1->1->0 [3] -1/-1/-1->1->0 [4] -1/-1/-1->1->0 [5] -1/-1/-1->1->0 [6] 0/-1/-1->1->-1 [7] 0/-1/-1->1->-1 [8] 0/-1/-1->1->-1 [9] 0/-1/-1->1->-1 [10] 0/-1/-1->1->-1 [11] 0/-1/-1->1->-1 [12] -1/-1/-1->1->0 [13] -1/-1/-1->1->0 [14] -1/-1/-1->1->0 [15] -1/-1/-1->1->0 [16] -1/-1/-1->1->0 [17] -1/-1/-1->1->0 [18] 0/-1/-1->1->-1 [19] 0/-1/-1->1->-1 [20] 0/-1/-1->1->-1 [21] 0/-1/-1->1->-1 [22] 0/-1/-1->1->-1 [23] 0/-1/-1->1->-1
pluto-prod-yutengl-dev-202-3-0:2338576:2338576 [1] NCCL INFO P2P Chunksize set to 524288
pluto-prod-yutengl-dev-202-3-0:2338576:2338576 [1] NCCL INFO Check P2P Type isAllDirectP2pChannel 09/24 : 0 1
pluto-prod-yutengl-dev-202-3-0:2338575:2338575 [0] NCCL INFO Channel 10/24 : 0 1
pluto-prod-yutengl-dev-202-3-0:2338575:2338575 [0] NCCL INFO Channel 11/24 : 0 1
pluto-prod-yutengl-dev-202-3-0:2338575:2338575 [0] NCCL INFO Channel 12/24 : 0 1
pluto-prod-yutengl-dev-202-3-0:2338575:2338575 [0] NCCL INFO Channel 13/24 : 0 1
pluto-prod-yutengl-dev-202-3-0:2338575:2338575 [0] NCCL INFO Channel 14/24 : 0 1
pluto-prod-yutengl-dev-202-3-0:2338575:2338575 [0] NCCL INFO Channel 15/24 : 0 1
pluto-prod-yutengl-dev-202-3-0:2338575:2338575 [0] NCCL INFO Channel 16/24 : 0 1
pluto-prod-yutengl-dev-202-3-0:2338575:2338575 [0] NCCL INFO Channel 17/24 : 0 1
pluto-prod-yutengl-dev-202-3-0:2338575:2338575 [0] NCCL INFO Channel 18/24 : 0 1
pluto-prod-yutengl-dev-202-3-0:2338575:2338575 [0] NCCL INFO Channel 19/24 : 0 1
pluto-prod-yutengl-dev-202-3-0:2338575:2338575 [0] NCCL INFO Channel 20/24 : 0 1
pluto-prod-yutengl-dev-202-3-0:2338575:2338575 [0] NCCL INFO Channel 21/24 : 0 1
pluto-prod-yutengl-dev-202-3-0:2338575:2338575 [0] NCCL INFO Channel 22/24 : 0 1
pluto-prod-yutengl-dev-202-3-0:2338575:2338575 [0] NCCL INFO Channel 23/24 : 0 1
pluto-prod-yutengl-dev-202-3-0:2338575:2338575 [0] NCCL INFO Trees [0] 1/-1/-1->0->-1 [1] 1/-1/-1->0->-1 [2] 1/-1/-1->0->-1 [3] 1/-1/-1->0->-1 [4] 1/-1/-1->0->-1 [5] 1/-1/-1->0->-1 [6] -1/-1/-1->0->1 [7] -1/-1/-1->0->1 [8] -1/-1/-1->0->1 [9] -1/-1/-1->0->1 [10] -1/-1/-1->0->1 [11] -1/-1/-1->0->1 [12] 1/-1/-1->0->-1 [13] 1/-1/-1->0->-1 [14] 1/-1/-1->0->-1 [15] 1/-1/-1->0->-1 [16] 1/-1/-1->0->-1 [17] 1/-1/-1->0->-1 [18] -1/-1/-1->0->1 [19] -1/-1/-1->0->1 [20] -1/-1/-1->0->1 [21] -1/-1/-1->0->1 [22] -1/-1/-1->0->1 [23] -1/-1/-1->0->1
pluto-prod-yutengl-dev-202-3-0:2338575:2338575 [0] NCCL INFO P2P Chunksize set to 524288
pluto-prod-yutengl-dev-202-3-0:2338575:2338575 [0] NCCL INFO Check P2P Type isAllDirectP2p 1 directMode 0 isAllCudaP2p 1
pluto-prod-yutengl-dev-202-3-0:2338575:2339357 [0] NCCL INFO [Proxy Service] Device 0 CPU core 96
pluto-prod-yutengl-dev-202-3-0:2338575:2339358 [0] NCCL INFO [Proxy Service UDS] Device 0 CPU core 127
pluto-prod-yutengl-dev-202-3-0:2338575:2338575 [0] NCCL INFO NET/OFI Region base Tuner is chosen for platform: p5.48xlarge
pluto-prod-yutengl-dev-202-3-0:2338575:2338575 [0] NCCL INFO NET/OFI Region Tuner init (platform 0): comm with 2 ranks and 1 nodes.
pluto-prod-yutengl-dev-202-3-0:2338575:2338575 [0] NCCL INFO NET/OFI Tuner init: comm with 2 ranks and 1 nodes.
pluto-prod-yutengl-dev-202-3-0:2338575:2338575 [0] NCCL INFO threadThresholds 8/8/64 | 16/8/64 | 512 | 512
pluto-prod-yutengl-dev-202-3-0:2338575:2338575 [0] NCCL INFO 24 coll channels, 24 collnet channels, 16 nvls channels, 32 p2p channels, 32 p2p channels per peer
pluto-prod-yutengl-dev-202-3-0:2338575:2338575 [0] NCCL INFO Symmetric VA size=80GB
pluto-prod-yutengl-dev-202-3-0:2338575:2338575 [0] NCCL INFO CC Off, workFifoBytes 1048576
pluto-prod-yutengl-dev-202-3-0:2338575:2338575 [0] NCCL INFO ncclCommInitRank comm 0x56435a6af2e0 rank 0 nranks 2 cudaDev 0 nvmlDev 0 busId 64000 commId 0x2fe7f157a9037704 - Init COMPLETE
pluto-prod-yutengl-dev-202-3-0:2338575:2338575 [0] NCCL INFO Init timings - ncclCommInitRank: rank 0 nranks 2 total 0.11 (kernels 0.00, alloc 0.00, bootstrap 0.00, allgathers 0.00, topo 0.02, graphs 0.00, connections 0.08, rest 0.01)
pluto-prod-yutengl-dev-202-3-0:2338575:2338575 [0] NCCL INFO Symmetric VA size=80GB
pluto-prod-yutengl-dev-202-3-0:2338575:2338575 [0] NCCL INFO Channel 00/0 : 0[0] -> 1[1] via P2P/CUMEM
pluto-prod-yutengl-dev-202-3-0:2338575:2338575 [0] NCCL INFO Channel 01/0 : 0[0] -> 1[1] via P2P/CUMEM
pluto-prod-yutengl-dev-202-3-0:2338575:2338575 [0] NCCL INFO Channel 02/0 : 0[0] -> 1[1] via P2P/CUMEM
pluto-prod-yutengl-dev-202-3-0:2338575:2338575 [0] NCCL INFO Channel 03/0 : 0[0] -> 1[1] via P2P/CUMEM
pluto-prod-yutengl-dev-202-3-0:2338575:2338575 [0] NCCL INFO Channel 04/0 : 0[0] -> 1[1] via P2P/CUMEM
pluto-prod-yutengl-dev-202-3-0:2338575:2338575 [0] NCCL INFO Channel 05/0 : 0[0] -> 1[1] via P2P/CUMEM
pluto-prod-yutengl-dev-202-3-0:2338575:2338575 [0] NCCL INFO  1 directMode 0 isAllCudaP2p 1
pluto-prod-yutengl-dev-202-3-0:2338576:2339360 [0] NCCL INFO [Proxy Service UDS] Device 1 CPU core 43
pluto-prod-yutengl-dev-202-3-0:2338576:2339359 [0] NCCL INFO [Proxy Service] Device 1 CPU core 127
pluto-prod-yutengl-dev-202-3-0:2338576:2338576 [1] NCCL INFO NET/OFI Region base Tuner is chosen for platform: p5.48xlarge
pluto-prod-yutengl-dev-202-3-0:2338576:2338576 [1] NCCL INFO NET/OFI Region Tuner init (platform 0): comm with 2 ranks and 1 nodes.
pluto-prod-yutengl-dev-202-3-0:2338576:2338576 [1] NCCL INFO NET/OFI Tuner init: comm with 2 ranks and 1 nodes.
pluto-prod-yutengl-dev-202-3-0:2338576:2338576 [1] NCCL INFO threadThresholds 8/8/64 | 16/8/64 | 512 | 512
pluto-prod-yutengl-dev-202-3-0:2338576:2338576 [1] NCCL INFO 24 coll channels, 24 collnet channels, 16 nvls channels, 32 p2p channels, 32 p2p channels per peer
pluto-prod-yutengl-dev-202-3-0:2338576:2338576 [1] NCCL INFO Symmetric VA size=80GB
pluto-prod-yutengl-dev-202-3-0:2338576:2338576 [1] NCCL INFO ncclCommInitRank comm 0x562c6699d2a0 rank 1 nranks 2 cudaDev 1 nvmlDev 1 busId 75000 commId 0x2fe7f157a9037704 - Init COMPLETE
pluto-prod-yutengl-dev-202-3-0:2338576:2338576 [1] NCCL INFO Init timings - ncclCommInitRank: rank 1 nranks 2 total 0.11 (kernels 0.00, alloc 0.00, bootstrap 0.00, allgathers 0.00, topo 0.02, graphs 0.00, connections 0.08, rest 0.01)
pluto-prod-yutengl-dev-202-3-0:2338576:2338576 [1] NCCL INFO Symmetric VA size=80GB
pluto-prod-yutengl-dev-202-3-0:2338576:2338576 [1] NCCL INFO Channel 00/0 : 1[1] -> 0[0] via P2P/CUMEM
pluto-prod-yutengl-dev-202-3-0:2338576:2338576 [1] NCCL INFO Channel 01/0 : 1[1] -> 0[0] via P2P/CUMEM
pluto-prod-yutengl-dev-202-3-0:2338576:2338576 [1] NCCL INFO Channel 02/0 : 1[1] -> 0[0] via P2P/CUMEM
pluto-prod-yutengl-dev-202-3-0:2338576:2338576 [1] NCCL INFO Channel 03/0 : 1[1] -> 0[0] via P2P/CUMEM
pluto-prod-yutengl-dev-202-3-0:2338576:2338576 [1] NCCL INFO Channel 04/0 : 1[1] -> 0[0] via P2P/CUMEM
pluto-prod-yutengl-dev-202-3-0:2338576:2338576 [1] NCCL INFO Channel 05/0 : 1[1] -> 0[0] via P2P/CUMEM
pluto-prod-yutengl-dev-202-3-0:2338576:2338576 [1] NCCL INFO Channel 06/0 : 1[1] -> 0[0] via P2P/CUMEM
pluto-prod-yutengl-dev-202-3-0:2338576:2338576 [1] NCCL INFO Channel 07/0 : 1[1] -> 0[0] via P2P/CUMEM
pluto-prod-yutengl-dev-202-3-0:2338576:2338576 [1] NCCL INFO Channel 08/0 : 1[1] -> 0[0] via P2P/CUMEM
pluto-prod-yutengl-dev-202-3-0:2338576:2338576 [1] NCCL INFO Channel 09/0 : 1[1] -> 0[0] via P2P/CUMEM
pluto-prod-yutengl-dev-202-3-0:2338576:2338576 [1] NCCL INFO Channel 10/0 : 1[1] -> 0[0] via P2P/CUMEM
pluto-prod-yutengl-dev-202-3-0:2338576:2338576 [1] NCCL INFO Channel 11/0 : 1[1] -> 0[0] via P2P/CUMEM
pluto-prod-yutengl-dev-202-3-0:2338576:2338576 [1] NCCL INFO Channel 12/0 : 1[1] -> 0[0] via P2P/CUMEM
pluto-prod-yutengl-dev-202-3-0:2338576:2338576 [1] NCCL INFO Channel 13/0 : 1[1] -> 0[0] via P2P/CUMEM
pluto-prod-yutengl-dev-202-3-0:2338576:2338576 [1] NCCL INFO Channel 14/0 : 1[1] -> 0[0] via P2P/CUMEM
pluto-prod-yutengl-dev-202-3-0:2338576:2338576 [1] NCCL INFO Channel 15/0 : 1[1] -> 0[0] via P2P/CUMEM
pluto-prod-yutengl-dev-202-3-0:2338576:2338576 [1] NCCL INFO Channel 16/0 : 1[1] -> 0[0] via P2P/CUMEM
pluto-prod-yutengl-dev-202-3-0:2338576:2338576 [1] NCCL INFO Channel 17/0 : 1[1] -> 0[0] via P2P/CUMEM
pluto-prod-yutengl-dev-202-3-0:2338576:2338576 [1] NCCL INFO Channel 18/0 : 1[1] -> 0[0] via P2P/CUMEM
pluto-prod-yutengl-dev-202-3-0:2338576:2338576 [1] NCCL INFO Channel 19/0 : 1[1] -> 0[0] via P2P/CUMEM
pluto-prod-yutengl-dev-202-3-0:2338576:2338576 [1] NCCL INFO Channel 20/0 : 1[1] -> 0[0] via P2P/CUMEM
pluto-prod-yutengl-dev-202-3-0:2338576:2338576 [1] NCCL INFO Channel 21/0 : 1[1] -> 0[0] via P2P/CUMEM
pluto-prod-yutengl-dev-202-3-0:2338576:2338576 [1] NCCL INFO Channel 22/0 : 1[1] -> 0[0] via P2P/CUMEM
pluto-prod-yutengl-dev-202-3-0:2338576:2338576 [1] NCCL INFO Channel 23/0 : 1[1] -> 0[0] via P2P/CUMEM
pluto-prod-yutengl-dev-202-3-0:2338576:2338576 [1] NCCL INFO Connected all rings, use ring PXN 0 GDR 1
pluto-prod-yutengl-dev-202-3-0:2338576:2338576 [1] NCCL INFO CommChannel 06/0 : 0[0] -> 1[1] via P2P/CUMEM
pluto-prod-yutengl-dev-202-3-0:2338575:2338575 [0] NCCL INFO Channel 07/0 : 0[0] -> 1[1] via P2P/CUMEM
pluto-prod-yutengl-dev-202-3-0:2338575:2338575 [0] NCCL INFO Channel 08/0 : 0[0] -> 1[1] via P2P/CUMEM
pluto-prod-yutengl-dev-202-3-0:2338575:2338575 [0] NCCL INFO Channel 09/0 : 0[0] -> 1[1] via P2P/CUMEM
pluto-prod-yutengl-dev-202-3-0:2338575:2338575 [0] NCCL INFO Channel 10/0 : 0[0] -> 1[1] via P2P/CUMEM
pluto-prod-yutengl-dev-202-3-0:2338575:2338575 [0] NCCL INFO Channel 11/0 : 0[0] -> 1[1] via P2P/CUMEM
pluto-prod-yutengl-dev-202-3-0:2338575:2338575 [0] NCCL INFO Channel 12/0 : 0[0] -> 1[1] via P2P/CUMEM
pluto-prod-yutengl-dev-202-3-0:2338575:2338575 [0] NCCL INFO Channel 13/0 : 0[0] -> 1[1] via P2P/CUMEM
pluto-prod-yutengl-dev-202-3-0:2338575:2338575 [0] NCCL INFO Channel 14/0 : 0[0] -> 1[1] via P2P/CUMEM
pluto-prod-yutengl-dev-202-3-0:2338575:2338575 [0] NCCL INFO Channel 15/0 : 0[0] -> 1[1] via P2P/CUMEM
pluto-prod-yutengl-dev-202-3-0:2338575:2338575 [0] NCCL INFO Channel 16/0 : 0[0] -> 1[1] via P2P/CUMEM
pluto-prod-yutengl-dev-202-3-0:2338575:2338575 [0] NCCL INFO Channel 17/0 : 0[0] -> 1[1] via P2P/CUMEM
pluto-prod-yutengl-dev-202-3-0:2338575:2338575 [0] NCCL INFO Channel 18/0 : 0[0] -> 1[1] via P2P/CUMEM
pluto-prod-yutengl-dev-202-3-0:2338575:2338575 [0] NCCL INFO Channel 19/0 : 0[0] -> 1[1] via P2P/CUMEM
pluto-prod-yutengl-dev-202-3-0:2338575:2338575 [0] NCCL INFO Channel 20/0 : 0[0] -> 1[1] via P2P/CUMEM
pluto-prod-yutengl-dev-202-3-0:2338575:2338575 [0] NCCL INFO Channel 21/0 : 0[0] -> 1[1] via P2P/CUMEM
pluto-prod-yutengl-dev-202-3-0:2338575:2338575 [0] NCCL INFO Channel 22/0 : 0[0] -> 1[1] via P2P/CUMEM
pluto-prod-yutengl-dev-202-3-0:2338575:2338575 [0] NCCL INFO Channel 23/0 : 0[0] -> 1[1] via P2P/CUMEM
pluto-prod-yutengl-dev-202-3-0:2338575:2338575 [0] NCCL INFO Connected all rings, use ring PXN 0 GDR 1
pluto-prod-yutengl-dev-202-3-0:2338575:2338575 [0] NCCL INFO Comm config Blocking set to 1
pluto-prod-yutengl-dev-202-3-0:2338575:2338575 [0] NCCL INFO Initialized NET plugin Socket
pluto-prod-yutengl-dev-202-3-0:2338575:2338575 [0] NCCL INFO Assigned NET plugin Socket to comm
pluto-prod-yutengl-dev-202-3-0:2338575:2338575 [0] NCCL INFO Failed to initialize any GIN plugin
pluto-prod-yutengl-dev-202-3-0:2338575:2338575 [0] NCCL INFO Using network Socket
pluto-prod-yutengl-dev-202-3-0:2338575:2338575 [0] NCCL INFO ncclCommSplit comm 0x56435aab6cc0 rank 0 nranks 2 cudaDev 0 nvmlDev 0 busId 64000 parent 0x564350a09080 childCount 17 color 2130503744 key 0- Init START
pluto-prod-yutengl-dev-202-3-0:2338575:2338575 [0] NCCL INFO MNNVL busId 0x64000 fabric UUID 0.0 cliqueId 0x0 state 3 healthMask 0x0
pluto-prod-yutengl-dev-202-3-0:2338575:2338575 [0] NCCL INFO ncclTopoGetCpuAffinity: Affinity for GPU 0 is 0-47,96-143. (GPU affinity = 0-47,96-143 ; CPU affinity = 0-47,96-143).
pluto-prod-yutengl-dev-202-3-0:2338575:2338575 [0] NCCL INFO NVLS multicast support is available on dev 0 (NVLS_NCHANNELS 16)
pluto-prod-yutengl-dev-202-3-0:2338575:2338575 [0] NCCL INFO comm 0x56435aab6cc0 rank 0 nRanks 2 nNodes 1 localRanks 2 localRank 0 MNNVL 0
pluto-prod-yutengl-dev-202-3-0:2338575:2338575 [0] NCCL INFO Channel 00/24 : 0 1
pluto-prod-yutengl-dev-202-3-0:2338575:2338575 [0] NCCL INFO Channel 01/24 : 0 1
pluto-prod-yutengl-dev-202-3-0:2338575:2338575 [0] NCCL INFO Channel 02/24 : 0 1
pluto-prod-yutengl-dev-202-3-0:2338575:2338575 [0] NCCL INFO Channel 03/24 : 0 1
pluto-prod-yutengl-dev-202-3-0:2338575:2338575 [0] NCCL INFO Channel 04/24 : 0 1
pluto-prod-yutengl-dev-202-3-0:2338575:2338575 [0] NCCL INFO Channel 05/24 : 0 1
pluto-prod-yutengl-dev-202-3-0:2338575:2338575 [0] NCCL INFO Channel 06/24 : 0 1
pluto-prod-yutengl-dev-202-3-0:2338575:2338575 [0] NCCL INFO Channel 07/24 : 0 1
pluto-prod-yutengl-dev-202-3-0:2338575:2338575 [0] NCCL INFO Channel 08/24 : 0 1
pluto-prod-yutengl-dev-202-3-0:2338575:2338575 [0] NCCL INFO Channel 09/24 : 0 1
pluto-prod-yutengl-dev-202-3-0:2338575:2338575 [0] NCCL INFO Channel 10/24 : 0 1
pluto-prod-yutengl-dev-202-3-0:2338575:2338575 [0] NCCL INFO [09-15 17:42:56] No pipeline_class_name specified, using model_index.json
[93m[09-15 17:42:57] Skipping pipeline module sglang.multimodal_gen.runtime.pipelines.hunyuan3d_pipeline during discovery due to import failure: Duplicate NCCL runtime found in the current system: /home/colligo/sglang-wiki/envs/run/lib/python3.10/site-packages/nvidia/nccl/lib/libnccl.so.2 and /opt/aws-ofi-nccl/install/lib/libnccl-net-ofi.so[0;0m
[93m[09-15 17:42:57] Skipping pipeline module sglang.multimodal_gen.runtime.pipelines.pi05 during discovery due to import failure: Duplicate NCCL runtime found in the current system: /home/colligo/sglang-wiki/envs/run/lib/python3.10/site-packages/nvidia/nccl/lib/libnccl.so.2 and /opt/aws-ofi-nccl/install/lib/libnccl-net-ofi.so[0;0m
[09-15 17:42:57] Diffusers version: 0.37.1
[09-15 17:42:57] Using pipeline from model_index.json: Cosmos3OmniDiffusersPipeline
[09-15 17:42:57] Loading pipeline modules...
[09-15 17:42:57] Model already exists locally and is complete
[09-15 17:42:57] Model path: /mnt/localssd/models/Cosmos3-Super-fe77b66696d645f663b8f27e942b3b43e4629e23
[09-15 17:42:57] Diffusers version: 0.37.1
[09-15 17:42:57] Model already exists locally and is complete
[09-15 17:42:57] Model path: /mnt/localssd/models/Cosmos3-Super-fe77b66696d645f663b8f27e942b3b43e4629e23
[09-15 17:42:57] Diffusers version: 0.37.1
[09-15 17:42:57] Loading pipeline modules from config: {'_class_name': 'Cosmos3OmniDiffusersPipeline', '_diffusers_version': '0.37.1', 'scheduler': ['diffusers', 'UniPCMultistepScheduler'], 'text_tokenizer': ['transformers', 'Qwen2TokenizerFast'], 'transformer': ['diffusers', 'Cosmos3OmniTransformer'], 'vae': ['diffusers', 'AutoencoderKLWan'], 'vision_encoder': ['transformers', 'Qwen3VLVisionModel'], 'sound_tokenizer': ['diffusers', 'Cosmos3AVAEAudioTokenizer']}
[09-15 17:42:57] Loading required components: ['text_tokenizer', 'vae', 'transformer', 'scheduler', 'sound_tokenizer']
Loading required modules:   0%|          | 0/5 [00:00<?, ?it/s][09-15 17:42:57] Memory-aware component load order: ['transformer', 'sound_tokenizer', 'vae', 'text_tokenizer', 'scheduler']
Loading required modules:   0%|          | 0/5 [00:00<?, ?it/s][09-15 17:42:57] Loading transformer from /mnt/localssd/models/Cosmos3-Super-fe77b66696d645f663b8f27e942b3b43e4629e23/transformer. avail mem: 75.07 GB
[09-15 17:42:57] Loading Cosmos3OmniTransformer from 27 safetensors file(s) , param_dtype: torch.bfloat16

Loading safetensors checkpoint shards: 0%|          | 0/27[A
Loading safetensors checkpoint shards: 4%|▎         | 1/27[A
Loading safetensors checkpoint shards: 7%|▋         | 2/27[A
Loading safetensors checkpoint shards: 11%|█         | 3/27[A
Loading safetensors checkpoint shards: 15%|█▍        | 4/27[A
Loading safetensors checkpoint shards: 19%|█▊        | 5/27[A
Loading safetensors checkpoint shards: 22%|██▏       | 6/27[A
Loading safetensors checkpoint shards: 26%|██▌       | 7/27[A
Loading safetensors checkpoint shards: 30%|██▉       | 8/27[A
Loading safetensors checkpoint shards: 33%|███▎      | 9/27[A
Loading safetensors checkpoint shards: 37%|███▋      | 10/27[A
Loading safetensors checkpoint shards: 41%|████      | 11/27[A
Loading safetensors checkpoint shards: 44%|████▍     | 12/27[A
Loading safetensors checkpoint shards: 48%|████▊     | 13/27[A
Loading safetensors checkpoint shards: 52%|█████▏    | 14/27[A
Loading safetensors checkpoint shards: 56%|█████▌    | 15/27[A
Loading safetensors checkpoint shards: 59%|█████▉    | 16/27[A
Loading safetensors checkpoint shards: 63%|██████▎   | 17/27[A
Loading safetensors checkpoint shards: 67%|██████▋   | 18/27[A
Loading safetensors checkpoint shards: 70%|███████   | 19/27[A
Loading safetensors checkpoint shards: 74%|███████▍  | 20/27[A
Loading safetensors checkpoint shards: 78%|███████▊  | 21/27[A
Loading safetensors checkpoint shards: 81%|████████▏ | 22/27[A
Loading safetensors checkpoint shards: 85%|████████▌ | 23/27[A
Loading safetensors checkpoint shards: 89%|████████▉ | 24/27[A
Loading safetensors checkpoint shards: 93%|█████████▎| 25/27[A
Loading safetensors checkpoint shards: 96%|█████████▋| 26/27[ALoading safetensors checkpoint shards: 100%|██████████| 27/27
[09-15 17:43:03] Attention backends for transformer: fa
Loading required modules:  20%|██        | 1/5 [00:06<00:26,  6.66s/it]/home/colligo/sglang-wiki/envs/run/lib/python3.10/site-packages/torch/nn/utils/weight_norm.py:144: FutureWarning: `torch.nn.utils.weight_norm` is deprecated in favor of `torch.nn.utils.parametrizations.weight_norm`.
  WeightNorm.apply(module, name, dim)
[09-15 17:43:03] Loaded transformer: Cosmos3OmniTransformer (sgl-diffusion version). model size: 117.85 GB, host mmap: 41.30 GB, host pageable: 76.55 GB. avail GPU mem: 75.07 GB
Loading required modules:  20%|██        | 1/5 [00:06<00:26,  6.67s/it][09-15 17:43:03] Loading sound_tokenizer from /mnt/localssd/models/Cosmos3-Super-fe77b66696d645f663b8f27e942b3b43e4629e23/sound_tokenizer. avail mem: 75.07 GB
/home/colligo/sglang-wiki/envs/run/lib/python3.10/site-packages/torch/nn/utils/weight_norm.py:144: FutureWarning: `torch.nn.utils.weight_norm` is deprecated in favor of `torch.nn.utils.parametrizations.weight_norm`.
  WeightNorm.apply(module, name, dim)
Loading required modules:  40%|████      | 2/5 [00:08<00:12,  4.02s/it][09-15 17:43:06] Loaded sound_tokenizer: Cosmos3AVAEAudioTokenizer (sgl-diffusion version). model size: 0.88 GB, vram: 0.88 GB. avail GPU mem: 74.18 GB
Loading required modules:  40%|████      | 2/5 [00:08<00:12,  4.02s/it][09-15 17:43:06] Loading vae from /mnt/localssd/models/Cosmos3-Super-fe77b66696d645f663b8f27e942b3b43e4629e23/vae. avail mem: 74.18 GB
[09-15 17:43:06] vae (VAE) stays on its checkpoint mapping: the deployment is 123.52 GiB of weights against 8.78 GiB of host memory, so copies are host memory the streamed components need more.
[09-15 17:43:06] Wan VAE: spatial-parallel decode; skipping fast path.
[09-15 17:43:06] Loaded vae: AutoencoderKLWan (sgl-diffusion version). model size: 1.31 GB, host mmap: 1.31 GB. avail GPU mem: 74.18 GB
[09-15 17:43:06] Loading text_tokenizer from /mnt/localssd/models/Cosmos3-Super-fe77b66696d645f663b8f27e942b3b43e4629e23/text_tokenizer. avail mem: 74.18 GB
Loading required modules:  80%|████████  | 4/5 [00:09<00:01,  1.77s/it]Loading required modules: 100%|██████████| 5/5 [00:09<00:00,  1.94s/it]
[09-15 17:43:07] Loaded text_tokenizer: Qwen2Tokenizer (sgl-diffusion version). model size: NA GB, weights: none. avail GPU mem: 74.18 GB
Loading required modules:  80%|████████  | 4/5 [00:09<00:01,  1.83s/it][09-15 17:43:07] Loading scheduler from /mnt/localssd/models/Cosmos3-Super-fe77b66696d645f663b8f27e942b3b43e4629e23/scheduler. avail mem: 74.18 GB
[09-15 17:43:07] Overriding scheduler class from UniPCMultistepScheduler to FlowUniPCMultistepScheduler
[09-15 17:43:07] Loaded scheduler: FlowUniPCMultistepScheduler (sgl-diffusion version). model size: NA GB, weights: none. avail GPU mem: 74.18 GB
Loading required modules: 100%|██████████| 5/5 [00:09<00:00,  1.98s/it]
[09-15 17:43:07] Creating pipeline stages...
[93m[09-15 17:43:07] Cosmos3 guardrails disabled because cosmos-guardrail is not installed. Install it with: pip install cosmos-guardrail==0.3.1[0;0m
[09-15 17:43:07] Cosmos3 pipeline stages created successfully (guardrails=False)
[09-15 17:43:07] Pipeline instantiated
[09-15 17:43:07] Layerwise offload host memory: 8.4 GiB available (cgroup cap 292.8 GiB, in use 284.4 GiB)
[09-15 17:43:07] Configuring layerwise offload for transformer (Cosmos3OmniTransformer): gen_layers (64 layers), language_model.layers (64 layers)
[09-15 17:43:07] Layerwise offload: transformer.gen_layers pins 7 of 64 layers (6.36 GiB of 6.43 GiB spendable). Of the rest, 0 are copied into pageable host memory and 57 stay on the checkpoint mapping. Pinning every layer would need 58.13 GiB.
[09-15 17:43:16] Layerwise offload: transformer.language_model.layers pins 0 of 64 layers (0.00 GiB of 0.08 GiB spendable). Of the rest, 0 are copied into pageable host memory and 64 stay on the checkpoint mapping. Pinning every layer would need 58.13 GiB.
[09-15 17:43:25] Layerwise offload: gen_layers ships mapped layers through a courier thread with 2 pinned slots, so their device copies overlap compute instead of stalling it.
[09-15 17:43:26] Layerwise offload: language_model.layers ships mapped layers through a courier thread with 2 pinned slots, so their device copies overlap compute instead of stalling it.
[09-15 17:43:26] Layerwise offload ready for transformer (Cosmos3OmniTransformer) in 19.49s: groups=2, layers=128, prefetch/group=1, resident=2/128, policy=leading
[09-15 17:43:26] Configuring layerwise offload for vae (AutoencoderKLWan): encoder.down_blocks (4 layers), decoder.up_blocks (4 layers)
[09-15 17:43:26] Layerwise offload: vae.decoder.up_blocks pins 0 of 4 layers (0.00 GiB of 0.08 GiB spendable). Of the rest, 0 are copied into pageable host memory and 4 stay on the checkpoint mapping. Pinning every layer would need 0.81 GiB.
[09-15 17:43:26] Layerwise offload: vae.encoder.down_blocks pins 0 of 4 layers (0.00 GiB of 0.08 GiB spendable). Of the rest, 0 are copied into pageable host memory and 4 stay on the checkpoint mapping. Pinning every layer would need 0.19 GiB.
[09-15 17:43:26] Layerwise offload: encoder.down_blocks ships mapped layers through a courier thread with 2 pinned slots, so their device copies overlap compute instead of stalling it.
[09-15 17:43:29] Layerwise offload: decoder.up_blocks ships mapped layers through a courier thread with 2 pinned slots, so their device copies overlap compute instead of stalling it.
[09-15 17:43:29] Layerwise offload ready for vae (AutoencoderKLWan) in 3.00s: groups=2, layers=8, prefetch/group=1, resident=0/8, policy=leading
[09-15 17:43:29] Layerwise offload summary: transformer (vram: 2.77 GB, host pinned: 6.36 GB, host mmap: 39.00 GB, host pageable: 70.90 GB), vae (vram: 0.31 GB, host mmap: 1.00 GB)
[09-15 17:43:29] Worker 0: Initialized device, model, and distributed environment.
[09-15 17:43:29] Worker 0: Scheduler loop started.
[09-15 17:43:31] Stage generation control plane started
[09-15 17:43:31] Scheduler thread for stage generation set cuda device to 0
[09-15 17:43:31] Stage generation started
[09-15 17:43:31] Process generation ready with stages=['generation']
[09-15 17:43:31] Diffusers version: 0.37.1
[09-15 17:43:31] Sequence dimension shard is enabled, disabling frame adjustment for better performance
[09-15 17:43:31] Adjusting number of frames from 17 to 17 based on model
[09-15 17:43:31] Processing 1 grouped request(s)
[09-15 17:43:31] Sampling params:
                       width: 832
                      height: 480
                  num_frames: 17
                         fps: 5
                      prompt: <redacted, len=65>
                  neg_prompt: <redacted, len=0>
                        seed: 0
                 infer_steps: 4
      num_outputs_per_prompt: 1
              guidance_scale: 1.0
     embedded_guidance_scale: 6.0
                    n_tokens: None
                  flow_shift: None
                  image_path: /home/colligo/sglang-wiki/repos/sglang-omni/results/cosmos3-super/2gpu/smoke-generation-layerwise-artifacts/test_super_generation_forward_0/synthetic.png
                 save_output: True
            output_file_path: /home/colligo/sglang-wiki/repos/sglang-omni/results/cosmos3-super/2gpu/smoke-generation-layerwise-artifacts/test_super_generation_forward_0/media/request_nxoc29en/f41491faf48843cdb985afd625e1ccbf.mp4
        
[09-15 17:43:31] Running pipeline stages: ['Cosmos3ImagePreprocessStage', 'Cosmos3TokenizationStage', 'Cosmos3LatentPreparationStage', 'Cosmos3TimestepPreparationStage', 'Cosmos3DenoisingStage', 'Cosmos3DecodingStage']
[09-15 17:43:31] [Cosmos3ImagePreprocessStage] started...
[09-15 17:43:31] [Cosmos3ImagePreprocessStage] Preprocessed 1 conditioning image(s) to 832x480
[09-15 17:43:31] [Cosmos3ImagePreprocessStage] finished in 0.0139 seconds
[09-15 17:43:31] [Cosmos3TokenizationStage] started...
[09-15 17:43:31] [Cosmos3TokenizationStage] Action prompt: {"cinematography": {"framing": "This video is captured from a first-person perspective looking at the scene."}, "actions": [{"time": "0:00-0:03", "description": "A red box moves slowly right on a white table, stationary camera."}], "duration": "3s", "fps": 5.0, "resolution": {"H": 480, "W": 832}, "aspect_ratio": "16,9"}
[09-15 17:43:31] [Cosmos3TokenizationStage] finished in 0.0213 seconds
[09-15 17:43:31] [Cosmos3LatentPreparationStage] started...
[09-15 17:43:32] [Cosmos3LatentPreparationStage] Prepared I2V latents with conditioning at frames [0]
[09-15 17:43:32] [Cosmos3LatentPreparationStage] Prepared latents with shape (1, 48, 5, 30, 52)
[09-15 17:43:32] [Cosmos3LatentPreparationStage] Prepared action latents with shape (1, 16, 64) (mode=forward_dynamics, domain_id=1, raw_action_dim=9, start_frame_offset=1)
[09-15 17:43:32] [Cosmos3LatentPreparationStage] finished in 0.7030 seconds
[09-15 17:43:32] [Cosmos3TimestepPreparationStage] started...
[09-15 17:43:32] [Cosmos3TimestepPreparationStage] Prepared 4 timesteps (flow_shift=10.0)
[09-15 17:43:32] [Cosmos3TimestepPreparationStage] finished in 0.0004 seconds
[09-15 17:43:32] [Cosmos3DenoisingStage] started...
[09-15 17:43:32] [Cosmos3DenoisingStage] Starting denoising with 4 steps, CFG=False, CFG_parallel=False, cfg_rank=0
Denoising:   0%|          | 0/4 [00:00<?, ?it/s]Denoising:  25%|██▌       | 1/4 [00:12<00:36, 12.03s/it]Denoising:  50%|█████     | 2/4 [00:17<00:15,  7.98s/it]Denoising:  75%|███████▌  | 3/4 [00:22<00:06,  6.67s/it]Denoising: 100%|██████████| 4/4 [00:27<00:00,  6.07s/it]Denoising: 100%|██████████| 4/4 [00:27<00:00,  6.86s/it]
[09-15 17:43:59] [Cosmos3DenoisingStage] Denoising complete
[09-15 17:43:59] [Cosmos3DenoisingStage] finished in 27.4888 seconds
[09-15 17:43:59] [Cosmos3DecodingStage] started...
[09-15 17:43:59] [Cosmos3DecodingStage] Action predictions shape: (1, 16, 9)
[09-15 17:43:59] [Cosmos3DecodingStage] Decoding latents to video...
[09-15 17:44:00] [Cosmos3DecodingStage] finished in 0.6304 seconds
[09-15 17:44:00] Output saved to [1;36m/home/colligo/sglang-wiki/repos/sglang-omni/results/cosmos3-super/2gpu/smoke-generation-layerwise-artifacts/test_super_generation_forward_0/media/request_nxoc29en/f41491faf48843cdb985afd625e1ccbf.mp4[0;0m
[09-15 17:44:00] Pixel data generated successfully in [92m29.30[0;0m seconds
[09-15 17:44:00] Memory usage - Max peak: 10342.00 MB, Avg peak: 10342.00 MB
 config Blocking set to 1
pluto-prod-yutengl-dev-202-3-0:2338576:2338576 [1] NCCL INFO Initialized NET plugin Socket
pluto-prod-yutengl-dev-202-3-0:2338576:2338576 [1] NCCL INFO Assigned NET plugin Socket to comm
pluto-prod-yutengl-dev-202-3-0:2338576:2338576 [1] NCCL INFO Failed to initialize any GIN plugin
pluto-prod-yutengl-dev-202-3-0:2338576:2338576 [1] NCCL INFO Using network Socket
pluto-prod-yutengl-dev-202-3-0:2338576:2338576 [1] NCCL INFO ncclCommSplit comm 0x562c66da5450 rank 1 nranks 2 cudaDev 1 nvmlDev 1 busId 75000 parent 0x562c5ccf82d0 childCount 17 color 2130503744 key 1- Init START
pluto-prod-yutengl-dev-202-3-0:2338576:2338576 [1] NCCL INFO MNNVL busId 0x75000 fabric UUID 0.0 cliqueId 0x0 state 3 healthMask 0x0
pluto-prod-yutengl-dev-202-3-0:2338576:2338576 [1] NCCL INFO ncclTopoGetCpuAffinity: Affinity for GPU 1 is 0-47,96-143. (GPU affinity = 0-47,96-143 ; CPU affinity = 0-47,96-143).
pluto-prod-yutengl-dev-202-3-0:2338576:2338576 [1] NCCL INFO NVLS multicast support is available on dev 1 (NVLS_NCHANNELS 16)
pluto-prod-yutengl-dev-202-3-0:2338576:2338576 [1] NCCL INFO comm 0x562c66da5450 rank 1 nRanks 2 nNodes 1 localRanks 2 localRank 1 MNNVL 0
pluto-prod-yutengl-dev-202-3-0:2338576:2338576 [1] NCCL INFO Trees [0] -1/-1/-1->1->0 [1] -1/-1/-1->1->0 [2] -1/-1/-1->1->0 [3] -1/-1/-1->1->0 [4] -1/-1/-1->1->0 [5] -1/-1/-1->1->0 [6] 0/-1/-1->1->-1 [7] 0/-1/-1->1->-1 [8] 0/-1/-1->1->-1 [9] 0/-1/-1->1->-1 [10] 0/-1/-1->1->-1 [11] 0/-1/-1->1->-1 [12] -1/-1/-1->1->0 [13] -1/-1/-1->1->0 [14] -1/-1/-1->1->0 [15] -1/-1/-1->1->0 [16] -1/-1/-1->1->0 [17] -1/-1/-1->1->0 [18] 0/-1/-1->1->-1 [19] 0/-1/-1->1->-1 [20] 0/-1/-1->1->-1 [21] 0/-1/-1->1->-1 [22] 0/-1/-1->1->-1 [23] 0/-1/-1->1->-1
pluto-prod-yutengl-dev-202-3-0:2338576:2338576 [1] NCCL INFO P2P Chunksize set to 524288
pluto-prod-yutengl-dev-202-3-0:2338576:2338576 [1] NCCL INFO Check P2P Type isAllDirectP2p 1 directMode 0 isAllCudaP2p 1
pluto-prod-yutengl-dev-202-3-0:2338576:2339368 [0] NCCL INFO [Proxy Service UDS] Device 1 CPU core 41
pluto-prod-yutengl-dev-202-3-0:2338576:2339366 [0] NCCL INFO [Proxy Service] Device 1 CPU core 110
pluto-prod-yutengl-dev-202-3-0:2338576:2338576 [1] NCCL INFO NET/OFI Region base Tuner is chosen for platform: p5.48xlarge
pluto-prod-yutengl-dev-202-3-0:2338576:2338576 [1] NCCL INFO NET/OFI Region Tuner init (platform 0): comm with 2 ranks and 1 nodes.
pluto-prod-yutengl-dev-202-3-0:2338576:2338576 [1] NCCL INFO NET/OFI Tuner init: comm with 2 ranks and 1 nodes.
pluto-prod-yutengl-dev-202-3-0:2338576:2338576 [1] NCCL INFO threadThresholds 8/8/64 | 16/8/64 | 512 | 512
pluto-prod-yutengl-dev-202-3-0:2338576:2338576 [1] NCCL INFO 24 coll channels, 24 collnet channels, 16 nvls channels, 32 p2p channels, 32 p2p channels per peer
pluto-prod-yutengl-dev-202-3-0:2338576:2338576 [1] NCCL INFO Symmetric VA size=80GB
pluto-prod-yutengl-dev-202-3-0:2338576:2338576 [1] NCCL INFO ncclCommSplit comm 0x562c66da5450 rank 1 nranks 2 cudaDev 1 nvmlDev 1 busId 75000 parent 0x562c5ccf82d0 childCount 17 color 2130503744 key 1 - Init COMPLETE
pluto-prod-yutengl-dev-202-3-0:2338576:2338576 [1] NCCL INFO Init timings - ncclCommSplit: rank 1 nranks 2 total 0.12 (kernels 0.00, alloc 0.00, bootstrap 0.00, allgathers 0.00, topo 0.02, graphs 0.00, connections 0.09, rest 0.01)
pluto-prod-yutengl-dev-202-3-0:2338576:2338576 [1] NCCL INFO comm 0x562c65e2e440 rank 1 nranks 2 cudaDev 1 busId 75000 - Destroy COMPLETE
pluto-prod-yutengl-dev-202-3-0:2338576:2338576 [1] NCCL INFO comm 0x562c66da5450 rank 1 nranks 2 cudaDev 1 busId 75000 - Destroy COMPLETE
pluto-prod-yutengl-dev-202-3-0:2338576:2338576 [1] NCCL INFO comm 0x562c665f82e0 rank 1 nranks 2 cudaDev 1 busId 75000 - Destroy COMPLETE
pluto-prod-yutengl-dev-202-3-0:2338576:2338576 [1] NCCL INFO comm 0x562c64b326d0 rank 1 nranks 2 cudaDev 1 busId 75000 - Destroy COMPLETE
pluto-prod-yutengl-dev-202-3-0:2338576:2338576 [1] NCCL INFO comm 0x562c5ccf82d0 rank 1 nranks 2 cudaDev 1 busId 75000 - Destroy COMPLETE
[09-15 17:44:03] Worker 0: Shutdown complete.
Channel 11/24 : 0 1
pluto-prod-yutengl-dev-202-3-0:2338575:2338575 [0] NCCL INFO Channel 12/24 : 0 1
pluto-prod-yutengl-dev-202-3-0:2338575:2338575 [0] NCCL INFO Channel 13/24 : 0 1
pluto-prod-yutengl-dev-202-3-0:2338575:2338575 [0] NCCL INFO Channel 14/24 : 0 1
pluto-prod-yutengl-dev-202-3-0:2338575:2338575 [0] NCCL INFO Channel 15/24 : 0 1
pluto-prod-yutengl-dev-202-3-0:2338575:2338575 [0] NCCL INFO Channel 16/24 : 0 1
pluto-prod-yutengl-dev-202-3-0:2338575:2338575 [0] NCCL INFO Channel 17/24 : 0 1
pluto-prod-yutengl-dev-202-3-0:2338575:2338575 [0] NCCL INFO Channel 18/24 : 0 1
pluto-prod-yutengl-dev-202-3-0:2338575:2338575 [0] NCCL INFO Channel 19/24 : 0 1
pluto-prod-yutengl-dev-202-3-0:2338575:2338575 [0] NCCL INFO Channel 20/24 : 0 1
pluto-prod-yutengl-dev-202-3-0:2338575:2338575 [0] NCCL INFO Channel 21/24 : 0 1
pluto-prod-yutengl-dev-202-3-0:2338575:2338575 [0] NCCL INFO Channel 22/24 : 0 1
pluto-prod-yutengl-dev-202-3-0:2338575:2338575 [0] NCCL INFO Channel 23/24 : 0 1
pluto-prod-yutengl-dev-202-3-0:2338575:2338575 [0] NCCL INFO Trees [0] 1/-1/-1->0->-1 [1] 1/-1/-1->0->-1 [2] 1/-1/-1->0->-1 [3] 1/-1/-1->0->-1 [4] 1/-1/-1->0->-1 [5] 1/-1/-1->0->-1 [6] -1/-1/-1->0->1 [7] -1/-1/-1->0->1 [8] -1/-1/-1->0->1 [9] -1/-1/-1->0->1 [10] -1/-1/-1->0->1 [11] -1/-1/-1->0->1 [12] 1/-1/-1->0->-1 [13] 1/-1/-1->0->-1 [14] 1/-1/-1->0->-1 [15] 1/-1/-1->0->-1 [16] 1/-1/-1->0->-1 [17] 1/-1/-1->0->-1 [18] -1/-1/-1->0->1 [19] -1/-1/-1->0->1 [20] -1/-1/-1->0->1 [21] -1/-1/-1->0->1 [22] -1/-1/-1->0->1 [23] -1/-1/-1->0->1
pluto-prod-yutengl-dev-202-3-0:2338575:2338575 [0] NCCL INFO P2P Chunksize set to 524288
pluto-prod-yutengl-dev-202-3-0:2338575:2338575 [0] NCCL INFO Check P2P Type isAllDirectP2p 1 directMode 0 isAllCudaP2p 1
pluto-prod-yutengl-dev-202-3-0:2338575:2339365 [0] NCCL INFO [Proxy Service] Device 0 CPU core 127
pluto-prod-yutengl-dev-202-3-0:2338575:2339367 [0] NCCL INFO [Proxy Service UDS] Device 0 CPU core 14
pluto-prod-yutengl-dev-202-3-0:2338575:2338575 [0] NCCL INFO NET/OFI Region base Tuner is chosen for platform: p5.48xlarge
pluto-prod-yutengl-dev-202-3-0:2338575:2338575 [0] NCCL INFO NET/OFI Region Tuner init (platform 0): comm with 2 ranks and 1 nodes.
pluto-prod-yutengl-dev-202-3-0:2338575:2338575 [0] NCCL INFO NET/OFI Tuner init: comm with 2 ranks and 1 nodes.
pluto-prod-yutengl-dev-202-3-0:2338575:2338575 [0] NCCL INFO threadThresholds 8/8/64 | 16/8/64 | 512 | 512
pluto-prod-yutengl-dev-202-3-0:2338575:2338575 [0] NCCL INFO 24 coll channels, 24 collnet channels, 16 nvls channels, 32 p2p channels, 32 p2p channels per peer
pluto-prod-yutengl-dev-202-3-0:2338575:2338575 [0] NCCL INFO Symmetric VA size=80GB
pluto-prod-yutengl-dev-202-3-0:2338575:2338575 [0] NCCL INFO CC Off, workFifoBytes 1048576
pluto-prod-yutengl-dev-202-3-0:2338575:2338575 [0] NCCL INFO ncclCommSplit comm 0x56435aab6cc0 rank 0 nranks 2 cudaDev 0 nvmlDev 0 busId 64000 parent 0x564350a09080 childCount 17 color 2130503744 key 0 - Init COMPLETE
pluto-prod-yutengl-dev-202-3-0:2338575:2338575 [0] NCCL INFO Init timings - ncclCommSplit: rank 0 nranks 2 total 0.12 (kernels 0.00, alloc 0.00, bootstrap 0.00, allgathers 0.00, topo 0.02, graphs 0.00, connections 0.09, rest 0.01)
pluto-prod-yutengl-dev-202-3-0:2338575:2338575 [0] NCCL INFO comm 0x564359b3fe30 rank 0 nranks 2 cudaDev 0 busId 64000 - Destroy COMPLETE
pluto-prod-yutengl-dev-202-3-0:2338575:2338575 [0] NCCL INFO comm 0x56435aab6cc0 rank 0 nranks 2 cudaDev 0 busId 64000 - Destroy COMPLETE
pluto-prod-yutengl-dev-202-3-0:2338575:2338575 [0] NCCL INFO comm 0x56435a309dc0 rank 0 nranks 2 cudaDev 0 busId 64000 - Destroy COMPLETE
pluto-prod-yutengl-dev-202-3-0:2338575:2338575 [0] NCCL INFO comm 0x564358844150 rank 0 nranks 2 cudaDev 0 busId 64000 - Destroy COMPLETE
pluto-prod-yutengl-dev-202-3-0:2338575:2338575 [0] NCCL INFO comm 0x564350a09080 rank 0 nranks 2 cudaDev 0 busId 64000 - Destroy COMPLETE
pluto-prod-yutengl-dev-202-3-0:2338576:2338576 [1] NCCL INFO ENV/Plugin: Closing env plugin ncclEnvDefault
pluto-prod-yutengl-dev-202-3-0:2338575:2339357 [0] NCCL INFO [Service thread] Connection closed by localRank 1
pluto-prod-yutengl-dev-202-3-0:2338575:2339269 [0] NCCL INFO [Service thread] Connection closed by localRank 1
pluto-prod-yutengl-dev-202-3-0:2338575:2339221 [0] NCCL INFO [Service thread] Connection closed by localRank 1
pluto-prod-yutengl-dev-202-3-0:2338575:2338575 [0] NCCL INFO ENV/Plugin: Closing env plugin ncclEnvDefault
[09-15 17:44:20] Stage generation stopped
PASSED

- generated xml file: /home/colligo/sglang-wiki/repos/sglang-omni/results/cosmos3-super/2gpu/smoke-generation-layerwise.xml -
============================== slowest durations ===============================
125.95s call     tests/integration/cosmos3/test_super_gpu.py::test_super_generation[t2v]
118.75s call     tests/integration/cosmos3/test_super_gpu.py::test_super_generation[sound]
116.86s call     tests/integration/cosmos3/test_super_gpu.py::test_super_generation[inverse_dynamics]
114.94s call     tests/integration/cosmos3/test_super_gpu.py::test_super_generation[forward_dynamics]
113.81s call     tests/integration/cosmos3/test_super_gpu.py::test_super_generation[v2v]
112.71s call     tests/integration/cosmos3/test_super_gpu.py::test_super_generation[policy]
105.75s call     tests/integration/cosmos3/test_super_gpu.py::test_super_generation[i2v]
2.02s setup    tests/integration/cosmos3/test_super_gpu.py::test_super_generation[t2v]
0.00s teardown tests/integration/cosmos3/test_super_gpu.py::test_super_generation[t2v]
0.00s setup    tests/integration/cosmos3/test_super_gpu.py::test_super_generation[i2v]
0.00s teardown tests/integration/cosmos3/test_super_gpu.py::test_super_generation[i2v]
0.00s setup    tests/integration/cosmos3/test_super_gpu.py::test_super_generation[v2v]
0.00s teardown tests/integration/cosmos3/test_super_gpu.py::test_super_generation[v2v]
0.00s setup    tests/integration/cosmos3/test_super_gpu.py::test_super_generation[sound]
0.00s setup    tests/integration/cosmos3/test_super_gpu.py::test_super_generation[inverse_dynamics]
0.00s teardown tests/integration/cosmos3/test_super_gpu.py::test_super_generation[policy]
0.00s setup    tests/integration/cosmos3/test_super_gpu.py::test_super_generation[policy]
0.00s teardown tests/integration/cosmos3/test_super_gpu.py::test_super_generation[sound]
0.00s setup    tests/integration/cosmos3/test_super_gpu.py::test_super_generation[forward_dynamics]
0.00s teardown tests/integration/cosmos3/test_super_gpu.py::test_super_generation[forward_dynamics]
0.00s teardown tests/integration/cosmos3/test_super_gpu.py::test_super_generation[inverse_dynamics]
================= 7 passed, 1 deselected in 810.83s (0:13:30) ==================
