============================= test session starts ==============================
platform linux -- Python 3.10.12, pytest-9.1.1, pluggy-1.6.0 -- /home/colligo/sglang-wiki/envs/run/bin/python
cachedir: .pytest_cache
rootdir: /home/colligo/sglang-wiki/repos/sglang-omni
configfile: pyproject.toml
plugins: anyio-4.14.2, asyncio-1.4.0
asyncio: mode=strict, debug=False, asyncio_default_fixture_loop_scope=None, asyncio_default_test_loop_scope=function
collecting ... collected 1 item

tests/integration/cosmos3/test_super_gpu.py::test_super_generation[t2i] Failed to import mooncake: No module named 'mooncake'. MooncakeRelay will not work. Install with: pip install mooncake-transfer-engine
Failed to import nixl: No module named 'nixl'. NixlRelay will not work.
Failed to import torchada: No module named 'torchada'. MUSA platform compatibility will not work.
[09-15 17:27:01] Auto memory policy for Cosmos3Config: 78.7 GiB of free device memory selects layerwise offload for text_encoder, image_encoder, vae. Explicit placement flags always win, and the per-component lines below say where each one's weights landed -- see the model's cookbook page for what to expect from your memory budget.
[93m[09-15 17:27:01] Cosmos3Config keeps its DiT resident with 78.7 GiB of device memory available, below the 120.0 GiB this model declares as its threshold for keeping components resident. The DiT is not in the automatic layerwise selection because the model does not list 'auto' in dit_layerwise_offload_modes. If the DiT does not fit, pass --layerwise-offload-components dit,... explicitly, or add the mode to the model's deployment config.[0;0m
[09-15 17:27:01] Diffusers version: 0.37.1
[09-15 17:27:01] Automatically enabled CFG parallel at degree 2 for 2 GPUs. Use --sp-degree / --ulysses-degree to use sequence parallelism instead.
[09-15 17:27:01] Proposed encoder parallel folding (mode=world) for ServerArgs (tp=1 sp=1 cfg=2 replica=2); the loader keeps it for encoders wide enough to benefit.
[09-15 17:27:01] Using layerwise offload components: text_encoder, image_encoder, vae, transformer. This reduces peak GPU memory and can increase latency; use --performance-mode speed for GPU-resident defaults when memory allows.
[09-15 17:27:01] server_args: {"model_path": "/mnt/localssd/models/Cosmos3-Super-fe77b66696d645f663b8f27e942b3b43e4629e23", "model_subfolder": null, "model_variant": null, "model_id": null, "served_model_name": "/mnt/localssd/models/Cosmos3-Super-fe77b66696d645f663b8f27e942b3b43e4629e23", "backend": "auto", "attention_backend": null, "attention_backend_config": {}, "component_attention_backends": {}, "cache_dit_config": null, "nccl_port": null, "enable_nccl_nvls": false, "trust_remote_code": false, "revision": null, "num_gpus": 2, "performance_mode": "auto", "base_gpu_id": 0, "gpu_ids": [0, 1], "nnodes": 1, "node_rank": 0, "dist_init_addr": null, "tp_size": 1, "sp_degree": 1, "ulysses_degree": 1, "ring_degree": 1, "kv_gather_degree": 1, "sp_split_auto": false, "dp_size": 1, "enable_cfg_parallel": true, "cfg_parallel_degree": 2, "encoder_parallel": "auto", "hsdp_replicate_dim": 1, "hsdp_shard_dim": 2, "dist_timeout": 3600, "scheduler_rpc_timeout": null, "pipeline_class_name": null, "lora_path": null, "lora_nickname": "default", "lora_scale": 1.0, "lora_alpha": null, "lora_merge_mode": "auto", "lora_weight_name": null, "component_paths": {}, "component_weights_paths": {}, "component_direct_gpu_weight_loading": {}, "component_quantizations": {}, "component_precisions": {}, "component_quantization_ignored_layers": {}, "load_diffusion_decoder": false, "transformer_weights_path": null, "minimax_h3_adaln_cache_path": null, "minimax_h3_adaln_online": false, "minimax_h3_adaln_plan_width": 4, "quantization": null, "quantization_ignored_layers": null, "lora_target_modules": null, "component_residency": {"transformer": "layerwise-offload"}, "cpu_offload_components": null, "dit_cpu_offload": true, "direct_gpu_weight_loading": false, "dit_layerwise_offload": false, "layerwise_offload_components": ["text_encoder", "image_encoder", "vae"], "dit_offload_prefetch_size": 0.0, "dit_layerwise_resident_layers": 0.0, "dit_layerwise_residency_policy": "leading", "layerwise_prefetch_size": {}, "layerwise_resident_layers": {"transformer": 1}, "layerwise_residency_policy": {}, "offload_during_compile": true, "text_encoder_cpu_offload": false, "image_encoder_cpu_offload": false, "vae_cpu_offload": false, "use_fsdp_inference": true, "pin_cpu_memory": true, "ltx2_two_stage_device_mode": null, "comfyui_mode": false, "enable_torch_compile": false, "regional_compile": false, "enable_breakable_cuda_graph": false, "bcg_text_buckets": null, "enable_layerwise_nvtx_marker": false, "warmup_mode": "off", "warmup_resolutions": null, "warmup_num_frames": null, "warmup_steps": 1, "disable_autocast": false, "master_port": 30005, "host": "127.0.0.1", "port": 30000, "webui": false, "webui_port": 12312, "scheduler_port": 5607, "scheduler_ports": [5607], "batching_mode": "dynamic", "batching_max_size": 1, "batching_delay_ms": 0.0, "batching_config": null, "enable_batching_metrics": false, "strict_ports": false, "output_path": "outputs/", "input_save_path": "inputs/uploads", "prompt_file_path": null, "model_paths": {}, "model_loaded": {"transformer": true, "vae": true, "video_vae": true, "audio_vae": true, "video_dit": true, "audio_dit": true, "dual_tower_bridge": true}, "boundary_ratio": null, "disagg_role": "monolithic", "disagg_timeout": 3600, "disagg_downstream_wait_timeout": 1800, "disagg_dispatch_policy": "round_robin", "disagg_mode": false, "disagg_instance_id": 0, "disagg_max_slots_per_instance": 8, "disagg_transfer_redundancy": 1.25, "disagg_role_device": "auto", "disagg_transfer_backend": "auto", "disagg_transfer_pool_size": 268435456, "disagg_transfer_pin_memory": "auto", "disagg_p2p_hostname": "127.0.0.1", "disagg_ib_device": null, "disagg_server_addr": null, "encoder_urls": null, "denoiser_urls": null, "decoder_urls": null, "encoder_tp": null, "denoiser_tp": null, "denoiser_sp": null, "denoiser_ulysses": null, "denoiser_ring": null, "decoder_sp": null, "pool_work_endpoint": null, "pool_result_endpoint": null, "pool_control_endpoint": null, "pool_control_advertised_endpoint": null, "log_level": "info", "log_requests": false, "log_requests_level": 2, "log_requests_format": "text", "log_requests_target": null, "uvicorn_access_log_exclude_prefixes": [], "enable_cache_report": false, "enable_trace": false, "otlp_traces_endpoint": "localhost:4317", "srt_encoder_url": null, "srt_encoder_connect_timeout": 3.05, "srt_encoder_timeout": 100, "pe_server_url": null}
[09-15 17:27:01] Local mode: True
[09-15 17:27:01] Starting server...
[09-15 17:27:13] Scheduler (dp replica 0) bind at endpoint: tcp://127.0.0.1:5607
[09-15 17:27:13] torch.compile cache: TORCHINDUCTOR_CACHE_DIR=/mnt/localssd/.cache/sgl_diffusion/torch_compile_cache/inductor TRITON_CACHE_DIR=/mnt/localssd/.cache/sgl_diffusion/torch_compile_cache/triton
[09-15 17:27:13] Initializing distributed environment with world_size=2, device=cuda:0, timeout=3600
[09-15 17:27:13] Setting distributed timeout to 3600 seconds
libfabric:2316560:1789518434::core:core:cuda_gdrcopy_hmem_init():192<warn> gdrcopy_dl_hmem_init failed!
libfabric:2316561:1789518434::core:core:cuda_gdrcopy_hmem_init():192<warn> gdrcopy_dl_hmem_init failed!
libfabric:2316560:1789518434::core:core:fi_getinfo_():1392<warn> fi_getinfo: provider efa output empty list
libfabric:2316561:1789518434::core:core:fi_getinfo_():1392<warn> fi_getinfo: provider efa output empty list
pluto-prod-yutengl-dev-202-3-0:2316560:2316560 [0] NCCL INFO ENV/Plugin: Could not find: libnccl-env.so
pluto-prod-yutengl-dev-202-3-0:2316560:2316560 [0] NCCL INFO Bootstrap: Using eth0:10.91.207.160<0>
pluto-prod-yutengl-dev-202-3-0:2316560:2316560 [0] NCCL INFO cudaDriverVersion 13000
pluto-prod-yutengl-dev-202-3-0:2316560:2316560 [0] NCCL INFO NCCL version 2.29.7+cuda13.2
pluto-prod-yutengl-dev-202-3-0:2316560:2316560 [0] NCCL INFO NCCL git version stable b81d6a5a3
pluto-prod-yutengl-dev-202-3-0:2316560:2316560 [0] NCCL INFO Comm config Blocking set to 1
pluto-prod-yutengl-dev-202-3-0:2316560:2316560 [0] NCCL INFO NET/Plugin: Loaded net plugin Libfabric (v10)
pluto-prod-yutengl-dev-202-3-0:2316560:2316560 [0] NCCL INFO Successfully loaded external network plugin /opt/aws-ofi-nccl/install/lib/libnccl-net.so
pluto-prod-yutengl-dev-202-3-0:2316560:2316560 [0] NCCL INFO NET/OFI Initializing aws-ofi-nccl 1.16.1
pluto-prod-yutengl-dev-202-3-0:2316560:2316560 [0] NCCL INFO NET/OFI Using Libfabric version 2.1
pluto-prod-yutengl-dev-202-3-0:2316560:2316560 [0] NCCL INFO NET/OFI Using CUDA driver version 13000 with runtime 12080
pluto-prod-yutengl-dev-202-3-0:2316560:2316560 [0] NCCL INFO NET/OFI Configuring AWS-specific options
pluto-prod-yutengl-dev-202-3-0:2316560:2316560 [0] NCCL INFO NET/OFI Internode latency set at 75.0 us
pluto-prod-yutengl-dev-202-3-0:2316560:2316560 [0] NCCL INFO NET/OFI Using transport protocol RDMA (platform set)
pluto-prod-yutengl-dev-202-3-0:2316560:2316560 [0] NCCL INFO NET/OFI No eligible providers were found

[2026-09-15 17:27:14] pluto-prod-yutengl-dev-202-3-0:2316560:2316560 [0] int nccl_net_ofi_create_plugin(nccl_net_ofi_plugin_t**):215 NCCL WARN NET/OFI Failed to initialize rdma protocol

[2026-09-15 17:27:14] pluto-prod-yutengl-dev-202-3-0:2316560:2316560 [0] int nccl_net_ofi_create_plugin(nccl_net_ofi_plugin_t**):352 NCCL WARN NET/OFI aws-ofi-nccl initialization failed

[2026-09-15 17:27:14] pluto-prod-yutengl-dev-202-3-0:2316560:2316560 [0] ncclResult_t nccl_net_ofi_init_v6(ncclDebugLogger_t):166 NCCL WARN NET/OFI Initializing plugin failed
pluto-prod-yutengl-dev-202-3-0:2316560:2316560 [0] NCCL INFO plugin/net/net_v10.cc:82 -> 2
pluto-prod-yutengl-dev-202-3-0:2316560:2316560 [0] NCCL INFO Failed to initialize NET plugin Libfabric
pluto-prod-yutengl-dev-202-3-0:2316560:2316560 [0] NCCL INFO NET/IB : No device found.
pluto-prod-yutengl-dev-202-3-0:2316560:2316560 [0] NCCL INFO NET/IB : Using [RO]; OOB eth0:10.91.207.160<0>
pluto-prod-yutengl-dev-202-3-0:2316560:2316560 [0] NCCL INFO Failed to initialize NET plugin IB
pluto-prod-yutengl-dev-202-3-0:2316560:2316560 [0] NCCL INFO NET/Socket : Using [0]eth0:10.91.207.160<0>
pluto-prod-yutengl-dev-202-3-0:2316560:2316560 [0] NCCL INFO Initialized NET plugin Socket
pluto-prod-yutengl-dev-202-3-0:2316560:2316560 [0] NCCL INFO Assigned NET plugin Socket to comm
pluto-prod-yutengl-dev-202-3-0:2316560:2316560 [0] NCCL INFO GIN/Plugin: Could not find: libnccl-gin.so
pluto-prod-yutengl-dev-202-3-0:2316560:2316560 [0] NCCL INFO Successfully loaded external gin plugin /opt/aws-ofi-nccl/install/lib/libnccl-net.so
pluto-prod-yutengl-dev-202-3-0:2316560:2316560 [0] NCCL INFO Failed to initialize any GIN plugin
pluto-prod-yutengl-dev-202-3-0:2316560:2316560 [0] NCCL INFO Using network Socket
pluto-prod-yutengl-dev-202-3-0:2316560:2316560 [0] NCCL INFO [Rank 0] ncclCommInitRankConfig comm 0x56203f650030 rank 0 nranks 2 cudaDev 0 nvmlDev 0 busId 64000 commId 0xff99c87a8743d15e - Init START
pluto-prod-yutengl-dev-202-3-0:2316560:2316560 [0] NCCL INFO RAS client listening socket at ::1<28028>
pluto-prod-yutengl-dev-202-3-0:2316560:2316560 [0] NCCL INFO Bootstrap timings total 0.004732 (create 0.000075, send 0.000253, recv 0.003686, ring 0.000032, delay 0.000001)
pluto-prod-yutengl-dev-202-3-0:2316560:2316560 [0] NCCL INFO MNNVL busId 0x64000 fabric UUID 0.0 cliqueId 0x0 state 3 healthMask 0x0
pluto-prod-yutengl-dev-202-3-0:2316560:2316560 [0] NCCL INFO ncclTopoGetCpuAffinity: Affinity for GPU 0 is 0-47,96-143. (GPU affinity = 0-47,96-143 ; CPU affinity = 0-191pluto-prod-yutengl-dev-202-3-0:2316561:2316561 [1] NCCL INFO ENV/Plugin: Could not find: libnccl-env.so
pluto-prod-yutengl-dev-202-3-0:2316561:2316561 [1] NCCL INFO cudaDriverVersion 13000
pluto-prod-yutengl-dev-202-3-0:2316561:2316561 [1] NCCL INFO Bootstrap: Using eth0:10.91.207.160<0>
pluto-prod-yutengl-dev-202-3-0:2316561:2316561 [1] NCCL INFO NCCL version 2.29.7+cuda13.2
pluto-prod-yutengl-dev-202-3-0:2316561:2316561 [1] NCCL INFO NCCL git version stable b81d6a5a3
pluto-prod-yutengl-dev-202-3-0:2316561:2316561 [1] NCCL INFO Comm config Blocking set to 1
pluto-prod-yutengl-dev-202-3-0:2316561:2316561 [1] NCCL INFO NET/Plugin: Loaded net plugin Libfabric (v10)
pluto-prod-yutengl-dev-202-3-0:2316561:2316561 [1] NCCL INFO Successfully loaded external network plugin /opt/aws-ofi-nccl/install/lib/libnccl-net.so
pluto-prod-yutengl-dev-202-3-0:2316561:2316561 [1] NCCL INFO NET/OFI Initializing aws-ofi-nccl 1.16.1
pluto-prod-yutengl-dev-202-3-0:2316561:2316561 [1] NCCL INFO NET/OFI Using Libfabric version 2.1
pluto-prod-yutengl-dev-202-3-0:2316561:2316561 [1] NCCL INFO NET/OFI Using CUDA driver version 13000 with runtime 12080
pluto-prod-yutengl-dev-202-3-0:2316561:2316561 [1] NCCL INFO NET/OFI Configuring AWS-specific options
pluto-prod-yutengl-dev-202-3-0:2316561:2316561 [1] NCCL INFO NET/OFI Internode latency set at 75.0 us
pluto-prod-yutengl-dev-202-3-0:2316561:2316561 [1] NCCL INFO NET/OFI Using transport protocol RDMA (platform set)
pluto-prod-yutengl-dev-202-3-0:2316561:2316561 [1] NCCL INFO NET/OFI No eligible providers were found

[2026-09-15 17:27:14] pluto-prod-yutengl-dev-202-3-0:2316561:2316561 [1] int nccl_net_ofi_create_plugin(nccl_net_ofi_plugin_t**):215 NCCL WARN NET/OFI Failed to initialize rdma protocol

[2026-09-15 17:27:14] pluto-prod-yutengl-dev-202-3-0:2316561:2316561 [1] int nccl_net_ofi_create_plugin(nccl_net_ofi_plugin_t**):352 NCCL WARN NET/OFI aws-ofi-nccl initialization failed

[2026-09-15 17:27:14] pluto-prod-yutengl-dev-202-3-0:2316561:2316561 [1] ncclResult_t nccl_net_ofi_init_v6(ncclDebugLogger_t):166 NCCL WARN NET/OFI Initializing plugin failed
pluto-prod-yutengl-dev-202-3-0:2316561:2316561 [1] NCCL INFO plugin/net/net_v10.cc:82 -> 2
pluto-prod-yutengl-dev-202-3-0:2316561:2316561 [1] NCCL INFO Failed to initialize NET plugin Libfabric
pluto-prod-yutengl-dev-202-3-0:2316561:2316561 [1] NCCL INFO NET/IB : No device found.
pluto-prod-yutengl-dev-202-3-0:2316561:2316561 [1] NCCL INFO NET/IB : Using [RO]; OOB eth0:10.91.207.160<0>
pluto-prod-yutengl-dev-202-3-0:2316561:2316561 [1] NCCL INFO Failed to initialize NET plugin IB
pluto-prod-yutengl-dev-202-3-0:2316561:2316561 [1] NCCL INFO NET/Socket : Using [0]eth0:10.91.207.160<0>
pluto-prod-yutengl-dev-202-3-0:2316561:2316561 [1] NCCL INFO Initialized NET plugin Socket
pluto-prod-yutengl-dev-202-3-0:2316561:2316561 [1] NCCL INFO Assigned NET plugin Socket to comm
pluto-prod-yutengl-dev-202-3-0:2316561:2316561 [1] NCCL INFO GIN/Plugin: Could not find: libnccl-gin.so
pluto-prod-yutengl-dev-202-3-0:2316561:2316561 [1] NCCL INFO Successfully loaded external gin plugin /opt/aws-ofi-nccl/install/lib/libnccl-net.so
pluto-prod-yutengl-dev-202-3-0:2316561:2316561 [1] NCCL INFO Failed to initialize any GIN plugin
pluto-prod-yutengl-dev-202-3-0:2316561:2316561 [1] NCCL INFO Using network Socket
pluto-prod-yutengl-dev-202-3-0:2316561:2316561 [1] NCCL INFO [Rank 1] ncclCommInitRankConfig comm 0x558a47a33b10 rank 1 nranks 2 cudaDev 1 nvmlDev 1 busId 75000 commId 0xff99c87a8743d15e - Init START
pluto-prod-yutengl-dev-202-3-0:2316561:2316561 [1] NCCL INFO RAS client listening socket at ::1<28028>
pluto-prod-yutengl-dev-202-3-0:2316561:2316561 [1] NCCL INFO Bootstrap timings total 0.001092 (create 0.000061, send 0.000105, recv 0.000344, ring 0.000031, delay 0.000001)
pluto-prod-yutengl-dev-202-3-0:2316561:2316561 [1] NCCL INFO MNNVL busId 0x75000 fabric UUID 0.0 cliqueId 0x0 state 3 healthMask 0x0
pluto-prod-yutengl-dev-202-3-0:2316561:2316561 [1] NCCL INFO ncclTopoGetCpuAffinity: Affinity for GPU 1 is 0-47,96-143. (GPU affinity = 0-47,96-143 ; CPU affinity = 0-191).
pluto-prod-yutengl-dev-202-3-0:2316560:2316560 [0] NCCL INFO NVLS multicast support is available on dev 0 (NVLS_NCHANNELS 16)
pluto-prod-yutengl-dev-202-3-0:2316560:2316560 [0] NCCL INFO comm 0x56203f650030 rank 0 nRanks 2 nNodes 1 localRanks 2 localRank 0 MNNVL 0
pluto-prod-yutengl-dev-202-3-0:2316560:2316560 [0] NCCL INFO Channel 00/24 : 0 1
pluto-prod-yutengl-dev-202-3-0:2316560:2316560 [0] NCCL INFO Channel 01/24 : 0 1
pluto-prod-yutengl-dev-202-3-0:2316560:2316560 [0] NCCL INFO Channel 02/24 : 0 1
pluto-prod-yutengl-dev-202-3-0:2316560:2316560 [0] NCCL INFO Channel 03/24 : 0 1
pluto-prod-yutengl-dev-202-3-0:2316560:2316560 [0] NCCL INFO Channel 04/24 : 0 1
pluto-prod-yutengl-dev-202-3-0:2316560:2316560 [0] NCCL INFO Channel 05/24 : 0 1
pluto-prod-yutengl-dev-202-3-0:2316560:2316560 [0] NCCL INFO Channel 06/24 : 0 1
pluto-prod-yutengl-dev-202-3-0:2316560:2316560 [0] NCCL INFO Channel 07/24 : 0 1
pluto-prod-yutengl-dev-202-3-0:2316560:2316560 [0] NCCL INFO Channel 08/24 : 0 1
pluto-prod-yutengl-dev-202-3-0:2316560:2316560 [0] NCCL INFO Channel 09/24 : 0 1
pluto-prod-yutengl-dev-202-3-0:2316560:2316560 [0] NCCL INFO Channel 10/24 : 0 1
pluto-prod-yutengl-dev-202-3-0:2316560:2316560 [0] NCCL INFO Channel 11/24 : 0 1
pluto-prod-yutengl-dev-202-3-0:2316560:2316560 [0] NCCL INFO Channel 12/24 : 0 1
pluto-prod-yutengl-dev-202-3-0:2316560:2316560 [0] NCCL INFO Channel 13/24 : 0 1
pluto-prod-yutengl-dev-202-3-0:2316560:2316560 [0] NCCL INFO Channel 14/24 : 0 1
pluto-prod-yutengl-dev-202-3-0:2316560:2316560 [0] NCCL INFO Channel 15/24 : 0 1
pluto-prod-yutengl-dev-202-3-0:2316560:2316560 [0] NCCL INFO Channel 16/24 : 0 1
pluto-prod-yutengl-dev-202-3-0:2316560:2316560 [0] NCCL INFO Channel 17/24 : 0 1
pluto-prod-yutengl-dev-202-3-0:2316560:2316560 [0] NCCL INFO Channel 18/24 : 0 1
pluto-prod-yutengl-dev-202-3-0:2316560:2316560 [0] NCCL INFO Channel 19/24 : 0 1
pluto-prod-yutengl-dev-202-3-0:2316560:2316560 [0] NCCL INFO Channel 20/24 : 0 1
pluto-prod-yutengl-dev-202-3-0:2316560:2316560 [0] NCCL INFO Channel 21/24 : 0 1
pluto-prod-yutengl-dev-202-3-0:2316560:2316560 [0] NCCL INFO Channel 22/24 : 0 1
pluto-prod-yutengl-dev-202-3-0:2316560:2316560 [0] NCCL INFO Channel 23/24 : 0 1
pluto-prod-yutengl-dev-202-3-0:2316560:2316560 [0] NCCL INFO Trees [0] 1/-1/-1->0->-1 [1] 1/-1/-1->0->-1 [2] 1/-1/-1->0->-1 [3] 1/-1/-1->0->-1 [4] 1/-1/-1->0->-1 [5] 1/-1/-1->0->-1 [6] -1/-1/-1->0->1 [7] -1/-1/-1->0->1 [8] -1/-1/-1->0->1 [9] -1/-1/-1->0->1 [10] -1/-1/-1->0->1 [11] -1/-1/-1->0->1 [12] 1/-1/-1->0->-1 [13] 1/-1/-1->0->-1 [14] 1/-1/-1->0->-1 [15] 1/-1/-1->0->-1 [16] 1/-1/-1->0->-1 [17] 1/-1/-1->0->-1 [18] -1/-1/-1->0->1 [19] -1/-1/-1->0->1 [20] -1/-1/-1->0->1 [21] -1/-1/-1->0->1 [22] -1/-1/-1->0->1 [23] -1/-1/-1->0->1
pluto-prod-yutengl-dev-202-3-0:2316560:2316560 [0] NCCL INFO P2P Chunksize set to 524288
pluto-prod-yutengl-dev-202-3-0:2316560:2316560 [0] NCCL INFO PROFILER/Plugin: Could not find: libnccl-profiler.so
pluto-prod-yutengl-dev-202-3-0:2316560:2316560 [0] NCCL INFO Check P2P Type isAllDirectP2p 1 directMode 0 isAllCudaP2p 1
pluto-prod-yutengl-dev-202-3-0:2316560:2317114 [0] NCCL INFO [Proxy Service] Device 0 CPU core 37
pluto-prod-yutengl-dev-202-3-0:2316560:2317116 [0] NCCL INFO [Proxy Service UDS] Device 0 CPU core 25
pluto-prod-yutengl-dev-202-3-0:2316560:2316560 [0] NCCL INFO TUNER/Plugin: Could not find: libnccl-tuner.so
pluto-prod-yutengl-dev-202-3-0:2316560:2316560 [0] NCCL INFO TUNER/Plugin: Using nccl_ofi_tuner (v3)
pluto-prod-yutengl-dev-202-3-0:2316560:2316560 [0] NCCL INFO NET/OFI Region base Tuner is chosen for platform: p5.48xlarge
pluto-prod-yutengl-dev-202-3-0:2316560:2316560 [0] NCCL INFO NET/OFI Region Tuner init (platform 0): comm with 2 ranks and 1 nodes.
pluto-prod-yutengl-dev-202-3-0:2316560:2316560 [0] NCCL INFO NET/OFI Tuner init: comm with 2 ranks and 1 nodes.
pluto-prod-yutengl-dev-202-3-0:2316560:2316560 [0] NCCL INFO threadThresholds 8/8/64 | 16/8/64 | 512 | 512
pluto-prod-yutengl-dev-202-3-0:2316560:2316560 [0] NCCL INFO 24 coll channels, 24 collnet channels, 16 nvls channels, 32 p2p channels, 32 p2).
pluto-prod-yutengl-dev-202-3-0:2316561:2316561 [1] NCCL INFO NVLS multicast support is available on dev 1 (NVLS_NCHANNELS 16)
pluto-prod-yutengl-dev-202-3-0:2316561:2316561 [1] NCCL INFO comm 0x558a47a33b10 rank 1 nRanks 2 nNodes 1 localRanks 2 localRank 1 MNNVL 0
pluto-prod-yutengl-dev-202-3-0:2316561:2316561 [1] NCCL INFO Trees [0] -1/-1/-1->1->0 [1] -1/-1/-1->1->0 [2] -1/-1/-1->1->0 [3] -1/-1/-1->1->0 [4] -1/-1/-1->1->0 [5] -1/-1/-1->1->0 [6] 0/-1/-1->1->-1 [7] 0/-1/-1->1->-1 [8] 0/-1/-1->1->-1 [9] 0/-1/-1->1->-1 [10] 0/-1/-1->1->-1 [11] 0/-1/-1->1->-1 [12] -1/-1/-1->1->0 [13] -1/-1/-1->1->0 [14] -1/-1/-1->1->0 [15] -1/-1/-1->1->0 [16] -1/-1/-1->1->0 [17] -1/-1/-1->1->0 [18] 0/-1/-1->1->-1 [19] 0/-1/-1->1->-1 [20] 0/-1/-1->1->-1 [21] 0/-1/-1->1->-1 [22] 0/-1/-1->1->-1 [23] 0/-1/-1->1->-1
pluto-prod-yutengl-dev-202-3-0:2316561:2316561 [1] NCCL INFO P2P Chunksize set to 524288
pluto-prod-yutengl-dev-202-3-0:2316561:2316561 [1] NCCL INFO PROFILER/Plugin: Could not find: libnccl-profiler.so
pluto-prod-yutengl-dev-202-3-0:2316561:2316561 [1] NCCL INFO Check P2P Type isAllDirectP2p 1 directMode 0 isAllCudaP2p 1
pluto-prod-yutengl-dev-202-3-0:2316561:2317115 [0] NCCL INFO [Proxy Service UDS] Device 1 CPU core 25
pluto-prod-yutengl-dev-202-3-0:2316561:2317113 [0] NCCL INFO [Proxy Service] Device 1 CPU core 37
pluto-prod-yutengl-dev-202-3-0:2316561:2316561 [1] NCCL INFO TUNER/Plugin: Could not find: libnccl-tuner.so
pluto-prod-yutengl-dev-202-3-0:2316561:2316561 [1] NCCL INFO TUNER/Plugin: Using nccl_ofi_tuner (v3)
pluto-prod-yutengl-dev-202-3-0:2316561:2316561 [1] NCCL INFO NET/OFI Region base Tuner is chosen for platform: p5.48xlarge
pluto-prod-yutengl-dev-202-3-0:2316561:2316561 [1] NCCL INFO NET/OFI Region Tuner init (platform 0): comm with 2 ranks and 1 nodes.
pluto-prod-yutengl-dev-202-3-0:2316561:2316561 [1] NCCL INFO NET/OFI Tuner init: comm with 2 ranks and 1 nodes.
pluto-prod-yutengl-dev-202-3-0:2316561:2316561 [1] NCCL INFO threadThresholds 8/8/64 | 16/8/64 | 512 | 512
pluto-prod-yutengl-dev-202-3-0:2316561:2316561 [1] NCCL INFO 24 coll channels, 24 collnet channels, 16 nvls channels, 32 p2p channels, 32 p2p channels per peer
pluto-prod-yutengl-dev-202-3-0:2316561:2316561 [1] NCCL INFO Symmetric VA size=80GB
pluto-prod-yutengl-dev-202-3-0:2316561:2316561 [1] NCCL INFO ncclCommInitRankConfig comm 0x558a47a33b10 rank 1 nranks 2 cudaDev 1 nvmlDev 1 busId 75000 commId 0xff99c87a8743d15e - Init COMPLETE
pluto-prod-yutengl-dev-202-3-0:2316561:2316561 [1] NCCL INFO Init timings - ncclCommInitRankConfig: rank 1 nranks 2 total 0.53 (kernels 0.31, alloc 0.08, bootstrap 0.00, allgathers 0.00, topo 0.02, graphs 0.00, connections 0.10, rest 0.01)
pluto-prod-yutengl-dev-202-3-0:2316561:2316561 [1] NCCL INFO Comm config Blocking set to 1
pluto-prod-yutengl-dev-202-3-0:2316561:2316561 [1] NCCL INFO Initialized NET plugin Socket
pluto-prod-yutengl-dev-202-3-0:2316561:2316561 [1] NCCL INFO Assigned NET plugin Socket to comm
pluto-prod-yutengl-dev-202-3-0:2316561:2316561 [1] NCCL INFO Failed to initialize any GIN plugin
pluto-prod-yutengl-dev-202-3-0:2316561:2316561 [1] NCCL INFO Using network Socket
pluto-prod-yutengl-dev-202-3-0:2316561:2316561 [1] NCCL INFO ncclCommSplit comm 0x558a4f86d0c0 rank 1 nranks 2 cudaDev 1 nvmlDev 1 busId 75000 parent 0x558a47a33b10 childCount 1 color 2130503744 key 1- Init START
pluto-prod-yutengl-dev-202-3-0:2316561:2316561 [1] NCCL INFO MNNVL busId 0x75000 fabric UUID 0.0 cliqueId 0x0 state 3 healthMask 0x0
pluto-prod-yutengl-dev-202-3-0:2316561:2316561 [1] NCCL INFO ncclTopoGetCpuAffinity: Affinity for GPU 1 is 0-47,96-143. (GPU affinity = 0-47,96-143 ; CPU affinity = 0-47,96-143).
pluto-prod-yutengl-dev-202-3-0:2316561:2316561 [1] NCCL INFO NVLS multicast support is available on dev 1 (NVLS_NCHANNELS 16)
pluto-prod-yutengl-dev-202-3-0:2316561:2316561 [1] NCCL INFO comm 0x558a4f86d0c0 rank 1 nRanks 2 nNodes 1 localRanks 2 localRank 1 MNNVL 0
pluto-prod-yutengl-dev-202-3-0:2316561:2316561 [1] NCCL INFO Trees [0] -1/-1/-1->1->0 [1] -1/-1/-1->1->0 [2] -1/-1/-1->1->0 [3] -1/-1/-1->1->0 [4] -1/-1/-1->1-p channels per peer
pluto-prod-yutengl-dev-202-3-0:2316560:2316560 [0] NCCL INFO Symmetric VA size=80GB
pluto-prod-yutengl-dev-202-3-0:2316560:2316560 [0] NCCL INFO CC Off, workFifoBytes 1048576
pluto-prod-yutengl-dev-202-3-0:2316560:2316560 [0] NCCL INFO ncclCommInitRankConfig comm 0x56203f650030 rank 0 nranks 2 cudaDev 0 nvmlDev 0 busId 64000 commId 0xff99c87a8743d15e - Init COMPLETE
pluto-prod-yutengl-dev-202-3-0:2316560:2316560 [0] NCCL INFO Init timings - ncclCommInitRankConfig: rank 0 nranks 2 total 0.53 (kernels 0.32, alloc 0.08, bootstrap 0.00, allgathers 0.00, topo 0.02, graphs 0.00, connections 0.10, rest 0.01)
pluto-prod-yutengl-dev-202-3-0:2316560:2316560 [0] NCCL INFO Comm config Blocking set to 1
pluto-prod-yutengl-dev-202-3-0:2316560:2316560 [0] NCCL INFO Initialized NET plugin Socket
pluto-prod-yutengl-dev-202-3-0:2316560:2316560 [0] NCCL INFO Assigned NET plugin Socket to comm
pluto-prod-yutengl-dev-202-3-0:2316560:2316560 [0] NCCL INFO Failed to initialize any GIN plugin
pluto-prod-yutengl-dev-202-3-0:2316560:2316560 [0] NCCL INFO Using network Socket
pluto-prod-yutengl-dev-202-3-0:2316560:2316560 [0] NCCL INFO ncclCommSplit comm 0x56204748b400 rank 0 nranks 2 cudaDev 0 nvmlDev 0 busId 64000 parent 0x56203f650030 childCount 1 color 2130503744 key 0- Init START
pluto-prod-yutengl-dev-202-3-0:2316560:2316560 [0] NCCL INFO MNNVL busId 0x64000 fabric UUID 0.0 cliqueId 0x0 state 3 healthMask 0x0
pluto-prod-yutengl-dev-202-3-0:2316560:2316560 [0] NCCL INFO ncclTopoGetCpuAffinity: Affinity for GPU 0 is 0-47,96-143. (GPU affinity = 0-47,96-143 ; CPU affinity = 0-47,96-143).
pluto-prod-yutengl-dev-202-3-0:2316560:2316560 [0] NCCL INFO NVLS multicast support is available on dev 0 (NVLS_NCHANNELS 16)
pluto-prod-yutengl-dev-202-3-0:2316560:2316560 [0] NCCL INFO comm 0x56204748b400 rank 0 nRanks 2 nNodes 1 localRanks 2 localRank 0 MNNVL 0
pluto-prod-yutengl-dev-202-3-0:2316560:2316560 [0] NCCL INFO Channel 00/24 : 0 1
pluto-prod-yutengl-dev-202-3-0:2316560:2316560 [0] NCCL INFO Channel 01/24 : 0 1
pluto-prod-yutengl-dev-202-3-0:2316560:2316560 [0] NCCL INFO Channel 02/24 : 0 1
pluto-prod-yutengl-dev-202-3-0:2316560:2316560 [0] NCCL INFO Channel 03/24 : 0 1
pluto-prod-yutengl-dev-202-3-0:2316560:2316560 [0] NCCL INFO Channel 04/24 : 0 1
pluto-prod-yutengl-dev-202-3-0:2316560:2316560 [0] NCCL INFO Channel 05/24 : 0 1
pluto-prod-yutengl-dev-202-3-0:2316560:2316560 [0] NCCL INFO Channel 06/24 : 0 1
pluto-prod-yutengl-dev-202-3-0:2316560:2316560 [0] NCCL INFO Channel 07/24 : 0 1
pluto-prod-yutengl-dev-202-3-0:2316560:2316560 [0] NCCL INFO Channel 08/24 : 0 1
pluto-prod-yutengl-dev-202-3-0:2316560:2316560 [0] NCCL INFO Channel 09/24 : 0 1
pluto-prod-yutengl-dev-202-3-0:2316560:2316560 [0] NCCL INFO Channel 10/24 : 0 1
pluto-prod-yutengl-dev-202-3-0:2316560:2316560 [0] NCCL INFO Channel 11/24 : 0 1
pluto-prod-yutengl-dev-202-3-0:2316560:2316560 [0] NCCL INFO Channel 12/24 : 0 1
pluto-prod-yutengl-dev-202-3-0:2316560:2316560 [0] NCCL INFO Channel 13/24 : 0 1
pluto-prod-yutengl-dev-202-3-0:2316560:2316560 [0] NCCL INFO Channel 14/24 : 0 1
pluto-prod-yutengl-dev-202-3-0:2316560:2316560 [0] NCCL INFO Channel 15/24 : 0 1
pluto-prod-yutengl-dev-202-3-0:2316560:2316560 [0] NCCL INFO Channel 16/24 : 0 1
pluto-prod-yutengl-dev-202-3-0:2316560:2316560 [0] NCCL INFO Channel 17/24 : 0 1
pluto-prod-yutengl-dev-202-3-0:2316560:2316560 [0] NCCL INFO Channel 18/24 : 0 1
pluto-prod-yutengl-dev-202-3-0:2316560:2316560 [0] NCCL INFO Channel 19/24 : 0 1
pluto-prod-yutengl-dev-202-3-0:2316560:2316560 [0] NCCL INFO Channel 20/24 : 0 1
pluto-prod-yutengl-dev-202-3-0:2316560:2316560 [0] NCCL INFO Channel 21/24 : 0 1
pluto-prod-yutengl-dev-202-3-0:2316560:2316560 [0] NCCL INFO Channel 22/24 : 0 1
pluto-prod-yutengl-dev-202-3-0:2316560:2316560 [0] NCCL INFO Channel 23/24 : 0 1
pluto-prod-yutengl-dev-202-3-0:2316560:2316560 [0] NCCL INFO Trees [0] 1/-1/-1->0->-1 [1] 1/-1/-1->0->-1 [2] 1/-1/-1->0->-1 [3] 1/-1/-1->0->-1 [4] 1/-1/-1->0->-1 [5] 1/-1/-1->0->-1 [6] -1/-1/-1->0->1 [7] -1/-1/-1->0->1 [8] -1/-1/-1->0->1 [9] -1/-1/-1->0->1 [10] -1/-1/-1->0->1[09-15 17:27:14] Found nccl from library libnccl.so.2
[09-15 17:27:14] sglang-diffusion is using nccl==2.29.7
 [11] -1/-1/-1->0->1 [12] 1/-1/-1->0->-1 [13] 1/-1/-1->0->-1 [14] 1/-1/-1->0->-1 [15] 1/-1/-1->0->-1 [16] 1/-1/-1->0->-1 [17] 1/-1/-1->0->-1 [18] -1/-1/-1->0->1 [19] -1/-1/-1->0->1 [20] -1/-1/-1->0->1 [21] -1/-1/-1->0->1 [22] -1/-1/-1->0->1 [23] -1/-1/-1->0->1
pluto-prod-yutengl-dev-202-3-0:2316560:2316560 [0] NCCL INFO P2P Chunksize set to 524288
pluto-prod-yutengl-dev-202-3-0:2316560:2316560 [0] NCCL INFO Check P2P Type isAllDirectP2p 1 directMode 0 isAllCudaP2p 1
pluto-prod-yutengl-dev-202-3-0:2316560:2317121 [0] NCCL INFO [Proxy Service] Device 0 CPU core 35
pluto-prod-yutengl-dev-202-3-0:2316560:2317123 [0] NCCL INFO [Proxy Service UDS] Device 0 CPU core 29
pluto-prod-yutengl-dev-202-3-0:2316560:2316560 [0] NCCL INFO NET/OFI Region base Tuner is chosen for platform: p5.48xlarge
pluto-prod-yutengl-dev-202-3-0:2316560:2316560 [0] NCCL INFO NET/OFI Region Tuner init (platform 0): comm with 2 ranks and 1 nodes.
pluto-prod-yutengl-dev-202-3-0:2316560:2316560 [0] NCCL INFO NET/OFI Tuner init: comm with 2 ranks and 1 nodes.
pluto-prod-yutengl-dev-202-3-0:2316560:2316560 [0] NCCL INFO threadThresholds 8/8/64 | 16/8/64 | 512 | 512
pluto-prod-yutengl-dev-202-3-0:2316560:2316560 [0] NCCL INFO 24 coll channels, 24 collnet channels, 16 nvls channels, 32 p2p channels, 32 p2p channels per peer
pluto-prod-yutengl-dev-202-3-0:2316560:2316560 [0] NCCL INFO Symmetric VA size=80GB
pluto-prod-yutengl-dev-202-3-0:2316560:2316560 [0] NCCL INFO CC Off, workFifoBytes 1048576
pluto-prod-yutengl-dev-202-3-0:2316560:2316560 [0] NCCL INFO ncclCommSplit comm 0x56204748b400 rank 0 nranks 2 cudaDev 0 nvmlDev 0 busId 64000 parent 0x56203f650030 childCount 1 color 2130503744 key 0 - Init COMPLETE
pluto-prod-yutengl-dev-202-3-0:2316560:2316560 [0] NCCL INFO Init timings - ncclCommSplit: rank 0 nranks 2 total 0.11 (kernels 0.00, alloc 0.00, bootstrap 0.00, allgathers 0.00, topo 0.02, graphs 0.00, connections 0.08, rest 0.01)
pluto-prod-yutengl-dev-202-3-0:2316560:2316560 [0] NCCL INFO Initialized NET plugin Socket
pluto-prod-yutengl-dev-202-3-0:2316560:2316560 [0] NCCL INFO Assigned NET plugin Socket to comm
pluto-prod-yutengl-dev-202-3-0:2316560:2316560 [0] NCCL INFO Failed to initialize any GIN plugin
pluto-prod-yutengl-dev-202-3-0:2316560:2316560 [0] NCCL INFO Using network Socket
pluto-prod-yutengl-dev-202-3-0:2316560:2316560 [0] NCCL INFO [Rank 0] ncclCommInitRank comm 0x562047838280 rank 0 nranks 2 cudaDev 0 nvmlDev 0 busId 64000 commId 0x7146603c687c078a - Init START
pluto-prod-yutengl-dev-202-3-0:2316560:2316560 [0] NCCL INFO Bootstrap timings total 0.001374 (create 0.000054, send 0.000225, recv 0.000727, ring 0.000044, delay 0.000000)
pluto-prod-yutengl-dev-202-3-0:2316560:2316560 [0] NCCL INFO MNNVL busId 0x64000 fabric UUID 0.0 cliqueId 0x0 state 3 healthMask 0x0
pluto-prod-yutengl-dev-202-3-0:2316560:2316560 [0] NCCL INFO ncclTopoGetCpuAffinity: Affinity for GPU 0 is 0-47,96-143. (GPU affinity = 0-47,96-143 ; CPU affinity = 0-47,96-143).
pluto-prod-yutengl-dev-202-3-0:2316560:2316560 [0] NCCL INFO NVLS multicast support is available on dev 0 (NVLS_NCHANNELS 16)
pluto-prod-yutengl-dev-202-3-0:2316560:2316560 [0] NCCL INFO comm 0x562047838280 rank 0 nRanks 2 nNodes 1 localRanks 2 localRank 0 MNNVL 0
pluto-prod-yutengl-dev-202-3-0:2316560:2316560 [0] NCCL INFO Channel 00/24 : 0 1
pluto-prod-yutengl-dev-202-3-0:2316560:2316560 [0] NCCL INFO Channel 01/24 : 0 1
pluto-prod-yutengl-dev-202-3-0:2316560:2316560 [0] NCCL INFO Channel 02/24 : 0 1
pluto-prod-yutengl-dev-202-3-0:2316560:2316560 [0] NCCL INFO Channel 03/24 : 0 1
pluto-prod-yutengl-dev-202-3-0:2316560:2316560 [0] NCCL INFO Channel 04/24 : 0 1
pluto-prod-yutengl-dev-202-3-0:2316560:2316560 [0] NCCL INFO Channel 05/24 : 0 1
pluto-prod-yutengl-dev-202-3-0:2316560:2316560 [0] NCCL INFO Channel 06/24 : 0 1
pluto-prod-yutengl-dev-202-3-0:2316560:2316560 [0] NCCL INFO Channel 07/24 : 0 1
pluto-prod-yutengl-dev-202-3-0:2316560:2316560 [0] NCCL INFO Channel 08/24 : 0 1
pluto-prod-yutengl-dev-202-3-0:2316560:2316560 [0] NCCL INFO Channel 09/24 : 0 1
pluto-prod-yutengl-dev-202-3-0:2316560:2316560 [>0 [5] -1/-1/-1->1->0 [6] 0/-1/-1->1->-1 [7] 0/-1/-1->1->-1 [8] 0/-1/-1->1->-1 [9] 0/-1/-1->1->-1 [10] 0/-1/-1->1->-1 [11] 0/-1/-1->1->-1 [12] -1/-1/-1->1->0 [13] -1/-1/-1->1->0 [14] -1/-1/-1->1->0 [15] -1/-1/-1->1->0 [16] -1/-1/-1->1->0 [17] -1/-1/-1->1->0 [18] 0/-1/-1->1->-1 [19] 0/-1/-1->1->-1 [20] 0/-1/-1->1->-1 [21] 0/-1/-1->1->-1 [22] 0/-1/-1->1->-1 [23] 0/-1/-1->1->-1
pluto-prod-yutengl-dev-202-3-0:2316561:2316561 [1] NCCL INFO P2P Chunksize set to 524288
pluto-prod-yutengl-dev-202-3-0:2316561:2316561 [1] NCCL INFO Check P2P Type isAllDirectP2p 1 directMode 0 isAllCudaP2p 1
pluto-prod-yutengl-dev-202-3-0:2316561:2317122 [0] NCCL INFO [Proxy Service] Device 1 CPU core 29
pluto-prod-yutengl-dev-202-3-0:2316561:2317124 [0] NCCL INFO [Proxy Service UDS] Device 1 CPU core 136
pluto-prod-yutengl-dev-202-3-0:2316561:2316561 [1] NCCL INFO NET/OFI Region base Tuner is chosen for platform: p5.48xlarge
pluto-prod-yutengl-dev-202-3-0:2316561:2316561 [1] NCCL INFO NET/OFI Region Tuner init (platform 0): comm with 2 ranks and 1 nodes.
pluto-prod-yutengl-dev-202-3-0:2316561:2316561 [1] NCCL INFO NET/OFI Tuner init: comm with 2 ranks and 1 nodes.
pluto-prod-yutengl-dev-202-3-0:2316561:2316561 [1] NCCL INFO threadThresholds 8/8/64 | 16/8/64 | 512 | 512
pluto-prod-yutengl-dev-202-3-0:2316561:2316561 [1] NCCL INFO 24 coll channels, 24 collnet channels, 16 nvls channels, 32 p2p channels, 32 p2p channels per peer
pluto-prod-yutengl-dev-202-3-0:2316561:2316561 [1] NCCL INFO Symmetric VA size=80GB
pluto-prod-yutengl-dev-202-3-0:2316561:2316561 [1] NCCL INFO ncclCommSplit comm 0x558a4f86d0c0 rank 1 nranks 2 cudaDev 1 nvmlDev 1 busId 75000 parent 0x558a47a33b10 childCount 1 color 2130503744 key 1 - Init COMPLETE
pluto-prod-yutengl-dev-202-3-0:2316561:2316561 [1] NCCL INFO Init timings - ncclCommSplit: rank 1 nranks 2 total 0.11 (kernels 0.00, alloc 0.00, bootstrap 0.00, allgathers 0.00, topo 0.02, graphs 0.00, connections 0.08, rest 0.01)
pluto-prod-yutengl-dev-202-3-0:2316561:2316561 [1] NCCL INFO Initialized NET plugin Socket
pluto-prod-yutengl-dev-202-3-0:2316561:2316561 [1] NCCL INFO Assigned NET plugin Socket to comm
pluto-prod-yutengl-dev-202-3-0:2316561:2316561 [1] NCCL INFO Failed to initialize any GIN plugin
pluto-prod-yutengl-dev-202-3-0:2316561:2316561 [1] NCCL INFO Using network Socket
pluto-prod-yutengl-dev-202-3-0:2316561:2316561 [1] NCCL INFO [Rank 1] ncclCommInitRank comm 0x558a4fc198c0 rank 1 nranks 2 cudaDev 1 nvmlDev 1 busId 75000 commId 0x7146603c687c078a - Init START
pluto-prod-yutengl-dev-202-3-0:2316561:2316561 [1] NCCL INFO Bootstrap timings total 0.000828 (create 0.000061, send 0.000107, recv 0.000427, ring 0.000031, delay 0.000000)
pluto-prod-yutengl-dev-202-3-0:2316561:2316561 [1] NCCL INFO MNNVL busId 0x75000 fabric UUID 0.0 cliqueId 0x0 state 3 healthMask 0x0
pluto-prod-yutengl-dev-202-3-0:2316561:2316561 [1] NCCL INFO ncclTopoGetCpuAffinity: Affinity for GPU 1 is 0-47,96-143. (GPU affinity = 0-47,96-143 ; CPU affinity = 0-47,96-143).
pluto-prod-yutengl-dev-202-3-0:2316561:2316561 [1] NCCL INFO NVLS multicast support is available on dev 1 (NVLS_NCHANNELS 16)
pluto-prod-yutengl-dev-202-3-0:2316561:2316561 [1] NCCL INFO comm 0x558a4fc198c0 rank 1 nRanks 2 nNodes 1 localRanks 2 localRank 1 MNNVL 0
pluto-prod-yutengl-dev-202-3-0:2316561:2316561 [1] NCCL INFO Trees [0] -1/-1/-1->1->0 [1] -1/-1/-1->1->0 [2] -1/-1/-1->1->0 [3] -1/-1/-1->1->0 [4] -1/-1/-1->1->0 [5] -1/-1/-1->1->0 [6] 0/-1/-1->1->-1 [7] 0/-1/-1->1->-1 [8] 0/-1/-1->1->-1 [9] 0/-1/-1->1->-1 [10] 0/-1/-1->1->-1 [11] 0/-1/-1->1->-1 [12] -1/-1/-1->1->0 [13] -1/-1/-1->1->0 [14] -1/-1/-1->1->0 [15] -1/-1/-1->1->0 [16] -1/-1/-1->1->0 [17] -1/-1/-1->1->0 [18] 0/-1/-1->1->-1 [19] 0/-1/-1->1->-1 [20] 0/-1/-1->1->-1 [21] 0/-1/-1->1->-1 [22] 0/-1/-1->1->-1 [23] 0/-1/-1->1->-1
pluto-prod-yutengl-dev-202-3-0:2316561:2316561 [1] NCCL INFO P2P Chunksize set to 524288
pluto-prod-yutengl-dev-202-3-0:2316561:2316561 [1] NCCL INFO Check P2P Type isAllDirectP2p 1 directMode 0 isAllCudaP2p 1
pluto-prod-yutengl-dev-202-3-0:2316561:2317134 [0] NCCL INFO [Proxy Service] Device 0] NCCL INFO Channel 10/24 : 0 1
pluto-prod-yutengl-dev-202-3-0:2316560:2316560 [0] NCCL INFO Channel 11/24 : 0 1
pluto-prod-yutengl-dev-202-3-0:2316560:2316560 [0] NCCL INFO Channel 12/24 : 0 1
pluto-prod-yutengl-dev-202-3-0:2316560:2316560 [0] NCCL INFO Channel 13/24 : 0 1
pluto-prod-yutengl-dev-202-3-0:2316560:2316560 [0] NCCL INFO Channel 14/24 : 0 1
pluto-prod-yutengl-dev-202-3-0:2316560:2316560 [0] NCCL INFO Channel 15/24 : 0 1
pluto-prod-yutengl-dev-202-3-0:2316560:2316560 [0] NCCL INFO Channel 16/24 : 0 1
pluto-prod-yutengl-dev-202-3-0:2316560:2316560 [0] NCCL INFO Channel 17/24 : 0 1
pluto-prod-yutengl-dev-202-3-0:2316560:2316560 [0] NCCL INFO Channel 18/24 : 0 1
pluto-prod-yutengl-dev-202-3-0:2316560:2316560 [0] NCCL INFO Channel 19/24 : 0 1
pluto-prod-yutengl-dev-202-3-0:2316560:2316560 [0] NCCL INFO Channel 20/24 : 0 1
pluto-prod-yutengl-dev-202-3-0:2316560:2316560 [0] NCCL INFO Channel 21/24 : 0 1
pluto-prod-yutengl-dev-202-3-0:2316560:2316560 [0] NCCL INFO Channel 22/24 : 0 1
pluto-prod-yutengl-dev-202-3-0:2316560:2316560 [0] NCCL INFO Channel 23/24 : 0 1
pluto-prod-yutengl-dev-202-3-0:2316560:2316560 [0] NCCL INFO Trees [0] 1/-1/-1->0->-1 [1] 1/-1/-1->0->-1 [2] 1/-1/-1->0->-1 [3] 1/-1/-1->0->-1 [4] 1/-1/-1->0->-1 [5] 1/-1/-1->0->-1 [6] -1/-1/-1->0->1 [7] -1/-1/-1->0->1 [8] -1/-1/-1->0->1 [9] -1/-1/-1->0->1 [10] -1/-1/-1->0->1 [11] -1/-1/-1->0->1 [12] 1/-1/-1->0->-1 [13] 1/-1/-1->0->-1 [14] 1/-1/-1->0->-1 [15] 1/-1/-1->0->-1 [16] 1/-1/-1->0->-1 [17] 1/-1/-1->0->-1 [18] -1/-1/-1->0->1 [19] -1/-1/-1->0->1 [20] -1/-1/-1->0->1 [21] -1/-1/-1->0->1 [22] -1/-1/-1->0->1 [23] -1/-1/-1->0->1
pluto-prod-yutengl-dev-202-3-0:2316560:2316560 [0] NCCL INFO P2P Chunksize set to 524288
pluto-prod-yutengl-dev-202-3-0:2316560:2316560 [0] NCCL INFO Check P2P Type isAllDirectP2p 1 directMode 0 isAllCudaP2p 1
pluto-prod-yutengl-dev-202-3-0:2316560:2317132 [0] NCCL INFO [Proxy Service] Device 0 CPU core 36
pluto-prod-yutengl-dev-202-3-0:2316560:2317133 [0] NCCL INFO [Proxy Service UDS] Device 0 CPU core 1
pluto-prod-yutengl-dev-202-3-0:2316560:2316560 [0] NCCL INFO NET/OFI Region base Tuner is chosen for platform: p5.48xlarge
pluto-prod-yutengl-dev-202-3-0:2316560:2316560 [0] NCCL INFO NET/OFI Region Tuner init (platform 0): comm with 2 ranks and 1 nodes.
pluto-prod-yutengl-dev-202-3-0:2316560:2316560 [0] NCCL INFO NET/OFI Tuner init: comm with 2 ranks and 1 nodes.
pluto-prod-yutengl-dev-202-3-0:2316560:2316560 [0] NCCL INFO threadThresholds 8/8/64 | 16/8/64 | 512 | 512
pluto-prod-yutengl-dev-202-3-0:2316560:2316560 [0] NCCL INFO 24 coll channels, 24 collnet channels, 16 nvls channels, 32 p2p channels, 32 p2p channels per peer
pluto-prod-yutengl-dev-202-3-0:2316560:2316560 [0] NCCL INFO Symmetric VA size=80GB
pluto-prod-yutengl-dev-202-3-0:2316560:2316560 [0] NCCL INFO CC Off, workFifoBytes 1048576
pluto-prod-yutengl-dev-202-3-0:2316560:2316560 [0] NCCL INFO ncclCommInitRank comm 0x562047838280 rank 0 nranks 2 cudaDev 0 nvmlDev 0 busId 64000 commId 0x7146603c687c078a - Init COMPLETE
pluto-prod-yutengl-dev-202-3-0:2316560:2316560 [0] NCCL INFO Init timings - ncclCommInitRank: rank 0 nranks 2 total 0.11 (kernels 0.00, alloc 0.00, bootstrap 0.00, allgathers 0.00, topo 0.02, graphs 0.00, connections 0.08, rest 0.01)
pluto-prod-yutengl-dev-202-3-0:2316560:2316560 [0] NCCL INFO Symmetric VA size=80GB
pluto-prod-yutengl-dev-202-3-0:2316560:2316560 [0] NCCL INFO Channel 00/0 : 0[0] -> 1[1] via P2P/CUMEM
pluto-prod-yutengl-dev-202-3-0:2316560:2316560 [0] NCCL INFO Channel 01/0 : 0[0] -> 1[1] via P2P/CUMEM
pluto-prod-yutengl-dev-202-3-0:2316560:2316560 [0] NCCL INFO Channel 02/0 : 0[0] -> 1[1] via P2P/CUMEM
pluto-prod-yutengl-dev-202-3-0:2316560:2316560 [0] NCCL INFO Channel 03/0 : 0[0] -> 1[1] via P2P/CUMEM
pluto-prod-yutengl-dev-202-3-0:2316560:2316560 [0] NCCL INFO Channel 04/0 : 0[0] -> 1[1] via P2P/CUMEM
pluto-prod-yutengl-dev-202-3-0:2316560:2316560 [0] NCCL INFO Channel 05/0 : 0[0] -> 1[1] via P2P/CUMEM
pluto-prod-yutengl-dev-202-3-0:2316560:2316560 [0] NCCL INFO Channel 06/0 : 0[0] -> 1[1] via P2P/CUMEM
pluto-prod-yutengl-dev-202-3-0:2316560:2316560 [0] NCCL INFO Channel 07/0 : 0[0] -> 1[1] via P2P/CUMEM
pluto-prod-yutengl-dev-202-3-0:2316560:2316560 [0] NCCL INFO Channel 08/0 : 0[0] -> 1[1] via P2P/CUMEM
pluto-prod-yutengl-dev-202-3-0:2316560:2316560 [0] NCCL INFO Channel 09/0 : 0[0] -> 1[1] via P2P/CUMEM
pluto-prod-yutengl-dev-202-3-0:2316560:2316560 [0] NCCL INFO Channel 10/0 : 0[0] -> 1[1] via P2P/CUMEM
pluto-prod-yutengl-dev-202-3-0:2316560:2316560 [0] NCCL INFO Channel 11/0 : 0[0] -> 1[1] via P2P/CUMEM
pluto-prod-yutengl-dev-202-3-0:2316560:2316560 [0] NCCL INFO Channel 12/0 : 0[0] -> 1[1] via P2P/CUMEM
pluto-prod-yutengl-dev-202-3-0:2316560:2316560 [0] NCCL INFO Channel 13/0 : 0[0] -> 1[1] via P2P/CUMEM
pluto-prod-yutengl-dev-202-3-0:2316560:2316560 [0] NCCL INFO Channel 14/0 : 0[0] -> 1[1] via P2P/CUMEM
pluto-prod-yutengl-dev-202-3-0:2316560:2316560 [0] NCCL INFO Channel 15/0 : 0[0] -> 1[1] via P2P/CUMEM
pluto-prod-yutengl-dev-202-3-0:2316560:2316560 [0] NCCL INFO Channel 16/0 : 0[0] -> 1[1] via P2P/CUMEM
pluto-prod-yutengl-dev-202-3-0:2316560:2316560 [0] NCCL INFO Channel 17/0 : 0[0] -> 1[1] via P2P/CUMEM
pluto-prod-yutengl-dev-202-3-0:2316560:2316560 [0] NCCL INFO Channel 18/0 : 0[0] -> 1[1] via P2P/CUMEM
pluto-prod-yutengl-dev-202-3-0:2316560:2316560 [0] NCCL INFO Channel 19/0 : 0[0] -> 1[1] via P2P/CUMEM
pluto-prod-yutengl-dev-202-3-0:2316560:2316560 [0] NCCL INFO Channel 20/0 : 0[0] -> 1[1] via P2P/CUMEM
pluto-prod-yutengl-dev-202-3-0:2316560:2316560 [0] NCCL INFO Channel 21/0 : 0[0] -> 1[1] via P2P/CUMEM
pluto-prod-yutengl-dev-202-3-0:2316560:2316560 [0] NCCL INFO Channel 22/0 : 0[0] -> 1[1] via P2P/CUMEM
pluto-prod-yutengl-dev-202-3-0:2316560:2316560 [0] NCCL INFO Channel 23/0 : 0[0] -> 1[1] via P2P/CUMEM
pluto-prod-yutengl-dev-202-3-0:2316560:2316560 [0] NCCL INFO Connected all rings, use ring PXN 0 GDR 1
pluto-prod-yutengl-dev-202-3-0:2316560:2316560 [0] NCCL INFO Rank 0 has color with NCCL_SPLIT_NOCOLOR, not creating a new communicator
pluto-prod-yutengl-dev-202-3-0:2316560:2316560 [0] NCCL INFO Rank 0 has color with NCCL_SPLIT_NOCOLOR, not creating a new communicator
pluto-prod-yutengl-dev-202-3-0:2316560:2316560 [0] NCCL INFO Comm config Blocking set to 1
pluto-prod-yutengl-dev-202-3-0:2316560:2316560 [0] NCCL INFO Initialized NET plugin Socket
pluto-prod-yutengl-dev-202-3-0:2316560:2316560 [0] NCCL INFO Assigned NET plugin Socket to comm
pluto-prod-yutengl-dev-202-3-0:2316560:2316560 [0] NCCL INFO Failed to initialize any GIN plugin
pluto-prod-yutengl-dev-202-3-0:2316560:2316560 [0] NCCL INFO Using network Socket
pluto-prod-yutengl-dev-202-3-0:2316560:2316560 [0] NCCL INFO ncclCommSplit comm 0x562048787250 rank 0 nranks 2 cudaDev 0 nvmlDev 0 busId 64000 parent 0x56203f650030 childCount 4 color 2130503744 key 0- Init START
pluto-prod-yutengl-dev-202-3-0:2316560:2316560 [0] NCCL INFO MNNVL busId 0x64000 fabric UUID 0.0 cliqueId 0x0 state 3 healthMask 0x0
pluto-prod-yutengl-dev-202-3-0:2316560:2316560 [0] NCCL INFO ncclTopoGetCpuAffinity: Affinity for GPU 0 is 0-47,96-143. (GPU affinity = 0-47,96-143 ; CPU affinity = 0-47,96-143).
pluto-prod-yutengl-dev-202-3-0:2316560:2316560 [0] NCCL INFO NVLS multicast support is available on dev 0 (NVLS_NCHANNELS 16)
pluto-prod-yutengl-dev-202-3-0:2316560:2316560 [0] NCCL INFO comm 0x562048787250 rank 0 nRanks 2 nNodes 1 localRanks 2 localRank 0 MNNVL 0
pluto-prod-yutengl-dev-202-3-0:2316560:2316560 [0] NCCL INFO Channel 00/24 : 0 1
pluto-prod-yutengl-dev-202-3-0:2316560:2316560 [0] NCCL INFO Channel 01/24 : 0 1
pluto-prod-yutengl-dev-202-3-0:2316560:2316560 [0] NCCL INFO Channel 02/24 : 0 1
pluto-prod-yutengl-dev-202-3-0:2316560:2316560 [0] NCCL INFO Channel 03/24 : 0 1
pluto-prod-yutengl-dev-202-3-0:2316560:2316560 [0] NCCL INFO Channel 04/24 : 0 1
pluto-prod-yutengl-dev-202-3-0:2316560:2316560 [0] NCCL INFO Channel 05/24 : 0 1
pluto-prod-yutengl-dev-202-3-0:2316560:2316560 [0] NCCL INFO Channel 06/24 : 0 1
pluto-prod-yutengl-dev-202-3-0:2316560:2316560 [0] NCCL INFO Channel 07/24 : 0 1
pluto-prod-yutengl-dev-202-3-0:2316560:2316560 [0] NCCL INFO Channel 08/24 : 0 1
pluto-prod-yutengl-dev-2[09-15 17:27:15] Found nccl from library libnccl.so.2
[09-15 17:27:15] sglang-diffusion is using nccl==2.29.7
 [1] NCCL INFO Rank 1 has color with NCCL_SPLIT_NOCOLOR, not creating a new communicator
pluto-prod-yutengl-dev-202-3-0:2316561:2316561 [1] NCCL INFO Comm config Blocking set to 1
pluto-prod-yutengl-dev-202-3-0:2316561:2316561 [1] NCCL INFO Initialized NET plugin Socket
pluto-prod-yutengl-dev-202-3-0:2316561:2316561 [1] NCCL INFO Assigned NET plugin Socket to comm
pluto-prod-yutengl-dev-202-3-0:2316561:2316561 [1] NCCL INFO Failed to initialize any GIN plugin
pluto-prod-yutengl-dev-202-3-0:2316561:2316561 [1] NCCL INFO Using network Socket
pluto-prod-yutengl-dev-202-3-0:2316561:2316561 [1] NCCL INFO ncclCommSplit comm 0x558a50b68ab0 rank 1 nranks 2 cudaDev 1 nvmlDev 1 busId 75000 parent 0x558a47a33b10 childCount 4 color 2130503744 key 1- Init START
pluto-prod-yutengl-dev-202-3-0:2316561:2316561 [1] NCCL INFO MNNVL busId 0x75000 fabric UUID 0.0 cliqueId 0x0 state 3 healthMask 0x0
pluto-prod-yutengl-dev-202-3-0:2316561:2316561 [1] NCCL INFO ncclTopoGetCpuAffinity: Affinity for GPU 1 is 0-47,96-143. (GPU affinity = 0-47,96-143 ; CPU affinity = 0-47,96-143).
pluto-prod-yutengl-dev-202-3-0:2316561:2316561 [1] NCCL INFO NVLS multicast support is available on dev 1 (NVLS_NCHANNELS 16)
pluto-prod-yutengl-dev-202-3-0:2316561:2316561 [1] NCCL INFO comm 0x558a50b68ab0 rank 1 nRanks 2 nNodes 1 localRanks 2 localRank 1 MNNVL 0
pluto-prod-yutengl-dev-202-3-0:2316561:2316561 [1] NCCL INFO Trees [0] -1/-1/-1->1->0 [1] -1/-1/-1->1->0 [2] -1/-1/-1->1->0 [3] -1/-1/-1->1->0 [4] -1/-1/-1->1->0 [5] -1/-1/-1->1->0 [6] 0/-1/-1->1->-1 [7] 0/-1/-1->1->-1 [8] 0/-1/-1->1->-1 [9] 0/-1/-1->1->-1 [10] 0/-1/-1->1->-1 [11] 0/-1/-1->1->-1 [12] -1/-1/-1->1->0 [13] -1/-1/-1->1->0 [14] -1/-1/-1->1->0 [15] -1/-1/-1->1->0 [16] -1/-1/-1->1->0 [17] -1/-1/-1->1->0 [18] 0/-1/-1->1->-1 [19] 0/-1/-1->1->-1 [20] 0/-1/-1->1->-1 [21] 0/-1/-1->1->-1 [22] 0/-1/-1->1->-1 [23] 0/-1/-1->1->-1
pluto-prod-yutengl-dev-202-3-0:2316561:2316561 [1] NCCL INFO P2P Chunksize set to 524288
pluto-prod-yutengl-dev-202-3-0:2316561:2316561 [1] NCCL INFO Check P2P Type isAllDirectP2p 1 directMode 0 isAllCudaP2p 1
pluto-prod-yutengl-dev-202-3-0:2316561:2317155 [0] NCCL INFO [Proxy Service UDS] Device 1 CPU core 2
pluto-prod-yutengl-dev-202-3-0:2316561:2317153 [0] NCCL INFO [Proxy Service] Device 1 CPU core 11
pluto-prod-yutengl-dev-202-3-0:2316561:2316561 [1] NCCL INFO NET/OFI Region base Tuner is chosen for platform: p5.48xlarge
pluto-prod-yutengl-dev-202-3-0:2316561:2316561 [1] NCCL INFO NET/OFI Region Tuner init (platform 0): comm with 2 ranks and 1 nodes.
pluto-prod-yutengl-dev-202-3-0:2316561:2316561 [1] NCCL INFO NET/OFI Tuner init: comm with 2 ranks and 1 nodes.
pluto-prod-yutengl-dev-202-3-0:2316561:2316561 [1] NCCL INFO threadThresholds 8/8/64 | 16/8/64 | 512 | 512
pluto-prod-yutengl-dev-202-3-0:2316561:2316561 [1] NCCL INFO 24 coll channels, 24 collnet channels, 16 nvls channels, 32 p2p channels, 32 p2p channels per peer
pluto-prod-yutengl-dev-202-3-0:2316561:2316561 [1] NCCL INFO Symmetric VA size=80GB
pluto-prod-yutengl-dev-202-3-0:2316561:2316561 [1] NCCL INFO ncclCommSplit comm 0x558a50b68ab0 rank 1 nranks 2 cudaDev 1 nvmlDev 1 busId 75000 parent 0x558a47a33b10 childCount 4 color 2130503744 key 1 - Init COMPLETE
pluto-prod-yutengl-dev-202-3-0:2316561:2316561 [1] NCCL INFO Init timings - ncclCommSplit: rank 1 nranks 2 total 0.12 (kernels 0.00, alloc 0.00, bootstrap 0.00, allgathers 0.00, topo 0.02, graphs 0.00, connections 0.09, rest 0.01)
pluto-prod-yutengl-dev-202-3-0:2316561:2316561 [1] NCCL INFO Initialized NET plugin Socket
pluto-prod-yutengl-dev-202-3-0:2316561:2316561 [1] NCCL INFO Assigned NET plugin Socket to comm
pluto-prod-yutengl-dev-202-3-0:2316561:2316561 [1] NCCL INFO Failed to initialize any GIN plugin
pluto-prod-yutengl-dev-202-3-0:2316561:2316561 [1] NCCL INFO Using network Socket
pluto-prod-yutengl-dev-202-3-0:2316561:2316561 [1] NCCL INFO [Rank 1] ncclCommInitRank comm 0x558a50f14bc0 rank 1 nranks 2 cudaDev 1 nvmlDev 1 busId 75000 commId 0x35cb82d8e75577c6 - Init START
pluto-prod-yutengl-dev-202-3-0:2316561:2316561 [1] NCCL INFO Bootstrap timings total 0.002-3-0:2316560:2316560 [0] NCCL INFO Channel 09/24 : 0 1
pluto-prod-yutengl-dev-202-3-0:2316560:2316560 [0] NCCL INFO Channel 10/24 : 0 1
pluto-prod-yutengl-dev-202-3-0:2316560:2316560 [0] NCCL INFO Channel 11/24 : 0 1
pluto-prod-yutengl-dev-202-3-0:2316560:2316560 [0] NCCL INFO Channel 12/24 : 0 1
pluto-prod-yutengl-dev-202-3-0:2316560:2316560 [0] NCCL INFO Channel 13/24 : 0 1
pluto-prod-yutengl-dev-202-3-0:2316560:2316560 [0] NCCL INFO Channel 14/24 : 0 1
pluto-prod-yutengl-dev-202-3-0:2316560:2316560 [0] NCCL INFO Channel 15/24 : 0 1
pluto-prod-yutengl-dev-202-3-0:2316560:2316560 [0] NCCL INFO Channel 16/24 : 0 1
pluto-prod-yutengl-dev-202-3-0:2316560:2316560 [0] NCCL INFO Channel 17/24 : 0 1
pluto-prod-yutengl-dev-202-3-0:2316560:2316560 [0] NCCL INFO Channel 18/24 : 0 1
pluto-prod-yutengl-dev-202-3-0:2316560:2316560 [0] NCCL INFO Channel 19/24 : 0 1
pluto-prod-yutengl-dev-202-3-0:2316560:2316560 [0] NCCL INFO Channel 20/24 : 0 1
pluto-prod-yutengl-dev-202-3-0:2316560:2316560 [0] NCCL INFO Channel 21/24 : 0 1
pluto-prod-yutengl-dev-202-3-0:2316560:2316560 [0] NCCL INFO Channel 22/24 : 0 1
pluto-prod-yutengl-dev-202-3-0:2316560:2316560 [0] NCCL INFO Channel 23/24 : 0 1
pluto-prod-yutengl-dev-202-3-0:2316560:2316560 [0] NCCL INFO Trees [0] 1/-1/-1->0->-1 [1] 1/-1/-1->0->-1 [2] 1/-1/-1->0->-1 [3] 1/-1/-1->0->-1 [4] 1/-1/-1->0->-1 [5] 1/-1/-1->0->-1 [6] -1/-1/-1->0->1 [7] -1/-1/-1->0->1 [8] -1/-1/-1->0->1 [9] -1/-1/-1->0->1 [10] -1/-1/-1->0->1 [11] -1/-1/-1->0->1 [12] 1/-1/-1->0->-1 [13] 1/-1/-1->0->-1 [14] 1/-1/-1->0->-1 [15] 1/-1/-1->0->-1 [16] 1/-1/-1->0->-1 [17] 1/-1/-1->0->-1 [18] -1/-1/-1->0->1 [19] -1/-1/-1->0->1 [20] -1/-1/-1->0->1 [21] -1/-1/-1->0->1 [22] -1/-1/-1->0->1 [23] -1/-1/-1->0->1
pluto-prod-yutengl-dev-202-3-0:2316560:2316560 [0] NCCL INFO P2P Chunksize set to 524288
pluto-prod-yutengl-dev-202-3-0:2316560:2316560 [0] NCCL INFO Check P2P Type isAllDirectP2p 1 directMode 0 isAllCudaP2p 1
pluto-prod-yutengl-dev-202-3-0:2316560:2317152 [0] NCCL INFO [Proxy Service] Device 0 CPU core 134
pluto-prod-yutengl-dev-202-3-0:2316560:2317154 [0] NCCL INFO [Proxy Service UDS] Device 0 CPU core 13
pluto-prod-yutengl-dev-202-3-0:2316560:2316560 [0] NCCL INFO NET/OFI Region base Tuner is chosen for platform: p5.48xlarge
pluto-prod-yutengl-dev-202-3-0:2316560:2316560 [0] NCCL INFO NET/OFI Region Tuner init (platform 0): comm with 2 ranks and 1 nodes.
pluto-prod-yutengl-dev-202-3-0:2316560:2316560 [0] NCCL INFO NET/OFI Tuner init: comm with 2 ranks and 1 nodes.
pluto-prod-yutengl-dev-202-3-0:2316560:2316560 [0] NCCL INFO threadThresholds 8/8/64 | 16/8/64 | 512 | 512
pluto-prod-yutengl-dev-202-3-0:2316560:2316560 [0] NCCL INFO 24 coll channels, 24 collnet channels, 16 nvls channels, 32 p2p channels, 32 p2p channels per peer
pluto-prod-yutengl-dev-202-3-0:2316560:2316560 [0] NCCL INFO Symmetric VA size=80GB
pluto-prod-yutengl-dev-202-3-0:2316560:2316560 [0] NCCL INFO CC Off, workFifoBytes 1048576
pluto-prod-yutengl-dev-202-3-0:2316560:2316560 [0] NCCL INFO ncclCommSplit comm 0x562048787250 rank 0 nranks 2 cudaDev 0 nvmlDev 0 busId 64000 parent 0x56203f650030 childCount 4 color 2130503744 key 0 - Init COMPLETE
pluto-prod-yutengl-dev-202-3-0:2316560:2316560 [0] NCCL INFO Init timings - ncclCommSplit: rank 0 nranks 2 total 0.12 (kernels 0.00, alloc 0.00, bootstrap 0.00, allgathers 0.00, topo 0.02, graphs 0.00, connections 0.09, rest 0.01)
pluto-prod-yutengl-dev-202-3-0:2316560:2316560 [0] NCCL INFO Initialized NET plugin Socket
pluto-prod-yutengl-dev-202-3-0:2316560:2316560 [0] NCCL INFO Assigned NET plugin Socket to comm
pluto-prod-yutengl-dev-202-3-0:2316560:2316560 [0] NCCL INFO Failed to initialize any GIN plugin
pluto-prod-yutengl-dev-202-3-0:2316560:2316560 [0] NCCL INFO Using network Socket
pluto-prod-yutengl-dev-202-3-0:2316560:2316560 [0] NCCL INFO [Rank 0] ncclCommInitRank comm 0x562048b33bb0 rank 0 nranks 2 cudaDev 0 nvmlDev 0 busId 64000 commId 0x35cb82d8e75577c6 - Init START
pluto-prod-yutengl-dev-202-3-0:2316560:2316560 [0] NCCL INFO Bootstrap timings total 0.000835 (create 0.000054, send 0.000207, recv 0.000361, ring 0.000030, delay 0.000000)
pluto-prod-yutengl-dev-202-3-0:2316560:2316560 [0] NCCL INFO MNNVL busId 0x64000 fabric UUID 0.0 cliqueId 0x0 state 3 healthMask 0x0
pluto-prod-yutengl-dev-202-3-0:2316560:2316560 [0] NCCL INFO ncclTopoGetCpuAffinity: Affinity for GPU 0 is 0-47,96-143. (GPU affinity = 0-47,96-143 ; CPU affinity = 0-47,96-143).
pluto-prod-yutengl-dev-202-3-0:2316560:2316560 [0] NCCL INFO NVLS multicast support is available on dev 0 (NVLS_NCHANNELS 16)
pluto-prod-yutengl-dev-202-3-0:2316560:2316560 [0] NCCL INFO comm 0x562048b33bb0 rank 0 nRanks 2 nNodes 1 localRanks 2 localRank 0 MNNVL 0
pluto-prod-yutengl-dev-202-3-0:2316560:2316560 [0] NCCL INFO Channel 00/24 : 0 1
pluto-prod-yutengl-dev-202-3-0:2316560:2316560 [0] NCCL INFO Channel 01/24 : 0 1
pluto-prod-yutengl-dev-202-3-0:2316560:2316560 [0] NCCL INFO Channel 02/24 : 0 1
pluto-prod-yutengl-dev-202-3-0:2316560:2316560 [0] NCCL INFO Channel 03/24 : 0 1
pluto-prod-yutengl-dev-202-3-0:2316560:2316560 [0] NCCL INFO Channel 04/24 : 0 1
pluto-prod-yutengl-dev-202-3-0:2316560:2316560 [0] NCCL INFO Channel 05/24 : 0 1
pluto-prod-yutengl-dev-202-3-0:2316560:2316560 [0] NCCL INFO Channel 06/24 : 0 1
pluto-prod-yutengl-dev-202-3-0:2316560:2316560 [0] NCCL INFO Channel 07/24 : 0 1
pluto-prod-yutengl-dev-202-3-0:2316560:2316560 [0] NCCL INFO Channel 08/24 : 0 1
pluto-prod-yutengl-dev-202-3-0:2316560:2316560 [0] NCCL INFO Channel 09/24 : 0 1
pluto-prod-yutengl-dev-202-3-0:2316560:2316560 [0] NCCL INFO Channel 10/24 : 0 1
pluto-prod-yutengl-dev-202-3-0:2316560:2316560 [0] NCCL INFO Channel 11/24 : 0 1
pluto-prod-yutengl-dev-202-3-0:2316560:2316560 [0] NCCL INFO Channel 12/24 : 0 1
pluto-prod-yutengl-dev-202-3-0:2316560:2316560 [0] NCCL INFO Channel 13/24 : 0 1
pluto-prod-yutengl-dev-202-3-0:2316560:2316560 [0] NCCL INFO Channel 14/24 : 0 1
pluto-prod-yutengl-dev-202-3-0:2316560:2316560 [0] NCCL INFO Channel 15/24 : 0 1
pluto-prod-yutengl-dev-202-3-0:2316560:2316560 [0] NCCL INFO Channel 16/24 : 0 1
pluto-prod-yutengl-dev-202-3-0:2316560:2316560 [0] NCCL INFO Channel 17/24 : 0 1
pluto-prod-yutengl-dev-202-3-0:2316560:2316560 [0] NCCL INFO Channel 18/24 : 0 1
pluto-prod-yutengl-dev-202-3-0:2316560:2316560 [0] NCCL INFO Channel 19/24 : 0 1
pluto-prod-yutengl-dev-202-3-0:2316560:2316560 [0] NCCL INFO Channel 20/24 : 0 1
pluto-prod-yutengl-dev-202-3-0:2316560:2316560 [0] NCCL INFO Channel 21/24 : 0 1
pluto-prod-yutengl-dev-202-3-0:2316560:2316560 [0] NCCL INFO Channel 22/24 : 0 1
pluto-prod-yutengl-dev-202-3-0:2316560:2316560 [0] NCCL INFO Channel 23/24 : 0 1
pluto-prod-yutengl-dev-202-3-0:2316560:2316560 [0] NCCL INFO Trees [0] 1/-1/-1->0->-1 [1] 1/-1/-1->0->-1 [2] 1/-1/-1->0->-1 [3] 1/-1/-1->0->-1 [4] 1/-1/-1->0->-1 [5] 1/-1/-1->0->-1 [6] -1/-1/-1->0->1 [7] -1/-1/-1->0->1 [8] -1/-1/-1->0->1 [9] -1/-1/-1->0->1 [10] -1/-1/-1->0->1 [11] -1/-1/-1->0->1 [12] 1/-1/-1->0->-1 [13] 1/-1/-1->0->-1 [14] 1/-1/-1->0->-1 [15] 1/-1/-1->0->-1 [16] 1/-1/-1->0->-1 [17] 1/-1/-1->0->-1 [18] -1/-1/-1->0->1 [19] -1/-1/-1->0->1 [20] -1/-1/-1->0->1 [21] -1/-1/-1->0->1 [22] -1/-1/-1->0->1 [23] -1/-1/-1->0->1
pluto-prod-yutengl-dev-202-3-0:2316560:2316560 [0] NCCL INFO P2P Chunksize set to 524288
pluto-prod-yutengl-dev-202-3-0:2316560:2316560 [0] NCCL INFO Check P2P Type isAllDirectP2p 1 directMode 0 isAllCudaP2p 1
pluto-prod-yutengl-dev-202-3-0:2316560:2317163 [0] NCCL INFO [Proxy Service] Device 0 CPU core 13
pluto-prod-yutengl-dev-202-3-0:2316560:2317164 [0] NCCL INFO [Proxy Service UDS] Device 0 CPU core 41
pluto-prod-yutengl-dev-202-3-0:2316560:2316560 [0] NCCL INFO NET/OFI Region base Tuner is chosen for platform: p5.48xlarge
pluto-prod-yutengl-dev-202-3-0:2316560:2316560 [0] NCCL INFO NET/OFI Region Tuner init (platform 0): comm with 2 ranks and 1 nodes.
pluto-prod-yutengl-dev-202-3-0:2316560:2316560 [0] NCCL INFO NET/OFI Tuner init: comm with 2 ranks and 1 nodes.
pluto-prod-yutengl-dev-202-3-0:2316560:2316560 [0] NCCL INFO threadThresholds 8/8/64 | 16/8/64 | 512 | 512
pluto-prod-yutengl-dev-202-3-0:2316560:2316560 [0] NCCL INFO 24 coll channels, 24 collnet channels, 16 nvls channels, 32 00839 (create 0.000042, send 0.000211, recv 0.000242, ring 0.000035, delay 0.000000)
pluto-prod-yutengl-dev-202-3-0:2316561:2316561 [1] NCCL INFO MNNVL busId 0x75000 fabric UUID 0.0 cliqueId 0x0 state 3 healthMask 0x0
pluto-prod-yutengl-dev-202-3-0:2316561:2316561 [1] NCCL INFO ncclTopoGetCpuAffinity: Affinity for GPU 1 is 0-47,96-143. (GPU affinity = 0-47,96-143 ; CPU affinity = 0-47,96-143).
pluto-prod-yutengl-dev-202-3-0:2316561:2316561 [1] NCCL INFO NVLS multicast support is available on dev 1 (NVLS_NCHANNELS 16)
pluto-prod-yutengl-dev-202-3-0:2316561:2316561 [1] NCCL INFO comm 0x558a50f14bc0 rank 1 nRanks 2 nNodes 1 localRanks 2 localRank 1 MNNVL 0
pluto-prod-yutengl-dev-202-3-0:2316561:2316561 [1] NCCL INFO Trees [0] -1/-1/-1->1->0 [1] -1/-1/-1->1->0 [2] -1/-1/-1->1->0 [3] -1/-1/-1->1->0 [4] -1/-1/-1->1->0 [5] -1/-1/-1->1->0 [6] 0/-1/-1->1->-1 [7] 0/-1/-1->1->-1 [8] 0/-1/-1->1->-1 [9] 0/-1/-1->1->-1 [10] 0/-1/-1->1->-1 [11] 0/-1/-1->1->-1 [12] -1/-1/-1->1->0 [13] -1/-1/-1->1->0 [14] -1/-1/-1->1->0 [15] -1/-1/-1->1->0 [16] -1/-1/-1->1->0 [17] -1/-1/-1->1->0 [18] 0/-1/-1->1->-1 [19] 0/-1/-1->1->-1 [20] 0/-1/-1->1->-1 [21] 0/-1/-1->1->-1 [22] 0/-1/-1->1->-1 [23] 0/-1/-1->1->-1
pluto-prod-yutengl-dev-202-3-0:2316561:2316561 [1] NCCL INFO P2P Chunksize set to 524288
pluto-prod-yutengl-dev-202-3-0:2316561:2316561 [1] NCCL INFO Check P2P Type isAllDirectP2p 1 directMode 0 isAllCudaP2p 1
pluto-prod-yutengl-dev-202-3-0:2316561:2317165 [0] NCCL INFO [Proxy Service] Device 1 CPU core 134
pluto-prod-yutengl-dev-202-3-0:2316561:2317166 [0] NCCL INFO [Proxy Service UDS] Device 1 CPU core 13
pluto-prod-yutengl-dev-202-3-0:2316561:2316561 [1] NCCL INFO NET/OFI Region base Tuner is chosen for platform: p5.48xlarge
pluto-prod-yutengl-dev-202-3-0:2316561:2316561 [1] NCCL INFO NET/OFI Region Tuner init (platform 0): comm with 2 ranks and 1 nodes.
pluto-prod-yutengl-dev-202-3-0:2316561:2316561 [1] NCCL INFO NET/OFI Tuner init: comm with 2 ranks and 1 nodes.
pluto-prod-yutengl-dev-202-3-0:2316561:2316561 [1] NCCL INFO threadThresholds 8/8/64 | 16/8/64 | 512 | 512
pluto-prod-yutengl-dev-202-3-0:2316561:2316561 [1] NCCL INFO 24 coll channels, 24 collnet channels, 16 nvls channels, 32 p2p channels, 32 p2p channels per peer
pluto-prod-yutengl-dev-202-3-0:2316561:2316561 [1] NCCL INFO Symmetric VA size=80GB
pluto-prod-yutengl-dev-202-3-0:2316561:2316561 [1] NCCL INFO ncclCommInitRank comm 0x558a50f14bc0 rank 1 nranks 2 cudaDev 1 nvmlDev 1 busId 75000 commId 0x35cb82d8e75577c6 - Init COMPLETE
pluto-prod-yutengl-dev-202-3-0:2316561:2316561 [1] NCCL INFO Init timings - ncclCommInitRank: rank 1 nranks 2 total 0.19 (kernels 0.00, alloc 0.00, bootstrap 0.00, allgathers 0.00, topo 0.02, graphs 0.00, connections 0.16, rest 0.01)
pluto-prod-yutengl-dev-202-3-0:2316561:2316561 [1] NCCL INFO Symmetric VA size=80GB
pluto-prod-yutengl-dev-202-3-0:2316561:2316561 [1] NCCL INFO Channel 00/0 : 1[1] -> 0[0] via P2P/CUMEM
pluto-prod-yutengl-dev-202-3-0:2316561:2316561 [1] NCCL INFO Channel 01/0 : 1[1] -> 0[0] via P2P/CUMEM
pluto-prod-yutengl-dev-202-3-0:2316561:2316561 [1] NCCL INFO Channel 02/0 : 1[1] -> 0[0] via P2P/CUMEM
pluto-prod-yutengl-dev-202-3-0:2316561:2316561 [1] NCCL INFO Channel 03/0 : 1[1] -> 0[0] via P2P/CUMEM
pluto-prod-yutengl-dev-202-3-0:2316561:2316561 [1] NCCL INFO Channel 04/0 : 1[1] -> 0[0] via P2P/CUMEM
pluto-prod-yutengl-dev-202-3-0:2316561:2316561 [1] NCCL INFO Channel 05/0 : 1[1] -> 0[0] via P2P/CUMEM
pluto-prod-yutengl-dev-202-3-0:2316561:2316561 [1] NCCL INFO Channel 06/0 : 1[1] -> 0[0] via P2P/CUMEM
pluto-prod-yutengl-dev-202-3-0:2316561:2316561 [1] NCCL INFO Channel 07/0 : 1[1] -> 0[0] via P2P/CUMEM
pluto-prod-yutengl-dev-202-3-0:2316561:2316561 [1] NCCL INFO Channel 08/0 : 1[1] -> 0[0] via P2P/CUMEM
pluto-prod-yutengl-dev-202-3-0:2316561:2316561 [1] NCCL INFO Channel 09/0 : 1[1] -> 0[0] via P2P/CUMEM
pluto-prod-yutengl-dev-202-3-0:2316561:2316561 [1] NCCL INFO Channel 10/0 : 1[1] -> 0[0] via P2P/CUMEM
pluto-prod-yutengl-dev-202-3-0:2316561:2316561 [1] NCCL INFO Channel 11/0 : 1[1] -> 0[0] via P2P/CUMEM
pluto-prod-yutengl-dev-202p2p channels, 32 p2p channels per peer
pluto-prod-yutengl-dev-202-3-0:2316560:2316560 [0] NCCL INFO Symmetric VA size=80GB
pluto-prod-yutengl-dev-202-3-0:2316560:2316560 [0] NCCL INFO CC Off, workFifoBytes 1048576
pluto-prod-yutengl-dev-202-3-0:2316560:2316560 [0] NCCL INFO ncclCommInitRank comm 0x562048b33bb0 rank 0 nranks 2 cudaDev 0 nvmlDev 0 busId 64000 commId 0x35cb82d8e75577c6 - Init COMPLETE
pluto-prod-yutengl-dev-202-3-0:2316560:2316560 [0] NCCL INFO Init timings - ncclCommInitRank: rank 0 nranks 2 total 0.19 (kernels 0.00, alloc 0.00, bootstrap 0.00, allgathers 0.00, topo 0.02, graphs 0.00, connections 0.16, rest 0.01)
pluto-prod-yutengl-dev-202-3-0:2316560:2316560 [0] NCCL INFO Symmetric VA size=80GB
pluto-prod-yutengl-dev-202-3-0:2316560:2316560 [0] NCCL INFO Channel 00/0 : 0[0] -> 1[1] via P2P/CUMEM
pluto-prod-yutengl-dev-202-3-0:2316560:2316560 [0] NCCL INFO Channel 01/0 : 0[0] -> 1[1] via P2P/CUMEM
pluto-prod-yutengl-dev-202-3-0:2316560:2316560 [0] NCCL INFO Channel 02/0 : 0[0] -> 1[1] via P2P/CUMEM
pluto-prod-yutengl-dev-202-3-0:2316560:2316560 [0] NCCL INFO Channel 03/0 : 0[0] -> 1[1] via P2P/CUMEM
pluto-prod-yutengl-dev-202-3-0:2316560:2316560 [0] NCCL INFO Channel 04/0 : 0[0] -> 1[1] via P2P/CUMEM
pluto-prod-yutengl-dev-202-3-0:2316560:2316560 [0] NCCL INFO Channel 05/0 : 0[0] -> 1[1] via P2P/CUMEM
pluto-prod-yutengl-dev-202-3-0:2316560:2316560 [0] NCCL INFO Channel 06/0 : 0[0] -> 1[1] via P2P/CUMEM
pluto-prod-yutengl-dev-202-3-0:2316560:2316560 [0] NCCL INFO Channel 07/0 : 0[0] -> 1[1] via P2P/CUMEM
pluto-prod-yutengl-dev-202-3-0:2316560:2316560 [0] NCCL INFO Channel 08/0 : 0[0] -> 1[1] via P2P/CUMEM
pluto-prod-yutengl-dev-202-3-0:2316560:2316560 [0] NCCL INFO Channel 09/0 : 0[0] -> 1[1] via P2P/CUMEM
pluto-prod-yutengl-dev-202-3-0:2316560:2316560 [0] NCCL INFO Channel 10/0 : 0[0] -> 1[1] via P2P/CUMEM
pluto-prod-yutengl-dev-202-3-0:2316560:2316560 [0] NCCL INFO Channel 11/0 : 0[0] -> 1[1] via P2P/CUMEM
pluto-prod-yutengl-dev-202-3-0:2316560:2316560 [0] NCCL INFO Channel 12/0 : 0[0] -> 1[1] via P2P/CUMEM
pluto-prod-yutengl-dev-202-3-0:2316560:2316560 [0] NCCL INFO Channel 13/0 : 0[0] -> 1[1] via P2P/CUMEM
pluto-prod-yutengl-dev-202-3-0:2316560:2316560 [0] NCCL INFO Channel 14/0 : 0[0] -> 1[1] via P2P/CUMEM
pluto-prod-yutengl-dev-202-3-0:2316560:2316560 [0] NCCL INFO Channel 15/0 : 0[0] -> 1[1] via P2P/CUMEM
pluto-prod-yutengl-dev-202-3-0:2316560:2316560 [0] NCCL INFO Channel 16/0 : 0[0] -> 1[1] via P2P/CUMEM
pluto-prod-yutengl-dev-202-3-0:2316560:2316560 [0] NCCL INFO Channel 17/0 : 0[0] -> 1[1] via P2P/CUMEM
pluto-prod-yutengl-dev-202-3-0:2316560:2316560 [0] NCCL INFO Channel 18/0 : 0[0] -> 1[1] via P2P/CUMEM
pluto-prod-yutengl-dev-202-3-0:2316560:2316560 [0] NCCL INFO Channel 19/0 : 0[0] -> 1[1] via P2P/CUMEM
pluto-prod-yutengl-dev-202-3-0:2316560:2316560 [0] NCCL INFO Channel 20/0 : 0[0] -> 1[1] via P2P/CUMEM
pluto-prod-yutengl-dev-202-3-0:2316560:2316560 [0] NCCL INFO Channel 21/0 : 0[0] -> 1[1] via P2P/CUMEM
pluto-prod-yutengl-dev-202-3-0:2316560:2316560 [0] NCCL INFO Channel 22/0 : 0[0] -> 1[1] via P2P/CUMEM
pluto-prod-yutengl-dev-202-3-0:2316560:2316560 [0] NCCL INFO Channel 23/0 : 0[0] -> 1[1] via P2P/CUMEM
pluto-prod-yutengl-dev-202-3-0:2316560:2316560 [0] NCCL INFO Connected all rings, use ring PXN 0 GDR 1
pluto-prod-yutengl-dev-202-3-0:2316560:2316560 [0] NCCL INFO Rank 0 has color with NCCL_SPLIT_NOCOLOR, not creating a new communicator
pluto-prod-yutengl-dev-202-3-0:2316560:2316560 [0] NCCL INFO Rank 0 has color with NCCL_SPLIT_NOCOLOR, not creating a new communicator
pluto-prod-yutengl-dev-202-3-0:2316560:2316560 [0] NCCL INFO Rank 0 has color with NCCL_SPLIT_NOCOLOR, not creating a new communicator
pluto-prod-yutengl-dev-202-3-0:2316560:2316560 [0] NCCL INFO Rank 0 has color with NCCL_SPLIT_NOCOLOR, not creating a new communicator
pluto-prod-yutengl-dev-202-3-0:2316560:2316560 [0] NCCL INFO Rank 0 has color with NCCL_SPLIT_NOCOLOR, not creating a new communicator
pluto-prod-yutengl-dev-202-3-0:2316560:2316560 [0] NCCL INFO Rank 0 has color with NCCL_SPLIT_NOCOLOR, not creating a new comm-3-0:2316561:2316561 [1] NCCL INFO Channel 12/0 : 1[1] -> 0[0] via P2P/CUMEM
pluto-prod-yutengl-dev-202-3-0:2316561:2316561 [1] NCCL INFO Channel 13/0 : 1[1] -> 0[0] via P2P/CUMEM
pluto-prod-yutengl-dev-202-3-0:2316561:2316561 [1] NCCL INFO Channel 14/0 : 1[1] -> 0[0] via P2P/CUMEM
pluto-prod-yutengl-dev-202-3-0:2316561:2316561 [1] NCCL INFO Channel 15/0 : 1[1] -> 0[0] via P2P/CUMEM
pluto-prod-yutengl-dev-202-3-0:2316561:2316561 [1] NCCL INFO Channel 16/0 : 1[1] -> 0[0] via P2P/CUMEM
pluto-prod-yutengl-dev-202-3-0:2316561:2316561 [1] NCCL INFO Channel 17/0 : 1[1] -> 0[0] via P2P/CUMEM
pluto-prod-yutengl-dev-202-3-0:2316561:2316561 [1] NCCL INFO Channel 18/0 : 1[1] -> 0[0] via P2P/CUMEM
pluto-prod-yutengl-dev-202-3-0:2316561:2316561 [1] NCCL INFO Channel 19/0 : 1[1] -> 0[0] via P2P/CUMEM
pluto-prod-yutengl-dev-202-3-0:2316561:2316561 [1] NCCL INFO Channel 20/0 : 1[1] -> 0[0] via P2P/CUMEM
pluto-prod-yutengl-dev-202-3-0:2316561:2316561 [1] NCCL INFO Channel 21/0 : 1[1] -> 0[0] via P2P/CUMEM
pluto-prod-yutengl-dev-202-3-0:2316561:2316561 [1] NCCL INFO Channel 22/0 : 1[1] -> 0[0] via P2P/CUMEM
pluto-prod-yutengl-dev-202-3-0:2316561:2316561 [1] NCCL INFO Channel 23/0 : 1[1] -> 0[0] via P2P/CUMEM
pluto-prod-yutengl-dev-202-3-0:2316561:2316561 [1] NCCL INFO Connected all rings, use ring PXN 0 GDR 1
pluto-prod-yutengl-dev-202-3-0:2316561:2316561 [1] NCCL INFO Rank 1 has color with NCCL_SPLIT_NOCOLOR, not creating a new communicator
pluto-prod-yutengl-dev-202-3-0:2316561:2316561 [1] NCCL INFO Rank 1 has color with NCCL_SPLIT_NOCOLOR, not creating a new communicator
pluto-prod-yutengl-dev-202-3-0:2316561:2316561 [1] NCCL INFO Rank 1 has color with NCCL_SPLIT_NOCOLOR, not creating a new communicator
pluto-prod-yutengl-dev-202-3-0:2316561:2316561 [1] NCCL INFO Rank 1 has color with NCCL_SPLIT_NOCOLOR, not creating a new communicator
pluto-prod-yutengl-dev-202-3-0:2316561:2316561 [1] NCCL INFO Rank 1 has color with NCCL_SPLIT_NOCOLOR, not creating a new communicator
pluto-prod-yutengl-dev-202-3-0:2316561:2316561 [1] NCCL INFO Rank 1 has color with NCCL_SPLIT_NOCOLOR, not creating a new communicator
pluto-prod-yutengl-dev-202-3-0:2316561:2316561 [1] NCCL INFO Rank 1 has color with NCCL_SPLIT_NOCOLOR, not creating a new communicator
pluto-prod-yutengl-dev-202-3-0:2316561:2316561 [1] NCCL INFO Rank 1 has color with NCCL_SPLIT_NOCOLOR, not creating a new communicator
pluto-prod-yutengl-dev-202-3-0:2316561:2316561 [1] NCCL INFO Rank 1 has color with NCCL_SPLIT_NOCOLOR, not creating a new communicator
pluto-prod-yutengl-dev-202-3-0:2316561:2316561 [1] NCCL INFO Rank 1 has color with NCCL_SPLIT_NOCOLOR, not creating a new communicator
pluto-prod-yutengl-dev-202-3-0:2316561:2316561 [1] NCCL INFO Rank 1 has color with NCCL_SPLIT_NOCOLOR, not creating a new communicator
pluto-prod-yutengl-dev-202-3-0:2316561:2316561 [1] NCCL INFO Comm config Blocking set to 1
pluto-prod-yutengl-dev-202-3-0:2316561:2316561 [1] NCCL INFO Initialized NET plugin Socket
pluto-prod-yutengl-dev-202-3-0:2316561:2316561 [1] NCCL INFO Assigned NET plugin Socket to comm
pluto-prod-yutengl-dev-202-3-0:2316561:2316561 [1] NCCL INFO Failed to initialize any GIN plugin
pluto-prod-yutengl-dev-202-3-0:2316561:2316561 [1] NCCL INFO Using network Socket
pluto-prod-yutengl-dev-202-3-0:2316561:2316561 [1] NCCL INFO ncclCommSplit comm 0x558a51332910 rank 1 nranks 2 cudaDev 1 nvmlDev 1 busId 75000 parent 0x558a47a33b10 childCount 16 color 2130503744 key 1- Init START
pluto-prod-yutengl-dev-202-3-0:2316561:2316561 [1] NCCL INFO MNNVL busId 0x75000 fabric UUID 0.0 cliqueId 0x0 state 3 healthMask 0x0
pluto-prod-yutengl-dev-202-3-0:2316561:2316561 [1] NCCL INFO ncclTopoGetCpuAffinity: Affinity for GPU 1 is 0-47,96-143. (GPU affinity = 0-47,96-143 ; CPU affinity = 0-47,96-143).
pluto-prod-yutengl-dev-202-3-0:2316561:2316561 [1] NCCL INFO NVLS multicast support is available on dev 1 (NVLS_NCHANNELS 16)
pluto-prod-yutengl-dev-202-3-0:2316561:2316561 [1] NCCL INFO comm 0x558a51332910 rank 1 nRanks 2 nNodes 1 localRanks 2 localRank 1 MNNVL 0
pluto-prod-yutengl-dev-202-3-0:2316561:2316561 [1]unicator
pluto-prod-yutengl-dev-202-3-0:2316560:2316560 [0] NCCL INFO Rank 0 has color with NCCL_SPLIT_NOCOLOR, not creating a new communicator
pluto-prod-yutengl-dev-202-3-0:2316560:2316560 [0] NCCL INFO Rank 0 has color with NCCL_SPLIT_NOCOLOR, not creating a new communicator
pluto-prod-yutengl-dev-202-3-0:2316560:2316560 [0] NCCL INFO Rank 0 has color with NCCL_SPLIT_NOCOLOR, not creating a new communicator
pluto-prod-yutengl-dev-202-3-0:2316560:2316560 [0] NCCL INFO Rank 0 has color with NCCL_SPLIT_NOCOLOR, not creating a new communicator
pluto-prod-yutengl-dev-202-3-0:2316560:2316560 [0] NCCL INFO Rank 0 has color with NCCL_SPLIT_NOCOLOR, not creating a new communicator
pluto-prod-yutengl-dev-202-3-0:2316560:2316560 [0] NCCL INFO Comm config Blocking set to 1
pluto-prod-yutengl-dev-202-3-0:2316560:2316560 [0] NCCL INFO Initialized NET plugin Socket
pluto-prod-yutengl-dev-202-3-0:2316560:2316560 [0] NCCL INFO Assigned NET plugin Socket to comm
pluto-prod-yutengl-dev-202-3-0:2316560:2316560 [0] NCCL INFO Failed to initialize any GIN plugin
pluto-prod-yutengl-dev-202-3-0:2316560:2316560 [0] NCCL INFO Using network Socket
pluto-prod-yutengl-dev-202-3-0:2316560:2316560 [0] NCCL INFO ncclCommSplit comm 0x562048f511b0 rank 0 nranks 2 cudaDev 0 nvmlDev 0 busId 64000 parent 0x56203f650030 childCount 16 color 2130503744 key 0- Init START
pluto-prod-yutengl-dev-202-3-0:2316560:2316560 [0] NCCL INFO MNNVL busId 0x64000 fabric UUID 0.0 cliqueId 0x0 state 3 healthMask 0x0
pluto-prod-yutengl-dev-202-3-0:2316560:2316560 [0] NCCL INFO ncclTopoGetCpuAffinity: Affinity for GPU 0 is 0-47,96-143. (GPU affinity = 0-47,96-143 ; CPU affinity = 0-47,96-143).
pluto-prod-yutengl-dev-202-3-0:2316560:2316560 [0] NCCL INFO NVLS multicast support is available on dev 0 (NVLS_NCHANNELS 16)
pluto-prod-yutengl-dev-202-3-0:2316560:2316560 [0] NCCL INFO comm 0x562048f511b0 rank 0 nRanks 2 nNodes 1 localRanks 2 localRank 0 MNNVL 0
pluto-prod-yutengl-dev-202-3-0:2316560:2316560 [0] NCCL INFO Channel 00/24 : 0 1
pluto-prod-yutengl-dev-202-3-0:2316560:2316560 [0] NCCL INFO Channel 01/24 : 0 1
pluto-prod-yutengl-dev-202-3-0:2316560:2316560 [0] NCCL INFO Channel 02/24 : 0 1
pluto-prod-yutengl-dev-202-3-0:2316560:2316560 [0] NCCL INFO Channel 03/24 : 0 1
pluto-prod-yutengl-dev-202-3-0:2316560:2316560 [0] NCCL INFO Channel 04/24 : 0 1
pluto-prod-yutengl-dev-202-3-0:2316560:2316560 [0] NCCL INFO Channel 05/24 : 0 1
pluto-prod-yutengl-dev-202-3-0:2316560:2316560 [0] NCCL INFO Channel 06/24 : 0 1
pluto-prod-yutengl-dev-202-3-0:2316560:2316560 [0] NCCL INFO Channel 07/24 : 0 1
pluto-prod-yutengl-dev-202-3-0:2316560:2316560 [0] NCCL INFO Channel 08/24 : 0 1
pluto-prod-yutengl-dev-202-3-0:2316560:2316560 [0] NCCL INFO Channel 09/24 : 0 1
pluto-prod-yutengl-dev-202-3-0:2316560:2316560 [0] NCCL INFO Channel 10/24 : 0 1
pluto-prod-yutengl-dev-202-3-0:2316560:2316560 [0] NCCL INFO Channel 11/24 : 0 1
pluto-prod-yutengl-dev-202-3-0:2316560:2316560 [0] NCCL INFO Channel 12/24 : 0 1
pluto-prod-yutengl-dev-202-3-0:2316560:2316560 [0] NCCL INFO Channel 13/24 : 0 1
pluto-prod-yutengl-dev-202-3-0:2316560:2316560 [0] NCCL INFO Channel 14/24 : 0 1
pluto-prod-yutengl-dev-202-3-0:2316560:2316560 [0] NCCL INFO Channel 15/24 : 0 1
pluto-prod-yutengl-dev-202-3-0:2316560:2316560 [0] NCCL INFO Channel 16/24 : 0 1
pluto-prod-yutengl-dev-202-3-0:2316560:2316560 [0] NCCL INFO Channel 17/24 : 0 1
pluto-prod-yutengl-dev-202-3-0:2316560:2316560 [0] NCCL INFO Channel 18/24 : 0 1
pluto-prod-yutengl-dev-202-3-0:2316560:2316560 [0] NCCL INFO Channel 19/24 : 0 1
pluto-prod-yutengl-dev-202-3-0:2316560:2316560 [0] NCCL INFO Channel 20/24 : 0 1
pluto-prod-yutengl-dev-202-3-0:2316560:2316560 [0] NCCL INFO Channel 21/24 : 0 1
pluto-prod-yutengl-dev-202-3-0:2316560:2316560 [0] NCCL INFO Channel 22/24 : 0 1
pluto-prod-yutengl-dev-202-3-0:2316560:2316560 [0] NCCL INFO Channel 23/24 : 0 1
pluto-prod-yutengl-dev-202-3-0:2316560:2316560 [0] NCCL INFO Trees [0] 1/-1/-1->0->-1 [1] 1/-1/-1->0->-1 [2] 1/-1/-1->0->-1 [3] 1/-1/-1->0->-1 [4] 1/-1/-1->0->-1 [5] 1/-1/-1->0->-1 [6] -1/-1/-1->0->1 [7] -1/-1/-1->0->1 [[09-15 17:27:15] Found nccl from library libnccl.so.2
[09-15 17:27:15] sglang-diffusion is using nccl==2.29.7
8] -1/-1/-1->0->1 [9] -1/-1/-1->0->1 [10] -1/-1/-1->0->1 [11] -1/-1/-1->0->1 [12] 1/-1/-1->0->-1 [13] 1/-1/-1->0->-1 [14] 1/-1/-1->0->-1 [15] 1/-1/-1->0->-1 [16] 1/-1/-1->0->-1 [17] 1/-1/-1->0->-1 [18] -1/-1/-1->0->1 [19] -1/-1/-1->0->1 [20] -1/-1/-1->0->1 [21] -1/-1/-1->0->1 [22] -1/-1/-1->0->1 [23] -1/-1/-1->0->1
pluto-prod-yutengl-dev-202-3-0:2316560:2316560 [0] NCCL INFO P2P Chunksize set to 524288
pluto-prod-yutengl-dev-202-3-0:2316560:2316560 [0] NCCL INFO Check P2P Type isAllDirectP2p 1 directMode 0 isAllCudaP2p 1
pluto-prod-yutengl-dev-202-3-0:2316560:2317237 [0] NCCL INFO [Proxy Service] Device 0 CPU core 11
pluto-prod-yutengl-dev-202-3-0:2316560:2317239 [0] NCCL INFO [Proxy Service UDS] Device 0 CPU core 130
pluto-prod-yutengl-dev-202-3-0:2316560:2316560 [0] NCCL INFO NET/OFI Region base Tuner is chosen for platform: p5.48xlarge
pluto-prod-yutengl-dev-202-3-0:2316560:2316560 [0] NCCL INFO NET/OFI Region Tuner init (platform 0): comm with 2 ranks and 1 nodes.
pluto-prod-yutengl-dev-202-3-0:2316560:2316560 [0] NCCL INFO NET/OFI Tuner init: comm with 2 ranks and 1 nodes.
pluto-prod-yutengl-dev-202-3-0:2316560:2316560 [0] NCCL INFO threadThresholds 8/8/64 | 16/8/64 | 512 | 512
pluto-prod-yutengl-dev-202-3-0:2316560:2316560 [0] NCCL INFO 24 coll channels, 24 collnet channels, 16 nvls channels, 32 p2p channels, 32 p2p channels per peer
pluto-prod-yutengl-dev-202-3-0:2316560:2316560 [0] NCCL INFO Symmetric VA size=80GB
pluto-prod-yutengl-dev-202-3-0:2316560:2316560 [0] NCCL INFO CC Off, workFifoBytes 1048576
pluto-prod-yutengl-dev-202-3-0:2316560:2316560 [0] NCCL INFO ncclCommSplit comm 0x562048f511b0 rank 0 nranks 2 cudaDev 0 nvmlDev 0 busId 64000 parent 0x56203f650030 childCount 16 color 2130503744 key 0 - Init COMPLETE
pluto-prod-yutengl-dev-202-3-0:2316560:2316560 [0] NCCL INFO Init timings - ncclCommSplit: rank 0 nranks 2 total 0.11 (kernels 0.00, alloc 0.00, bootstrap 0.00, allgathers 0.00, topo 0.02, graphs 0.00, connections 0.08, rest 0.01)
pluto-prod-yutengl-dev-202-3-0:2316560:2316560 [0] NCCL INFO Initialized NET plugin Socket
pluto-prod-yutengl-dev-202-3-0:2316560:2316560 [0] NCCL INFO Assigned NET plugin Socket to comm
pluto-prod-yutengl-dev-202-3-0:2316560:2316560 [0] NCCL INFO Failed to initialize any GIN plugin
pluto-prod-yutengl-dev-202-3-0:2316560:2316560 [0] NCCL INFO Using network Socket
pluto-prod-yutengl-dev-202-3-0:2316560:2316560 [0] NCCL INFO [Rank 0] ncclCommInitRank comm 0x5620492f6740 rank 0 nranks 2 cudaDev 0 nvmlDev 0 busId 64000 commId 0x72b93c3948d50c7e - Init START
pluto-prod-yutengl-dev-202-3-0:2316560:2316560 [0] NCCL INFO Bootstrap timings total 0.000849 (create 0.000054, send 0.000363, recv 0.000235, ring 0.000025, delay 0.000000)
pluto-prod-yutengl-dev-202-3-0:2316560:2316560 [0] NCCL INFO MNNVL busId 0x64000 fabric UUID 0.0 cliqueId 0x0 state 3 healthMask 0x0
pluto-prod-yutengl-dev-202-3-0:2316560:2316560 [0] NCCL INFO ncclTopoGetCpuAffinity: Affinity for GPU 0 is 0-47,96-143. (GPU affinity = 0-47,96-143 ; CPU affinity = 0-47,96-143).
pluto-prod-yutengl-dev-202-3-0:2316560:2316560 [0] NCCL INFO NVLS multicast support is available on dev 0 (NVLS_NCHANNELS 16)
pluto-prod-yutengl-dev-202-3-0:2316560:2316560 [0] NCCL INFO comm 0x5620492f6740 rank 0 nRanks 2 nNodes 1 localRanks 2 localRank 0 MNNVL 0
pluto-prod-yutengl-dev-202-3-0:2316560:2316560 [0] NCCL INFO Channel 00/24 : 0 1
pluto-prod-yutengl-dev-202-3-0:2316560:2316560 [0] NCCL INFO Channel 01/24 : 0 1
pluto-prod-yutengl-dev-202-3-0:2316560:2316560 [0] NCCL INFO Channel 02/24 : 0 1
pluto-prod-yutengl-dev-202-3-0:2316560:2316560 [0] NCCL INFO Channel 03/24 : 0 1
pluto-prod-yutengl-dev-202-3-0:2316560:2316560 [0] NCCL INFO Channel 04/24 : 0 1
pluto-prod-yutengl-dev-202-3-0:2316560:2316560 [0] NCCL INFO Channel 05/24 : 0 1
pluto-prod-yutengl-dev-202-3-0:2316560:2316560 [0] NCCL INFO Channel 06/24 : 0 1
pluto-prod-yutengl-dev-202-3-0:2316560:2316560 [0] NCCL INFO Channel 07/24 : 0 1
pluto-prod-yutengl-dev-202-3-0:2316560:2316560 [0] NCCL INFO Channel 08/24 : 0 1
pluto-prod-yutengl-dev-202-3-0:2316560:2316560 [0] NCCL INFO Channel 09 NCCL INFO Trees [0] -1/-1/-1->1->0 [1] -1/-1/-1->1->0 [2] -1/-1/-1->1->0 [3] -1/-1/-1->1->0 [4] -1/-1/-1->1->0 [5] -1/-1/-1->1->0 [6] 0/-1/-1->1->-1 [7] 0/-1/-1->1->-1 [8] 0/-1/-1->1->-1 [9] 0/-1/-1->1->-1 [10] 0/-1/-1->1->-1 [11] 0/-1/-1->1->-1 [12] -1/-1/-1->1->0 [13] -1/-1/-1->1->0 [14] -1/-1/-1->1->0 [15] -1/-1/-1->1->0 [16] -1/-1/-1->1->0 [17] -1/-1/-1->1->0 [18] 0/-1/-1->1->-1 [19] 0/-1/-1->1->-1 [20] 0/-1/-1->1->-1 [21] 0/-1/-1->1->-1 [22] 0/-1/-1->1->-1 [23] 0/-1/-1->1->-1
pluto-prod-yutengl-dev-202-3-0:2316561:2316561 [1] NCCL INFO P2P Chunksize set to 524288
pluto-prod-yutengl-dev-202-3-0:2316561:2316561 [1] NCCL INFO Check P2P Type isAllDirectP2p 1 directMode 0 isAllCudaP2p 1
pluto-prod-yutengl-dev-202-3-0:2316561:2317240 [0] NCCL INFO [Proxy Service UDS] Device 1 CPU core 12
pluto-prod-yutengl-dev-202-3-0:2316561:2317238 [0] NCCL INFO [Proxy Service] Device 1 CPU core 130
pluto-prod-yutengl-dev-202-3-0:2316561:2316561 [1] NCCL INFO NET/OFI Region base Tuner is chosen for platform: p5.48xlarge
pluto-prod-yutengl-dev-202-3-0:2316561:2316561 [1] NCCL INFO NET/OFI Region Tuner init (platform 0): comm with 2 ranks and 1 nodes.
pluto-prod-yutengl-dev-202-3-0:2316561:2316561 [1] NCCL INFO NET/OFI Tuner init: comm with 2 ranks and 1 nodes.
pluto-prod-yutengl-dev-202-3-0:2316561:2316561 [1] NCCL INFO threadThresholds 8/8/64 | 16/8/64 | 512 | 512
pluto-prod-yutengl-dev-202-3-0:2316561:2316561 [1] NCCL INFO 24 coll channels, 24 collnet channels, 16 nvls channels, 32 p2p channels, 32 p2p channels per peer
pluto-prod-yutengl-dev-202-3-0:2316561:2316561 [1] NCCL INFO Symmetric VA size=80GB
pluto-prod-yutengl-dev-202-3-0:2316561:2316561 [1] NCCL INFO ncclCommSplit comm 0x558a51332910 rank 1 nranks 2 cudaDev 1 nvmlDev 1 busId 75000 parent 0x558a47a33b10 childCount 16 color 2130503744 key 1 - Init COMPLETE
pluto-prod-yutengl-dev-202-3-0:2316561:2316561 [1] NCCL INFO Init timings - ncclCommSplit: rank 1 nranks 2 total 0.11 (kernels 0.00, alloc 0.00, bootstrap 0.00, allgathers 0.00, topo 0.01, graphs 0.00, connections 0.08, rest 0.01)
pluto-prod-yutengl-dev-202-3-0:2316561:2316561 [1] NCCL INFO Initialized NET plugin Socket
pluto-prod-yutengl-dev-202-3-0:2316561:2316561 [1] NCCL INFO Assigned NET plugin Socket to comm
pluto-prod-yutengl-dev-202-3-0:2316561:2316561 [1] NCCL INFO Failed to initialize any GIN plugin
pluto-prod-yutengl-dev-202-3-0:2316561:2316561 [1] NCCL INFO Using network Socket
pluto-prod-yutengl-dev-202-3-0:2316561:2316561 [1] NCCL INFO [Rank 1] ncclCommInitRank comm 0x558a516d78e0 rank 1 nranks 2 cudaDev 1 nvmlDev 1 busId 75000 commId 0x72b93c3948d50c7e - Init START
pluto-prod-yutengl-dev-202-3-0:2316561:2316561 [1] NCCL INFO Bootstrap timings total 0.000848 (create 0.000053, send 0.000182, recv 0.000320, ring 0.000027, delay 0.000000)
pluto-prod-yutengl-dev-202-3-0:2316561:2316561 [1] NCCL INFO MNNVL busId 0x75000 fabric UUID 0.0 cliqueId 0x0 state 3 healthMask 0x0
pluto-prod-yutengl-dev-202-3-0:2316561:2316561 [1] NCCL INFO ncclTopoGetCpuAffinity: Affinity for GPU 1 is 0-47,96-143. (GPU affinity = 0-47,96-143 ; CPU affinity = 0-47,96-143).
pluto-prod-yutengl-dev-202-3-0:2316561:2316561 [1] NCCL INFO NVLS multicast support is available on dev 1 (NVLS_NCHANNELS 16)
pluto-prod-yutengl-dev-202-3-0:2316561:2316561 [1] NCCL INFO comm 0x558a516d78e0 rank 1 nRanks 2 nNodes 1 localRanks 2 localRank 1 MNNVL 0
pluto-prod-yutengl-dev-202-3-0:2316561:2316561 [1] NCCL INFO Trees [0] -1/-1/-1->1->0 [1] -1/-1/-1->1->0 [2] -1/-1/-1->1->0 [3] -1/-1/-1->1->0 [4] -1/-1/-1->1->0 [5] -1/-1/-1->1->0 [6] 0/-1/-1->1->-1 [7] 0/-1/-1->1->-1 [8] 0/-1/-1->1->-1 [9] 0/-1/-1->1->-1 [10] 0/-1/-1->1->-1 [11] 0/-1/-1->1->-1 [12] -1/-1/-1->1->0 [13] -1/-1/-1->1->0 [14] -1/-1/-1->1->0 [15] -1/-1/-1->1->0 [16] -1/-1/-1->1->0 [17] -1/-1/-1->1->0 [18] 0/-1/-1->1->-1 [19] 0/-1/-1->1->-1 [20] 0/-1/-1->1->-1 [21] 0/-1/-1->1->-1 [22] 0/-1/-1->1->-1 [23] 0/-1/-1->1->-1
pluto-prod-yutengl-dev-202-3-0:2316561:2316561 [1] NCCL INFO P2P Chunksize set to 524288
pluto-prod-yutengl-dev-202-3-0:2316561:2316561 [1] NCCL INFO Check P2P Type isAllDirectP2p 1 di/24 : 0 1
pluto-prod-yutengl-dev-202-3-0:2316560:2316560 [0] NCCL INFO Channel 10/24 : 0 1
pluto-prod-yutengl-dev-202-3-0:2316560:2316560 [0] NCCL INFO Channel 11/24 : 0 1
pluto-prod-yutengl-dev-202-3-0:2316560:2316560 [0] NCCL INFO Channel 12/24 : 0 1
pluto-prod-yutengl-dev-202-3-0:2316560:2316560 [0] NCCL INFO Channel 13/24 : 0 1
pluto-prod-yutengl-dev-202-3-0:2316560:2316560 [0] NCCL INFO Channel 14/24 : 0 1
pluto-prod-yutengl-dev-202-3-0:2316560:2316560 [0] NCCL INFO Channel 15/24 : 0 1
pluto-prod-yutengl-dev-202-3-0:2316560:2316560 [0] NCCL INFO Channel 16/24 : 0 1
pluto-prod-yutengl-dev-202-3-0:2316560:2316560 [0] NCCL INFO Channel 17/24 : 0 1
pluto-prod-yutengl-dev-202-3-0:2316560:2316560 [0] NCCL INFO Channel 18/24 : 0 1
pluto-prod-yutengl-dev-202-3-0:2316560:2316560 [0] NCCL INFO Channel 19/24 : 0 1
pluto-prod-yutengl-dev-202-3-0:2316560:2316560 [0] NCCL INFO Channel 20/24 : 0 1
pluto-prod-yutengl-dev-202-3-0:2316560:2316560 [0] NCCL INFO Channel 21/24 : 0 1
pluto-prod-yutengl-dev-202-3-0:2316560:2316560 [0] NCCL INFO Channel 22/24 : 0 1
pluto-prod-yutengl-dev-202-3-0:2316560:2316560 [0] NCCL INFO Channel 23/24 : 0 1
pluto-prod-yutengl-dev-202-3-0:2316560:2316560 [0] NCCL INFO Trees [0] 1/-1/-1->0->-1 [1] 1/-1/-1->0->-1 [2] 1/-1/-1->0->-1 [3] 1/-1/-1->0->-1 [4] 1/-1/-1->0->-1 [5] 1/-1/-1->0->-1 [6] -1/-1/-1->0->1 [7] -1/-1/-1->0->1 [8] -1/-1/-1->0->1 [9] -1/-1/-1->0->1 [10] -1/-1/-1->0->1 [11] -1/-1/-1->0->1 [12] 1/-1/-1->0->-1 [13] 1/-1/-1->0->-1 [14] 1/-1/-1->0->-1 [15] 1/-1/-1->0->-1 [16] 1/-1/-1->0->-1 [17] 1/-1/-1->0->-1 [18] -1/-1/-1->0->1 [19] -1/-1/-1->0->1 [20] -1/-1/-1->0->1 [21] -1/-1/-1->0->1 [22] -1/-1/-1->0->1 [23] -1/-1/-1->0->1
pluto-prod-yutengl-dev-202-3-0:2316560:2316560 [0] NCCL INFO P2P Chunksize set to 524288
pluto-prod-yutengl-dev-202-3-0:2316560:2316560 [0] NCCL INFO Check P2P Type isAllDirectP2p 1 directMode 0 isAllCudaP2p 1
pluto-prod-yutengl-dev-202-3-0:2316560:2317258 [0] NCCL INFO [Proxy Service] Device 0 CPU core 11
pluto-prod-yutengl-dev-202-3-0:2316560:2317259 [0] NCCL INFO [Proxy Service UDS] Device 0 CPU core 130
pluto-prod-yutengl-dev-202-3-0:2316560:2316560 [0] NCCL INFO NET/OFI Region base Tuner is chosen for platform: p5.48xlarge
pluto-prod-yutengl-dev-202-3-0:2316560:2316560 [0] NCCL INFO NET/OFI Region Tuner init (platform 0): comm with 2 ranks and 1 nodes.
pluto-prod-yutengl-dev-202-3-0:2316560:2316560 [0] NCCL INFO NET/OFI Tuner init: comm with 2 ranks and 1 nodes.
pluto-prod-yutengl-dev-202-3-0:2316560:2316560 [0] NCCL INFO threadThresholds 8/8/64 | 16/8/64 | 512 | 512
pluto-prod-yutengl-dev-202-3-0:2316560:2316560 [0] NCCL INFO 24 coll channels, 24 collnet channels, 16 nvls channels, 32 p2p channels, 32 p2p channels per peer
pluto-prod-yutengl-dev-202-3-0:2316560:2316560 [0] NCCL INFO Symmetric VA size=80GB
pluto-prod-yutengl-dev-202-3-0:2316560:2316560 [0] NCCL INFO CC Off, workFifoBytes 1048576
pluto-prod-yutengl-dev-202-3-0:2316560:2316560 [0] NCCL INFO ncclCommInitRank comm 0x5620492f6740 rank 0 nranks 2 cudaDev 0 nvmlDev 0 busId 64000 commId 0x72b93c3948d50c7e - Init COMPLETE
pluto-prod-yutengl-dev-202-3-0:2316560:2316560 [0] NCCL INFO Init timings - ncclCommInitRank: rank 0 nranks 2 total 0.11 (kernels 0.00, alloc 0.00, bootstrap 0.00, allgathers 0.00, topo 0.02, graphs 0.00, connections 0.09, rest 0.01)
pluto-prod-yutengl-dev-202-3-0:2316560:2316560 [0] NCCL INFO Symmetric VA size=80GB
pluto-prod-yutengl-dev-202-3-0:2316560:2316560 [0] NCCL INFO Channel 00/0 : 0[0] -> 1[1] via P2P/CUMEM
pluto-prod-yutengl-dev-202-3-0:2316560:2316560 [0] NCCL INFO Channel 01/0 : 0[0] -> 1[1] via P2P/CUMEM
pluto-prod-yutengl-dev-202-3-0:2316560:2316560 [0] NCCL INFO Channel 02/0 : 0[0] -> 1[1] via P2P/CUMEM
pluto-prod-yutengl-dev-202-3-0:2316560:2316560 [0] NCCL INFO Channel 03/0 : 0[0] -> 1[1] via P2P/CUMEM
pluto-prod-yutengl-dev-202-3-0:2316560:2316560 [0] NCCL INFO Channel 04/0 : 0[0] -> 1[1] via P2P/CUMEM
pluto-prod-yutengl-dev-202-3-0:2316560:2316560 [0] NCCL INFO Channel 05/0 : 0[0] -> 1[1] via P2P/CUMEM
pluto-prod-yutengl-dev-202-3-0:2316560:2316560 [0] NCCL INFO Channel 06rectMode 0 isAllCudaP2p 1
pluto-prod-yutengl-dev-202-3-0:2316561:2317260 [0] NCCL INFO [Proxy Service] Device 1 CPU core 12
pluto-prod-yutengl-dev-202-3-0:2316561:2317261 [0] NCCL INFO [Proxy Service UDS] Device 1 CPU core 37
pluto-prod-yutengl-dev-202-3-0:2316561:2316561 [1] NCCL INFO NET/OFI Region base Tuner is chosen for platform: p5.48xlarge
pluto-prod-yutengl-dev-202-3-0:2316561:2316561 [1] NCCL INFO NET/OFI Region Tuner init (platform 0): comm with 2 ranks and 1 nodes.
pluto-prod-yutengl-dev-202-3-0:2316561:2316561 [1] NCCL INFO NET/OFI Tuner init: comm with 2 ranks and 1 nodes.
pluto-prod-yutengl-dev-202-3-0:2316561:2316561 [1] NCCL INFO threadThresholds 8/8/64 | 16/8/64 | 512 | 512
pluto-prod-yutengl-dev-202-3-0:2316561:2316561 [1] NCCL INFO 24 coll channels, 24 collnet channels, 16 nvls channels, 32 p2p channels, 32 p2p channels per peer
pluto-prod-yutengl-dev-202-3-0:2316561:2316561 [1] NCCL INFO Symmetric VA size=80GB
pluto-prod-yutengl-dev-202-3-0:2316561:2316561 [1] NCCL INFO ncclCommInitRank comm 0x558a516d78e0 rank 1 nranks 2 cudaDev 1 nvmlDev 1 busId 75000 commId 0x72b93c3948d50c7e - Init COMPLETE
pluto-prod-yutengl-dev-202-3-0:2316561:2316561 [1] NCCL INFO Init timings - ncclCommInitRank: rank 1 nranks 2 total 0.11 (kernels 0.00, alloc 0.00, bootstrap 0.00, allgathers 0.00, topo 0.02, graphs 0.00, connections 0.09, rest 0.01)
pluto-prod-yutengl-dev-202-3-0:2316561:2316561 [1] NCCL INFO Symmetric VA size=80GB
pluto-prod-yutengl-dev-202-3-0:2316561:2316561 [1] NCCL INFO Channel 00/0 : 1[1] -> 0[0] via P2P/CUMEM
pluto-prod-yutengl-dev-202-3-0:2316561:2316561 [1] NCCL INFO Channel 01/0 : 1[1] -> 0[0] via P2P/CUMEM
pluto-prod-yutengl-dev-202-3-0:2316561:2316561 [1] NCCL INFO Channel 02/0 : 1[1] -> 0[0] via P2P/CUMEM
pluto-prod-yutengl-dev-202-3-0:2316561:2316561 [1] NCCL INFO Channel 03/0 : 1[1] -> 0[0] via P2P/CUMEM
pluto-prod-yutengl-dev-202-3-0:2316561:2316561 [1] NCCL INFO Channel 04/0 : 1[1] -> 0[0] via P2P/CUMEM
pluto-prod-yutengl-dev-202-3-0:2316561:2316561 [1] NCCL INFO Channel 05/0 : 1[1] -> 0[0] via P2P/CUMEM
pluto-prod-yutengl-dev-202-3-0:2316561:2316561 [1] NCCL INFO Channel 06/0 : 1[1] -> 0[0] via P2P/CUMEM
pluto-prod-yutengl-dev-202-3-0:2316561:2316561 [1] NCCL INFO Channel 07/0 : 1[1] -> 0[0] via P2P/CUMEM
pluto-prod-yutengl-dev-202-3-0:2316561:2316561 [1] NCCL INFO Channel 08/0 : 1[1] -> 0[0] via P2P/CUMEM
pluto-prod-yutengl-dev-202-3-0:2316561:2316561 [1] NCCL INFO Channel 09/0 : 1[1] -> 0[0] via P2P/CUMEM
pluto-prod-yutengl-dev-202-3-0:2316561:2316561 [1] NCCL INFO Channel 10/0 : 1[1] -> 0[0] via P2P/CUMEM
pluto-prod-yutengl-dev-202-3-0:2316561:2316561 [1] NCCL INFO Channel 11/0 : 1[1] -> 0[0] via P2P/CUMEM
pluto-prod-yutengl-dev-202-3-0:2316561:2316561 [1] NCCL INFO Channel 12/0 : 1[1] -> 0[0] via P2P/CUMEM
pluto-prod-yutengl-dev-202-3-0:2316561:2316561 [1] NCCL INFO Channel 13/0 : 1[1] -> 0[0] via P2P/CUMEM
pluto-prod-yutengl-dev-202-3-0:2316561:2316561 [1] NCCL INFO Channel 14/0 : 1[1] -> 0[0] via P2P/CUMEM
pluto-prod-yutengl-dev-202-3-0:2316561:2316561 [1] NCCL INFO Channel 15/0 : 1[1] -> 0[0] via P2P/CUMEM
pluto-prod-yutengl-dev-202-3-0:2316561:2316561 [1] NCCL INFO Channel 16/0 : 1[1] -> 0[0] via P2P/CUMEM
pluto-prod-yutengl-dev-202-3-0:2316561:2316561 [1] NCCL INFO Channel 17/0 : 1[1] -> 0[0] via P2P/CUMEM
pluto-prod-yutengl-dev-202-3-0:2316561:2316561 [1] NCCL INFO Channel 18/0 : 1[1] -> 0[0] via P2P/CUMEM
pluto-prod-yutengl-dev-202-3-0:2316561:2316561 [1] NCCL INFO Channel 19/0 : 1[1] -> 0[0] via P2P/CUMEM
pluto-prod-yutengl-dev-202-3-0:2316561:2316561 [1] NCCL INFO Channel 20/0 : 1[1] -> 0[0] via P2P/CUMEM
pluto-prod-yutengl-dev-202-3-0:2316561:2316561 [1] NCCL INFO Channel 21/0 : 1[1] -> 0[0] via P2P/CUMEM
pluto-prod-yutengl-dev-202-3-0:2316561:2316561 [1] NCCL INFO Channel 22/0 : 1[1] -> 0[0] via P2P/CUMEM
pluto-prod-yutengl-dev-202-3-0:2316561:2316561 [1] NCCL INFO Channel 23/0 : 1[1] -> 0[0] via P2P/CUMEM
pluto-prod-yutengl-dev-202-3-0:2316561:2316561 [1] NCCL INFO Connected all rings, use ring PXN 0 GDR 1
pluto-prod-yutengl-dev-202-3-0:2316561:2316561 [1] NCCL INFO Comm confi/0 : 0[0] -> 1[1] via P2P/CUMEM
pluto-prod-yutengl-dev-202-3-0:2316560:2316560 [0] NCCL INFO Channel 07/0 : 0[0] -> 1[1] via P2P/CUMEM
pluto-prod-yutengl-dev-202-3-0:2316560:2316560 [0] NCCL INFO Channel 08/0 : 0[0] -> 1[1] via P2P/CUMEM
pluto-prod-yutengl-dev-202-3-0:2316560:2316560 [0] NCCL INFO Channel 09/0 : 0[0] -> 1[1] via P2P/CUMEM
pluto-prod-yutengl-dev-202-3-0:2316560:2316560 [0] NCCL INFO Channel 10/0 : 0[0] -> 1[1] via P2P/CUMEM
pluto-prod-yutengl-dev-202-3-0:2316560:2316560 [0] NCCL INFO Channel 11/0 : 0[0] -> 1[1] via P2P/CUMEM
pluto-prod-yutengl-dev-202-3-0:2316560:2316560 [0] NCCL INFO Channel 12/0 : 0[0] -> 1[1] via P2P/CUMEM
pluto-prod-yutengl-dev-202-3-0:2316560:2316560 [0] NCCL INFO Channel 13/0 : 0[0] -> 1[1] via P2P/CUMEM
pluto-prod-yutengl-dev-202-3-0:2316560:2316560 [0] NCCL INFO Channel 14/0 : 0[0] -> 1[1] via P2P/CUMEM
pluto-prod-yutengl-dev-202-3-0:2316560:2316560 [0] NCCL INFO Channel 15/0 : 0[0] -> 1[1] via P2P/CUMEM
pluto-prod-yutengl-dev-202-3-0:2316560:2316560 [0] NCCL INFO Channel 16/0 : 0[0] -> 1[1] via P2P/CUMEM
pluto-prod-yutengl-dev-202-3-0:2316560:2316560 [0] NCCL INFO Channel 17/0 : 0[0] -> 1[1] via P2P/CUMEM
pluto-prod-yutengl-dev-202-3-0:2316560:2316560 [0] NCCL INFO Channel 18/0 : 0[0] -> 1[1] via P2P/CUMEM
pluto-prod-yutengl-dev-202-3-0:2316560:2316560 [0] NCCL INFO Channel 19/0 : 0[0] -> 1[1] via P2P/CUMEM
pluto-prod-yutengl-dev-202-3-0:2316560:2316560 [0] NCCL INFO Channel 20/0 : 0[0] -> 1[1] via P2P/CUMEM
pluto-prod-yutengl-dev-202-3-0:2316560:2316560 [0] NCCL INFO Channel 21/0 : 0[0] -> 1[1] via P2P/CUMEM
pluto-prod-yutengl-dev-202-3-0:2316560:2316560 [0] NCCL INFO Channel 22/0 : 0[0] -> 1[1] via P2P/CUMEM
pluto-prod-yutengl-dev-202-3-0:2316560:2316560 [0] NCCL INFO Channel 23/0 : 0[0] -> 1[1] via P2P/CUMEM
pluto-prod-yutengl-dev-202-3-0:2316560:2316560 [0] NCCL INFO Connected all rings, use ring PXN 0 GDR 1
pluto-prod-yutengl-dev-202-3-0:2316560:2316560 [0] NCCL INFO Comm config Blocking set to 1
pluto-prod-yutengl-dev-202-3-0:2316560:2316560 [0] NCCL INFO Initialized NET plugin Socket
pluto-prod-yutengl-dev-202-3-0:2316560:2316560 [0] NCCL INFO Assigned NET plugin Socket to comm
pluto-prod-yutengl-dev-202-3-0:2316560:2316560 [0] NCCL INFO Failed to initialize any GIN plugin
pluto-prod-yutengl-dev-202-3-0:2316560:2316560 [0] NCCL INFO Using network Socket
pluto-prod-yutengl-dev-202-3-0:2316560:2316560 [0] NCCL INFO ncclCommSplit comm 0x5620496fe0d0 rank 0 nranks 2 cudaDev 0 nvmlDev 0 busId 64000 parent 0x56203f650030 childCount 17 color 2130503744 key 0- Init START
pluto-prod-yutengl-dev-202-3-0:2316560:2316560 [0] NCCL INFO MNNVL busId 0x64000 fabric UUID 0.0 cliqueId 0x0 state 3 healthMask 0x0
pluto-prod-yutengl-dev-202-3-0:2316560:2316560 [0] NCCL INFO ncclTopoGetCpuAffinity: Affinity for GPU 0 is 0-47,96-143. (GPU affinity = 0-47,96-143 ; CPU affinity = 0-47,96-143).
pluto-prod-yutengl-dev-202-3-0:2316560:2316560 [0] NCCL INFO NVLS multicast support is available on dev 0 (NVLS_NCHANNELS 16)
pluto-prod-yutengl-dev-202-3-0:2316560:2316560 [0] NCCL INFO comm 0x5620496fe0d0 rank 0 nRanks 2 nNodes 1 localRanks 2 localRank 0 MNNVL 0
pluto-prod-yutengl-dev-202-3-0:2316560:2316560 [0] NCCL INFO Channel 00/24 : 0 1
pluto-prod-yutengl-dev-202-3-0:2316560:2316560 [0] NCCL INFO Channel 01/24 : 0 1
pluto-prod-yutengl-dev-202-3-0:2316560:2316560 [0] NCCL INFO Channel 02/24 : 0 1
pluto-prod-yutengl-dev-202-3-0:2316560:2316560 [0] NCCL INFO Channel 03/24 : 0 1
pluto-prod-yutengl-dev-202-3-0:2316560:2316560 [0] NCCL INFO Channel 04/24 : 0 1
pluto-prod-yutengl-dev-202-3-0:2316560:2316560 [0] NCCL INFO Channel 05/24 : 0 1
pluto-prod-yutengl-dev-202-3-0:2316560:2316560 [0] NCCL INFO Channel 06/24 : 0 1
pluto-prod-yutengl-dev-202-3-0:2316560:2316560 [0] NCCL INFO Channel 07/24 : 0 1
pluto-prod-yutengl-dev-202-3-0:2316560:2316560 [0] NCCL INFO Channel 08/24 : 0 1
pluto-prod-yutengl-dev-202-3-0:2316560:2316560 [0] NCCL INFO Channel 09/24 : 0 1
pluto-prod-yutengl-dev-202-3-0:2316560:2316560 [0] NCCL INFO Channel 10/24 : 0 1
pluto-prod-yutengl-dev-202-3-0:2316560:2316560 [0] NCCL INFO Channel 11[09-15 17:27:16] No pipeline_class_name specified, using model_index.json
[93m[09-15 17:27:16] Skipping pipeline module sglang.multimodal_gen.runtime.pipelines.hunyuan3d_pipeline during discovery due to import failure: Duplicate NCCL runtime found in the current system: /home/colligo/sglang-wiki/envs/run/lib/python3.10/site-packages/nvidia/nccl/lib/libnccl.so.2 and /opt/aws-ofi-nccl/install/lib/libnccl-net-ofi.so[0;0m
[93m[09-15 17:27:16] Skipping pipeline module sglang.multimodal_gen.runtime.pipelines.pi05 during discovery due to import failure: Duplicate NCCL runtime found in the current system: /home/colligo/sglang-wiki/envs/run/lib/python3.10/site-packages/nvidia/nccl/lib/libnccl.so.2 and /opt/aws-ofi-nccl/install/lib/libnccl-net-ofi.so[0;0m
[09-15 17:27:16] Diffusers version: 0.37.1
[09-15 17:27:16] Using pipeline from model_index.json: Cosmos3OmniDiffusersPipeline
[09-15 17:27:16] Loading pipeline modules...
[09-15 17:27:16] Model already exists locally and is complete
[09-15 17:27:16] Model path: /mnt/localssd/models/Cosmos3-Super-fe77b66696d645f663b8f27e942b3b43e4629e23
[09-15 17:27:16] Diffusers version: 0.37.1
[09-15 17:27:16] Model already exists locally and is complete
[09-15 17:27:16] Model path: /mnt/localssd/models/Cosmos3-Super-fe77b66696d645f663b8f27e942b3b43e4629e23
[09-15 17:27:16] Diffusers version: 0.37.1
[09-15 17:27:16] Loading pipeline modules from config: {'_class_name': 'Cosmos3OmniDiffusersPipeline', '_diffusers_version': '0.37.1', 'scheduler': ['diffusers', 'UniPCMultistepScheduler'], 'text_tokenizer': ['transformers', 'Qwen2TokenizerFast'], 'transformer': ['diffusers', 'Cosmos3OmniTransformer'], 'vae': ['diffusers', 'AutoencoderKLWan'], 'vision_encoder': ['transformers', 'Qwen3VLVisionModel'], 'sound_tokenizer': ['diffusers', 'Cosmos3AVAEAudioTokenizer']}
[09-15 17:27:16] Loading required components: ['text_tokenizer', 'vae', 'transformer', 'scheduler', 'sound_tokenizer']
Loading required modules:   0%|          | 0/5 [00:00<?, ?it/s][09-15 17:27:16] Memory-aware component load order: ['transformer', 'sound_tokenizer', 'vae', 'text_tokenizer', 'scheduler']
Loading required modules:   0%|          | 0/5 [00:00<?, ?it/s][09-15 17:27:16] Loading transformer from /mnt/localssd/models/Cosmos3-Super-fe77b66696d645f663b8f27e942b3b43e4629e23/transformer. avail mem: 75.07 GB
[09-15 17:27:16] Loading Cosmos3OmniTransformer from 27 safetensors file(s) , param_dtype: torch.bfloat16

Loading safetensors checkpoint shards: 0%|          | 0/27[A
Loading safetensors checkpoint shards: 4%|▎         | 1/27[A
Loading safetensors checkpoint shards: 7%|▋         | 2/27[A
Loading safetensors checkpoint shards: 11%|█         | 3/27[A
Loading safetensors checkpoint shards: 15%|█▍        | 4/27[A
Loading safetensors checkpoint shards: 19%|█▊        | 5/27[A
Loading safetensors checkpoint shards: 22%|██▏       | 6/27[A
Loading safetensors checkpoint shards: 26%|██▌       | 7/27[A
Loading safetensors checkpoint shards: 30%|██▉       | 8/27[A
Loading safetensors checkpoint shards: 33%|███▎      | 9/27[A
Loading safetensors checkpoint shards: 37%|███▋      | 10/27[A
Loading safetensors checkpoint shards: 41%|████      | 11/27[A
Loading safetensors checkpoint shards: 44%|████▍     | 12/27[A
Loading safetensors checkpoint shards: 48%|████▊     | 13/27[A
Loading safetensors checkpoint shards: 52%|█████▏    | 14/27[A
Loading safetensors checkpoint shards: 56%|█████▌    | 15/27[A
Loading safetensors checkpoint shards: 59%|█████▉    | 16/27[A
Loading safetensors checkpoint shards: 63%|██████▎   | 17/27[A
Loading safetensors checkpoint shards: 67%|██████▋   | 18/27[A
Loading safetensors checkpoint shards: 70%|███████   | 19/27[A
Loading safetensors checkpoint shards: 74%|███████▍  | 20/27[A
Loading safetensors checkpoint shards: 78%|███████▊  | 21/27[A
Loading safetensors checkpoint shards: 81%|████████▏ | 22/27[A
Loading safetensors checkpoint shards: 85%|████████▌ | 23/27[A
Loading safetensors checkpoint shards: 89%|████████▉ | 24/27[A
Loading safetensors checkpoint shards: 93%|█████████▎| 25/27[A
Loading safetensors checkpoint shards: 96%|█████████▋| 26/27[ALoading safetensors checkpoint shards: 100%|██████████| 27/27
[09-15 17:27:23] Attention backends for transformer: fa
[09-15 17:27:23] Loaded transformer: Cosmos3OmniTransformer (sgl-diffusion version). model size: 117.85 GB, host mmap: 41.30 GB, host pageable: 76.55 GB. avail GPU mem: 75.07 GB
Loading required modules:  20%|██        | 1/5 [00:06<00:26,  6.59s/it][09-15 17:27:23] Loading sound_tokenizer from /mnt/localssd/models/Cosmos3-Super-fe77b66696d645f663b8f27e942b3b43e4629e23/sound_tokenizer. avail mem: 75.07 GB
/home/colligo/sglang-wiki/envs/run/lib/python3.10/site-packages/torch/nn/utils/weight_norm.py:144: FutureWarning: `torch.nn.utils.weight_norm` is deprecated in favor of `torch.nn.utils.parametrizations.weight_norm`.
  WeightNorm.apply(module, name, dim)
Loading required modules:  20%|██        | 1/5 [00:07<00:28,  7.12s/it]/home/colligo/sglang-wiki/envs/run/lib/python3.10/site-packages/torch/nn/utils/weight_norm.py:144: FutureWarning: `torch.nn.utils.weight_norm` is deprecated in favor of `torch.nn.utils.parametrizations.weight_norm`.
  WeightNorm.apply(module, name, dim)
[09-15 17:27:25] Loaded sound_tokenizer: Cosmos3AVAEAudioTokenizer (sgl-diffusion version). model size: 0.88 GB, vram: 0.88 GB. avail GPU mem: 74.18 GB
Loading required modules:  40%|████      | 2/5 [00:08<00:11,  3.94s/it][09-15 17:27:25] Loading vae from /mnt/localssd/models/Cosmos3-Super-fe77b66696d645f663b8f27e942b3b43e4629e23/vae. avail mem: 74.18 GB
[09-15 17:27:25] vae (VAE) stays on its checkpoint mapping: the deployment is 123.52 GiB of weights against 0.00 GiB of host memory, so copies are host memory the streamed components need more.
[09-15 17:27:25] Wan VAE: spatial-parallel decode; skipping fast path.
[09-15 17:27:25] Loaded vae: AutoencoderKLWan (sgl-diffusion version). model size: 1.31 GB, host mmap: 1.31 GB. avail GPU mem: 74.18 GB
[09-15 17:27:25] Loading text_tokenizer from /mnt/localssd/models/Cosmos3-Super-fe77b66696d645f663b8f27e942b3b43e4629e23/text_tokenizer. avail mem: 74.18 GB
Loading required modules:  40%|████      | 2/5 [00:09<00:12,  4.17s/it][09-15 17:27:26] Loaded text_tokenizer: Qwen2Tokenizer (sgl-diffusion version). model size: NA GB, weights: none. avail GPU mem: 74.18 GB
Loading required modules:  80%|████████  | 4/5 [00:09<00:01,  1.77s/it][09-15 17:27:26] Loading scheduler from /mnt/localssd/models/Cosmos3-Super-fe77b66696d645f663b8f27e942b3b43e4629e23/scheduler. avail mem: 74.18 GB
[09-15 17:27:26] Overriding scheduler class from UniPCMultistepScheduler to FlowUniPCMultistepScheduler
[09-15 17:27:26] Loaded scheduler: FlowUniPCMultistepScheduler (sgl-diffusion version). model size: NA GB, weights: none. avail GPU mem: 74.18 GB
Loading required modules: 100%|██████████| 5/5 [00:09<00:00,  1.93s/it]
[09-15 17:27:26] Creating pipeline stages...
[93m[09-15 17:27:26] Cosmos3 guardrails disabled because cosmos-guardrail is not installed. Install it with: pip install cosmos-guardrail==0.3.1[0;0m
[09-15 17:27:26] Cosmos3 pipeline stages created successfully (guardrails=False)
[09-15 17:27:26] Pipeline instantiated
[09-15 17:27:26] Layerwise offload host memory: 0.3 GiB available (cgroup cap 292.8 GiB, in use 292.5 GiB)
[09-15 17:27:26] Configuring layerwise offload for transformer (Cosmos3OmniTransformer): gen_layers (64 layers), language_model.layers (64 layers)
[09-15 17:27:26] Layerwise offload: transformer.gen_layers pins 0 of 64 layers (0.00 GiB of 0.00 GiB spendable). Of the rest, 0 are copied into pageable host memory and 64 stay on the checkpoint mapping. Pinning every layer would need 58.13 GiB.
Loading required modules:  80%|████████  | 4/5 [00:10<00:01,  1.86s/it]Loading required modules: 100%|██████████| 5/5 [00:10<00:00,  2.04s/it]
[09-15 17:27:32] Layerwise offload: transformer.language_model.layers pins 0 of 64 layers (0.00 GiB of 0.00 GiB spendable). Of the rest, 0 are copied into pageable host memory and 64 stay on the checkpoint mapping. Pinning every layer would need 58.13 GiB.
[09-15 17:27:39] Layerwise offload: gen_layers ships mapped layers through a courier thread with 2 pinned slots, so their device copies overlap compute instead of stalling it.
[09-15 17:27:39] Layerwise offload: language_model.layers ships mapped layers through a courier thread with 2 pinned slots, so their device copies overlap compute instead of stalling it.
[09-15 17:27:39] Layerwise offload ready for transformer (Cosmos3OmniTransformer) in 13.43s: groups=2, layers=128, prefetch/group=1, resident=2/128, policy=leading
[09-15 17:27:39] Configuring layerwise offload for vae (AutoencoderKLWan): encoder.down_blocks (4 layers), decoder.up_blocks (4 layers)
[09-15 17:27:39] Layerwise offload: vae.decoder.up_blocks pins 0 of 4 layers (0.00 GiB of 0.00 GiB spendable). Of the rest, 0 are copied into pageable host memory and 4 stay on the checkpoint mapping. Pinning every layer would need 0.81 GiB.
[09-15 17:27:39] Layerwise offload: vae.encoder.down_blocks pins 0 of 4 layers (0.00 GiB of 0.00 GiB spendable). Of the rest, 0 are copied into pageable host memory and 4 stay on the checkpoint mapping. Pinning every layer would need 0.19 GiB.
[09-15 17:27:39] Layerwise offload: encoder.down_blocks ships mapped layers through a courier thread with 2 pinned slots, so their device copies overlap compute instead of stalling it.
[09-15 17:27:40] Layerwise offload: decoder.up_blocks ships mapped layers through a courier thread with 2 pinned slots, so their device copies overlap compute instead of stalling it.
[09-15 17:27:40] Layerwise offload ready for vae (AutoencoderKLWan) in 1.18s: groups=2, layers=8, prefetch/group=1, resident=0/8, policy=leading
[09-15 17:27:40] Layerwise offload summary: transformer (vram: 2.77 GB, host mmap: 41.25 GB, host pageable: 75.00 GB), vae (vram: 0.31 GB, host mmap: 1.00 GB)
[09-15 17:27:40] Worker 0: Initialized device, model, and distributed environment.
[09-15 17:27:40] Worker 0: Scheduler loop started.
[09-15 17:27:41] Stage generation control plane started
[09-15 17:27:41] Scheduler thread for stage generation set cuda device to 0
[09-15 17:27:41] Stage generation started
[09-15 17:27:41] Process generation ready with stages=['generation']
[09-15 17:27:41] Diffusers version: 0.37.1
[09-15 17:27:41] Sequence dimension shard is enabled, disabling frame adjustment for better performance
[09-15 17:27:41] Adjusting number of frames from 1 to 1 based on model
[09-15 17:27:41] Processing 1 grouped request(s)
[09-15 17:27:41] Sampling params:
                       width: 832
                      height: 480
                  num_frames: 1
                         fps: 24
                      prompt: <redacted, len=65>
                  neg_prompt: <redacted, len=0>
                        seed: 0
                 infer_steps: 4
      num_outputs_per_prompt: 1
              guidance_scale: 5.0
     embedded_guidance_scale: 6.0
                    n_tokens: None
                  flow_shift: None
                  image_path: None
                 save_output: True
            output_file_path: /home/colligo/sglang-wiki/repos/sglang-omni/results/cosmos3-super/2gpu/smoke-t2i-layerwise-artifacts/test_super_generation_t2i_0/media/request_5m7ftqqs/738e5c7503c4425aa7fb6b95d5008a61.png
        
[09-15 17:27:41] Running pipeline stages: ['Cosmos3ImagePreprocessStage', 'Cosmos3TokenizationStage', 'Cosmos3LatentPreparationStage', 'Cosmos3TimestepPreparationStage', 'Cosmos3DenoisingStage', 'Cosmos3DecodingStage']
[09-15 17:27:41] [Cosmos3ImagePreprocessStage] started...
[09-15 17:27:41] [Cosmos3ImagePreprocessStage] finished in 0.0000 seconds
[09-15 17:27:41] [Cosmos3TokenizationStage] started...
[09-15 17:27:41] [Cosmos3TokenizationStage] finished in 0.0192 seconds
[09-15 17:27:41] [Cosmos3LatentPreparationStage] started...
[09-15 17:27:41] [Cosmos3LatentPreparationStage] Prepared latents with shape (1, 48, 1, 30, 52)
[09-15 17:27:41] [Cosmos3LatentPreparationStage] finished in 0.0011 seconds
[09-15 17:27:41] [Cosmos3TimestepPreparationStage] started...
[09-15 17:27:41] [Cosmos3TimestepPreparationStage] Prepared 4 timesteps (flow_shift=3.0)
[09-15 17:27:41] [Cosmos3TimestepPreparationStage] finished in 0.0004 seconds
[09-15 17:27:41] [Cosmos3DenoisingStage] started...
[09-15 17:27:41] [Cosmos3DenoisingStage] CFG parallel enabled: cfg_size=2, cfg_rank=0
[09-15 17:27:41] [Cosmos3DenoisingStage] Starting denoising with 4 steps, CFG=True, CFG_parallel=True, cfg_rank=0
Denoising:   0%|          | 0/4 [00:00<?, ?it/s][09-15 17:27:41] [Cosmos3DenoisingStage] Prompt and negative prompt tokenize to different lengths (24 vs 10); running the CFG branches in separate forwards to keep padding out of the cross-attention
g Blocking set to 1
pluto-prod-yutengl-dev-202-3-0:2316561:2316561 [1] NCCL INFO Initialized NET plugin Socket
pluto-prod-yutengl-dev-202-3-0:2316561:2316561 [1] NCCL INFO Assigned NET plugin Socket to comm
pluto-prod-yutengl-dev-202-3-0:2316561:2316561 [1] NCCL INFO Failed to initialize any GIN plugin
pluto-prod-yutengl-dev-202-3-0:2316561:2316561 [1] NCCL INFO Using network Socket
pluto-prod-yutengl-dev-202-3-0:2316561:2316561 [1] NCCL INFO ncclCommSplit comm 0x558a51adfa60 rank 1 nranks 2 cudaDev 1 nvmlDev 1 busId 75000 parent 0x558a47a33b10 childCount 17 color 2130503744 key 1- Init START
pluto-prod-yutengl-dev-202-3-0:2316561:2316561 [1] NCCL INFO MNNVL busId 0x75000 fabric UUID 0.0 cliqueId 0x0 state 3 healthMask 0x0
pluto-prod-yutengl-dev-202-3-0:2316561:2316561 [1] NCCL INFO ncclTopoGetCpuAffinity: Affinity for GPU 1 is 0-47,96-143. (GPU affinity = 0-47,96-143 ; CPU affinity = 0-47,96-143).
pluto-prod-yutengl-dev-202-3-0:2316561:2316561 [1] NCCL INFO NVLS multicast support is available on dev 1 (NVLS_NCHANNELS 16)
pluto-prod-yutengl-dev-202-3-0:2316561:2316561 [1] NCCL INFO comm 0x558a51adfa60 rank 1 nRanks 2 nNodes 1 localRanks 2 localRank 1 MNNVL 0
pluto-prod-yutengl-dev-202-3-0:2316561:2316561 [1] NCCL INFO Trees [0] -1/-1/-1->1->0 [1] -1/-1/-1->1->0 [2] -1/-1/-1->1->0 [3] -1/-1/-1->1->0 [4] -1/-1/-1->1->0 [5] -1/-1/-1->1->0 [6] 0/-1/-1->1->-1 [7] 0/-1/-1->1->-1 [8] 0/-1/-1->1->-1 [9] 0/-1/-1->1->-1 [10] 0/-1/-1->1->-1 [11] 0/-1/-1->1->-1 [12] -1/-1/-1->1->0 [13] -1/-1/-1->1->0 [14] -1/-1/-1->1->0 [15] -1/-1/-1->1->0 [16] -1/-1/-1->1->0 [17] -1/-1/-1->1->0 [18] 0/-1/-1->1->-1 [19] 0/-1/-1->1->-1 [20] 0/-1/-1->1->-1 [21] 0/-1/-1->1->-1 [22] 0/-1/-1->1->-1 [23] 0/-1/-1->1->-1
pluto-prod-yutengl-dev-202-3-0:2316561:2316561 [1] NCCL INFO P2P Chunksize set to 524288
pluto-prod-yutengl-dev-202-3-0:2316561:2316561 [1] NCCL INFO Check P2P Type isAllDirectP2p 1 directMode 0 isAllCudaP2p 1
pluto-prod-yutengl-dev-202-3-0:2316561:2317273 [0] NCCL INFO [Proxy Service] Device 1 CPU core 122
pluto-prod-yutengl-dev-202-3-0:2316561:2317274 [0] NCCL INFO [Proxy Service UDS] Device 1 CPU core 38
pluto-prod-yutengl-dev-202-3-0:2316561:2316561 [1] NCCL INFO NET/OFI Region base Tuner is chosen for platform: p5.48xlarge
pluto-prod-yutengl-dev-202-3-0:2316561:2316561 [1] NCCL INFO NET/OFI Region Tuner init (platform 0): comm with 2 ranks and 1 nodes.
pluto-prod-yutengl-dev-202-3-0:2316561:2316561 [1] NCCL INFO NET/OFI Tuner init: comm with 2 ranks and 1 nodes.
pluto-prod-yutengl-dev-202-3-0:2316561:2316561 [1] NCCL INFO threadThresholds 8/8/64 | 16/8/64 | 512 | 512
pluto-prod-yutengl-dev-202-3-0:2316561:2316561 [1] NCCL INFO 24 coll channels, 24 collnet channels, 16 nvls channels, 32 p2p channels, 32 p2p channels per peer
pluto-prod-yutengl-dev-202-3-0:2316561:2316561 [1] NCCL INFO Symmetric VA size=80GB
pluto-prod-yutengl-dev-202-3-0:2316561:2316561 [1] NCCL INFO ncclCommSplit comm 0x558a51adfa60 rank 1 nranks 2 cudaDev 1 nvmlDev 1 busId 75000 parent 0x558a47a33b10 childCount 17 color 2130503744 key 1 - Init COMPLETE
pluto-prod-yutengl-dev-202-3-0:2316561:2316561 [1] NCCL INFO Init timings - ncclCommSplit: rank 1 nranks 2 total 0.12 (kernels 0.00, alloc 0.00, bootstrap 0.00, allgathers 0.00, topo 0.02, graphs 0.00, connections 0.09, rest 0.01)
pluto-prod-yutengl-dev-202-3-0:2316561:2316561 [1] NCCL INFO Symmetric VA size=80GB
pluto-prod-yutengl-dev-202-3-0:2316561:2316561 [1] NCCL INFO Channel 00/0 : 1[1] -> 0[0] via P2P/CUMEM
pluto-prod-yutengl-dev-202-3-0:2316561:2316561 [1] NCCL INFO Channel 01/0 : 1[1] -> 0[0] via P2P/CUMEM
pluto-prod-yutengl-dev-202-3-0:2316561:2316561 [1] NCCL INFO Channel 02/0 : 1[1] -> 0[0] via P2P/CUMEM
pluto-prod-yutengl-dev-202-3-0:2316561:2316561 [1] NCCL INFO Channel 03/0 : 1[1] -> 0[0] via P2P/CUMEM
pluto-prod-yutengl-dev-202-3-0:2316561:2316561 [1] NCCL INFO Channel 04/0 : 1[1] -> 0[0] via P2P/CUMEM
pluto-prod-yutengl-dev-202-3-0:2316561:2316561 [1] NCCL INFO Channel 05/0 : 1[1] -> 0[0] via P2P/CUMEM
pluto-prod-yutengl-dev-202-3-0:2316561:2316561 [1] NCCL INFO Channel 06/0 : 1[1] -> 0[0] via P2P/CUMEM/24 : 0 1
pluto-prod-yutengl-dev-202-3-0:2316560:2316560 [0] NCCL INFO Channel 12/24 : 0 1
pluto-prod-yutengl-dev-202-3-0:2316560:2316560 [0] NCCL INFO Channel 13/24 : 0 1
pluto-prod-yutengl-dev-202-3-0:2316560:2316560 [0] NCCL INFO Channel 14/24 : 0 1
pluto-prod-yutengl-dev-202-3-0:2316560:2316560 [0] NCCL INFO Channel 15/24 : 0 1
pluto-prod-yutengl-dev-202-3-0:2316560:2316560 [0] NCCL INFO Channel 16/24 : 0 1
pluto-prod-yutengl-dev-202-3-0:2316560:2316560 [0] NCCL INFO Channel 17/24 : 0 1
pluto-prod-yutengl-dev-202-3-0:2316560:2316560 [0] NCCL INFO Channel 18/24 : 0 1
pluto-prod-yutengl-dev-202-3-0:2316560:2316560 [0] NCCL INFO Channel 19/24 : 0 1
pluto-prod-yutengl-dev-202-3-0:2316560:2316560 [0] NCCL INFO Channel 20/24 : 0 1
pluto-prod-yutengl-dev-202-3-0:2316560:2316560 [0] NCCL INFO Channel 21/24 : 0 1
pluto-prod-yutengl-dev-202-3-0:2316560:2316560 [0] NCCL INFO Channel 22/24 : 0 1
pluto-prod-yutengl-dev-202-3-0:2316560:2316560 [0] NCCL INFO Channel 23/24 : 0 1
pluto-prod-yutengl-dev-202-3-0:2316560:2316560 [0] NCCL INFO Trees [0] 1/-1/-1->0->-1 [1] 1/-1/-1->0->-1 [2] 1/-1/-1->0->-1 [3] 1/-1/-1->0->-1 [4] 1/-1/-1->0->-1 [5] 1/-1/-1->0->-1 [6] -1/-1/-1->0->1 [7] -1/-1/-1->0->1 [8] -1/-1/-1->0->1 [9] -1/-1/-1->0->1 [10] -1/-1/-1->0->1 [11] -1/-1/-1->0->1 [12] 1/-1/-1->0->-1 [13] 1/-1/-1->0->-1 [14] 1/-1/-1->0->-1 [15] 1/-1/-1->0->-1 [16] 1/-1/-1->0->-1 [17] 1/-1/-1->0->-1 [18] -1/-1/-1->0->1 [19] -1/-1/-1->0->1 [20] -1/-1/-1->0->1 [21] -1/-1/-1->0->1 [22] -1/-1/-1->0->1 [23] -1/-1/-1->0->1
pluto-prod-yutengl-dev-202-3-0:2316560:2316560 [0] NCCL INFO P2P Chunksize set to 524288
pluto-prod-yutengl-dev-202-3-0:2316560:2316560 [0] NCCL INFO Check P2P Type isAllDirectP2p 1 directMode 0 isAllCudaP2p 1
pluto-prod-yutengl-dev-202-3-0:2316560:2317271 [0] NCCL INFO [Proxy Service] Device 0 CPU core 39
pluto-prod-yutengl-dev-202-3-0:2316560:2317272 [0] NCCL INFO [Proxy Service UDS] Device 0 CPU core 101
pluto-prod-yutengl-dev-202-3-0:2316560:2316560 [0] NCCL INFO NET/OFI Region base Tuner is chosen for platform: p5.48xlarge
pluto-prod-yutengl-dev-202-3-0:2316560:2316560 [0] NCCL INFO NET/OFI Region Tuner init (platform 0): comm with 2 ranks and 1 nodes.
pluto-prod-yutengl-dev-202-3-0:2316560:2316560 [0] NCCL INFO NET/OFI Tuner init: comm with 2 ranks and 1 nodes.
pluto-prod-yutengl-dev-202-3-0:2316560:2316560 [0] NCCL INFO threadThresholds 8/8/64 | 16/8/64 | 512 | 512
pluto-prod-yutengl-dev-202-3-0:2316560:2316560 [0] NCCL INFO 24 coll channels, 24 collnet channels, 16 nvls channels, 32 p2p channels, 32 p2p channels per peer
pluto-prod-yutengl-dev-202-3-0:2316560:2316560 [0] NCCL INFO Symmetric VA size=80GB
pluto-prod-yutengl-dev-202-3-0:2316560:2316560 [0] NCCL INFO CC Off, workFifoBytes 1048576
pluto-prod-yutengl-dev-202-3-0:2316560:2316560 [0] NCCL INFO ncclCommSplit comm 0x5620496fe0d0 rank 0 nranks 2 cudaDev 0 nvmlDev 0 busId 64000 parent 0x56203f650030 childCount 17 color 2130503744 key 0 - Init COMPLETE
pluto-prod-yutengl-dev-202-3-0:2316560:2316560 [0] NCCL INFO Init timings - ncclCommSplit: rank 0 nranks 2 total 0.12 (kernels 0.00, alloc 0.00, bootstrap 0.00, allgathers 0.00, topo 0.02, graphs 0.00, connections 0.09, rest 0.01)
pluto-prod-yutengl-dev-202-3-0:2316560:2316560 [0] NCCL INFO Symmetric VA size=80GB
pluto-prod-yutengl-dev-202-3-0:2316560:2316560 [0] NCCL INFO Channel 00/0 : 0[0] -> 1[1] via P2P/CUMEM
pluto-prod-yutengl-dev-202-3-0:2316560:2316560 [0] NCCL INFO Channel 01/0 : 0[0] -> 1[1] via P2P/CUMEM
pluto-prod-yutengl-dev-202-3-0:2316560:2316560 [0] NCCL INFO Channel 02/0 : 0[0] -> 1[1] via P2P/CUMEM
pluto-prod-yutengl-dev-202-3-0:2316560:2316560 [0] NCCL INFO Channel 03/0 : 0[0] -> 1[1] via P2P/CUMEM
pluto-prod-yutengl-dev-202-3-0:2316560:2316560 [0] NCCL INFO Channel 04/0 : 0[0] -> 1[1] via P2P/CUMEM
pluto-prod-yutengl-dev-202-3-0:2316560:2316560 [0] NCCL INFO Channel 05/0 : 0[0] -> 1[1] via P2P/CUMEM
pluto-prod-yutengl-dev-202-3-0:2316560:2316560 [0] NCCL INFO Channel 06/0 : 0[0] -> 1[1] via P2P/CUMEM
pluto-prod-yutengl-dev-202-3-0:2316560:2316560 [0] NCCL INFO Channel 07/0 : 0[0] -> 1[1] via P2P/CUMEM
Denoising:  25%|██▌       | 1/4 [00:31<01:33, 31.01s/it]Denoising:  50%|█████     | 2/4 [00:36<00:31, 15.82s/it]Denoising:  75%|███████▌  | 3/4 [00:41<00:10, 10.98s/it]Denoising: 100%|██████████| 4/4 [00:46<00:00,  8.70s/it]Denoising: 100%|██████████| 4/4 [00:46<00:00, 11.65s/it]
[09-15 17:28:28] [Cosmos3DenoisingStage] Denoising complete
[09-15 17:28:28] [Cosmos3DenoisingStage] finished in 46.6805 seconds
[09-15 17:28:28] [Cosmos3DecodingStage] started...
[09-15 17:28:28] [Cosmos3DecodingStage] Decoding latents to image...
[09-15 17:28:29] [Cosmos3DecodingStage] finished in 0.9557 seconds
[09-15 17:28:29] Output saved to [1;36m/home/colligo/sglang-wiki/repos/sglang-omni/results/cosmos3-super/2gpu/smoke-t2i-layerwise-artifacts/test_super_generation_t2i_0/media/request_5m7ftqqs/738e5c7503c4425aa7fb6b95d5008a61.png[0;0m
[09-15 17:28:29] Pixel data generated successfully in [92m47.75[0;0m seconds
[09-15 17:28:29] Memory usage - Max peak: 9012.00 MB, Avg peak: 9012.00 MB

pluto-prod-yutengl-dev-202-3-0:2316561:2316561 [1] NCCL INFO Channel 07/0 : 1[1] -> 0[0] via P2P/CUMEM
pluto-prod-yutengl-dev-202-3-0:2316561:2316561 [1] NCCL INFO Channel 08/0 : 1[1] -> 0[0] via P2P/CUMEM
pluto-prod-yutengl-dev-202-3-0:2316561:2316561 [1] NCCL INFO Channel 09/0 : 1[1] -> 0[0] via P2P/CUMEM
pluto-prod-yutengl-dev-202-3-0:2316561:2316561 [1] NCCL INFO Channel 10/0 : 1[1] -> 0[0] via P2P/CUMEM
pluto-prod-yutengl-dev-202-3-0:2316561:2316561 [1] NCCL INFO Channel 11/0 : 1[1] -> 0[0] via P2P/CUMEM
pluto-prod-yutengl-dev-202-3-0:2316561:2316561 [1] NCCL INFO Channel 12/0 : 1[1] -> 0[0] via P2P/CUMEM
pluto-prod-yutengl-dev-202-3-0:2316561:2316561 [1] NCCL INFO Channel 13/0 : 1[1] -> 0[0] via P2P/CUMEM
pluto-prod-yutengl-dev-202-3-0:2316561:2316561 [1] NCCL INFO Channel 14/0 : 1[1] -> 0[0] via P2P/CUMEM
pluto-prod-yutengl-dev-202-3-0:2316561:2316561 [1] NCCL INFO Channel 15/0 : 1[1] -> 0[0] via P2P/CUMEM
pluto-prod-yutengl-dev-202-3-0:2316561:2316561 [1] NCCL INFO Channel 16/0 : 1[1] -> 0[0] via P2P/CUMEM
pluto-prod-yutengl-dev-202-3-0:2316561:2316561 [1] NCCL INFO Channel 17/0 : 1[1] -> 0[0] via P2P/CUMEM
pluto-prod-yutengl-dev-202-3-0:2316561:2316561 [1] NCCL INFO Channel 18/0 : 1[1] -> 0[0] via P2P/CUMEM
pluto-prod-yutengl-dev-202-3-0:2316561:2316561 [1] NCCL INFO Channel 19/0 : 1[1] -> 0[0] via P2P/CUMEM
pluto-prod-yutengl-dev-202-3-0:2316561:2316561 [1] NCCL INFO Channel 20/0 : 1[1] -> 0[0] via P2P/CUMEM
pluto-prod-yutengl-dev-202-3-0:2316561:2316561 [1] NCCL INFO Channel 21/0 : 1[1] -> 0[0] via P2P/CUMEM
pluto-prod-yutengl-dev-202-3-0:2316561:2316561 [1] NCCL INFO Channel 22/0 : 1[1] -> 0[0] via P2P/CUMEM
pluto-prod-yutengl-dev-202-3-0:2316561:2316561 [1] NCCL INFO Channel 23/0 : 1[1] -> 0[0] via P2P/CUMEM
pluto-prod-yutengl-dev-202-3-0:2316561:2316561 [1] NCCL INFO Connected all rings, use ring PXN 0 GDR 1
pluto-prod-yutengl-dev-202-3-0:2316561:2316561 [1] NCCL INFO comm 0x558a50b68ab0 rank 1 nranks 2 cudaDev 1 busId 75000 - Destroy COMPLETE
pluto-prod-yutengl-dev-202-3-0:2316561:2316561 [1] NCCL INFO comm 0x558a51adfa60 rank 1 nranks 2 cudaDev 1 busId 75000 - Destroy COMPLETE
pluto-prod-yutengl-dev-202-3-0:2316561:2316561 [1] NCCL INFO comm 0x558a51332910 rank 1 nranks 2 cudaDev 1 busId 75000 - Destroy COMPLETE
pluto-prod-yutengl-dev-202-3-0:2316561:2316561 [1] NCCL INFO comm 0x558a4f86d0c0 rank 1 nranks 2 cudaDev 1 busId 75000 - Destroy COMPLETE
pluto-prod-yutengl-dev-202-3-0:2316561:2316561 [1] NCCL INFO comm 0x558a47a33b10 rank 1 nranks 2 cudaDev 1 busId 75000 - Destroy COMPLETE
[09-15 17:28:32] Worker 0: Shutdown complete.
pluto-prod-yutengl-dev-202-3-0:2316560:2316560 [0] NCCL INFO Channel 08/0 : 0[0] -> 1[1] via P2P/CUMEM
pluto-prod-yutengl-dev-202-3-0:2316560:2316560 [0] NCCL INFO Channel 09/0 : 0[0] -> 1[1] via P2P/CUMEM
pluto-prod-yutengl-dev-202-3-0:2316560:2316560 [0] NCCL INFO Channel 10/0 : 0[0] -> 1[1] via P2P/CUMEM
pluto-prod-yutengl-dev-202-3-0:2316560:2316560 [0] NCCL INFO Channel 11/0 : 0[0] -> 1[1] via P2P/CUMEM
pluto-prod-yutengl-dev-202-3-0:2316560:2316560 [0] NCCL INFO Channel 12/0 : 0[0] -> 1[1] via P2P/CUMEM
pluto-prod-yutengl-dev-202-3-0:2316560:2316560 [0] NCCL INFO Channel 13/0 : 0[0] -> 1[1] via P2P/CUMEM
pluto-prod-yutengl-dev-202-3-0:2316560:2316560 [0] NCCL INFO Channel 14/0 : 0[0] -> 1[1] via P2P/CUMEM
pluto-prod-yutengl-dev-202-3-0:2316560:2316560 [0] NCCL INFO Channel 15/0 : 0[0] -> 1[1] via P2P/CUMEM
pluto-prod-yutengl-dev-202-3-0:2316560:2316560 [0] NCCL INFO Channel 16/0 : 0[0] -> 1[1] via P2P/CUMEM
pluto-prod-yutengl-dev-202-3-0:2316560:2316560 [0] NCCL INFO Channel 17/0 : 0[0] -> 1[1] via P2P/CUMEM
pluto-prod-yutengl-dev-202-3-0:2316560:2316560 [0] NCCL INFO Channel 18/0 : 0[0] -> 1[1] via P2P/CUMEM
pluto-prod-yutengl-dev-202-3-0:2316560:2316560 [0] NCCL INFO Channel 19/0 : 0[0] -> 1[1] via P2P/CUMEM
pluto-prod-yutengl-dev-202-3-0:2316560:2316560 [0] NCCL INFO Channel 20/0 : 0[0] -> 1[1] via P2P/CUMEM
pluto-prod-yutengl-dev-202-3-0:2316560:2316560 [0] NCCL INFO Channel 21/0 : 0[0] -> 1[1] via P2P/CUMEM
pluto-prod-yutengl-dev-202-3-0:2316560:2316560 [0] NCCL INFO Channel 22/0 : 0[0] -> 1[1] via P2P/CUMEM
pluto-prod-yutengl-dev-202-3-0:2316560:2316560 [0] NCCL INFO Channel 23/0 : 0[0] -> 1[1] via P2P/CUMEM
pluto-prod-yutengl-dev-202-3-0:2316560:2316560 [0] NCCL INFO Connected all rings, use ring PXN 0 GDR 1
pluto-prod-yutengl-dev-202-3-0:2316560:2316560 [0] NCCL INFO comm 0x562048787250 rank 0 nranks 2 cudaDev 0 busId 64000 - Destroy COMPLETE
pluto-prod-yutengl-dev-202-3-0:2316560:2316560 [0] NCCL INFO comm 0x5620496fe0d0 rank 0 nranks 2 cudaDev 0 busId 64000 - Destroy COMPLETE
pluto-prod-yutengl-dev-202-3-0:2316560:2316560 [0] NCCL INFO comm 0x562048f511b0 rank 0 nranks 2 cudaDev 0 busId 64000 - Destroy COMPLETE
pluto-prod-yutengl-dev-202-3-0:2316560:2316560 [0] NCCL INFO comm 0x56204748b400 rank 0 nranks 2 cudaDev 0 busId 64000 - Destroy COMPLETE
pluto-prod-yutengl-dev-202-3-0:2316560:2316560 [0] NCCL INFO comm 0x56203f650030 rank 0 nranks 2 cudaDev 0 busId 64000 - Destroy COMPLETE
pluto-prod-yutengl-dev-202-3-0:2316560:2316560 [0] NCCL INFO ENV/Plugin: Closing env plugin ncclEnvDefault
pluto-prod-yutengl-dev-202-3-0:2316561:2316561 [1] NCCL INFO ENV/Plugin: Closing env plugin ncclEnvDefault
pluto-prod-yutengl-dev-202-3-0:2316561:2317260 [0] NCCL INFO [Service thread] Connection closed by localRank 0
pluto-prod-yutengl-dev-202-3-0:2316561:2317165 [0] NCCL INFO [Service thread] Connection closed by localRank 0
pluto-prod-yutengl-dev-202-3-0:2316561:2317134 [0] NCCL INFO [Service thread] Connection closed by localRank 0
[09-15 17:28:47] Stage generation stopped
Failed to import mooncake: No module named 'mooncake'. MooncakeRelay will not work. Install with: pip install mooncake-transfer-engine
Failed to import nixl: No module named 'nixl'. NixlRelay will not work.
Failed to import torchada: No module named 'torchada'. MUSA platform compatibility will not work.
[09-15 17:29:02] Auto memory policy for Cosmos3Config: 78.7 GiB of free device memory selects layerwise offload for text_encoder, image_encoder, vae. Explicit placement flags always win, and the per-component lines below say where each one's weights landed -- see the model's cookbook page for what to expect from your memory budget.
[93m[09-15 17:29:02] Cosmos3Config keeps its DiT resident with 78.7 GiB of device memory available, below the 120.0 GiB this model declares as its threshold for keeping components resident. The DiT is not in the automatic layerwise selection because the model does not list 'auto' in dit_layerwise_offload_modes. If the DiT does not fit, pass --layerwise-offload-components dit,... explicitly, or add the mode to the model's deployment config.[0;0m
[09-15 17:29:02] Diffusers version: 0.37.1
[09-15 17:29:02] Automatically enabled CFG parallel at degree 2 for 2 GPUs. Use --sp-degree / --ulysses-degree to use sequence parallelism instead.
[09-15 17:29:02] Proposed encoder parallel folding (mode=world) for ServerArgs (tp=1 sp=1 cfg=2 replica=2); the loader keeps it for encoders wide enough to benefit.
[09-15 17:29:02] Using layerwise offload components: text_encoder, image_encoder, vae, transformer. This reduces peak GPU memory and can increase latency; use --performance-mode speed for GPU-resident defaults when memory allows.
[09-15 17:29:02] server_args: {"model_path": "/mnt/localssd/models/Cosmos3-Super-fe77b66696d645f663b8f27e942b3b43e4629e23", "model_subfolder": null, "model_variant": null, "model_id": null, "served_model_name": "/mnt/localssd/models/Cosmos3-Super-fe77b66696d645f663b8f27e942b3b43e4629e23", "backend": "auto", "attention_backend": null, "attention_backend_config": {}, "component_attention_backends": {}, "cache_dit_config": null, "nccl_port": null, "enable_nccl_nvls": false, "trust_remote_code": false, "revision": null, "num_gpus": 2, "performance_mode": "auto", "base_gpu_id": 0, "gpu_ids": [0, 1], "nnodes": 1, "node_rank": 0, "dist_init_addr": null, "tp_size": 1, "sp_degree": 1, "ulysses_degree": 1, "ring_degree": 1, "kv_gather_degree": 1, "sp_split_auto": false, "dp_size": 1, "enable_cfg_parallel": true, "cfg_parallel_degree": 2, "encoder_parallel": "auto", "hsdp_replicate_dim": 1, "hsdp_shard_dim": 2, "dist_timeout": 3600, "scheduler_rpc_timeout": null, "pipeline_class_name": null, "lora_path": null, "lora_nickname": "default", "lora_scale": 1.0, "lora_alpha": null, "lora_merge_mode": "auto", "lora_weight_name": null, "component_paths": {}, "component_weights_paths": {}, "component_direct_gpu_weight_loading": {}, "component_quantizations": {}, "component_precisions": {}, "component_quantization_ignored_layers": {}, "load_diffusion_decoder": false, "transformer_weights_path": null, "minimax_h3_adaln_cache_path": null, "minimax_h3_adaln_online": false, "minimax_h3_adaln_plan_width": 4, "quantization": null, "quantization_ignored_layers": null, "lora_target_modules": null, "component_residency": {"transformer": "layerwise-offload"}, "cpu_offload_components": null, "dit_cpu_offload": true, "direct_gpu_weight_loading": false, "dit_layerwise_offload": false, "layerwise_offload_components": ["text_encoder", "image_encoder", "vae"], "dit_offload_prefetch_size": 0.0, "dit_layerwise_resident_layers": 0.0, "dit_layerwise_residency_policy": "leading", "layerwise_prefetch_size": {}, "layerwise_resident_layers": {"transformer": 1}, "layerwise_residency_policy": {}, "offload_during_compile": true, "text_encoder_cpu_offload": false, "image_encoder_cpu_offload": false, "vae_cpu_offload": false, "use_fsdp_inference": true, "pin_cpu_memory": true, "ltx2_two_stage_device_mode": null, "comfyui_mode": false, "enable_torch_compile": false, "regional_compile": false, "enable_breakable_cuda_graph": false, "bcg_text_buckets": null, "enable_layerwise_nvtx_marker": false, "warmup_mode": "off", "warmup_resolutions": null, "warmup_num_frames": null, "warmup_steps": 1, "disable_autocast": false, "master_port": 30005, "host": "127.0.0.1", "port": 30000, "webui": false, "webui_port": 12312, "scheduler_port": 5628, "scheduler_ports": [5628], "batching_mode": "dynamic", "batching_max_size": 1, "batching_delay_ms": 0.0, "batching_config": null, "enable_batching_metrics": false, "strict_ports": false, "output_path": "outputs/", "input_save_path": "inputs/uploads", "prompt_file_path": null, "model_paths": {}, "model_loaded": {"transformer": true, "vae": true, "video_vae": true, "audio_vae": true, "video_dit": true, "audio_dit": true, "dual_tower_bridge": true}, "boundary_ratio": null, "disagg_role": "monolithic", "disagg_timeout": 3600, "disagg_downstream_wait_timeout": 1800, "disagg_dispatch_policy": "round_robin", "disagg_mode": false, "disagg_instance_id": 0, "disagg_max_slots_per_instance": 8, "disagg_transfer_redundancy": 1.25, "disagg_role_device": "auto", "disagg_transfer_backend": "auto", "disagg_transfer_pool_size": 268435456, "disagg_transfer_pin_memory": "auto", "disagg_p2p_hostname": "127.0.0.1", "disagg_ib_device": null, "disagg_server_addr": null, "encoder_urls": null, "denoiser_urls": null, "decoder_urls": null, "encoder_tp": null, "denoiser_tp": null, "denoiser_sp": null, "denoiser_ulysses": null, "denoiser_ring": null, "decoder_sp": null, "pool_work_endpoint": null, "pool_result_endpoint": null, "pool_control_endpoint": null, "pool_control_advertised_endpoint": null, "log_level": "info", "log_requests": false, "log_requests_level": 2, "log_requests_format": "text", "log_requests_target": null, "uvicorn_access_log_exclude_prefixes": [], "enable_cache_report": false, "enable_trace": false, "otlp_traces_endpoint": "localhost:4317", "srt_encoder_url": null, "srt_encoder_connect_timeout": 3.05, "srt_encoder_timeout": 100, "pe_server_url": null}
[09-15 17:29:02] Local mode: True
[09-15 17:29:02] Starting server...
[09-15 17:29:14] Scheduler (dp replica 0) bind at endpoint: tcp://127.0.0.1:5628
[09-15 17:29:14] torch.compile cache: TORCHINDUCTOR_CACHE_DIR=/mnt/localssd/.cache/sgl_diffusion/torch_compile_cache/inductor TRITON_CACHE_DIR=/mnt/localssd/.cache/sgl_diffusion/torch_compile_cache/triton
[09-15 17:29:14] Initializing distributed environment with world_size=2, device=cuda:0, timeout=3600
[09-15 17:29:14] Setting distributed timeout to 3600 seconds
libfabric:2318751:1789518555::core:core:cuda_gdrcopy_hmem_init():192<warn> gdrcopy_dl_hmem_init failed!
libfabric:2318752:1789518555::core:core:cuda_gdrcopy_hmem_init():192<warn> gdrcopy_dl_hmem_init failed!
libfabric:2318751:1789518555::core:core:fi_getinfo_():1392<warn> fi_getinfo: provider efa output empty list
libfabric:2318752:1789518555::core:core:fi_getinfo_():1392<warn> fi_getinfo: provider efa output empty list
pluto-prod-yutengl-dev-202-3-0:2318751:2318751 [0] NCCL INFO ENV/Plugin: Could not find: libnccl-env.so
pluto-prod-yutengl-dev-202-3-0:2318751:2318751 [0] NCCL INFO Bootstrap: Using eth0:10.91.207.160<0>
pluto-prod-yutengl-dev-202-3-0:2318751:2318751 [0] NCCL INFO cudaDriverVersion 13000
pluto-prod-yutengl-dev-202-3-0:2318751:2318751 [0] NCCL INFO NCCL version 2.29.7+cuda13.2
pluto-prod-yutengl-dev-202-3-0:2318751:2318751 [0] NCCL INFO NCCL git version stable b81d6a5a3
pluto-prod-yutengl-dev-202-3-0:2318751:2318751 [0] NCCL INFO Comm config Blocking set to 1
pluto-prod-yutengl-dev-202-3-0:2318751:2318751 [0] NCCL INFO NET/Plugin: Loaded net plugin Libfabric (v10)
pluto-prod-yutengl-dev-202-3-0:2318751:2318751 [0] NCCL INFO Successfully loaded external network plugin /opt/aws-ofi-nccl/install/lib/libnccl-net.so
pluto-prod-yutengl-dev-202-3-0:2318751:2318751 [0] NCCL INFO NET/OFI Initializing aws-ofi-nccl 1.16.1
pluto-prod-yutengl-dev-202-3-0:2318751:2318751 [0] NCCL INFO NET/OFI Using Libfabric version 2.1
pluto-prod-yutengl-dev-202-3-0:2318751:2318751 [0] NCCL INFO NET/OFI Using CUDA driver version 13000 with runtime 12080
pluto-prod-yutengl-dev-202-3-0:2318751:2318751 [0] NCCL INFO NET/OFI Configuring AWS-specific options
pluto-prod-yutengl-dev-202-3-0:2318751:2318751 [0] NCCL INFO NET/OFI Internode latency set at 75.0 us
pluto-prod-yutengl-dev-202-3-0:2318751:2318751 [0] NCCL INFO NET/OFI Using transport protocol RDMA (platform set)
pluto-prod-yutengl-dev-202-3-0:2318751:2318751 [0] NCCL INFO NET/OFI No eligible providers were found

[2026-09-15 17:29:15] pluto-prod-yutengl-dev-202-3-0:2318751:2318751 [0] int nccl_net_ofi_create_plugin(nccl_net_ofi_plugin_t**):215 NCCL WARN NET/OFI Failed to initialize rdma protocol

[2026-09-15 17:29:15] pluto-prod-yutengl-dev-202-3-0:2318751:2318751 [0] int nccl_net_ofi_create_plugin(nccl_net_ofi_plugin_t**):352 NCCL WARN NET/OFI aws-ofi-nccl initialization failed

[2026-09-15 17:29:15] pluto-prod-yutengl-dev-202-3-0:2318751:2318751 [0] ncclResult_t nccl_net_ofi_init_v6(ncclDebugLogger_t):166 NCCL WARN NET/OFI Initializing plugin failed
pluto-prod-yutengl-dev-202-3-0:2318751:2318751 [0] NCCL INFO plugin/net/net_v10.cc:82 -> 2
pluto-prod-yutengl-dev-202-3-0:2318751:2318751 [0] NCCL INFO Failed to initialize NET plugin Libfabric
pluto-prod-yutengl-dev-202-3-0:2318751:2318751 [0] NCCL INFO NET/IB : No device found.
pluto-prod-yutengl-dev-202-3-0:2318751:2318751 [0] NCCL INFO NET/IB : Using [RO]; OOB eth0:10.91.207.160<0>
pluto-prod-yutengl-dev-202-3-0:2318751:2318751 [0] NCCL INFO Failed to initialize NET plugin IB
pluto-prod-yutengl-dev-202-3-0:2318751:2318751 [0] NCCL INFO NET/Socket : Using [0]eth0:10.91.207.160<0>
pluto-prod-yutengl-dev-202-3-0:2318751:2318751 [0] NCCL INFO Initialized NET plugin Socket
pluto-prod-yutengl-dev-202-3-0:2318751:2318751 [0] NCCL INFO Assigned NET plugin Socket to comm
pluto-prod-yutengl-dev-202-3-0:2318751:2318751 [0] NCCL INFO GIN/Plugin: Could not find: libnccl-gin.so
pluto-prod-yutengl-dev-202-3-0:2318751:2318751 [0] NCCL INFO Successfully loaded external gin plugin /opt/aws-ofi-nccl/install/lib/libnccl-net.so
pluto-prod-yutengl-dev-202-3-0:2318751:2318751 [0] NCCL INFO Failed to initialize any GIN plugin
pluto-prod-yutengl-dev-202-3-0:2318751:2318751 [0] NCCL INFO Using network Socket
pluto-prod-yutengl-dev-202-3-0:2318751:2318751 [0] NCCL INFO [Rank 0] ncclCommInitRankConfig comm 0x562da1321dc0 rank 0 nranks 2 cudaDev 0 nvmlDev 0 busId 64000 commId 0x1a38896e1ad058d1 - Init START
pluto-prod-yutengl-dev-202-3-0:2318751:2318751 [0] NCCL INFO RAS client listening socket at ::1<28028>
pluto-prod-yutengl-dev-202-3-0:2318751:2318751 [0] NCCL INFO Bootstrap timings total 0.003969 (create 0.000084, send 0.000239, recv 0.002860, ring 0.000034, delay 0.000002)
pluto-prod-yutengl-dev-202-3-0:2318751:2318751 [0] NCCL INFO MNNVL busId 0x64000 fabric UUID 0.0 cliqueId 0x0 state 3 healthMask 0x0
pluto-prod-yutengl-dev-202-3-0:2318751:2318751 [0] NCCL INFO ncclTopoGetCpuAffinity: Affinity for GPU 0 is 0-47,96-143. (GPU affinity = 0-47,96-143 ; CPU affinity = 0-191pluto-prod-yutengl-dev-202-3-0:2318752:2318752 [1] NCCL INFO ENV/Plugin: Could not find: libnccl-env.so
pluto-prod-yutengl-dev-202-3-0:2318752:2318752 [1] NCCL INFO cudaDriverVersion 13000
pluto-prod-yutengl-dev-202-3-0:2318752:2318752 [1] NCCL INFO Bootstrap: Using eth0:10.91.207.160<0>
pluto-prod-yutengl-dev-202-3-0:2318752:2318752 [1] NCCL INFO NCCL version 2.29.7+cuda13.2
pluto-prod-yutengl-dev-202-3-0:2318752:2318752 [1] NCCL INFO NCCL git version stable b81d6a5a3
pluto-prod-yutengl-dev-202-3-0:2318752:2318752 [1] NCCL INFO Comm config Blocking set to 1
pluto-prod-yutengl-dev-202-3-0:2318752:2318752 [1] NCCL INFO NET/Plugin: Loaded net plugin Libfabric (v10)
pluto-prod-yutengl-dev-202-3-0:2318752:2318752 [1] NCCL INFO Successfully loaded external network plugin /opt/aws-ofi-nccl/install/lib/libnccl-net.so
pluto-prod-yutengl-dev-202-3-0:2318752:2318752 [1] NCCL INFO NET/OFI Initializing aws-ofi-nccl 1.16.1
pluto-prod-yutengl-dev-202-3-0:2318752:2318752 [1] NCCL INFO NET/OFI Using Libfabric version 2.1
pluto-prod-yutengl-dev-202-3-0:2318752:2318752 [1] NCCL INFO NET/OFI Using CUDA driver version 13000 with runtime 12080
pluto-prod-yutengl-dev-202-3-0:2318752:2318752 [1] NCCL INFO NET/OFI Configuring AWS-specific options
pluto-prod-yutengl-dev-202-3-0:2318752:2318752 [1] NCCL INFO NET/OFI Internode latency set at 75.0 us
pluto-prod-yutengl-dev-202-3-0:2318752:2318752 [1] NCCL INFO NET/OFI Using transport protocol RDMA (platform set)
pluto-prod-yutengl-dev-202-3-0:2318752:2318752 [1] NCCL INFO NET/OFI No eligible providers were found

[2026-09-15 17:29:15] pluto-prod-yutengl-dev-202-3-0:2318752:2318752 [1] int nccl_net_ofi_create_plugin(nccl_net_ofi_plugin_t**):215 NCCL WARN NET/OFI Failed to initialize rdma protocol

[2026-09-15 17:29:15] pluto-prod-yutengl-dev-202-3-0:2318752:2318752 [1] int nccl_net_ofi_create_plugin(nccl_net_ofi_plugin_t**):352 NCCL WARN NET/OFI aws-ofi-nccl initialization failed

[2026-09-15 17:29:15] pluto-prod-yutengl-dev-202-3-0:2318752:2318752 [1] ncclResult_t nccl_net_ofi_init_v6(ncclDebugLogger_t):166 NCCL WARN NET/OFI Initializing plugin failed
pluto-prod-yutengl-dev-202-3-0:2318752:2318752 [1] NCCL INFO plugin/net/net_v10.cc:82 -> 2
pluto-prod-yutengl-dev-202-3-0:2318752:2318752 [1] NCCL INFO Failed to initialize NET plugin Libfabric
pluto-prod-yutengl-dev-202-3-0:2318752:2318752 [1] NCCL INFO NET/IB : No device found.
pluto-prod-yutengl-dev-202-3-0:2318752:2318752 [1] NCCL INFO NET/IB : Using [RO]; OOB eth0:10.91.207.160<0>
pluto-prod-yutengl-dev-202-3-0:2318752:2318752 [1] NCCL INFO Failed to initialize NET plugin IB
pluto-prod-yutengl-dev-202-3-0:2318752:2318752 [1] NCCL INFO NET/Socket : Using [0]eth0:10.91.207.160<0>
pluto-prod-yutengl-dev-202-3-0:2318752:2318752 [1] NCCL INFO Initialized NET plugin Socket
pluto-prod-yutengl-dev-202-3-0:2318752:2318752 [1] NCCL INFO Assigned NET plugin Socket to comm
pluto-prod-yutengl-dev-202-3-0:2318752:2318752 [1] NCCL INFO GIN/Plugin: Could not find: libnccl-gin.so
pluto-prod-yutengl-dev-202-3-0:2318752:2318752 [1] NCCL INFO Successfully loaded external gin plugin /opt/aws-ofi-nccl/install/lib/libnccl-net.so
pluto-prod-yutengl-dev-202-3-0:2318752:2318752 [1] NCCL INFO Failed to initialize any GIN plugin
pluto-prod-yutengl-dev-202-3-0:2318752:2318752 [1] NCCL INFO Using network Socket
pluto-prod-yutengl-dev-202-3-0:2318752:2318752 [1] NCCL INFO [Rank 1] ncclCommInitRankConfig comm 0x558f717a1fa0 rank 1 nranks 2 cudaDev 1 nvmlDev 1 busId 75000 commId 0x1a38896e1ad058d1 - Init START
pluto-prod-yutengl-dev-202-3-0:2318752:2318752 [1] NCCL INFO RAS client listening socket at ::1<28028>
pluto-prod-yutengl-dev-202-3-0:2318752:2318752 [1] NCCL INFO Bootstrap timings total 0.001119 (create 0.000067, send 0.000104, recv 0.000308, ring 0.000032, delay 0.000001)
pluto-prod-yutengl-dev-202-3-0:2318752:2318752 [1] NCCL INFO MNNVL busId 0x75000 fabric UUID 0.0 cliqueId 0x0 state 3 healthMask 0x0
pluto-prod-yutengl-dev-202-3-0:2318752:2318752 [1] NCCL INFO ncclTopoGetCpuAffinity: Affinity for GPU 1 is 0-47,96-143. (GPU affinity = 0-47,96-143 ; CPU affinity = 0-191).
pluto-prod-yutengl-dev-202-3-0:2318751:2318751 [0] NCCL INFO NVLS multicast support is available on dev 0 (NVLS_NCHANNELS 16)
pluto-prod-yutengl-dev-202-3-0:2318751:2318751 [0] NCCL INFO comm 0x562da1321dc0 rank 0 nRanks 2 nNodes 1 localRanks 2 localRank 0 MNNVL 0
pluto-prod-yutengl-dev-202-3-0:2318751:2318751 [0] NCCL INFO Channel 00/24 : 0 1
pluto-prod-yutengl-dev-202-3-0:2318751:2318751 [0] NCCL INFO Channel 01/24 : 0 1
pluto-prod-yutengl-dev-202-3-0:2318751:2318751 [0] NCCL INFO Channel 02/24 : 0 1
pluto-prod-yutengl-dev-202-3-0:2318751:2318751 [0] NCCL INFO Channel 03/24 : 0 1
pluto-prod-yutengl-dev-202-3-0:2318751:2318751 [0] NCCL INFO Channel 04/24 : 0 1
pluto-prod-yutengl-dev-202-3-0:2318751:2318751 [0] NCCL INFO Channel 05/24 : 0 1
pluto-prod-yutengl-dev-202-3-0:2318751:2318751 [0] NCCL INFO Channel 06/24 : 0 1
pluto-prod-yutengl-dev-202-3-0:2318751:2318751 [0] NCCL INFO Channel 07/24 : 0 1
pluto-prod-yutengl-dev-202-3-0:2318751:2318751 [0] NCCL INFO Channel 08/24 : 0 1
pluto-prod-yutengl-dev-202-3-0:2318751:2318751 [0] NCCL INFO Channel 09/24 : 0 1
pluto-prod-yutengl-dev-202-3-0:2318751:2318751 [0] NCCL INFO Channel 10/24 : 0 1
pluto-prod-yutengl-dev-202-3-0:2318751:2318751 [0] NCCL INFO Channel 11/24 : 0 1
pluto-prod-yutengl-dev-202-3-0:2318751:2318751 [0] NCCL INFO Channel 12/24 : 0 1
pluto-prod-yutengl-dev-202-3-0:2318751:2318751 [0] NCCL INFO Channel 13/24 : 0 1
pluto-prod-yutengl-dev-202-3-0:2318751:2318751 [0] NCCL INFO Channel 14/24 : 0 1
pluto-prod-yutengl-dev-202-3-0:2318751:2318751 [0] NCCL INFO Channel 15/24 : 0 1
pluto-prod-yutengl-dev-202-3-0:2318751:2318751 [0] NCCL INFO Channel 16/24 : 0 1
pluto-prod-yutengl-dev-202-3-0:2318751:2318751 [0] NCCL INFO Channel 17/24 : 0 1
pluto-prod-yutengl-dev-202-3-0:2318751:2318751 [0] NCCL INFO Channel 18/24 : 0 1
pluto-prod-yutengl-dev-202-3-0:2318751:2318751 [0] NCCL INFO Channel 19/24 : 0 1
pluto-prod-yutengl-dev-202-3-0:2318751:2318751 [0] NCCL INFO Channel 20/24 : 0 1
pluto-prod-yutengl-dev-202-3-0:2318751:2318751 [0] NCCL INFO Channel 21/24 : 0 1
pluto-prod-yutengl-dev-202-3-0:2318751:2318751 [0] NCCL INFO Channel 22/24 : 0 1
pluto-prod-yutengl-dev-202-3-0:2318751:2318751 [0] NCCL INFO Channel 23/24 : 0 1
pluto-prod-yutengl-dev-202-3-0:2318751:2318751 [0] NCCL INFO Trees [0] 1/-1/-1->0->-1 [1] 1/-1/-1->0->-1 [2] 1/-1/-1->0->-1 [3] 1/-1/-1->0->-1 [4] 1/-1/-1->0->-1 [5] 1/-1/-1->0->-1 [6] -1/-1/-1->0->1 [7] -1/-1/-1->0->1 [8] -1/-1/-1->0->1 [9] -1/-1/-1->0->1 [10] -1/-1/-1->0->1 [11] -1/-1/-1->0->1 [12] 1/-1/-1->0->-1 [13] 1/-1/-1->0->-1 [14] 1/-1/-1->0->-1 [15] 1/-1/-1->0->-1 [16] 1/-1/-1->0->-1 [17] 1/-1/-1->0->-1 [18] -1/-1/-1->0->1 [19] -1/-1/-1->0->1 [20] -1/-1/-1->0->1 [21] -1/-1/-1->0->1 [22] -1/-1/-1->0->1 [23] -1/-1/-1->0->1
pluto-prod-yutengl-dev-202-3-0:2318751:2318751 [0] NCCL INFO P2P Chunksize set to 524288
pluto-prod-yutengl-dev-202-3-0:2318751:2318751 [0] NCCL INFO PROFILER/Plugin: Could not find: libnccl-profiler.so
pluto-prod-yutengl-dev-202-3-0:2318751:2318751 [0] NCCL INFO Check P2P Type isAllDirectP2p 1 directMode 0 isAllCudaP2p 1
pluto-prod-yutengl-dev-202-3-0:2318751:2319293 [0] NCCL INFO [Proxy Service] Device 0 CPU core 114
pluto-prod-yutengl-dev-202-3-0:2318751:2319294 [0] NCCL INFO [Proxy Service UDS] Device 0 CPU core 131
pluto-prod-yutengl-dev-202-3-0:2318751:2318751 [0] NCCL INFO TUNER/Plugin: Could not find: libnccl-tuner.so
pluto-prod-yutengl-dev-202-3-0:2318751:2318751 [0] NCCL INFO TUNER/Plugin: Using nccl_ofi_tuner (v3)
pluto-prod-yutengl-dev-202-3-0:2318751:2318751 [0] NCCL INFO NET/OFI Region base Tuner is chosen for platform: p5.48xlarge
pluto-prod-yutengl-dev-202-3-0:2318751:2318751 [0] NCCL INFO NET/OFI Region Tuner init (platform 0): comm with 2 ranks and 1 nodes.
pluto-prod-yutengl-dev-202-3-0:2318751:2318751 [0] NCCL INFO NET/OFI Tuner init: comm with 2 ranks and 1 nodes.
pluto-prod-yutengl-dev-202-3-0:2318751:2318751 [0] NCCL INFO threadThresholds 8/8/64 | 16/8/64 | 512 | 512
pluto-prod-yutengl-dev-202-3-0:2318751:2318751 [0] NCCL INFO 24 coll channels, 24 collnet channels, 16 nvls channels, 32 p2p channels, 32 ).
pluto-prod-yutengl-dev-202-3-0:2318752:2318752 [1] NCCL INFO NVLS multicast support is available on dev 1 (NVLS_NCHANNELS 16)
pluto-prod-yutengl-dev-202-3-0:2318752:2318752 [1] NCCL INFO comm 0x558f717a1fa0 rank 1 nRanks 2 nNodes 1 localRanks 2 localRank 1 MNNVL 0
pluto-prod-yutengl-dev-202-3-0:2318752:2318752 [1] NCCL INFO Trees [0] -1/-1/-1->1->0 [1] -1/-1/-1->1->0 [2] -1/-1/-1->1->0 [3] -1/-1/-1->1->0 [4] -1/-1/-1->1->0 [5] -1/-1/-1->1->0 [6] 0/-1/-1->1->-1 [7] 0/-1/-1->1->-1 [8] 0/-1/-1->1->-1 [9] 0/-1/-1->1->-1 [10] 0/-1/-1->1->-1 [11] 0/-1/-1->1->-1 [12] -1/-1/-1->1->0 [13] -1/-1/-1->1->0 [14] -1/-1/-1->1->0 [15] -1/-1/-1->1->0 [16] -1/-1/-1->1->0 [17] -1/-1/-1->1->0 [18] 0/-1/-1->1->-1 [19] 0/-1/-1->1->-1 [20] 0/-1/-1->1->-1 [21] 0/-1/-1->1->-1 [22] 0/-1/-1->1->-1 [23] 0/-1/-1->1->-1
pluto-prod-yutengl-dev-202-3-0:2318752:2318752 [1] NCCL INFO P2P Chunksize set to 524288
pluto-prod-yutengl-dev-202-3-0:2318752:2318752 [1] NCCL INFO PROFILER/Plugin: Could not find: libnccl-profiler.so
pluto-prod-yutengl-dev-202-3-0:2318752:2318752 [1] NCCL INFO Check P2P Type isAllDirectP2p 1 directMode 0 isAllCudaP2p 1
pluto-prod-yutengl-dev-202-3-0:2318752:2319295 [0] NCCL INFO [Proxy Service] Device 1 CPU core 11
pluto-prod-yutengl-dev-202-3-0:2318752:2319296 [0] NCCL INFO [Proxy Service UDS] Device 1 CPU core 5
pluto-prod-yutengl-dev-202-3-0:2318752:2318752 [1] NCCL INFO TUNER/Plugin: Could not find: libnccl-tuner.so
pluto-prod-yutengl-dev-202-3-0:2318752:2318752 [1] NCCL INFO TUNER/Plugin: Using nccl_ofi_tuner (v3)
pluto-prod-yutengl-dev-202-3-0:2318752:2318752 [1] NCCL INFO NET/OFI Region base Tuner is chosen for platform: p5.48xlarge
pluto-prod-yutengl-dev-202-3-0:2318752:2318752 [1] NCCL INFO NET/OFI Region Tuner init (platform 0): comm with 2 ranks and 1 nodes.
pluto-prod-yutengl-dev-202-3-0:2318752:2318752 [1] NCCL INFO NET/OFI Tuner init: comm with 2 ranks and 1 nodes.
pluto-prod-yutengl-dev-202-3-0:2318752:2318752 [1] NCCL INFO threadThresholds 8/8/64 | 16/8/64 | 512 | 512
pluto-prod-yutengl-dev-202-3-0:2318752:2318752 [1] NCCL INFO 24 coll channels, 24 collnet channels, 16 nvls channels, 32 p2p channels, 32 p2p channels per peer
pluto-prod-yutengl-dev-202-3-0:2318752:2318752 [1] NCCL INFO Symmetric VA size=80GB
pluto-prod-yutengl-dev-202-3-0:2318752:2318752 [1] NCCL INFO ncclCommInitRankConfig comm 0x558f717a1fa0 rank 1 nranks 2 cudaDev 1 nvmlDev 1 busId 75000 commId 0x1a38896e1ad058d1 - Init COMPLETE
pluto-prod-yutengl-dev-202-3-0:2318752:2318752 [1] NCCL INFO Init timings - ncclCommInitRankConfig: rank 1 nranks 2 total 0.54 (kernels 0.32, alloc 0.08, bootstrap 0.00, allgathers 0.00, topo 0.02, graphs 0.00, connections 0.11, rest 0.01)
pluto-prod-yutengl-dev-202-3-0:2318752:2318752 [1] NCCL INFO Comm config Blocking set to 1
pluto-prod-yutengl-dev-202-3-0:2318752:2318752 [1] NCCL INFO Initialized NET plugin Socket
pluto-prod-yutengl-dev-202-3-0:2318752:2318752 [1] NCCL INFO Assigned NET plugin Socket to comm
pluto-prod-yutengl-dev-202-3-0:2318752:2318752 [1] NCCL INFO Failed to initialize any GIN plugin
pluto-prod-yutengl-dev-202-3-0:2318752:2318752 [1] NCCL INFO Using network Socket
pluto-prod-yutengl-dev-202-3-0:2318752:2318752 [1] NCCL INFO ncclCommSplit comm 0x558f795dbd70 rank 1 nranks 2 cudaDev 1 nvmlDev 1 busId 75000 parent 0x558f717a1fa0 childCount 1 color 2130503744 key 1- Init START
pluto-prod-yutengl-dev-202-3-0:2318752:2318752 [1] NCCL INFO MNNVL busId 0x75000 fabric UUID 0.0 cliqueId 0x0 state 3 healthMask 0x0
pluto-prod-yutengl-dev-202-3-0:2318752:2318752 [1] NCCL INFO ncclTopoGetCpuAffinity: Affinity for GPU 1 is 0-47,96-143. (GPU affinity = 0-47,96-143 ; CPU affinity = 0-47,96-143).
pluto-prod-yutengl-dev-202-3-0:2318752:2318752 [1] NCCL INFO NVLS multicast support is available on dev 1 (NVLS_NCHANNELS 16)
pluto-prod-yutengl-dev-202-3-0:2318752:2318752 [1] NCCL INFO comm 0x558f795dbd70 rank 1 nRanks 2 nNodes 1 localRanks 2 localRank 1 MNNVL 0
pluto-prod-yutengl-dev-202-3-0:2318752:2318752 [1] NCCL INFO Trees [0] -1/-1/-1->1->0 [1] -1/-1/-1->1->0 [2] -1/-1/-1->1->0 [3] -1/-1/-1->1->0 [4] -1/-1/-1->1->p2p channels per peer
pluto-prod-yutengl-dev-202-3-0:2318751:2318751 [0] NCCL INFO Symmetric VA size=80GB
pluto-prod-yutengl-dev-202-3-0:2318751:2318751 [0] NCCL INFO CC Off, workFifoBytes 1048576
pluto-prod-yutengl-dev-202-3-0:2318751:2318751 [0] NCCL INFO ncclCommInitRankConfig comm 0x562da1321dc0 rank 0 nranks 2 cudaDev 0 nvmlDev 0 busId 64000 commId 0x1a38896e1ad058d1 - Init COMPLETE
pluto-prod-yutengl-dev-202-3-0:2318751:2318751 [0] NCCL INFO Init timings - ncclCommInitRankConfig: rank 0 nranks 2 total 0.54 (kernels 0.32, alloc 0.08, bootstrap 0.00, allgathers 0.00, topo 0.02, graphs 0.00, connections 0.11, rest 0.01)
pluto-prod-yutengl-dev-202-3-0:2318751:2318751 [0] NCCL INFO Comm config Blocking set to 1
pluto-prod-yutengl-dev-202-3-0:2318751:2318751 [0] NCCL INFO Initialized NET plugin Socket
pluto-prod-yutengl-dev-202-3-0:2318751:2318751 [0] NCCL INFO Assigned NET plugin Socket to comm
pluto-prod-yutengl-dev-202-3-0:2318751:2318751 [0] NCCL INFO Failed to initialize any GIN plugin
pluto-prod-yutengl-dev-202-3-0:2318751:2318751 [0] NCCL INFO Using network Socket
pluto-prod-yutengl-dev-202-3-0:2318751:2318751 [0] NCCL INFO ncclCommSplit comm 0x562da915c010 rank 0 nranks 2 cudaDev 0 nvmlDev 0 busId 64000 parent 0x562da1321dc0 childCount 1 color 2130503744 key 0- Init START
pluto-prod-yutengl-dev-202-3-0:2318751:2318751 [0] NCCL INFO MNNVL busId 0x64000 fabric UUID 0.0 cliqueId 0x0 state 3 healthMask 0x0
pluto-prod-yutengl-dev-202-3-0:2318751:2318751 [0] NCCL INFO ncclTopoGetCpuAffinity: Affinity for GPU 0 is 0-47,96-143. (GPU affinity = 0-47,96-143 ; CPU affinity = 0-47,96-143).
pluto-prod-yutengl-dev-202-3-0:2318751:2318751 [0] NCCL INFO NVLS multicast support is available on dev 0 (NVLS_NCHANNELS 16)
pluto-prod-yutengl-dev-202-3-0:2318751:2318751 [0] NCCL INFO comm 0x562da915c010 rank 0 nRanks 2 nNodes 1 localRanks 2 localRank 0 MNNVL 0
pluto-prod-yutengl-dev-202-3-0:2318751:2318751 [0] NCCL INFO Channel 00/24 : 0 1
pluto-prod-yutengl-dev-202-3-0:2318751:2318751 [0] NCCL INFO Channel 01/24 : 0 1
pluto-prod-yutengl-dev-202-3-0:2318751:2318751 [0] NCCL INFO Channel 02/24 : 0 1
pluto-prod-yutengl-dev-202-3-0:2318751:2318751 [0] NCCL INFO Channel 03/24 : 0 1
pluto-prod-yutengl-dev-202-3-0:2318751:2318751 [0] NCCL INFO Channel 04/24 : 0 1
pluto-prod-yutengl-dev-202-3-0:2318751:2318751 [0] NCCL INFO Channel 05/24 : 0 1
pluto-prod-yutengl-dev-202-3-0:2318751:2318751 [0] NCCL INFO Channel 06/24 : 0 1
pluto-prod-yutengl-dev-202-3-0:2318751:2318751 [0] NCCL INFO Channel 07/24 : 0 1
pluto-prod-yutengl-dev-202-3-0:2318751:2318751 [0] NCCL INFO Channel 08/24 : 0 1
pluto-prod-yutengl-dev-202-3-0:2318751:2318751 [0] NCCL INFO Channel 09/24 : 0 1
pluto-prod-yutengl-dev-202-3-0:2318751:2318751 [0] NCCL INFO Channel 10/24 : 0 1
pluto-prod-yutengl-dev-202-3-0:2318751:2318751 [0] NCCL INFO Channel 11/24 : 0 1
pluto-prod-yutengl-dev-202-3-0:2318751:2318751 [0] NCCL INFO Channel 12/24 : 0 1
pluto-prod-yutengl-dev-202-3-0:2318751:2318751 [0] NCCL INFO Channel 13/24 : 0 1
pluto-prod-yutengl-dev-202-3-0:2318751:2318751 [0] NCCL INFO Channel 14/24 : 0 1
pluto-prod-yutengl-dev-202-3-0:2318751:2318751 [0] NCCL INFO Channel 15/24 : 0 1
pluto-prod-yutengl-dev-202-3-0:2318751:2318751 [0] NCCL INFO Channel 16/24 : 0 1
pluto-prod-yutengl-dev-202-3-0:2318751:2318751 [0] NCCL INFO Channel 17/24 : 0 1
pluto-prod-yutengl-dev-202-3-0:2318751:2318751 [0] NCCL INFO Channel 18/24 : 0 1
pluto-prod-yutengl-dev-202-3-0:2318751:2318751 [0] NCCL INFO Channel 19/24 : 0 1
pluto-prod-yutengl-dev-202-3-0:2318751:2318751 [0] NCCL INFO Channel 20/24 : 0 1
pluto-prod-yutengl-dev-202-3-0:2318751:2318751 [0] NCCL INFO Channel 21/24 : 0 1
pluto-prod-yutengl-dev-202-3-0:2318751:2318751 [0] NCCL INFO Channel 22/24 : 0 1
pluto-prod-yutengl-dev-202-3-0:2318751:2318751 [0] NCCL INFO Channel 23/24 : 0 1
pluto-prod-yutengl-dev-202-3-0:2318751:2318751 [0] NCCL INFO Trees [0] 1/-1/-1->0->-1 [1] 1/-1/-1->0->-1 [2] 1/-1/-1->0->-1 [3] 1/-1/-1->0->-1 [4] 1/-1/-1->0->-1 [5] 1/-1/-1->0->-1 [6] -1/-1/-1->0->1 [7] -1/-1/-1->0->1 [8] -1/-1/-1->0->1 [9] -1/-1/-1->0->1 [10] -1/-1/-1->0-[09-15 17:29:15] Found nccl from library libnccl.so.2
[09-15 17:29:15] sglang-diffusion is using nccl==2.29.7
>1 [11] -1/-1/-1->0->1 [12] 1/-1/-1->0->-1 [13] 1/-1/-1->0->-1 [14] 1/-1/-1->0->-1 [15] 1/-1/-1->0->-1 [16] 1/-1/-1->0->-1 [17] 1/-1/-1->0->-1 [18] -1/-1/-1->0->1 [19] -1/-1/-1->0->1 [20] -1/-1/-1->0->1 [21] -1/-1/-1->0->1 [22] -1/-1/-1->0->1 [23] -1/-1/-1->0->1
pluto-prod-yutengl-dev-202-3-0:2318751:2318751 [0] NCCL INFO P2P Chunksize set to 524288
pluto-prod-yutengl-dev-202-3-0:2318751:2318751 [0] NCCL INFO Check P2P Type isAllDirectP2p 1 directMode 0 isAllCudaP2p 1
pluto-prod-yutengl-dev-202-3-0:2318751:2319310 [0] NCCL INFO [Proxy Service] Device 0 CPU core 122
pluto-prod-yutengl-dev-202-3-0:2318751:2319311 [0] NCCL INFO [Proxy Service UDS] Device 0 CPU core 37
pluto-prod-yutengl-dev-202-3-0:2318751:2318751 [0] NCCL INFO NET/OFI Region base Tuner is chosen for platform: p5.48xlarge
pluto-prod-yutengl-dev-202-3-0:2318751:2318751 [0] NCCL INFO NET/OFI Region Tuner init (platform 0): comm with 2 ranks and 1 nodes.
pluto-prod-yutengl-dev-202-3-0:2318751:2318751 [0] NCCL INFO NET/OFI Tuner init: comm with 2 ranks and 1 nodes.
pluto-prod-yutengl-dev-202-3-0:2318751:2318751 [0] NCCL INFO threadThresholds 8/8/64 | 16/8/64 | 512 | 512
pluto-prod-yutengl-dev-202-3-0:2318751:2318751 [0] NCCL INFO 24 coll channels, 24 collnet channels, 16 nvls channels, 32 p2p channels, 32 p2p channels per peer
pluto-prod-yutengl-dev-202-3-0:2318751:2318751 [0] NCCL INFO Symmetric VA size=80GB
pluto-prod-yutengl-dev-202-3-0:2318751:2318751 [0] NCCL INFO CC Off, workFifoBytes 1048576
pluto-prod-yutengl-dev-202-3-0:2318751:2318751 [0] NCCL INFO ncclCommSplit comm 0x562da915c010 rank 0 nranks 2 cudaDev 0 nvmlDev 0 busId 64000 parent 0x562da1321dc0 childCount 1 color 2130503744 key 0 - Init COMPLETE
pluto-prod-yutengl-dev-202-3-0:2318751:2318751 [0] NCCL INFO Init timings - ncclCommSplit: rank 0 nranks 2 total 0.12 (kernels 0.00, alloc 0.00, bootstrap 0.00, allgathers 0.00, topo 0.02, graphs 0.00, connections 0.09, rest 0.01)
pluto-prod-yutengl-dev-202-3-0:2318751:2318751 [0] NCCL INFO Initialized NET plugin Socket
pluto-prod-yutengl-dev-202-3-0:2318751:2318751 [0] NCCL INFO Assigned NET plugin Socket to comm
pluto-prod-yutengl-dev-202-3-0:2318751:2318751 [0] NCCL INFO Failed to initialize any GIN plugin
pluto-prod-yutengl-dev-202-3-0:2318751:2318751 [0] NCCL INFO Using network Socket
pluto-prod-yutengl-dev-202-3-0:2318751:2318751 [0] NCCL INFO [Rank 0] ncclCommInitRank comm 0x562da9508570 rank 0 nranks 2 cudaDev 0 nvmlDev 0 busId 64000 commId 0xb9f7927ae1c1e502 - Init START
pluto-prod-yutengl-dev-202-3-0:2318751:2318751 [0] NCCL INFO Bootstrap timings total 0.000845 (create 0.000055, send 0.000122, recv 0.000330, ring 0.000037, delay 0.000000)
pluto-prod-yutengl-dev-202-3-0:2318751:2318751 [0] NCCL INFO MNNVL busId 0x64000 fabric UUID 0.0 cliqueId 0x0 state 3 healthMask 0x0
pluto-prod-yutengl-dev-202-3-0:2318751:2318751 [0] NCCL INFO ncclTopoGetCpuAffinity: Affinity for GPU 0 is 0-47,96-143. (GPU affinity = 0-47,96-143 ; CPU affinity = 0-47,96-143).
pluto-prod-yutengl-dev-202-3-0:2318751:2318751 [0] NCCL INFO NVLS multicast support is available on dev 0 (NVLS_NCHANNELS 16)
pluto-prod-yutengl-dev-202-3-0:2318751:2318751 [0] NCCL INFO comm 0x562da9508570 rank 0 nRanks 2 nNodes 1 localRanks 2 localRank 0 MNNVL 0
pluto-prod-yutengl-dev-202-3-0:2318751:2318751 [0] NCCL INFO Channel 00/24 : 0 1
pluto-prod-yutengl-dev-202-3-0:2318751:2318751 [0] NCCL INFO Channel 01/24 : 0 1
pluto-prod-yutengl-dev-202-3-0:2318751:2318751 [0] NCCL INFO Channel 02/24 : 0 1
pluto-prod-yutengl-dev-202-3-0:2318751:2318751 [0] NCCL INFO Channel 03/24 : 0 1
pluto-prod-yutengl-dev-202-3-0:2318751:2318751 [0] NCCL INFO Channel 04/24 : 0 1
pluto-prod-yutengl-dev-202-3-0:2318751:2318751 [0] NCCL INFO Channel 05/24 : 0 1
pluto-prod-yutengl-dev-202-3-0:2318751:2318751 [0] NCCL INFO Channel 06/24 : 0 1
pluto-prod-yutengl-dev-202-3-0:2318751:2318751 [0] NCCL INFO Channel 07/24 : 0 1
pluto-prod-yutengl-dev-202-3-0:2318751:2318751 [0] NCCL INFO Channel 08/24 : 0 1
pluto-prod-yutengl-dev-202-3-0:2318751:2318751 [0] NCCL INFO Channel 09/24 : 0 1
pluto-prod-yutengl-dev-202-3-0:2318751:2318750 [5] -1/-1/-1->1->0 [6] 0/-1/-1->1->-1 [7] 0/-1/-1->1->-1 [8] 0/-1/-1->1->-1 [9] 0/-1/-1->1->-1 [10] 0/-1/-1->1->-1 [11] 0/-1/-1->1->-1 [12] -1/-1/-1->1->0 [13] -1/-1/-1->1->0 [14] -1/-1/-1->1->0 [15] -1/-1/-1->1->0 [16] -1/-1/-1->1->0 [17] -1/-1/-1->1->0 [18] 0/-1/-1->1->-1 [19] 0/-1/-1->1->-1 [20] 0/-1/-1->1->-1 [21] 0/-1/-1->1->-1 [22] 0/-1/-1->1->-1 [23] 0/-1/-1->1->-1
pluto-prod-yutengl-dev-202-3-0:2318752:2318752 [1] NCCL INFO P2P Chunksize set to 524288
pluto-prod-yutengl-dev-202-3-0:2318752:2318752 [1] NCCL INFO Check P2P Type isAllDirectP2p 1 directMode 0 isAllCudaP2p 1
pluto-prod-yutengl-dev-202-3-0:2318752:2319308 [0] NCCL INFO [Proxy Service] Device 1 CPU core 138
pluto-prod-yutengl-dev-202-3-0:2318752:2319309 [0] NCCL INFO [Proxy Service UDS] Device 1 CPU core 11
pluto-prod-yutengl-dev-202-3-0:2318752:2318752 [1] NCCL INFO NET/OFI Region base Tuner is chosen for platform: p5.48xlarge
pluto-prod-yutengl-dev-202-3-0:2318752:2318752 [1] NCCL INFO NET/OFI Region Tuner init (platform 0): comm with 2 ranks and 1 nodes.
pluto-prod-yutengl-dev-202-3-0:2318752:2318752 [1] NCCL INFO NET/OFI Tuner init: comm with 2 ranks and 1 nodes.
pluto-prod-yutengl-dev-202-3-0:2318752:2318752 [1] NCCL INFO threadThresholds 8/8/64 | 16/8/64 | 512 | 512
pluto-prod-yutengl-dev-202-3-0:2318752:2318752 [1] NCCL INFO 24 coll channels, 24 collnet channels, 16 nvls channels, 32 p2p channels, 32 p2p channels per peer
pluto-prod-yutengl-dev-202-3-0:2318752:2318752 [1] NCCL INFO Symmetric VA size=80GB
pluto-prod-yutengl-dev-202-3-0:2318752:2318752 [1] NCCL INFO ncclCommSplit comm 0x558f795dbd70 rank 1 nranks 2 cudaDev 1 nvmlDev 1 busId 75000 parent 0x558f717a1fa0 childCount 1 color 2130503744 key 1 - Init COMPLETE
pluto-prod-yutengl-dev-202-3-0:2318752:2318752 [1] NCCL INFO Init timings - ncclCommSplit: rank 1 nranks 2 total 0.12 (kernels 0.00, alloc 0.00, bootstrap 0.00, allgathers 0.00, topo 0.02, graphs 0.00, connections 0.09, rest 0.01)
pluto-prod-yutengl-dev-202-3-0:2318752:2318752 [1] NCCL INFO Initialized NET plugin Socket
pluto-prod-yutengl-dev-202-3-0:2318752:2318752 [1] NCCL INFO Assigned NET plugin Socket to comm
pluto-prod-yutengl-dev-202-3-0:2318752:2318752 [1] NCCL INFO Failed to initialize any GIN plugin
pluto-prod-yutengl-dev-202-3-0:2318752:2318752 [1] NCCL INFO Using network Socket
pluto-prod-yutengl-dev-202-3-0:2318752:2318752 [1] NCCL INFO [Rank 1] ncclCommInitRank comm 0x558f79988620 rank 1 nranks 2 cudaDev 1 nvmlDev 1 busId 75000 commId 0xb9f7927ae1c1e502 - Init START
pluto-prod-yutengl-dev-202-3-0:2318752:2318752 [1] NCCL INFO Bootstrap timings total 0.000650 (create 0.000065, send 0.000104, recv 0.000267, ring 0.000030, delay 0.000000)
pluto-prod-yutengl-dev-202-3-0:2318752:2318752 [1] NCCL INFO MNNVL busId 0x75000 fabric UUID 0.0 cliqueId 0x0 state 3 healthMask 0x0
pluto-prod-yutengl-dev-202-3-0:2318752:2318752 [1] NCCL INFO ncclTopoGetCpuAffinity: Affinity for GPU 1 is 0-47,96-143. (GPU affinity = 0-47,96-143 ; CPU affinity = 0-47,96-143).
pluto-prod-yutengl-dev-202-3-0:2318752:2318752 [1] NCCL INFO NVLS multicast support is available on dev 1 (NVLS_NCHANNELS 16)
pluto-prod-yutengl-dev-202-3-0:2318752:2318752 [1] NCCL INFO comm 0x558f79988620 rank 1 nRanks 2 nNodes 1 localRanks 2 localRank 1 MNNVL 0
pluto-prod-yutengl-dev-202-3-0:2318752:2318752 [1] NCCL INFO Trees [0] -1/-1/-1->1->0 [1] -1/-1/-1->1->0 [2] -1/-1/-1->1->0 [3] -1/-1/-1->1->0 [4] -1/-1/-1->1->0 [5] -1/-1/-1->1->0 [6] 0/-1/-1->1->-1 [7] 0/-1/-1->1->-1 [8] 0/-1/-1->1->-1 [9] 0/-1/-1->1->-1 [10] 0/-1/-1->1->-1 [11] 0/-1/-1->1->-1 [12] -1/-1/-1->1->0 [13] -1/-1/-1->1->0 [14] -1/-1/-1->1->0 [15] -1/-1/-1->1->0 [16] -1/-1/-1->1->0 [17] -1/-1/-1->1->0 [18] 0/-1/-1->1->-1 [19] 0/-1/-1->1->-1 [20] 0/-1/-1->1->-1 [21] 0/-1/-1->1->-1 [22] 0/-1/-1->1->-1 [23] 0/-1/-1->1->-1
pluto-prod-yutengl-dev-202-3-0:2318752:2318752 [1] NCCL INFO P2P Chunksize set to 524288
pluto-prod-yutengl-dev-202-3-0:2318752:2318752 [1] NCCL INFO Check P2P Type isAllDirectP2p 1 directMode 0 isAllCudaP2p 1
pluto-prod-yutengl-dev-202-3-0:2318752:2319320 [0] NCCL INFO [Proxy Service] Device 11 [0] NCCL INFO Channel 10/24 : 0 1
pluto-prod-yutengl-dev-202-3-0:2318751:2318751 [0] NCCL INFO Channel 11/24 : 0 1
pluto-prod-yutengl-dev-202-3-0:2318751:2318751 [0] NCCL INFO Channel 12/24 : 0 1
pluto-prod-yutengl-dev-202-3-0:2318751:2318751 [0] NCCL INFO Channel 13/24 : 0 1
pluto-prod-yutengl-dev-202-3-0:2318751:2318751 [0] NCCL INFO Channel 14/24 : 0 1
pluto-prod-yutengl-dev-202-3-0:2318751:2318751 [0] NCCL INFO Channel 15/24 : 0 1
pluto-prod-yutengl-dev-202-3-0:2318751:2318751 [0] NCCL INFO Channel 16/24 : 0 1
pluto-prod-yutengl-dev-202-3-0:2318751:2318751 [0] NCCL INFO Channel 17/24 : 0 1
pluto-prod-yutengl-dev-202-3-0:2318751:2318751 [0] NCCL INFO Channel 18/24 : 0 1
pluto-prod-yutengl-dev-202-3-0:2318751:2318751 [0] NCCL INFO Channel 19/24 : 0 1
pluto-prod-yutengl-dev-202-3-0:2318751:2318751 [0] NCCL INFO Channel 20/24 : 0 1
pluto-prod-yutengl-dev-202-3-0:2318751:2318751 [0] NCCL INFO Channel 21/24 : 0 1
pluto-prod-yutengl-dev-202-3-0:2318751:2318751 [0] NCCL INFO Channel 22/24 : 0 1
pluto-prod-yutengl-dev-202-3-0:2318751:2318751 [0] NCCL INFO Channel 23/24 : 0 1
pluto-prod-yutengl-dev-202-3-0:2318751:2318751 [0] NCCL INFO Trees [0] 1/-1/-1->0->-1 [1] 1/-1/-1->0->-1 [2] 1/-1/-1->0->-1 [3] 1/-1/-1->0->-1 [4] 1/-1/-1->0->-1 [5] 1/-1/-1->0->-1 [6] -1/-1/-1->0->1 [7] -1/-1/-1->0->1 [8] -1/-1/-1->0->1 [9] -1/-1/-1->0->1 [10] -1/-1/-1->0->1 [11] -1/-1/-1->0->1 [12] 1/-1/-1->0->-1 [13] 1/-1/-1->0->-1 [14] 1/-1/-1->0->-1 [15] 1/-1/-1->0->-1 [16] 1/-1/-1->0->-1 [17] 1/-1/-1->0->-1 [18] -1/-1/-1->0->1 [19] -1/-1/-1->0->1 [20] -1/-1/-1->0->1 [21] -1/-1/-1->0->1 [22] -1/-1/-1->0->1 [23] -1/-1/-1->0->1
pluto-prod-yutengl-dev-202-3-0:2318751:2318751 [0] NCCL INFO P2P Chunksize set to 524288
pluto-prod-yutengl-dev-202-3-0:2318751:2318751 [0] NCCL INFO Check P2P Type isAllDirectP2p 1 directMode 0 isAllCudaP2p 1
pluto-prod-yutengl-dev-202-3-0:2318751:2319319 [0] NCCL INFO [Proxy Service] Device 0 CPU core 39
pluto-prod-yutengl-dev-202-3-0:2318751:2319321 [0] NCCL INFO [Proxy Service UDS] Device 0 CPU core 97
pluto-prod-yutengl-dev-202-3-0:2318751:2318751 [0] NCCL INFO NET/OFI Region base Tuner is chosen for platform: p5.48xlarge
pluto-prod-yutengl-dev-202-3-0:2318751:2318751 [0] NCCL INFO NET/OFI Region Tuner init (platform 0): comm with 2 ranks and 1 nodes.
pluto-prod-yutengl-dev-202-3-0:2318751:2318751 [0] NCCL INFO NET/OFI Tuner init: comm with 2 ranks and 1 nodes.
pluto-prod-yutengl-dev-202-3-0:2318751:2318751 [0] NCCL INFO threadThresholds 8/8/64 | 16/8/64 | 512 | 512
pluto-prod-yutengl-dev-202-3-0:2318751:2318751 [0] NCCL INFO 24 coll channels, 24 collnet channels, 16 nvls channels, 32 p2p channels, 32 p2p channels per peer
pluto-prod-yutengl-dev-202-3-0:2318751:2318751 [0] NCCL INFO Symmetric VA size=80GB
pluto-prod-yutengl-dev-202-3-0:2318751:2318751 [0] NCCL INFO CC Off, workFifoBytes 1048576
pluto-prod-yutengl-dev-202-3-0:2318751:2318751 [0] NCCL INFO ncclCommInitRank comm 0x562da9508570 rank 0 nranks 2 cudaDev 0 nvmlDev 0 busId 64000 commId 0xb9f7927ae1c1e502 - Init COMPLETE
pluto-prod-yutengl-dev-202-3-0:2318751:2318751 [0] NCCL INFO Init timings - ncclCommInitRank: rank 0 nranks 2 total 0.11 (kernels 0.00, alloc 0.00, bootstrap 0.00, allgathers 0.00, topo 0.02, graphs 0.00, connections 0.08, rest 0.01)
pluto-prod-yutengl-dev-202-3-0:2318751:2318751 [0] NCCL INFO Symmetric VA size=80GB
pluto-prod-yutengl-dev-202-3-0:2318751:2318751 [0] NCCL INFO Channel 00/0 : 0[0] -> 1[1] via P2P/CUMEM
pluto-prod-yutengl-dev-202-3-0:2318751:2318751 [0] NCCL INFO Channel 01/0 : 0[0] -> 1[1] via P2P/CUMEM
pluto-prod-yutengl-dev-202-3-0:2318751:2318751 [0] NCCL INFO Channel 02/0 : 0[0] -> 1[1] via P2P/CUMEM
pluto-prod-yutengl-dev-202-3-0:2318751:2318751 [0] NCCL INFO Channel 03/0 : 0[0] -> 1[1] via P2P/CUMEM
pluto-prod-yutengl-dev-202-3-0:2318751:2318751 [0] NCCL INFO Channel 04/0 : 0[0] -> 1[1] via P2P/CUMEM
pluto-prod-yutengl-dev-202-3-0:2318751:2318751 [0] NCCL INFO Channel 05/0 : 0[0] -> 1[1] via P2P/CUMEM
pluto-prod-yutengl-dev-202-3-0:2318751:2318751 [0] NCCL INFO Channel 06/0 : 0[0] -> 1[1] via P2P/CUMEM
pluto-prod-yutengl-dev-202-3-0:2318751:2318751 [0] NCCL INFO Channel 07/0 : 0[0] -> 1[1] via P2P/CUMEM
pluto-prod-yutengl-dev-202-3-0:2318751:2318751 [0] NCCL INFO Channel 08/0 : 0[0] -> 1[1] via P2P/CUMEM
pluto-prod-yutengl-dev-202-3-0:2318751:2318751 [0] NCCL INFO Channel 09/0 : 0[0] -> 1[1] via P2P/CUMEM
pluto-prod-yutengl-dev-202-3-0:2318751:2318751 [0] NCCL INFO Channel 10/0 : 0[0] -> 1[1] via P2P/CUMEM
pluto-prod-yutengl-dev-202-3-0:2318751:2318751 [0] NCCL INFO Channel 11/0 : 0[0] -> 1[1] via P2P/CUMEM
pluto-prod-yutengl-dev-202-3-0:2318751:2318751 [0] NCCL INFO Channel 12/0 : 0[0] -> 1[1] via P2P/CUMEM
pluto-prod-yutengl-dev-202-3-0:2318751:2318751 [0] NCCL INFO Channel 13/0 : 0[0] -> 1[1] via P2P/CUMEM
pluto-prod-yutengl-dev-202-3-0:2318751:2318751 [0] NCCL INFO Channel 14/0 : 0[0] -> 1[1] via P2P/CUMEM
pluto-prod-yutengl-dev-202-3-0:2318751:2318751 [0] NCCL INFO Channel 15/0 : 0[0] -> 1[1] via P2P/CUMEM
pluto-prod-yutengl-dev-202-3-0:2318751:2318751 [0] NCCL INFO Channel 16/0 : 0[0] -> 1[1] via P2P/CUMEM
pluto-prod-yutengl-dev-202-3-0:2318751:2318751 [0] NCCL INFO Channel 17/0 : 0[0] -> 1[1] via P2P/CUMEM
pluto-prod-yutengl-dev-202-3-0:2318751:2318751 [0] NCCL INFO Channel 18/0 : 0[0] -> 1[1] via P2P/CUMEM
pluto-prod-yutengl-dev-202-3-0:2318751:2318751 [0] NCCL INFO Channel 19/0 : 0[0] -> 1[1] via P2P/CUMEM
pluto-prod-yutengl-dev-202-3-0:2318751:2318751 [0] NCCL INFO Channel 20/0 : 0[0] -> 1[1] via P2P/CUMEM
pluto-prod-yutengl-dev-202-3-0:2318751:2318751 [0] NCCL INFO Channel 21/0 : 0[0] -> 1[1] via P2P/CUMEM
pluto-prod-yutengl-dev-202-3-0:2318751:2318751 [0] NCCL INFO Channel 22/0 : 0[0] -> 1[1] via P2P/CUMEM
pluto-prod-yutengl-dev-202-3-0:2318751:2318751 [0] NCCL INFO Channel 23/0 : 0[0] -> 1[1] via P2P/CUMEM
pluto-prod-yutengl-dev-202-3-0:2318751:2318751 [0] NCCL INFO Connected all rings, use ring PXN 0 GDR 1
pluto-prod-yutengl-dev-202-3-0:2318751:2318751 [0] NCCL INFO Rank 0 has color with NCCL_SPLIT_NOCOLOR, not creating a new communicator
pluto-prod-yutengl-dev-202-3-0:2318751:2318751 [0] NCCL INFO Rank 0 has color with NCCL_SPLIT_NOCOLOR, not creating a new communicator
pluto-prod-yutengl-dev-202-3-0:2318751:2318751 [0] NCCL INFO Comm config Blocking set to 1
pluto-prod-yutengl-dev-202-3-0:2318751:2318751 [0] NCCL INFO Initialized NET plugin Socket
pluto-prod-yutengl-dev-202-3-0:2318751:2318751 [0] NCCL INFO Assigned NET plugin Socket to comm
pluto-prod-yutengl-dev-202-3-0:2318751:2318751 [0] NCCL INFO Failed to initialize any GIN plugin
pluto-prod-yutengl-dev-202-3-0:2318751:2318751 [0] NCCL INFO Using network Socket
pluto-prod-yutengl-dev-202-3-0:2318751:2318751 [0] NCCL INFO ncclCommSplit comm 0x562daa457720 rank 0 nranks 2 cudaDev 0 nvmlDev 0 busId 64000 parent 0x562da1321dc0 childCount 4 color 2130503744 key 0- Init START
pluto-prod-yutengl-dev-202-3-0:2318751:2318751 [0] NCCL INFO MNNVL busId 0x64000 fabric UUID 0.0 cliqueId 0x0 state 3 healthMask 0x0
pluto-prod-yutengl-dev-202-3-0:2318751:2318751 [0] NCCL INFO ncclTopoGetCpuAffinity: Affinity for GPU 0 is 0-47,96-143. (GPU affinity = 0-47,96-143 ; CPU affinity = 0-47,96-143).
pluto-prod-yutengl-dev-202-3-0:2318751:2318751 [0] NCCL INFO NVLS multicast support is available on dev 0 (NVLS_NCHANNELS 16)
pluto-prod-yutengl-dev-202-3-0:2318751:2318751 [0] NCCL INFO comm 0x562daa457720 rank 0 nRanks 2 nNodes 1 localRanks 2 localRank 0 MNNVL 0
pluto-prod-yutengl-dev-202-3-0:2318751:2318751 [0] NCCL INFO Channel 00/24 : 0 1
pluto-prod-yutengl-dev-202-3-0:2318751:2318751 [0] NCCL INFO Channel 01/24 : 0 1
pluto-prod-yutengl-dev-202-3-0:2318751:2318751 [0] NCCL INFO Channel 02/24 : 0 1
pluto-prod-yutengl-dev-202-3-0:2318751:2318751 [0] NCCL INFO Channel 03/24 : 0 1
pluto-prod-yutengl-dev-202-3-0:2318751:2318751 [0] NCCL INFO Channel 04/24 : 0 1
pluto-prod-yutengl-dev-202-3-0:2318751:2318751 [0] NCCL INFO Channel 05/24 : 0 1
pluto-prod-yutengl-dev-202-3-0:2318751:2318751 [0] NCCL INFO Channel 06/24 : 0 1
pluto-prod-yutengl-dev-202-3-0:2318751:2318751 [0] NCCL INFO Channel 07/24 : 0 1
pluto-prod-yutengl-dev-202-3-0:2318751:2318751 [0] NCCL INFO Channel 08/24 : 0 1
pluto-prod-yutengl-d[09-15 17:29:16] Found nccl from library libnccl.so.2
[09-15 17:29:16] sglang-diffusion is using nccl==2.29.7
ev-202-3-0:2318751:2318751 [0] NCCL INFO Channel 09/24 : 0 1
pluto-prod-yutengl-dev-202-3-0:2318751:2318751 [0] NCCL INFO Channel 10/24 : 0 1
pluto-prod-yutengl-dev-202-3-0:2318751:2318751 [0] NCCL INFO Channel 11/24 : 0 1
pluto-prod-yutengl-dev-202-3-0:2318751:2318751 [0] NCCL INFO Channel 12/24 : 0 1
pluto-prod-yutengl-dev-202-3-0:2318751:2318751 [0] NCCL INFO Channel 13/24 : 0 1
pluto-prod-yutengl-dev-202-3-0:2318751:2318751 [0] NCCL INFO Channel 14/24 : 0 1
pluto-prod-yutengl-dev-202-3-0:2318751:2318751 [0] NCCL INFO Channel 15/24 : 0 1
pluto-prod-yutengl-dev-202-3-0:2318751:2318751 [0] NCCL INFO Channel 16/24 : 0 1
pluto-prod-yutengl-dev-202-3-0:2318751:2318751 [0] NCCL INFO Channel 17/24 : 0 1
pluto-prod-yutengl-dev-202-3-0:2318751:2318751 [0] NCCL INFO Channel 18/24 : 0 1
pluto-prod-yutengl-dev-202-3-0:2318751:2318751 [0] NCCL INFO Channel 19/24 : 0 1
pluto-prod-yutengl-dev-202-3-0:2318751:2318751 [0] NCCL INFO Channel 20/24 : 0 1
pluto-prod-yutengl-dev-202-3-0:2318751:2318751 [0] NCCL INFO Channel 21/24 : 0 1
pluto-prod-yutengl-dev-202-3-0:2318751:2318751 [0] NCCL INFO Channel 22/24 : 0 1
pluto-prod-yutengl-dev-202-3-0:2318751:2318751 [0] NCCL INFO Channel 23/24 : 0 1
pluto-prod-yutengl-dev-202-3-0:2318751:2318751 [0] NCCL INFO Trees [0] 1/-1/-1->0->-1 [1] 1/-1/-1->0->-1 [2] 1/-1/-1->0->-1 [3] 1/-1/-1->0->-1 [4] 1/-1/-1->0->-1 [5] 1/-1/-1->0->-1 [6] -1/-1/-1->0->1 [7] -1/-1/-1->0->1 [8] -1/-1/-1->0->1 [9] -1/-1/-1->0->1 [10] -1/-1/-1->0->1 [11] -1/-1/-1->0->1 [12] 1/-1/-1->0->-1 [13] 1/-1/-1->0->-1 [14] 1/-1/-1->0->-1 [15] 1/-1/-1->0->-1 [16] 1/-1/-1->0->-1 [17] 1/-1/-1->0->-1 [18] -1/-1/-1->0->1 [19] -1/-1/-1->0->1 [20] -1/-1/-1->0->1 [21] -1/-1/-1->0->1 [22] -1/-1/-1->0->1 [23] -1/-1/-1->0->1
pluto-prod-yutengl-dev-202-3-0:2318751:2318751 [0] NCCL INFO P2P Chunksize set to 524288
pluto-prod-yutengl-dev-202-3-0:2318751:2318751 [0] NCCL INFO Check P2P Type isAllDirectP2p 1 directMode 0 isAllCudaP2p 1
pluto-prod-yutengl-dev-202-3-0:2318751:2319356 [0] NCCL INFO [Proxy Service] Device 0 CPU core 22
pluto-prod-yutengl-dev-202-3-0:2318751:2319358 [0] NCCL INFO [Proxy Service UDS] Device 0 CPU core 110
pluto-prod-yutengl-dev-202-3-0:2318751:2318751 [0] NCCL INFO NET/OFI Region base Tuner is chosen for platform: p5.48xlarge
pluto-prod-yutengl-dev-202-3-0:2318751:2318751 [0] NCCL INFO NET/OFI Region Tuner init (platform 0): comm with 2 ranks and 1 nodes.
pluto-prod-yutengl-dev-202-3-0:2318751:2318751 [0] NCCL INFO NET/OFI Tuner init: comm with 2 ranks and 1 nodes.
pluto-prod-yutengl-dev-202-3-0:2318751:2318751 [0] NCCL INFO threadThresholds 8/8/64 | 16/8/64 | 512 | 512
pluto-prod-yutengl-dev-202-3-0:2318751:2318751 [0] NCCL INFO 24 coll channels, 24 collnet channels, 16 nvls channels, 32 p2p channels, 32 p2p channels per peer
pluto-prod-yutengl-dev-202-3-0:2318751:2318751 [0] NCCL INFO Symmetric VA size=80GB
pluto-prod-yutengl-dev-202-3-0:2318751:2318751 [0] NCCL INFO CC Off, workFifoBytes 1048576
pluto-prod-yutengl-dev-202-3-0:2318751:2318751 [0] NCCL INFO ncclCommSplit comm 0x562daa457720 rank 0 nranks 2 cudaDev 0 nvmlDev 0 busId 64000 parent 0x562da1321dc0 childCount 4 color 2130503744 key 0 - Init COMPLETE
pluto-prod-yutengl-dev-202-3-0:2318751:2318751 [0] NCCL INFO Init timings - ncclCommSplit: rank 0 nranks 2 total 0.12 (kernels 0.00, alloc 0.00, bootstrap 0.00, allgathers 0.00, topo 0.02, graphs 0.00, connections 0.08, rest 0.01)
pluto-prod-yutengl-dev-202-3-0:2318751:2318751 [0] NCCL INFO Initialized NET plugin Socket
pluto-prod-yutengl-dev-202-3-0:2318751:2318751 [0] NCCL INFO Assigned NET plugin Socket to comm
pluto-prod-yutengl-dev-202-3-0:2318751:2318751 [0] NCCL INFO Failed to initialize any GIN plugin
pluto-prod-yutengl-dev-202-3-0:2318751:2318751 [0] NCCL INFO Using network Socket
pluto-prod-yutengl-dev-202-3-0:2318751:2318751 [0] NCCL INFO [Rank 0] ncclCommInitRank comm 0x562daa804250 rank 0 nranks 2 cudaDev 0 nvmlDev 0 busId 64000 commId 0xacba373882cfdfc7 - Init START
pluto-prod-yutengl-dev-202-3-0:2318751:2318751 [0] NCCL INFO Bootstrap timings total 0.000832 (create 0.000054, send 0.000194, recv 0.001] NCCL INFO Rank 1 has color with NCCL_SPLIT_NOCOLOR, not creating a new communicator
pluto-prod-yutengl-dev-202-3-0:2318752:2318752 [1] NCCL INFO Comm config Blocking set to 1
pluto-prod-yutengl-dev-202-3-0:2318752:2318752 [1] NCCL INFO Initialized NET plugin Socket
pluto-prod-yutengl-dev-202-3-0:2318752:2318752 [1] NCCL INFO Assigned NET plugin Socket to comm
pluto-prod-yutengl-dev-202-3-0:2318752:2318752 [1] NCCL INFO Failed to initialize any GIN plugin
pluto-prod-yutengl-dev-202-3-0:2318752:2318752 [1] NCCL INFO Using network Socket
pluto-prod-yutengl-dev-202-3-0:2318752:2318752 [1] NCCL INFO ncclCommSplit comm 0x558f7a8d7a80 rank 1 nranks 2 cudaDev 1 nvmlDev 1 busId 75000 parent 0x558f717a1fa0 childCount 4 color 2130503744 key 1- Init START
pluto-prod-yutengl-dev-202-3-0:2318752:2318752 [1] NCCL INFO MNNVL busId 0x75000 fabric UUID 0.0 cliqueId 0x0 state 3 healthMask 0x0
pluto-prod-yutengl-dev-202-3-0:2318752:2318752 [1] NCCL INFO ncclTopoGetCpuAffinity: Affinity for GPU 1 is 0-47,96-143. (GPU affinity = 0-47,96-143 ; CPU affinity = 0-47,96-143).
pluto-prod-yutengl-dev-202-3-0:2318752:2318752 [1] NCCL INFO NVLS multicast support is available on dev 1 (NVLS_NCHANNELS 16)
pluto-prod-yutengl-dev-202-3-0:2318752:2318752 [1] NCCL INFO comm 0x558f7a8d7a80 rank 1 nRanks 2 nNodes 1 localRanks 2 localRank 1 MNNVL 0
pluto-prod-yutengl-dev-202-3-0:2318752:2318752 [1] NCCL INFO Trees [0] -1/-1/-1->1->0 [1] -1/-1/-1->1->0 [2] -1/-1/-1->1->0 [3] -1/-1/-1->1->0 [4] -1/-1/-1->1->0 [5] -1/-1/-1->1->0 [6] 0/-1/-1->1->-1 [7] 0/-1/-1->1->-1 [8] 0/-1/-1->1->-1 [9] 0/-1/-1->1->-1 [10] 0/-1/-1->1->-1 [11] 0/-1/-1->1->-1 [12] -1/-1/-1->1->0 [13] -1/-1/-1->1->0 [14] -1/-1/-1->1->0 [15] -1/-1/-1->1->0 [16] -1/-1/-1->1->0 [17] -1/-1/-1->1->0 [18] 0/-1/-1->1->-1 [19] 0/-1/-1->1->-1 [20] 0/-1/-1->1->-1 [21] 0/-1/-1->1->-1 [22] 0/-1/-1->1->-1 [23] 0/-1/-1->1->-1
pluto-prod-yutengl-dev-202-3-0:2318752:2318752 [1] NCCL INFO P2P Chunksize set to 524288
pluto-prod-yutengl-dev-202-3-0:2318752:2318752 [1] NCCL INFO Check P2P Type isAllDirectP2p 1 directMode 0 isAllCudaP2p 1
pluto-prod-yutengl-dev-202-3-0:2318752:2319355 [0] NCCL INFO [Proxy Service] Device 1 CPU core 96
pluto-prod-yutengl-dev-202-3-0:2318752:2319357 [0] NCCL INFO [Proxy Service UDS] Device 1 CPU core 40
pluto-prod-yutengl-dev-202-3-0:2318752:2318752 [1] NCCL INFO NET/OFI Region base Tuner is chosen for platform: p5.48xlarge
pluto-prod-yutengl-dev-202-3-0:2318752:2318752 [1] NCCL INFO NET/OFI Region Tuner init (platform 0): comm with 2 ranks and 1 nodes.
pluto-prod-yutengl-dev-202-3-0:2318752:2318752 [1] NCCL INFO NET/OFI Tuner init: comm with 2 ranks and 1 nodes.
pluto-prod-yutengl-dev-202-3-0:2318752:2318752 [1] NCCL INFO threadThresholds 8/8/64 | 16/8/64 | 512 | 512
pluto-prod-yutengl-dev-202-3-0:2318752:2318752 [1] NCCL INFO 24 coll channels, 24 collnet channels, 16 nvls channels, 32 p2p channels, 32 p2p channels per peer
pluto-prod-yutengl-dev-202-3-0:2318752:2318752 [1] NCCL INFO Symmetric VA size=80GB
pluto-prod-yutengl-dev-202-3-0:2318752:2318752 [1] NCCL INFO ncclCommSplit comm 0x558f7a8d7a80 rank 1 nranks 2 cudaDev 1 nvmlDev 1 busId 75000 parent 0x558f717a1fa0 childCount 4 color 2130503744 key 1 - Init COMPLETE
pluto-prod-yutengl-dev-202-3-0:2318752:2318752 [1] NCCL INFO Init timings - ncclCommSplit: rank 1 nranks 2 total 0.11 (kernels 0.00, alloc 0.00, bootstrap 0.00, allgathers 0.00, topo 0.02, graphs 0.00, connections 0.08, rest 0.01)
pluto-prod-yutengl-dev-202-3-0:2318752:2318752 [1] NCCL INFO Initialized NET plugin Socket
pluto-prod-yutengl-dev-202-3-0:2318752:2318752 [1] NCCL INFO Assigned NET plugin Socket to comm
pluto-prod-yutengl-dev-202-3-0:2318752:2318752 [1] NCCL INFO Failed to initialize any GIN plugin
pluto-prod-yutengl-dev-202-3-0:2318752:2318752 [1] NCCL INFO Using network Socket
pluto-prod-yutengl-dev-202-3-0:2318752:2318752 [1] NCCL INFO [Rank 1] ncclCommInitRank comm 0x558f7ac836d0 rank 1 nranks 2 cudaDev 1 nvmlDev 1 busId 75000 commId 0xacba373882cfdfc7 - Init START
pluto-prod-yutengl-dev-202-3-0:2318752:2318752 [1] NCCL INFO Bootstrap timings total 0.000251, ring 0.000027, delay 0.000000)
pluto-prod-yutengl-dev-202-3-0:2318751:2318751 [0] NCCL INFO MNNVL busId 0x64000 fabric UUID 0.0 cliqueId 0x0 state 3 healthMask 0x0
pluto-prod-yutengl-dev-202-3-0:2318751:2318751 [0] NCCL INFO ncclTopoGetCpuAffinity: Affinity for GPU 0 is 0-47,96-143. (GPU affinity = 0-47,96-143 ; CPU affinity = 0-47,96-143).
pluto-prod-yutengl-dev-202-3-0:2318751:2318751 [0] NCCL INFO NVLS multicast support is available on dev 0 (NVLS_NCHANNELS 16)
pluto-prod-yutengl-dev-202-3-0:2318751:2318751 [0] NCCL INFO comm 0x562daa804250 rank 0 nRanks 2 nNodes 1 localRanks 2 localRank 0 MNNVL 0
pluto-prod-yutengl-dev-202-3-0:2318751:2318751 [0] NCCL INFO Channel 00/24 : 0 1
pluto-prod-yutengl-dev-202-3-0:2318751:2318751 [0] NCCL INFO Channel 01/24 : 0 1
pluto-prod-yutengl-dev-202-3-0:2318751:2318751 [0] NCCL INFO Channel 02/24 : 0 1
pluto-prod-yutengl-dev-202-3-0:2318751:2318751 [0] NCCL INFO Channel 03/24 : 0 1
pluto-prod-yutengl-dev-202-3-0:2318751:2318751 [0] NCCL INFO Channel 04/24 : 0 1
pluto-prod-yutengl-dev-202-3-0:2318751:2318751 [0] NCCL INFO Channel 05/24 : 0 1
pluto-prod-yutengl-dev-202-3-0:2318751:2318751 [0] NCCL INFO Channel 06/24 : 0 1
pluto-prod-yutengl-dev-202-3-0:2318751:2318751 [0] NCCL INFO Channel 07/24 : 0 1
pluto-prod-yutengl-dev-202-3-0:2318751:2318751 [0] NCCL INFO Channel 08/24 : 0 1
pluto-prod-yutengl-dev-202-3-0:2318751:2318751 [0] NCCL INFO Channel 09/24 : 0 1
pluto-prod-yutengl-dev-202-3-0:2318751:2318751 [0] NCCL INFO Channel 10/24 : 0 1
pluto-prod-yutengl-dev-202-3-0:2318751:2318751 [0] NCCL INFO Channel 11/24 : 0 1
pluto-prod-yutengl-dev-202-3-0:2318751:2318751 [0] NCCL INFO Channel 12/24 : 0 1
pluto-prod-yutengl-dev-202-3-0:2318751:2318751 [0] NCCL INFO Channel 13/24 : 0 1
pluto-prod-yutengl-dev-202-3-0:2318751:2318751 [0] NCCL INFO Channel 14/24 : 0 1
pluto-prod-yutengl-dev-202-3-0:2318751:2318751 [0] NCCL INFO Channel 15/24 : 0 1
pluto-prod-yutengl-dev-202-3-0:2318751:2318751 [0] NCCL INFO Channel 16/24 : 0 1
pluto-prod-yutengl-dev-202-3-0:2318751:2318751 [0] NCCL INFO Channel 17/24 : 0 1
pluto-prod-yutengl-dev-202-3-0:2318751:2318751 [0] NCCL INFO Channel 18/24 : 0 1
pluto-prod-yutengl-dev-202-3-0:2318751:2318751 [0] NCCL INFO Channel 19/24 : 0 1
pluto-prod-yutengl-dev-202-3-0:2318751:2318751 [0] NCCL INFO Channel 20/24 : 0 1
pluto-prod-yutengl-dev-202-3-0:2318751:2318751 [0] NCCL INFO Channel 21/24 : 0 1
pluto-prod-yutengl-dev-202-3-0:2318751:2318751 [0] NCCL INFO Channel 22/24 : 0 1
pluto-prod-yutengl-dev-202-3-0:2318751:2318751 [0] NCCL INFO Channel 23/24 : 0 1
pluto-prod-yutengl-dev-202-3-0:2318751:2318751 [0] NCCL INFO Trees [0] 1/-1/-1->0->-1 [1] 1/-1/-1->0->-1 [2] 1/-1/-1->0->-1 [3] 1/-1/-1->0->-1 [4] 1/-1/-1->0->-1 [5] 1/-1/-1->0->-1 [6] -1/-1/-1->0->1 [7] -1/-1/-1->0->1 [8] -1/-1/-1->0->1 [9] -1/-1/-1->0->1 [10] -1/-1/-1->0->1 [11] -1/-1/-1->0->1 [12] 1/-1/-1->0->-1 [13] 1/-1/-1->0->-1 [14] 1/-1/-1->0->-1 [15] 1/-1/-1->0->-1 [16] 1/-1/-1->0->-1 [17] 1/-1/-1->0->-1 [18] -1/-1/-1->0->1 [19] -1/-1/-1->0->1 [20] -1/-1/-1->0->1 [21] -1/-1/-1->0->1 [22] -1/-1/-1->0->1 [23] -1/-1/-1->0->1
pluto-prod-yutengl-dev-202-3-0:2318751:2318751 [0] NCCL INFO P2P Chunksize set to 524288
pluto-prod-yutengl-dev-202-3-0:2318751:2318751 [0] NCCL INFO Check P2P Type isAllDirectP2p 1 directMode 0 isAllCudaP2p 1
pluto-prod-yutengl-dev-202-3-0:2318751:2319367 [0] NCCL INFO [Proxy Service] Device 0 CPU core 100
pluto-prod-yutengl-dev-202-3-0:2318751:2319368 [0] NCCL INFO [Proxy Service UDS] Device 0 CPU core 36
pluto-prod-yutengl-dev-202-3-0:2318751:2318751 [0] NCCL INFO NET/OFI Region base Tuner is chosen for platform: p5.48xlarge
pluto-prod-yutengl-dev-202-3-0:2318751:2318751 [0] NCCL INFO NET/OFI Region Tuner init (platform 0): comm with 2 ranks and 1 nodes.
pluto-prod-yutengl-dev-202-3-0:2318751:2318751 [0] NCCL INFO NET/OFI Tuner init: comm with 2 ranks and 1 nodes.
pluto-prod-yutengl-dev-202-3-0:2318751:2318751 [0] NCCL INFO threadThresholds 8/8/64 | 16/8/64 | 512 | 512
pluto-prod-yutengl-dev-202-3-0:2318751:2318751 [0] NCCL INFO 24 coll channels, 24 collnet channels, 16 nvls channels0716 (create 0.000053, send 0.000094, recv 0.000362, ring 0.000026, delay 0.000000)
pluto-prod-yutengl-dev-202-3-0:2318752:2318752 [1] NCCL INFO MNNVL busId 0x75000 fabric UUID 0.0 cliqueId 0x0 state 3 healthMask 0x0
pluto-prod-yutengl-dev-202-3-0:2318752:2318752 [1] NCCL INFO ncclTopoGetCpuAffinity: Affinity for GPU 1 is 0-47,96-143. (GPU affinity = 0-47,96-143 ; CPU affinity = 0-47,96-143).
pluto-prod-yutengl-dev-202-3-0:2318752:2318752 [1] NCCL INFO NVLS multicast support is available on dev 1 (NVLS_NCHANNELS 16)
pluto-prod-yutengl-dev-202-3-0:2318752:2318752 [1] NCCL INFO comm 0x558f7ac836d0 rank 1 nRanks 2 nNodes 1 localRanks 2 localRank 1 MNNVL 0
pluto-prod-yutengl-dev-202-3-0:2318752:2318752 [1] NCCL INFO Trees [0] -1/-1/-1->1->0 [1] -1/-1/-1->1->0 [2] -1/-1/-1->1->0 [3] -1/-1/-1->1->0 [4] -1/-1/-1->1->0 [5] -1/-1/-1->1->0 [6] 0/-1/-1->1->-1 [7] 0/-1/-1->1->-1 [8] 0/-1/-1->1->-1 [9] 0/-1/-1->1->-1 [10] 0/-1/-1->1->-1 [11] 0/-1/-1->1->-1 [12] -1/-1/-1->1->0 [13] -1/-1/-1->1->0 [14] -1/-1/-1->1->0 [15] -1/-1/-1->1->0 [16] -1/-1/-1->1->0 [17] -1/-1/-1->1->0 [18] 0/-1/-1->1->-1 [19] 0/-1/-1->1->-1 [20] 0/-1/-1->1->-1 [21] 0/-1/-1->1->-1 [22] 0/-1/-1->1->-1 [23] 0/-1/-1->1->-1
pluto-prod-yutengl-dev-202-3-0:2318752:2318752 [1] NCCL INFO P2P Chunksize set to 524288
pluto-prod-yutengl-dev-202-3-0:2318752:2318752 [1] NCCL INFO Check P2P Type isAllDirectP2p 1 directMode 0 isAllCudaP2p 1
pluto-prod-yutengl-dev-202-3-0:2318752:2319366 [0] NCCL INFO [Proxy Service] Device 1 CPU core 100
pluto-prod-yutengl-dev-202-3-0:2318752:2319369 [0] NCCL INFO [Proxy Service UDS] Device 1 CPU core 36
pluto-prod-yutengl-dev-202-3-0:2318752:2318752 [1] NCCL INFO NET/OFI Region base Tuner is chosen for platform: p5.48xlarge
pluto-prod-yutengl-dev-202-3-0:2318752:2318752 [1] NCCL INFO NET/OFI Region Tuner init (platform 0): comm with 2 ranks and 1 nodes.
pluto-prod-yutengl-dev-202-3-0:2318752:2318752 [1] NCCL INFO NET/OFI Tuner init: comm with 2 ranks and 1 nodes.
pluto-prod-yutengl-dev-202-3-0:2318752:2318752 [1] NCCL INFO threadThresholds 8/8/64 | 16/8/64 | 512 | 512
pluto-prod-yutengl-dev-202-3-0:2318752:2318752 [1] NCCL INFO 24 coll channels, 24 collnet channels, 16 nvls channels, 32 p2p channels, 32 p2p channels per peer
pluto-prod-yutengl-dev-202-3-0:2318752:2318752 [1] NCCL INFO Symmetric VA size=80GB
pluto-prod-yutengl-dev-202-3-0:2318752:2318752 [1] NCCL INFO ncclCommInitRank comm 0x558f7ac836d0 rank 1 nranks 2 cudaDev 1 nvmlDev 1 busId 75000 commId 0xacba373882cfdfc7 - Init COMPLETE
pluto-prod-yutengl-dev-202-3-0:2318752:2318752 [1] NCCL INFO Init timings - ncclCommInitRank: rank 1 nranks 2 total 0.23 (kernels 0.00, alloc 0.00, bootstrap 0.00, allgathers 0.00, topo 0.02, graphs 0.00, connections 0.20, rest 0.01)
pluto-prod-yutengl-dev-202-3-0:2318752:2318752 [1] NCCL INFO Symmetric VA size=80GB
pluto-prod-yutengl-dev-202-3-0:2318752:2318752 [1] NCCL INFO Channel 00/0 : 1[1] -> 0[0] via P2P/CUMEM
pluto-prod-yutengl-dev-202-3-0:2318752:2318752 [1] NCCL INFO Channel 01/0 : 1[1] -> 0[0] via P2P/CUMEM
pluto-prod-yutengl-dev-202-3-0:2318752:2318752 [1] NCCL INFO Channel 02/0 : 1[1] -> 0[0] via P2P/CUMEM
pluto-prod-yutengl-dev-202-3-0:2318752:2318752 [1] NCCL INFO Channel 03/0 : 1[1] -> 0[0] via P2P/CUMEM
pluto-prod-yutengl-dev-202-3-0:2318752:2318752 [1] NCCL INFO Channel 04/0 : 1[1] -> 0[0] via P2P/CUMEM
pluto-prod-yutengl-dev-202-3-0:2318752:2318752 [1] NCCL INFO Channel 05/0 : 1[1] -> 0[0] via P2P/CUMEM
pluto-prod-yutengl-dev-202-3-0:2318752:2318752 [1] NCCL INFO Channel 06/0 : 1[1] -> 0[0] via P2P/CUMEM
pluto-prod-yutengl-dev-202-3-0:2318752:2318752 [1] NCCL INFO Channel 07/0 : 1[1] -> 0[0] via P2P/CUMEM
pluto-prod-yutengl-dev-202-3-0:2318752:2318752 [1] NCCL INFO Channel 08/0 : 1[1] -> 0[0] via P2P/CUMEM
pluto-prod-yutengl-dev-202-3-0:2318752:2318752 [1] NCCL INFO Channel 09/0 : 1[1] -> 0[0] via P2P/CUMEM
pluto-prod-yutengl-dev-202-3-0:2318752:2318752 [1] NCCL INFO Channel 10/0 : 1[1] -> 0[0] via P2P/CUMEM
pluto-prod-yutengl-dev-202-3-0:2318752:2318752 [1] NCCL INFO Channel 11/0 : 1[1] -> 0[0] via P2P/CUMEM
pluto-prod-yutengl-dev-202-, 32 p2p channels, 32 p2p channels per peer
pluto-prod-yutengl-dev-202-3-0:2318751:2318751 [0] NCCL INFO Symmetric VA size=80GB
pluto-prod-yutengl-dev-202-3-0:2318751:2318751 [0] NCCL INFO CC Off, workFifoBytes 1048576
pluto-prod-yutengl-dev-202-3-0:2318751:2318751 [0] NCCL INFO ncclCommInitRank comm 0x562daa804250 rank 0 nranks 2 cudaDev 0 nvmlDev 0 busId 64000 commId 0xacba373882cfdfc7 - Init COMPLETE
pluto-prod-yutengl-dev-202-3-0:2318751:2318751 [0] NCCL INFO Init timings - ncclCommInitRank: rank 0 nranks 2 total 0.23 (kernels 0.00, alloc 0.00, bootstrap 0.00, allgathers 0.00, topo 0.02, graphs 0.00, connections 0.20, rest 0.01)
pluto-prod-yutengl-dev-202-3-0:2318751:2318751 [0] NCCL INFO Symmetric VA size=80GB
pluto-prod-yutengl-dev-202-3-0:2318751:2318751 [0] NCCL INFO Channel 00/0 : 0[0] -> 1[1] via P2P/CUMEM
pluto-prod-yutengl-dev-202-3-0:2318751:2318751 [0] NCCL INFO Channel 01/0 : 0[0] -> 1[1] via P2P/CUMEM
pluto-prod-yutengl-dev-202-3-0:2318751:2318751 [0] NCCL INFO Channel 02/0 : 0[0] -> 1[1] via P2P/CUMEM
pluto-prod-yutengl-dev-202-3-0:2318751:2318751 [0] NCCL INFO Channel 03/0 : 0[0] -> 1[1] via P2P/CUMEM
pluto-prod-yutengl-dev-202-3-0:2318751:2318751 [0] NCCL INFO Channel 04/0 : 0[0] -> 1[1] via P2P/CUMEM
pluto-prod-yutengl-dev-202-3-0:2318751:2318751 [0] NCCL INFO Channel 05/0 : 0[0] -> 1[1] via P2P/CUMEM
pluto-prod-yutengl-dev-202-3-0:2318751:2318751 [0] NCCL INFO Channel 06/0 : 0[0] -> 1[1] via P2P/CUMEM
pluto-prod-yutengl-dev-202-3-0:2318751:2318751 [0] NCCL INFO Channel 07/0 : 0[0] -> 1[1] via P2P/CUMEM
pluto-prod-yutengl-dev-202-3-0:2318751:2318751 [0] NCCL INFO Channel 08/0 : 0[0] -> 1[1] via P2P/CUMEM
pluto-prod-yutengl-dev-202-3-0:2318751:2318751 [0] NCCL INFO Channel 09/0 : 0[0] -> 1[1] via P2P/CUMEM
pluto-prod-yutengl-dev-202-3-0:2318751:2318751 [0] NCCL INFO Channel 10/0 : 0[0] -> 1[1] via P2P/CUMEM
pluto-prod-yutengl-dev-202-3-0:2318751:2318751 [0] NCCL INFO Channel 11/0 : 0[0] -> 1[1] via P2P/CUMEM
pluto-prod-yutengl-dev-202-3-0:2318751:2318751 [0] NCCL INFO Channel 12/0 : 0[0] -> 1[1] via P2P/CUMEM
pluto-prod-yutengl-dev-202-3-0:2318751:2318751 [0] NCCL INFO Channel 13/0 : 0[0] -> 1[1] via P2P/CUMEM
pluto-prod-yutengl-dev-202-3-0:2318751:2318751 [0] NCCL INFO Channel 14/0 : 0[0] -> 1[1] via P2P/CUMEM
pluto-prod-yutengl-dev-202-3-0:2318751:2318751 [0] NCCL INFO Channel 15/0 : 0[0] -> 1[1] via P2P/CUMEM
pluto-prod-yutengl-dev-202-3-0:2318751:2318751 [0] NCCL INFO Channel 16/0 : 0[0] -> 1[1] via P2P/CUMEM
pluto-prod-yutengl-dev-202-3-0:2318751:2318751 [0] NCCL INFO Channel 17/0 : 0[0] -> 1[1] via P2P/CUMEM
pluto-prod-yutengl-dev-202-3-0:2318751:2318751 [0] NCCL INFO Channel 18/0 : 0[0] -> 1[1] via P2P/CUMEM
pluto-prod-yutengl-dev-202-3-0:2318751:2318751 [0] NCCL INFO Channel 19/0 : 0[0] -> 1[1] via P2P/CUMEM
pluto-prod-yutengl-dev-202-3-0:2318751:2318751 [0] NCCL INFO Channel 20/0 : 0[0] -> 1[1] via P2P/CUMEM
pluto-prod-yutengl-dev-202-3-0:2318751:2318751 [0] NCCL INFO Channel 21/0 : 0[0] -> 1[1] via P2P/CUMEM
pluto-prod-yutengl-dev-202-3-0:2318751:2318751 [0] NCCL INFO Channel 22/0 : 0[0] -> 1[1] via P2P/CUMEM
pluto-prod-yutengl-dev-202-3-0:2318751:2318751 [0] NCCL INFO Channel 23/0 : 0[0] -> 1[1] via P2P/CUMEM
pluto-prod-yutengl-dev-202-3-0:2318751:2318751 [0] NCCL INFO Connected all rings, use ring PXN 0 GDR 1
pluto-prod-yutengl-dev-202-3-0:2318751:2318751 [0] NCCL INFO Rank 0 has color with NCCL_SPLIT_NOCOLOR, not creating a new communicator
pluto-prod-yutengl-dev-202-3-0:2318751:2318751 [0] NCCL INFO Rank 0 has color with NCCL_SPLIT_NOCOLOR, not creating a new communicator
pluto-prod-yutengl-dev-202-3-0:2318751:2318751 [0] NCCL INFO Rank 0 has color with NCCL_SPLIT_NOCOLOR, not creating a new communicator
pluto-prod-yutengl-dev-202-3-0:2318751:2318751 [0] NCCL INFO Rank 0 has color with NCCL_SPLIT_NOCOLOR, not creating a new communicator
pluto-prod-yutengl-dev-202-3-0:2318751:2318751 [0] NCCL INFO Rank 0 has color with NCCL_SPLIT_NOCOLOR, not creating a new communicator
pluto-prod-yutengl-dev-202-3-0:2318751:2318751 [0] NCCL INFO Rank 0 has color with NCCL_SPLIT_NOCOLOR, not creating a new3-0:2318752:2318752 [1] NCCL INFO Channel 12/0 : 1[1] -> 0[0] via P2P/CUMEM
pluto-prod-yutengl-dev-202-3-0:2318752:2318752 [1] NCCL INFO Channel 13/0 : 1[1] -> 0[0] via P2P/CUMEM
pluto-prod-yutengl-dev-202-3-0:2318752:2318752 [1] NCCL INFO Channel 14/0 : 1[1] -> 0[0] via P2P/CUMEM
pluto-prod-yutengl-dev-202-3-0:2318752:2318752 [1] NCCL INFO Channel 15/0 : 1[1] -> 0[0] via P2P/CUMEM
pluto-prod-yutengl-dev-202-3-0:2318752:2318752 [1] NCCL INFO Channel 16/0 : 1[1] -> 0[0] via P2P/CUMEM
pluto-prod-yutengl-dev-202-3-0:2318752:2318752 [1] NCCL INFO Channel 17/0 : 1[1] -> 0[0] via P2P/CUMEM
pluto-prod-yutengl-dev-202-3-0:2318752:2318752 [1] NCCL INFO Channel 18/0 : 1[1] -> 0[0] via P2P/CUMEM
pluto-prod-yutengl-dev-202-3-0:2318752:2318752 [1] NCCL INFO Channel 19/0 : 1[1] -> 0[0] via P2P/CUMEM
pluto-prod-yutengl-dev-202-3-0:2318752:2318752 [1] NCCL INFO Channel 20/0 : 1[1] -> 0[0] via P2P/CUMEM
pluto-prod-yutengl-dev-202-3-0:2318752:2318752 [1] NCCL INFO Channel 21/0 : 1[1] -> 0[0] via P2P/CUMEM
pluto-prod-yutengl-dev-202-3-0:2318752:2318752 [1] NCCL INFO Channel 22/0 : 1[1] -> 0[0] via P2P/CUMEM
pluto-prod-yutengl-dev-202-3-0:2318752:2318752 [1] NCCL INFO Channel 23/0 : 1[1] -> 0[0] via P2P/CUMEM
pluto-prod-yutengl-dev-202-3-0:2318752:2318752 [1] NCCL INFO Connected all rings, use ring PXN 0 GDR 1
pluto-prod-yutengl-dev-202-3-0:2318752:2318752 [1] NCCL INFO Rank 1 has color with NCCL_SPLIT_NOCOLOR, not creating a new communicator
pluto-prod-yutengl-dev-202-3-0:2318752:2318752 [1] NCCL INFO Rank 1 has color with NCCL_SPLIT_NOCOLOR, not creating a new communicator
pluto-prod-yutengl-dev-202-3-0:2318752:2318752 [1] NCCL INFO Rank 1 has color with NCCL_SPLIT_NOCOLOR, not creating a new communicator
pluto-prod-yutengl-dev-202-3-0:2318752:2318752 [1] NCCL INFO Rank 1 has color with NCCL_SPLIT_NOCOLOR, not creating a new communicator
pluto-prod-yutengl-dev-202-3-0:2318752:2318752 [1] NCCL INFO Rank 1 has color with NCCL_SPLIT_NOCOLOR, not creating a new communicator
pluto-prod-yutengl-dev-202-3-0:2318752:2318752 [1] NCCL INFO Rank 1 has color with NCCL_SPLIT_NOCOLOR, not creating a new communicator
pluto-prod-yutengl-dev-202-3-0:2318752:2318752 [1] NCCL INFO Rank 1 has color with NCCL_SPLIT_NOCOLOR, not creating a new communicator
pluto-prod-yutengl-dev-202-3-0:2318752:2318752 [1] NCCL INFO Rank 1 has color with NCCL_SPLIT_NOCOLOR, not creating a new communicator
pluto-prod-yutengl-dev-202-3-0:2318752:2318752 [1] NCCL INFO Rank 1 has color with NCCL_SPLIT_NOCOLOR, not creating a new communicator
pluto-prod-yutengl-dev-202-3-0:2318752:2318752 [1] NCCL INFO Rank 1 has color with NCCL_SPLIT_NOCOLOR, not creating a new communicator
pluto-prod-yutengl-dev-202-3-0:2318752:2318752 [1] NCCL INFO Rank 1 has color with NCCL_SPLIT_NOCOLOR, not creating a new communicator
pluto-prod-yutengl-dev-202-3-0:2318752:2318752 [1] NCCL INFO Comm config Blocking set to 1
pluto-prod-yutengl-dev-202-3-0:2318752:2318752 [1] NCCL INFO Initialized NET plugin Socket
pluto-prod-yutengl-dev-202-3-0:2318752:2318752 [1] NCCL INFO Assigned NET plugin Socket to comm
pluto-prod-yutengl-dev-202-3-0:2318752:2318752 [1] NCCL INFO Failed to initialize any GIN plugin
pluto-prod-yutengl-dev-202-3-0:2318752:2318752 [1] NCCL INFO Using network Socket
pluto-prod-yutengl-dev-202-3-0:2318752:2318752 [1] NCCL INFO ncclCommSplit comm 0x558f7b0a1690 rank 1 nranks 2 cudaDev 1 nvmlDev 1 busId 75000 parent 0x558f717a1fa0 childCount 16 color 2130503744 key 1- Init START
pluto-prod-yutengl-dev-202-3-0:2318752:2318752 [1] NCCL INFO MNNVL busId 0x75000 fabric UUID 0.0 cliqueId 0x0 state 3 healthMask 0x0
pluto-prod-yutengl-dev-202-3-0:2318752:2318752 [1] NCCL INFO ncclTopoGetCpuAffinity: Affinity for GPU 1 is 0-47,96-143. (GPU affinity = 0-47,96-143 ; CPU affinity = 0-47,96-143).
pluto-prod-yutengl-dev-202-3-0:2318752:2318752 [1] NCCL INFO NVLS multicast support is available on dev 1 (NVLS_NCHANNELS 16)
pluto-prod-yutengl-dev-202-3-0:2318752:2318752 [1] NCCL INFO comm 0x558f7b0a1690 rank 1 nRanks 2 nNodes 1 localRanks 2 localRank 1 MNNVL 0
pluto-prod-yutengl-dev-202-3-0:2318752:2318752 [1]  communicator
pluto-prod-yutengl-dev-202-3-0:2318751:2318751 [0] NCCL INFO Rank 0 has color with NCCL_SPLIT_NOCOLOR, not creating a new communicator
pluto-prod-yutengl-dev-202-3-0:2318751:2318751 [0] NCCL INFO Rank 0 has color with NCCL_SPLIT_NOCOLOR, not creating a new communicator
pluto-prod-yutengl-dev-202-3-0:2318751:2318751 [0] NCCL INFO Rank 0 has color with NCCL_SPLIT_NOCOLOR, not creating a new communicator
pluto-prod-yutengl-dev-202-3-0:2318751:2318751 [0] NCCL INFO Rank 0 has color with NCCL_SPLIT_NOCOLOR, not creating a new communicator
pluto-prod-yutengl-dev-202-3-0:2318751:2318751 [0] NCCL INFO Rank 0 has color with NCCL_SPLIT_NOCOLOR, not creating a new communicator
pluto-prod-yutengl-dev-202-3-0:2318751:2318751 [0] NCCL INFO Comm config Blocking set to 1
pluto-prod-yutengl-dev-202-3-0:2318751:2318751 [0] NCCL INFO Initialized NET plugin Socket
pluto-prod-yutengl-dev-202-3-0:2318751:2318751 [0] NCCL INFO Assigned NET plugin Socket to comm
pluto-prod-yutengl-dev-202-3-0:2318751:2318751 [0] NCCL INFO Failed to initialize any GIN plugin
pluto-prod-yutengl-dev-202-3-0:2318751:2318751 [0] NCCL INFO Using network Socket
pluto-prod-yutengl-dev-202-3-0:2318751:2318751 [0] NCCL INFO ncclCommSplit comm 0x562daac21810 rank 0 nranks 2 cudaDev 0 nvmlDev 0 busId 64000 parent 0x562da1321dc0 childCount 16 color 2130503744 key 0- Init START
pluto-prod-yutengl-dev-202-3-0:2318751:2318751 [0] NCCL INFO MNNVL busId 0x64000 fabric UUID 0.0 cliqueId 0x0 state 3 healthMask 0x0
pluto-prod-yutengl-dev-202-3-0:2318751:2318751 [0] NCCL INFO ncclTopoGetCpuAffinity: Affinity for GPU 0 is 0-47,96-143. (GPU affinity = 0-47,96-143 ; CPU affinity = 0-47,96-143).
pluto-prod-yutengl-dev-202-3-0:2318751:2318751 [0] NCCL INFO NVLS multicast support is available on dev 0 (NVLS_NCHANNELS 16)
pluto-prod-yutengl-dev-202-3-0:2318751:2318751 [0] NCCL INFO comm 0x562daac21810 rank 0 nRanks 2 nNodes 1 localRanks 2 localRank 0 MNNVL 0
pluto-prod-yutengl-dev-202-3-0:2318751:2318751 [0] NCCL INFO Channel 00/24 : 0 1
pluto-prod-yutengl-dev-202-3-0:2318751:2318751 [0] NCCL INFO Channel 01/24 : 0 1
pluto-prod-yutengl-dev-202-3-0:2318751:2318751 [0] NCCL INFO Channel 02/24 : 0 1
pluto-prod-yutengl-dev-202-3-0:2318751:2318751 [0] NCCL INFO Channel 03/24 : 0 1
pluto-prod-yutengl-dev-202-3-0:2318751:2318751 [0] NCCL INFO Channel 04/24 : 0 1
pluto-prod-yutengl-dev-202-3-0:2318751:2318751 [0] NCCL INFO Channel 05/24 : 0 1
pluto-prod-yutengl-dev-202-3-0:2318751:2318751 [0] NCCL INFO Channel 06/24 : 0 1
pluto-prod-yutengl-dev-202-3-0:2318751:2318751 [0] NCCL INFO Channel 07/24 : 0 1
pluto-prod-yutengl-dev-202-3-0:2318751:2318751 [0] NCCL INFO Channel 08/24 : 0 1
pluto-prod-yutengl-dev-202-3-0:2318751:2318751 [0] NCCL INFO Channel 09/24 : 0 1
pluto-prod-yutengl-dev-202-3-0:2318751:2318751 [0] NCCL INFO Channel 10/24 : 0 1
pluto-prod-yutengl-dev-202-3-0:2318751:2318751 [0] NCCL INFO Channel 11/24 : 0 1
pluto-prod-yutengl-dev-202-3-0:2318751:2318751 [0] NCCL INFO Channel 12/24 : 0 1
pluto-prod-yutengl-dev-202-3-0:2318751:2318751 [0] NCCL INFO Channel 13/24 : 0 1
pluto-prod-yutengl-dev-202-3-0:2318751:2318751 [0] NCCL INFO Channel 14/24 : 0 1
pluto-prod-yutengl-dev-202-3-0:2318751:2318751 [0] NCCL INFO Channel 15/24 : 0 1
pluto-prod-yutengl-dev-202-3-0:2318751:2318751 [0] NCCL INFO Channel 16/24 : 0 1
pluto-prod-yutengl-dev-202-3-0:2318751:2318751 [0] NCCL INFO Channel 17/24 : 0 1
pluto-prod-yutengl-dev-202-3-0:2318751:2318751 [0] NCCL INFO Channel 18/24 : 0 1
pluto-prod-yutengl-dev-202-3-0:2318751:2318751 [0] NCCL INFO Channel 19/24 : 0 1
pluto-prod-yutengl-dev-202-3-0:2318751:2318751 [0] NCCL INFO Channel 20/24 : 0 1
pluto-prod-yutengl-dev-202-3-0:2318751:2318751 [0] NCCL INFO Channel 21/24 : 0 1
pluto-prod-yutengl-dev-202-3-0:2318751:2318751 [0] NCCL INFO Channel 22/24 : 0 1
pluto-prod-yutengl-dev-202-3-0:2318751:2318751 [0] NCCL INFO Channel 23/24 : 0 1
pluto-prod-yutengl-dev-202-3-0:2318751:2318751 [0] NCCL INFO Trees [0] 1/-1/-1->0->-1 [1] 1/-1/-1->0->-1 [2] 1/-1/-1->0->-1 [3] 1/-1/-1->0->-1 [4] 1/-1/-1->0->-1 [5] 1/-1/-1->0->-1 [6] -1/-1/-1->0->1 [7] -1/-1/-1->0[09-15 17:29:16] Found nccl from library libnccl.so.2
[09-15 17:29:16] sglang-diffusion is using nccl==2.29.7
->1 [8] -1/-1/-1->0->1 [9] -1/-1/-1->0->1 [10] -1/-1/-1->0->1 [11] -1/-1/-1->0->1 [12] 1/-1/-1->0->-1 [13] 1/-1/-1->0->-1 [14] 1/-1/-1->0->-1 [15] 1/-1/-1->0->-1 [16] 1/-1/-1->0->-1 [17] 1/-1/-1->0->-1 [18] -1/-1/-1->0->1 [19] -1/-1/-1->0->1 [20] -1/-1/-1->0->1 [21] -1/-1/-1->0->1 [22] -1/-1/-1->0->1 [23] -1/-1/-1->0->1
pluto-prod-yutengl-dev-202-3-0:2318751:2318751 [0] NCCL INFO P2P Chunksize set to 524288
pluto-prod-yutengl-dev-202-3-0:2318751:2318751 [0] NCCL INFO Check P2P Type isAllDirectP2p 1 directMode 0 isAllCudaP2p 1
pluto-prod-yutengl-dev-202-3-0:2318751:2319441 [0] NCCL INFO [Proxy Service] Device 0 CPU core 114
pluto-prod-yutengl-dev-202-3-0:2318751:2319443 [0] NCCL INFO [Proxy Service UDS] Device 0 CPU core 104
pluto-prod-yutengl-dev-202-3-0:2318751:2318751 [0] NCCL INFO NET/OFI Region base Tuner is chosen for platform: p5.48xlarge
pluto-prod-yutengl-dev-202-3-0:2318751:2318751 [0] NCCL INFO NET/OFI Region Tuner init (platform 0): comm with 2 ranks and 1 nodes.
pluto-prod-yutengl-dev-202-3-0:2318751:2318751 [0] NCCL INFO NET/OFI Tuner init: comm with 2 ranks and 1 nodes.
pluto-prod-yutengl-dev-202-3-0:2318751:2318751 [0] NCCL INFO threadThresholds 8/8/64 | 16/8/64 | 512 | 512
pluto-prod-yutengl-dev-202-3-0:2318751:2318751 [0] NCCL INFO 24 coll channels, 24 collnet channels, 16 nvls channels, 32 p2p channels, 32 p2p channels per peer
pluto-prod-yutengl-dev-202-3-0:2318751:2318751 [0] NCCL INFO Symmetric VA size=80GB
pluto-prod-yutengl-dev-202-3-0:2318751:2318751 [0] NCCL INFO CC Off, workFifoBytes 1048576
pluto-prod-yutengl-dev-202-3-0:2318751:2318751 [0] NCCL INFO ncclCommSplit comm 0x562daac21810 rank 0 nranks 2 cudaDev 0 nvmlDev 0 busId 64000 parent 0x562da1321dc0 childCount 16 color 2130503744 key 0 - Init COMPLETE
pluto-prod-yutengl-dev-202-3-0:2318751:2318751 [0] NCCL INFO Init timings - ncclCommSplit: rank 0 nranks 2 total 0.11 (kernels 0.00, alloc 0.00, bootstrap 0.00, allgathers 0.00, topo 0.02, graphs 0.00, connections 0.08, rest 0.01)
pluto-prod-yutengl-dev-202-3-0:2318751:2318751 [0] NCCL INFO Initialized NET plugin Socket
pluto-prod-yutengl-dev-202-3-0:2318751:2318751 [0] NCCL INFO Assigned NET plugin Socket to comm
pluto-prod-yutengl-dev-202-3-0:2318751:2318751 [0] NCCL INFO Failed to initialize any GIN plugin
pluto-prod-yutengl-dev-202-3-0:2318751:2318751 [0] NCCL INFO Using network Socket
pluto-prod-yutengl-dev-202-3-0:2318751:2318751 [0] NCCL INFO [Rank 0] ncclCommInitRank comm 0x562daafc6d50 rank 0 nranks 2 cudaDev 0 nvmlDev 0 busId 64000 commId 0xcc2989db7fd3084c - Init START
pluto-prod-yutengl-dev-202-3-0:2318751:2318751 [0] NCCL INFO Bootstrap timings total 0.000779 (create 0.000053, send 0.000129, recv 0.000283, ring 0.000029, delay 0.000000)
pluto-prod-yutengl-dev-202-3-0:2318751:2318751 [0] NCCL INFO MNNVL busId 0x64000 fabric UUID 0.0 cliqueId 0x0 state 3 healthMask 0x0
pluto-prod-yutengl-dev-202-3-0:2318751:2318751 [0] NCCL INFO ncclTopoGetCpuAffinity: Affinity for GPU 0 is 0-47,96-143. (GPU affinity = 0-47,96-143 ; CPU affinity = 0-47,96-143).
pluto-prod-yutengl-dev-202-3-0:2318751:2318751 [0] NCCL INFO NVLS multicast support is available on dev 0 (NVLS_NCHANNELS 16)
pluto-prod-yutengl-dev-202-3-0:2318751:2318751 [0] NCCL INFO comm 0x562daafc6d50 rank 0 nRanks 2 nNodes 1 localRanks 2 localRank 0 MNNVL 0
pluto-prod-yutengl-dev-202-3-0:2318751:2318751 [0] NCCL INFO Channel 00/24 : 0 1
pluto-prod-yutengl-dev-202-3-0:2318751:2318751 [0] NCCL INFO Channel 01/24 : 0 1
pluto-prod-yutengl-dev-202-3-0:2318751:2318751 [0] NCCL INFO Channel 02/24 : 0 1
pluto-prod-yutengl-dev-202-3-0:2318751:2318751 [0] NCCL INFO Channel 03/24 : 0 1
pluto-prod-yutengl-dev-202-3-0:2318751:2318751 [0] NCCL INFO Channel 04/24 : 0 1
pluto-prod-yutengl-dev-202-3-0:2318751:2318751 [0] NCCL INFO Channel 05/24 : 0 1
pluto-prod-yutengl-dev-202-3-0:2318751:2318751 [0] NCCL INFO Channel 06/24 : 0 1
pluto-prod-yutengl-dev-202-3-0:2318751:2318751 [0] NCCL INFO Channel 07/24 : 0 1
pluto-prod-yutengl-dev-202-3-0:2318751:2318751 [0] NCCL INFO Channel 08/24 : 0 1
pluto-prod-yutengl-dev-202-3-0:2318751:2318751 [0] NCCL INFO ChanNCCL INFO Trees [0] -1/-1/-1->1->0 [1] -1/-1/-1->1->0 [2] -1/-1/-1->1->0 [3] -1/-1/-1->1->0 [4] -1/-1/-1->1->0 [5] -1/-1/-1->1->0 [6] 0/-1/-1->1->-1 [7] 0/-1/-1->1->-1 [8] 0/-1/-1->1->-1 [9] 0/-1/-1->1->-1 [10] 0/-1/-1->1->-1 [11] 0/-1/-1->1->-1 [12] -1/-1/-1->1->0 [13] -1/-1/-1->1->0 [14] -1/-1/-1->1->0 [15] -1/-1/-1->1->0 [16] -1/-1/-1->1->0 [17] -1/-1/-1->1->0 [18] 0/-1/-1->1->-1 [19] 0/-1/-1->1->-1 [20] 0/-1/-1->1->-1 [21] 0/-1/-1->1->-1 [22] 0/-1/-1->1->-1 [23] 0/-1/-1->1->-1
pluto-prod-yutengl-dev-202-3-0:2318752:2318752 [1] NCCL INFO P2P Chunksize set to 524288
pluto-prod-yutengl-dev-202-3-0:2318752:2318752 [1] NCCL INFO Check P2P Type isAllDirectP2p 1 directMode 0 isAllCudaP2p 1
pluto-prod-yutengl-dev-202-3-0:2318752:2319440 [0] NCCL INFO [Proxy Service] Device 1 CPU core 100
pluto-prod-yutengl-dev-202-3-0:2318752:2319442 [0] NCCL INFO [Proxy Service UDS] Device 1 CPU core 139
pluto-prod-yutengl-dev-202-3-0:2318752:2318752 [1] NCCL INFO NET/OFI Region base Tuner is chosen for platform: p5.48xlarge
pluto-prod-yutengl-dev-202-3-0:2318752:2318752 [1] NCCL INFO NET/OFI Region Tuner init (platform 0): comm with 2 ranks and 1 nodes.
pluto-prod-yutengl-dev-202-3-0:2318752:2318752 [1] NCCL INFO NET/OFI Tuner init: comm with 2 ranks and 1 nodes.
pluto-prod-yutengl-dev-202-3-0:2318752:2318752 [1] NCCL INFO threadThresholds 8/8/64 | 16/8/64 | 512 | 512
pluto-prod-yutengl-dev-202-3-0:2318752:2318752 [1] NCCL INFO 24 coll channels, 24 collnet channels, 16 nvls channels, 32 p2p channels, 32 p2p channels per peer
pluto-prod-yutengl-dev-202-3-0:2318752:2318752 [1] NCCL INFO Symmetric VA size=80GB
pluto-prod-yutengl-dev-202-3-0:2318752:2318752 [1] NCCL INFO ncclCommSplit comm 0x558f7b0a1690 rank 1 nranks 2 cudaDev 1 nvmlDev 1 busId 75000 parent 0x558f717a1fa0 childCount 16 color 2130503744 key 1 - Init COMPLETE
pluto-prod-yutengl-dev-202-3-0:2318752:2318752 [1] NCCL INFO Init timings - ncclCommSplit: rank 1 nranks 2 total 0.11 (kernels 0.00, alloc 0.00, bootstrap 0.00, allgathers 0.00, topo 0.02, graphs 0.00, connections 0.08, rest 0.01)
pluto-prod-yutengl-dev-202-3-0:2318752:2318752 [1] NCCL INFO Initialized NET plugin Socket
pluto-prod-yutengl-dev-202-3-0:2318752:2318752 [1] NCCL INFO Assigned NET plugin Socket to comm
pluto-prod-yutengl-dev-202-3-0:2318752:2318752 [1] NCCL INFO Failed to initialize any GIN plugin
pluto-prod-yutengl-dev-202-3-0:2318752:2318752 [1] NCCL INFO Using network Socket
pluto-prod-yutengl-dev-202-3-0:2318752:2318752 [1] NCCL INFO [Rank 1] ncclCommInitRank comm 0x558f7b4466e0 rank 1 nranks 2 cudaDev 1 nvmlDev 1 busId 75000 commId 0xcc2989db7fd3084c - Init START
pluto-prod-yutengl-dev-202-3-0:2318752:2318752 [1] NCCL INFO Bootstrap timings total 0.000688 (create 0.000064, send 0.000092, recv 0.000349, ring 0.000026, delay 0.000000)
pluto-prod-yutengl-dev-202-3-0:2318752:2318752 [1] NCCL INFO MNNVL busId 0x75000 fabric UUID 0.0 cliqueId 0x0 state 3 healthMask 0x0
pluto-prod-yutengl-dev-202-3-0:2318752:2318752 [1] NCCL INFO ncclTopoGetCpuAffinity: Affinity for GPU 1 is 0-47,96-143. (GPU affinity = 0-47,96-143 ; CPU affinity = 0-47,96-143).
pluto-prod-yutengl-dev-202-3-0:2318752:2318752 [1] NCCL INFO NVLS multicast support is available on dev 1 (NVLS_NCHANNELS 16)
pluto-prod-yutengl-dev-202-3-0:2318752:2318752 [1] NCCL INFO comm 0x558f7b4466e0 rank 1 nRanks 2 nNodes 1 localRanks 2 localRank 1 MNNVL 0
pluto-prod-yutengl-dev-202-3-0:2318752:2318752 [1] NCCL INFO Trees [0] -1/-1/-1->1->0 [1] -1/-1/-1->1->0 [2] -1/-1/-1->1->0 [3] -1/-1/-1->1->0 [4] -1/-1/-1->1->0 [5] -1/-1/-1->1->0 [6] 0/-1/-1->1->-1 [7] 0/-1/-1->1->-1 [8] 0/-1/-1->1->-1 [9] 0/-1/-1->1->-1 [10] 0/-1/-1->1->-1 [11] 0/-1/-1->1->-1 [12] -1/-1/-1->1->0 [13] -1/-1/-1->1->0 [14] -1/-1/-1->1->0 [15] -1/-1/-1->1->0 [16] -1/-1/-1->1->0 [17] -1/-1/-1->1->0 [18] 0/-1/-1->1->-1 [19] 0/-1/-1->1->-1 [20] 0/-1/-1->1->-1 [21] 0/-1/-1->1->-1 [22] 0/-1/-1->1->-1 [23] 0/-1/-1->1->-1
pluto-prod-yutengl-dev-202-3-0:2318752:2318752 [1] NCCL INFO P2P Chunksize set to 524288
pluto-prod-yutengl-dev-202-3-0:2318752:2318752 [1] NCCL INFO Check P2P Type isAllDirectP2p 1 dinel 09/24 : 0 1
pluto-prod-yutengl-dev-202-3-0:2318751:2318751 [0] NCCL INFO Channel 10/24 : 0 1
pluto-prod-yutengl-dev-202-3-0:2318751:2318751 [0] NCCL INFO Channel 11/24 : 0 1
pluto-prod-yutengl-dev-202-3-0:2318751:2318751 [0] NCCL INFO Channel 12/24 : 0 1
pluto-prod-yutengl-dev-202-3-0:2318751:2318751 [0] NCCL INFO Channel 13/24 : 0 1
pluto-prod-yutengl-dev-202-3-0:2318751:2318751 [0] NCCL INFO Channel 14/24 : 0 1
pluto-prod-yutengl-dev-202-3-0:2318751:2318751 [0] NCCL INFO Channel 15/24 : 0 1
pluto-prod-yutengl-dev-202-3-0:2318751:2318751 [0] NCCL INFO Channel 16/24 : 0 1
pluto-prod-yutengl-dev-202-3-0:2318751:2318751 [0] NCCL INFO Channel 17/24 : 0 1
pluto-prod-yutengl-dev-202-3-0:2318751:2318751 [0] NCCL INFO Channel 18/24 : 0 1
pluto-prod-yutengl-dev-202-3-0:2318751:2318751 [0] NCCL INFO Channel 19/24 : 0 1
pluto-prod-yutengl-dev-202-3-0:2318751:2318751 [0] NCCL INFO Channel 20/24 : 0 1
pluto-prod-yutengl-dev-202-3-0:2318751:2318751 [0] NCCL INFO Channel 21/24 : 0 1
pluto-prod-yutengl-dev-202-3-0:2318751:2318751 [0] NCCL INFO Channel 22/24 : 0 1
pluto-prod-yutengl-dev-202-3-0:2318751:2318751 [0] NCCL INFO Channel 23/24 : 0 1
pluto-prod-yutengl-dev-202-3-0:2318751:2318751 [0] NCCL INFO Trees [0] 1/-1/-1->0->-1 [1] 1/-1/-1->0->-1 [2] 1/-1/-1->0->-1 [3] 1/-1/-1->0->-1 [4] 1/-1/-1->0->-1 [5] 1/-1/-1->0->-1 [6] -1/-1/-1->0->1 [7] -1/-1/-1->0->1 [8] -1/-1/-1->0->1 [9] -1/-1/-1->0->1 [10] -1/-1/-1->0->1 [11] -1/-1/-1->0->1 [12] 1/-1/-1->0->-1 [13] 1/-1/-1->0->-1 [14] 1/-1/-1->0->-1 [15] 1/-1/-1->0->-1 [16] 1/-1/-1->0->-1 [17] 1/-1/-1->0->-1 [18] -1/-1/-1->0->1 [19] -1/-1/-1->0->1 [20] -1/-1/-1->0->1 [21] -1/-1/-1->0->1 [22] -1/-1/-1->0->1 [23] -1/-1/-1->0->1
pluto-prod-yutengl-dev-202-3-0:2318751:2318751 [0] NCCL INFO P2P Chunksize set to 524288
pluto-prod-yutengl-dev-202-3-0:2318751:2318751 [0] NCCL INFO Check P2P Type isAllDirectP2p 1 directMode 0 isAllCudaP2p 1
pluto-prod-yutengl-dev-202-3-0:2318751:2319451 [0] NCCL INFO [Proxy Service] Device 0 CPU core 113
pluto-prod-yutengl-dev-202-3-0:2318751:2319452 [0] NCCL INFO [Proxy Service UDS] Device 0 CPU core 101
pluto-prod-yutengl-dev-202-3-0:2318751:2318751 [0] NCCL INFO NET/OFI Region base Tuner is chosen for platform: p5.48xlarge
pluto-prod-yutengl-dev-202-3-0:2318751:2318751 [0] NCCL INFO NET/OFI Region Tuner init (platform 0): comm with 2 ranks and 1 nodes.
pluto-prod-yutengl-dev-202-3-0:2318751:2318751 [0] NCCL INFO NET/OFI Tuner init: comm with 2 ranks and 1 nodes.
pluto-prod-yutengl-dev-202-3-0:2318751:2318751 [0] NCCL INFO threadThresholds 8/8/64 | 16/8/64 | 512 | 512
pluto-prod-yutengl-dev-202-3-0:2318751:2318751 [0] NCCL INFO 24 coll channels, 24 collnet channels, 16 nvls channels, 32 p2p channels, 32 p2p channels per peer
pluto-prod-yutengl-dev-202-3-0:2318751:2318751 [0] NCCL INFO Symmetric VA size=80GB
pluto-prod-yutengl-dev-202-3-0:2318751:2318751 [0] NCCL INFO CC Off, workFifoBytes 1048576
pluto-prod-yutengl-dev-202-3-0:2318751:2318751 [0] NCCL INFO ncclCommInitRank comm 0x562daafc6d50 rank 0 nranks 2 cudaDev 0 nvmlDev 0 busId 64000 commId 0xcc2989db7fd3084c - Init COMPLETE
pluto-prod-yutengl-dev-202-3-0:2318751:2318751 [0] NCCL INFO Init timings - ncclCommInitRank: rank 0 nranks 2 total 0.11 (kernels 0.00, alloc 0.00, bootstrap 0.00, allgathers 0.00, topo 0.02, graphs 0.00, connections 0.08, rest 0.01)
pluto-prod-yutengl-dev-202-3-0:2318751:2318751 [0] NCCL INFO Symmetric VA size=80GB
pluto-prod-yutengl-dev-202-3-0:2318751:2318751 [0] NCCL INFO Channel 00/0 : 0[0] -> 1[1] via P2P/CUMEM
pluto-prod-yutengl-dev-202-3-0:2318751:2318751 [0] NCCL INFO Channel 01/0 : 0[0] -> 1[1] via P2P/CUMEM
pluto-prod-yutengl-dev-202-3-0:2318751:2318751 [0] NCCL INFO Channel 02/0 : 0[0] -> 1[1] via P2P/CUMEM
pluto-prod-yutengl-dev-202-3-0:2318751:2318751 [0] NCCL INFO Channel 03/0 : 0[0] -> 1[1] via P2P/CUMEM
pluto-prod-yutengl-dev-202-3-0:2318751:2318751 [0] NCCL INFO Channel 04/0 : 0[0] -> 1[1] via P2P/CUMEM
pluto-prod-yutengl-dev-202-3-0:2318751:2318751 [0] NCCL INFO Channel 05/0 : 0[0] -> 1[1] via P2P/CUMEM
pluto-prod-yutengl-dev-202-3-0:2318751:2318751 [0] NCCL INFO CharectMode 0 isAllCudaP2p 1
pluto-prod-yutengl-dev-202-3-0:2318752:2319453 [0] NCCL INFO [Proxy Service] Device 1 CPU core 128
pluto-prod-yutengl-dev-202-3-0:2318752:2319454 [0] NCCL INFO [Proxy Service UDS] Device 1 CPU core 113
pluto-prod-yutengl-dev-202-3-0:2318752:2318752 [1] NCCL INFO NET/OFI Region base Tuner is chosen for platform: p5.48xlarge
pluto-prod-yutengl-dev-202-3-0:2318752:2318752 [1] NCCL INFO NET/OFI Region Tuner init (platform 0): comm with 2 ranks and 1 nodes.
pluto-prod-yutengl-dev-202-3-0:2318752:2318752 [1] NCCL INFO NET/OFI Tuner init: comm with 2 ranks and 1 nodes.
pluto-prod-yutengl-dev-202-3-0:2318752:2318752 [1] NCCL INFO threadThresholds 8/8/64 | 16/8/64 | 512 | 512
pluto-prod-yutengl-dev-202-3-0:2318752:2318752 [1] NCCL INFO 24 coll channels, 24 collnet channels, 16 nvls channels, 32 p2p channels, 32 p2p channels per peer
pluto-prod-yutengl-dev-202-3-0:2318752:2318752 [1] NCCL INFO Symmetric VA size=80GB
pluto-prod-yutengl-dev-202-3-0:2318752:2318752 [1] NCCL INFO ncclCommInitRank comm 0x558f7b4466e0 rank 1 nranks 2 cudaDev 1 nvmlDev 1 busId 75000 commId 0xcc2989db7fd3084c - Init COMPLETE
pluto-prod-yutengl-dev-202-3-0:2318752:2318752 [1] NCCL INFO Init timings - ncclCommInitRank: rank 1 nranks 2 total 0.11 (kernels 0.00, alloc 0.00, bootstrap 0.00, allgathers 0.00, topo 0.02, graphs 0.00, connections 0.08, rest 0.01)
pluto-prod-yutengl-dev-202-3-0:2318752:2318752 [1] NCCL INFO Symmetric VA size=80GB
pluto-prod-yutengl-dev-202-3-0:2318752:2318752 [1] NCCL INFO Channel 00/0 : 1[1] -> 0[0] via P2P/CUMEM
pluto-prod-yutengl-dev-202-3-0:2318752:2318752 [1] NCCL INFO Channel 01/0 : 1[1] -> 0[0] via P2P/CUMEM
pluto-prod-yutengl-dev-202-3-0:2318752:2318752 [1] NCCL INFO Channel 02/0 : 1[1] -> 0[0] via P2P/CUMEM
pluto-prod-yutengl-dev-202-3-0:2318752:2318752 [1] NCCL INFO Channel 03/0 : 1[1] -> 0[0] via P2P/CUMEM
pluto-prod-yutengl-dev-202-3-0:2318752:2318752 [1] NCCL INFO Channel 04/0 : 1[1] -> 0[0] via P2P/CUMEM
pluto-prod-yutengl-dev-202-3-0:2318752:2318752 [1] NCCL INFO Channel 05/0 : 1[1] -> 0[0] via P2P/CUMEM
pluto-prod-yutengl-dev-202-3-0:2318752:2318752 [1] NCCL INFO Channel 06/0 : 1[1] -> 0[0] via P2P/CUMEM
pluto-prod-yutengl-dev-202-3-0:2318752:2318752 [1] NCCL INFO Channel 07/0 : 1[1] -> 0[0] via P2P/CUMEM
pluto-prod-yutengl-dev-202-3-0:2318752:2318752 [1] NCCL INFO Channel 08/0 : 1[1] -> 0[0] via P2P/CUMEM
pluto-prod-yutengl-dev-202-3-0:2318752:2318752 [1] NCCL INFO Channel 09/0 : 1[1] -> 0[0] via P2P/CUMEM
pluto-prod-yutengl-dev-202-3-0:2318752:2318752 [1] NCCL INFO Channel 10/0 : 1[1] -> 0[0] via P2P/CUMEM
pluto-prod-yutengl-dev-202-3-0:2318752:2318752 [1] NCCL INFO Channel 11/0 : 1[1] -> 0[0] via P2P/CUMEM
pluto-prod-yutengl-dev-202-3-0:2318752:2318752 [1] NCCL INFO Channel 12/0 : 1[1] -> 0[0] via P2P/CUMEM
pluto-prod-yutengl-dev-202-3-0:2318752:2318752 [1] NCCL INFO Channel 13/0 : 1[1] -> 0[0] via P2P/CUMEM
pluto-prod-yutengl-dev-202-3-0:2318752:2318752 [1] NCCL INFO Channel 14/0 : 1[1] -> 0[0] via P2P/CUMEM
pluto-prod-yutengl-dev-202-3-0:2318752:2318752 [1] NCCL INFO Channel 15/0 : 1[1] -> 0[0] via P2P/CUMEM
pluto-prod-yutengl-dev-202-3-0:2318752:2318752 [1] NCCL INFO Channel 16/0 : 1[1] -> 0[0] via P2P/CUMEM
pluto-prod-yutengl-dev-202-3-0:2318752:2318752 [1] NCCL INFO Channel 17/0 : 1[1] -> 0[0] via P2P/CUMEM
pluto-prod-yutengl-dev-202-3-0:2318752:2318752 [1] NCCL INFO Channel 18/0 : 1[1] -> 0[0] via P2P/CUMEM
pluto-prod-yutengl-dev-202-3-0:2318752:2318752 [1] NCCL INFO Channel 19/0 : 1[1] -> 0[0] via P2P/CUMEM
pluto-prod-yutengl-dev-202-3-0:2318752:2318752 [1] NCCL INFO Channel 20/0 : 1[1] -> 0[0] via P2P/CUMEM
pluto-prod-yutengl-dev-202-3-0:2318752:2318752 [1] NCCL INFO Channel 21/0 : 1[1] -> 0[0] via P2P/CUMEM
pluto-prod-yutengl-dev-202-3-0:2318752:2318752 [1] NCCL INFO Channel 22/0 : 1[1] -> 0[0] via P2P/CUMEM
pluto-prod-yutengl-dev-202-3-0:2318752:2318752 [1] NCCL INFO Channel 23/0 : 1[1] -> 0[0] via P2P/CUMEM
pluto-prod-yutengl-dev-202-3-0:2318752:2318752 [1] NCCL INFO Connected all rings, use ring PXN 0 GDR 1
pluto-prod-yutengl-dev-202-3-0:2318752:2318752 [1] NCCL INFO Comm connnel 06/0 : 0[0] -> 1[1] via P2P/CUMEM
pluto-prod-yutengl-dev-202-3-0:2318751:2318751 [0] NCCL INFO Channel 07/0 : 0[0] -> 1[1] via P2P/CUMEM
pluto-prod-yutengl-dev-202-3-0:2318751:2318751 [0] NCCL INFO Channel 08/0 : 0[0] -> 1[1] via P2P/CUMEM
pluto-prod-yutengl-dev-202-3-0:2318751:2318751 [0] NCCL INFO Channel 09/0 : 0[0] -> 1[1] via P2P/CUMEM
pluto-prod-yutengl-dev-202-3-0:2318751:2318751 [0] NCCL INFO Channel 10/0 : 0[0] -> 1[1] via P2P/CUMEM
pluto-prod-yutengl-dev-202-3-0:2318751:2318751 [0] NCCL INFO Channel 11/0 : 0[0] -> 1[1] via P2P/CUMEM
pluto-prod-yutengl-dev-202-3-0:2318751:2318751 [0] NCCL INFO Channel 12/0 : 0[0] -> 1[1] via P2P/CUMEM
pluto-prod-yutengl-dev-202-3-0:2318751:2318751 [0] NCCL INFO Channel 13/0 : 0[0] -> 1[1] via P2P/CUMEM
pluto-prod-yutengl-dev-202-3-0:2318751:2318751 [0] NCCL INFO Channel 14/0 : 0[0] -> 1[1] via P2P/CUMEM
pluto-prod-yutengl-dev-202-3-0:2318751:2318751 [0] NCCL INFO Channel 15/0 : 0[0] -> 1[1] via P2P/CUMEM
pluto-prod-yutengl-dev-202-3-0:2318751:2318751 [0] NCCL INFO Channel 16/0 : 0[0] -> 1[1] via P2P/CUMEM
pluto-prod-yutengl-dev-202-3-0:2318751:2318751 [0] NCCL INFO Channel 17/0 : 0[0] -> 1[1] via P2P/CUMEM
pluto-prod-yutengl-dev-202-3-0:2318751:2318751 [0] NCCL INFO Channel 18/0 : 0[0] -> 1[1] via P2P/CUMEM
pluto-prod-yutengl-dev-202-3-0:2318751:2318751 [0] NCCL INFO Channel 19/0 : 0[0] -> 1[1] via P2P/CUMEM
pluto-prod-yutengl-dev-202-3-0:2318751:2318751 [0] NCCL INFO Channel 20/0 : 0[0] -> 1[1] via P2P/CUMEM
pluto-prod-yutengl-dev-202-3-0:2318751:2318751 [0] NCCL INFO Channel 21/0 : 0[0] -> 1[1] via P2P/CUMEM
pluto-prod-yutengl-dev-202-3-0:2318751:2318751 [0] NCCL INFO Channel 22/0 : 0[0] -> 1[1] via P2P/CUMEM
pluto-prod-yutengl-dev-202-3-0:2318751:2318751 [0] NCCL INFO Channel 23/0 : 0[0] -> 1[1] via P2P/CUMEM
pluto-prod-yutengl-dev-202-3-0:2318751:2318751 [0] NCCL INFO Connected all rings, use ring PXN 0 GDR 1
pluto-prod-yutengl-dev-202-3-0:2318751:2318751 [0] NCCL INFO Comm config Blocking set to 1
pluto-prod-yutengl-dev-202-3-0:2318751:2318751 [0] NCCL INFO Initialized NET plugin Socket
pluto-prod-yutengl-dev-202-3-0:2318751:2318751 [0] NCCL INFO Assigned NET plugin Socket to comm
pluto-prod-yutengl-dev-202-3-0:2318751:2318751 [0] NCCL INFO Failed to initialize any GIN plugin
pluto-prod-yutengl-dev-202-3-0:2318751:2318751 [0] NCCL INFO Using network Socket
pluto-prod-yutengl-dev-202-3-0:2318751:2318751 [0] NCCL INFO ncclCommSplit comm 0x562dab3ce730 rank 0 nranks 2 cudaDev 0 nvmlDev 0 busId 64000 parent 0x562da1321dc0 childCount 17 color 2130503744 key 0- Init START
pluto-prod-yutengl-dev-202-3-0:2318751:2318751 [0] NCCL INFO MNNVL busId 0x64000 fabric UUID 0.0 cliqueId 0x0 state 3 healthMask 0x0
pluto-prod-yutengl-dev-202-3-0:2318751:2318751 [0] NCCL INFO ncclTopoGetCpuAffinity: Affinity for GPU 0 is 0-47,96-143. (GPU affinity = 0-47,96-143 ; CPU affinity = 0-47,96-143).
pluto-prod-yutengl-dev-202-3-0:2318751:2318751 [0] NCCL INFO NVLS multicast support is available on dev 0 (NVLS_NCHANNELS 16)
pluto-prod-yutengl-dev-202-3-0:2318751:2318751 [0] NCCL INFO comm 0x562dab3ce730 rank 0 nRanks 2 nNodes 1 localRanks 2 localRank 0 MNNVL 0
pluto-prod-yutengl-dev-202-3-0:2318751:2318751 [0] NCCL INFO Channel 00/24 : 0 1
pluto-prod-yutengl-dev-202-3-0:2318751:2318751 [0] NCCL INFO Channel 01/24 : 0 1
pluto-prod-yutengl-dev-202-3-0:2318751:2318751 [0] NCCL INFO Channel 02/24 : 0 1
pluto-prod-yutengl-dev-202-3-0:2318751:2318751 [0] NCCL INFO Channel 03/24 : 0 1
pluto-prod-yutengl-dev-202-3-0:2318751:2318751 [0] NCCL INFO Channel 04/24 : 0 1
pluto-prod-yutengl-dev-202-3-0:2318751:2318751 [0] NCCL INFO Channel 05/24 : 0 1
pluto-prod-yutengl-dev-202-3-0:2318751:2318751 [0] NCCL INFO Channel 06/24 : 0 1
pluto-prod-yutengl-dev-202-3-0:2318751:2318751 [0] NCCL INFO Channel 07/24 : 0 1
pluto-prod-yutengl-dev-202-3-0:2318751:2318751 [0] NCCL INFO Channel 08/24 : 0 1
pluto-prod-yutengl-dev-202-3-0:2318751:2318751 [0] NCCL INFO Channel 09/24 : 0 1
pluto-prod-yutengl-dev-202-3-0:2318751:2318751 [0] NCCL INFO Channel 10/24 : 0 1
pluto-prod-yutengl-dev-202-3-0:2318751:2318751 [0] NCCL INFO Cha[09-15 17:29:17] No pipeline_class_name specified, using model_index.json
[93m[09-15 17:29:17] Skipping pipeline module sglang.multimodal_gen.runtime.pipelines.hunyuan3d_pipeline during discovery due to import failure: Duplicate NCCL runtime found in the current system: /home/colligo/sglang-wiki/envs/run/lib/python3.10/site-packages/nvidia/nccl/lib/libnccl.so.2 and /opt/aws-ofi-nccl/install/lib/libnccl-net-ofi.so[0;0m
[93m[09-15 17:29:17] Skipping pipeline module sglang.multimodal_gen.runtime.pipelines.pi05 during discovery due to import failure: Duplicate NCCL runtime found in the current system: /home/colligo/sglang-wiki/envs/run/lib/python3.10/site-packages/nvidia/nccl/lib/libnccl.so.2 and /opt/aws-ofi-nccl/install/lib/libnccl-net-ofi.so[0;0m
Loading required modules:   0%|          | 0/5 [00:00<?, ?it/s][09-15 17:29:17] Diffusers version: 0.37.1
[09-15 17:29:17] Using pipeline from model_index.json: Cosmos3OmniDiffusersPipeline
[09-15 17:29:17] Loading pipeline modules...
[09-15 17:29:17] Model already exists locally and is complete
[09-15 17:29:17] Model path: /mnt/localssd/models/Cosmos3-Super-fe77b66696d645f663b8f27e942b3b43e4629e23
[09-15 17:29:17] Diffusers version: 0.37.1
[09-15 17:29:17] Model already exists locally and is complete
[09-15 17:29:17] Model path: /mnt/localssd/models/Cosmos3-Super-fe77b66696d645f663b8f27e942b3b43e4629e23
[09-15 17:29:17] Diffusers version: 0.37.1
[09-15 17:29:17] Loading pipeline modules from config: {'_class_name': 'Cosmos3OmniDiffusersPipeline', '_diffusers_version': '0.37.1', 'scheduler': ['diffusers', 'UniPCMultistepScheduler'], 'text_tokenizer': ['transformers', 'Qwen2TokenizerFast'], 'transformer': ['diffusers', 'Cosmos3OmniTransformer'], 'vae': ['diffusers', 'AutoencoderKLWan'], 'vision_encoder': ['transformers', 'Qwen3VLVisionModel'], 'sound_tokenizer': ['diffusers', 'Cosmos3AVAEAudioTokenizer']}
[09-15 17:29:17] Loading required components: ['text_tokenizer', 'vae', 'transformer', 'scheduler', 'sound_tokenizer']
[09-15 17:29:17] Memory-aware component load order: ['transformer', 'sound_tokenizer', 'vae', 'text_tokenizer', 'scheduler']
Loading required modules:   0%|          | 0/5 [00:00<?, ?it/s][09-15 17:29:17] Loading transformer from /mnt/localssd/models/Cosmos3-Super-fe77b66696d645f663b8f27e942b3b43e4629e23/transformer. avail mem: 75.07 GB
[09-15 17:29:17] Loading Cosmos3OmniTransformer from 27 safetensors file(s) , param_dtype: torch.bfloat16

Loading safetensors checkpoint shards: 0%|          | 0/27[A
Loading safetensors checkpoint shards: 4%|▎         | 1/27[A
Loading safetensors checkpoint shards: 7%|▋         | 2/27[A
Loading safetensors checkpoint shards: 11%|█         | 3/27[A
Loading safetensors checkpoint shards: 15%|█▍        | 4/27[A
Loading safetensors checkpoint shards: 19%|█▊        | 5/27[A
Loading safetensors checkpoint shards: 22%|██▏       | 6/27[A
Loading safetensors checkpoint shards: 26%|██▌       | 7/27[A
Loading safetensors checkpoint shards: 30%|██▉       | 8/27[A
Loading safetensors checkpoint shards: 33%|███▎      | 9/27[A
Loading safetensors checkpoint shards: 37%|███▋      | 10/27[A
Loading safetensors checkpoint shards: 41%|████      | 11/27[A
Loading safetensors checkpoint shards: 44%|████▍     | 12/27[A
Loading safetensors checkpoint shards: 48%|████▊     | 13/27[A
Loading safetensors checkpoint shards: 52%|█████▏    | 14/27[A
Loading safetensors checkpoint shards: 56%|█████▌    | 15/27[A
Loading safetensors checkpoint shards: 59%|█████▉    | 16/27[A
Loading safetensors checkpoint shards: 63%|██████▎   | 17/27[A
Loading safetensors checkpoint shards: 67%|██████▋   | 18/27[A
Loading safetensors checkpoint shards: 70%|███████   | 19/27[A
Loading safetensors checkpoint shards: 74%|███████▍  | 20/27[A
Loading safetensors checkpoint shards: 78%|███████▊  | 21/27[A
Loading safetensors checkpoint shards: 81%|████████▏ | 22/27[A
Loading safetensors checkpoint shards: 85%|████████▌ | 23/27[A
Loading safetensors checkpoint shards: 89%|████████▉ | 24/27[A
Loading safetensors checkpoint shards: 93%|█████████▎| 25/27[A
Loading safetensors checkpoint shards: 96%|█████████▋| 26/27[ALoading safetensors checkpoint shards: 100%|██████████| 27/27
[09-15 17:29:24] Attention backends for transformer: fa
Loading required modules:  20%|██        | 1/5 [00:06<00:26,  6.66s/it]/home/colligo/sglang-wiki/envs/run/lib/python3.10/site-packages/torch/nn/utils/weight_norm.py:144: FutureWarning: `torch.nn.utils.weight_norm` is deprecated in favor of `torch.nn.utils.parametrizations.weight_norm`.
  WeightNorm.apply(module, name, dim)
[09-15 17:29:24] Loaded transformer: Cosmos3OmniTransformer (sgl-diffusion version). model size: 117.85 GB, host mmap: 41.30 GB, host pageable: 76.55 GB. avail GPU mem: 75.07 GB
Loading required modules:  20%|██        | 1/5 [00:06<00:26,  6.65s/it][09-15 17:29:24] Loading sound_tokenizer from /mnt/localssd/models/Cosmos3-Super-fe77b66696d645f663b8f27e942b3b43e4629e23/sound_tokenizer. avail mem: 75.07 GB
/home/colligo/sglang-wiki/envs/run/lib/python3.10/site-packages/torch/nn/utils/weight_norm.py:144: FutureWarning: `torch.nn.utils.weight_norm` is deprecated in favor of `torch.nn.utils.parametrizations.weight_norm`.
  WeightNorm.apply(module, name, dim)
[09-15 17:29:26] Loaded sound_tokenizer: Cosmos3AVAEAudioTokenizer (sgl-diffusion version). model size: 0.88 GB, vram: 0.88 GB. avail GPU mem: 74.18 GB
Loading required modules:  40%|████      | 2/5 [00:08<00:12,  4.01s/it][09-15 17:29:26] Loading vae from /mnt/localssd/models/Cosmos3-Super-fe77b66696d645f663b8f27e942b3b43e4629e23/vae. avail mem: 74.18 GB
Loading required modules:  40%|████      | 2/5 [00:08<00:12,  4.03s/it][09-15 17:29:26] vae (VAE) stays on its checkpoint mapping: the deployment is 123.52 GiB of weights against 3.48 GiB of host memory, so copies are host memory the streamed components need more.
[09-15 17:29:26] Wan VAE: spatial-parallel decode; skipping fast path.
[09-15 17:29:26] Loaded vae: AutoencoderKLWan (sgl-diffusion version). model size: 1.31 GB, host mmap: 1.31 GB. avail GPU mem: 74.18 GB
[09-15 17:29:26] Loading text_tokenizer from /mnt/localssd/models/Cosmos3-Super-fe77b66696d645f663b8f27e942b3b43e4629e23/text_tokenizer. avail mem: 74.18 GB
Loading required modules:  80%|████████  | 4/5 [00:09<00:01,  1.76s/it]Loading required modules: 100%|██████████| 5/5 [00:09<00:00,  1.93s/it]
[09-15 17:29:27] Loaded text_tokenizer: Qwen2Tokenizer (sgl-diffusion version). model size: NA GB, weights: none. avail GPU mem: 74.18 GB
Loading required modules:  80%|████████  | 4/5 [00:09<00:01,  1.80s/it][09-15 17:29:27] Loading scheduler from /mnt/localssd/models/Cosmos3-Super-fe77b66696d645f663b8f27e942b3b43e4629e23/scheduler. avail mem: 74.18 GB
[09-15 17:29:27] Overriding scheduler class from UniPCMultistepScheduler to FlowUniPCMultistepScheduler
[09-15 17:29:27] Loaded scheduler: FlowUniPCMultistepScheduler (sgl-diffusion version). model size: NA GB, weights: none. avail GPU mem: 74.18 GB
Loading required modules: 100%|██████████| 5/5 [00:09<00:00,  1.96s/it]
[09-15 17:29:27] Creating pipeline stages...
[93m[09-15 17:29:27] Cosmos3 guardrails disabled because cosmos-guardrail is not installed. Install it with: pip install cosmos-guardrail==0.3.1[0;0m
[09-15 17:29:27] Cosmos3 pipeline stages created successfully (guardrails=False)
[09-15 17:29:27] Pipeline instantiated
[09-15 17:29:27] Layerwise offload host memory: 2.9 GiB available (cgroup cap 292.8 GiB, in use 289.9 GiB)
[09-15 17:29:27] Configuring layerwise offload for transformer (Cosmos3OmniTransformer): gen_layers (64 layers), language_model.layers (64 layers)
[09-15 17:29:27] Layerwise offload: transformer.gen_layers pins 0 of 64 layers (0.00 GiB of 0.92 GiB spendable). Of the rest, 0 are copied into pageable host memory and 64 stay on the checkpoint mapping. Pinning every layer would need 58.13 GiB.
[09-15 17:29:33] Layerwise offload: transformer.language_model.layers pins 0 of 64 layers (0.00 GiB of 0.92 GiB spendable). Of the rest, 0 are copied into pageable host memory and 64 stay on the checkpoint mapping. Pinning every layer would need 58.13 GiB.
[09-15 17:29:40] Layerwise offload: gen_layers ships mapped layers through a courier thread with 2 pinned slots, so their device copies overlap compute instead of stalling it.
[09-15 17:29:40] Layerwise offload: language_model.layers ships mapped layers through a courier thread with 2 pinned slots, so their device copies overlap compute instead of stalling it.
[09-15 17:29:40] Layerwise offload ready for transformer (Cosmos3OmniTransformer) in 13.30s: groups=2, layers=128, prefetch/group=1, resident=2/128, policy=leading
[09-15 17:29:40] Configuring layerwise offload for vae (AutoencoderKLWan): encoder.down_blocks (4 layers), decoder.up_blocks (4 layers)
[09-15 17:29:41] Layerwise offload: vae.encoder.down_blocks pins 0 of 4 layers (0.00 GiB of 0.11 GiB spendable). Of the rest, 0 are copied into pageable host memory and 4 stay on the checkpoint mapping. Pinning every layer would need 0.19 GiB.
[09-15 17:29:42] Layerwise offload: encoder.down_blocks ships mapped layers through a courier thread with 2 pinned slots, so their device copies overlap compute instead of stalling it.
[09-15 17:29:42] Layerwise offload ready for vae (AutoencoderKLWan) in 1.46s: groups=2, layers=8, prefetch/group=1, resident=0/8, policy=leading
[09-15 17:29:42] Layerwise offload summary: transformer (vram: 2.77 GB, host mmap: 41.25 GB, host pageable: 75.00 GB), vae (vram: 0.66 GB, host pinned: 0.81 GB, host mmap: 0.19 GB)
[09-15 17:29:42] Worker 0: Initialized device, model, and distributed environment.
[09-15 17:29:42] Worker 0: Scheduler loop started.
[09-15 17:29:42] Stage generation control plane started
[09-15 17:29:42] Scheduler thread for stage generation set cuda device to 0
[09-15 17:29:42] Stage generation started
[09-15 17:29:42] Process generation ready with stages=['generation']
[09-15 17:29:42] Diffusers version: 0.37.1
[09-15 17:29:42] Sequence dimension shard is enabled, disabling frame adjustment for better performance
[09-15 17:29:42] Adjusting number of frames from 1 to 1 based on model
[09-15 17:29:42] Processing 1 grouped request(s)
[09-15 17:29:42] Sampling params:
                       width: 832
                      height: 480
                  num_frames: 1
                         fps: 24
                      prompt: <redacted, len=65>
                  neg_prompt: <redacted, len=0>
                        seed: 0
                 infer_steps: 4
      num_outputs_per_prompt: 1
              guidance_scale: 5.0
     embedded_guidance_scale: 6.0
                    n_tokens: None
                  flow_shift: None
                  image_path: None
                 save_output: True
            output_file_path: /home/colligo/sglang-wiki/repos/sglang-omni/results/cosmos3-super/2gpu/smoke-t2i-layerwise-artifacts/test_super_generation_t2i_0/media/request_c083szuf/9a46aca217fe4f5888e03ba27f1c29fe.png
        
[09-15 17:29:42] Running pipeline stages: ['Cosmos3ImagePreprocessStage', 'Cosmos3TokenizationStage', 'Cosmos3LatentPreparationStage', 'Cosmos3TimestepPreparationStage', 'Cosmos3DenoisingStage', 'Cosmos3DecodingStage']
[09-15 17:29:42] [Cosmos3ImagePreprocessStage] started...
[09-15 17:29:42] [Cosmos3ImagePreprocessStage] finished in 0.0000 seconds
[09-15 17:29:42] [Cosmos3TokenizationStage] started...
[09-15 17:29:42] [Cosmos3TokenizationStage] finished in 0.0197 seconds
[09-15 17:29:42] [Cosmos3LatentPreparationStage] started...
[09-15 17:29:42] [Cosmos3LatentPreparationStage] Prepared latents with shape (1, 48, 1, 30, 52)
[09-15 17:29:42] [Cosmos3LatentPreparationStage] finished in 0.0013 seconds
[09-15 17:29:42] [Cosmos3TimestepPreparationStage] started...
[09-15 17:29:42] [Cosmos3TimestepPreparationStage] Prepared 4 timesteps (flow_shift=3.0)
[09-15 17:29:42] [Cosmos3TimestepPreparationStage] finished in 0.0005 seconds
[09-15 17:29:42] [Cosmos3DenoisingStage] started...
[09-15 17:29:42] [Cosmos3DenoisingStage] CFG parallel enabled: cfg_size=2, cfg_rank=0
[09-15 17:29:42] [Cosmos3DenoisingStage] Starting denoising with 4 steps, CFG=True, CFG_parallel=True, cfg_rank=0
Denoising:   0%|          | 0/4 [00:00<?, ?it/s][09-15 17:29:42] [Cosmos3DenoisingStage] Prompt and negative prompt tokenize to different lengths (24 vs 10); running the CFG branches in separate forwards to keep padding out of the cross-attention
fig Blocking set to 1
pluto-prod-yutengl-dev-202-3-0:2318752:2318752 [1] NCCL INFO Initialized NET plugin Socket
pluto-prod-yutengl-dev-202-3-0:2318752:2318752 [1] NCCL INFO Assigned NET plugin Socket to comm
pluto-prod-yutengl-dev-202-3-0:2318752:2318752 [1] NCCL INFO Failed to initialize any GIN plugin
pluto-prod-yutengl-dev-202-3-0:2318752:2318752 [1] NCCL INFO Using network Socket
pluto-prod-yutengl-dev-202-3-0:2318752:2318752 [1] NCCL INFO ncclCommSplit comm 0x558f7b84e800 rank 1 nranks 2 cudaDev 1 nvmlDev 1 busId 75000 parent 0x558f717a1fa0 childCount 17 color 2130503744 key 1- Init START
pluto-prod-yutengl-dev-202-3-0:2318752:2318752 [1] NCCL INFO MNNVL busId 0x75000 fabric UUID 0.0 cliqueId 0x0 state 3 healthMask 0x0
pluto-prod-yutengl-dev-202-3-0:2318752:2318752 [1] NCCL INFO ncclTopoGetCpuAffinity: Affinity for GPU 1 is 0-47,96-143. (GPU affinity = 0-47,96-143 ; CPU affinity = 0-47,96-143).
pluto-prod-yutengl-dev-202-3-0:2318752:2318752 [1] NCCL INFO NVLS multicast support is available on dev 1 (NVLS_NCHANNELS 16)
pluto-prod-yutengl-dev-202-3-0:2318752:2318752 [1] NCCL INFO comm 0x558f7b84e800 rank 1 nRanks 2 nNodes 1 localRanks 2 localRank 1 MNNVL 0
pluto-prod-yutengl-dev-202-3-0:2318752:2318752 [1] NCCL INFO Trees [0] -1/-1/-1->1->0 [1] -1/-1/-1->1->0 [2] -1/-1/-1->1->0 [3] -1/-1/-1->1->0 [4] -1/-1/-1->1->0 [5] -1/-1/-1->1->0 [6] 0/-1/-1->1->-1 [7] 0/-1/-1->1->-1 [8] 0/-1/-1->1->-1 [9] 0/-1/-1->1->-1 [10] 0/-1/-1->1->-1 [11] 0/-1/-1->1->-1 [12] -1/-1/-1->1->0 [13] -1/-1/-1->1->0 [14] -1/-1/-1->1->0 [15] -1/-1/-1->1->0 [16] -1/-1/-1->1->0 [17] -1/-1/-1->1->0 [18] 0/-1/-1->1->-1 [19] 0/-1/-1->1->-1 [20] 0/-1/-1->1->-1 [21] 0/-1/-1->1->-1 [22] 0/-1/-1->1->-1 [23] 0/-1/-1->1->-1
pluto-prod-yutengl-dev-202-3-0:2318752:2318752 [1] NCCL INFO P2P Chunksize set to 524288
pluto-prod-yutengl-dev-202-3-0:2318752:2318752 [1] NCCL INFO Check P2P Type isAllDirectP2p 1 directMode 0 isAllCudaP2p 1
pluto-prod-yutengl-dev-202-3-0:2318752:2319477 [0] NCCL INFO [Proxy Service] Device 1 CPU core 129
pluto-prod-yutengl-dev-202-3-0:2318752:2319479 [0] NCCL INFO [Proxy Service UDS] Device 1 CPU core 5
pluto-prod-yutengl-dev-202-3-0:2318752:2318752 [1] NCCL INFO NET/OFI Region base Tuner is chosen for platform: p5.48xlarge
pluto-prod-yutengl-dev-202-3-0:2318752:2318752 [1] NCCL INFO NET/OFI Region Tuner init (platform 0): comm with 2 ranks and 1 nodes.
pluto-prod-yutengl-dev-202-3-0:2318752:2318752 [1] NCCL INFO NET/OFI Tuner init: comm with 2 ranks and 1 nodes.
pluto-prod-yutengl-dev-202-3-0:2318752:2318752 [1] NCCL INFO threadThresholds 8/8/64 | 16/8/64 | 512 | 512
pluto-prod-yutengl-dev-202-3-0:2318752:2318752 [1] NCCL INFO 24 coll channels, 24 collnet channels, 16 nvls channels, 32 p2p channels, 32 p2p channels per peer
pluto-prod-yutengl-dev-202-3-0:2318752:2318752 [1] NCCL INFO Symmetric VA size=80GB
pluto-prod-yutengl-dev-202-3-0:2318752:2318752 [1] NCCL INFO ncclCommSplit comm 0x558f7b84e800 rank 1 nranks 2 cudaDev 1 nvmlDev 1 busId 75000 parent 0x558f717a1fa0 childCount 17 color 2130503744 key 1 - Init COMPLETE
pluto-prod-yutengl-dev-202-3-0:2318752:2318752 [1] NCCL INFO Init timings - ncclCommSplit: rank 1 nranks 2 total 0.11 (kernels 0.00, alloc 0.00, bootstrap 0.00, allgathers 0.00, topo 0.02, graphs 0.00, connections 0.08, rest 0.01)
pluto-prod-yutengl-dev-202-3-0:2318752:2318752 [1] NCCL INFO Symmetric VA size=80GB
pluto-prod-yutengl-dev-202-3-0:2318752:2318752 [1] NCCL INFO Channel 00/0 : 1[1] -> 0[0] via P2P/CUMEM
pluto-prod-yutengl-dev-202-3-0:2318752:2318752 [1] NCCL INFO Channel 01/0 : 1[1] -> 0[0] via P2P/CUMEM
pluto-prod-yutengl-dev-202-3-0:2318752:2318752 [1] NCCL INFO Channel 02/0 : 1[1] -> 0[0] via P2P/CUMEM
pluto-prod-yutengl-dev-202-3-0:2318752:2318752 [1] NCCL INFO Channel 03/0 : 1[1] -> 0[0] via P2P/CUMEM
pluto-prod-yutengl-dev-202-3-0:2318752:2318752 [1] NCCL INFO Channel 04/0 : 1[1] -> 0[0] via P2P/CUMEM
pluto-prod-yutengl-dev-202-3-0:2318752:2318752 [1] NCCL INFO Channel 05/0 : 1[1] -> 0[0] via P2P/CUMEM
pluto-prod-yutengl-dev-202-3-0:2318752:2318752 [1] NCCL INFO Channel 06/0 : 1[1] -> 0[0] via P2P/CUMEnnel 11/24 : 0 1
pluto-prod-yutengl-dev-202-3-0:2318751:2318751 [0] NCCL INFO Channel 12/24 : 0 1
pluto-prod-yutengl-dev-202-3-0:2318751:2318751 [0] NCCL INFO Channel 13/24 : 0 1
pluto-prod-yutengl-dev-202-3-0:2318751:2318751 [0] NCCL INFO Channel 14/24 : 0 1
pluto-prod-yutengl-dev-202-3-0:2318751:2318751 [0] NCCL INFO Channel 15/24 : 0 1
pluto-prod-yutengl-dev-202-3-0:2318751:2318751 [0] NCCL INFO Channel 16/24 : 0 1
pluto-prod-yutengl-dev-202-3-0:2318751:2318751 [0] NCCL INFO Channel 17/24 : 0 1
pluto-prod-yutengl-dev-202-3-0:2318751:2318751 [0] NCCL INFO Channel 18/24 : 0 1
pluto-prod-yutengl-dev-202-3-0:2318751:2318751 [0] NCCL INFO Channel 19/24 : 0 1
pluto-prod-yutengl-dev-202-3-0:2318751:2318751 [0] NCCL INFO Channel 20/24 : 0 1
pluto-prod-yutengl-dev-202-3-0:2318751:2318751 [0] NCCL INFO Channel 21/24 : 0 1
pluto-prod-yutengl-dev-202-3-0:2318751:2318751 [0] NCCL INFO Channel 22/24 : 0 1
pluto-prod-yutengl-dev-202-3-0:2318751:2318751 [0] NCCL INFO Channel 23/24 : 0 1
pluto-prod-yutengl-dev-202-3-0:2318751:2318751 [0] NCCL INFO Trees [0] 1/-1/-1->0->-1 [1] 1/-1/-1->0->-1 [2] 1/-1/-1->0->-1 [3] 1/-1/-1->0->-1 [4] 1/-1/-1->0->-1 [5] 1/-1/-1->0->-1 [6] -1/-1/-1->0->1 [7] -1/-1/-1->0->1 [8] -1/-1/-1->0->1 [9] -1/-1/-1->0->1 [10] -1/-1/-1->0->1 [11] -1/-1/-1->0->1 [12] 1/-1/-1->0->-1 [13] 1/-1/-1->0->-1 [14] 1/-1/-1->0->-1 [15] 1/-1/-1->0->-1 [16] 1/-1/-1->0->-1 [17] 1/-1/-1->0->-1 [18] -1/-1/-1->0->1 [19] -1/-1/-1->0->1 [20] -1/-1/-1->0->1 [21] -1/-1/-1->0->1 [22] -1/-1/-1->0->1 [23] -1/-1/-1->0->1
pluto-prod-yutengl-dev-202-3-0:2318751:2318751 [0] NCCL INFO P2P Chunksize set to 524288
pluto-prod-yutengl-dev-202-3-0:2318751:2318751 [0] NCCL INFO Check P2P Type isAllDirectP2p 1 directMode 0 isAllCudaP2p 1
pluto-prod-yutengl-dev-202-3-0:2318751:2319476 [0] NCCL INFO [Proxy Service] Device 0 CPU core 112
pluto-prod-yutengl-dev-202-3-0:2318751:2319478 [0] NCCL INFO [Proxy Service UDS] Device 0 CPU core 129
pluto-prod-yutengl-dev-202-3-0:2318751:2318751 [0] NCCL INFO NET/OFI Region base Tuner is chosen for platform: p5.48xlarge
pluto-prod-yutengl-dev-202-3-0:2318751:2318751 [0] NCCL INFO NET/OFI Region Tuner init (platform 0): comm with 2 ranks and 1 nodes.
pluto-prod-yutengl-dev-202-3-0:2318751:2318751 [0] NCCL INFO NET/OFI Tuner init: comm with 2 ranks and 1 nodes.
pluto-prod-yutengl-dev-202-3-0:2318751:2318751 [0] NCCL INFO threadThresholds 8/8/64 | 16/8/64 | 512 | 512
pluto-prod-yutengl-dev-202-3-0:2318751:2318751 [0] NCCL INFO 24 coll channels, 24 collnet channels, 16 nvls channels, 32 p2p channels, 32 p2p channels per peer
pluto-prod-yutengl-dev-202-3-0:2318751:2318751 [0] NCCL INFO Symmetric VA size=80GB
pluto-prod-yutengl-dev-202-3-0:2318751:2318751 [0] NCCL INFO CC Off, workFifoBytes 1048576
pluto-prod-yutengl-dev-202-3-0:2318751:2318751 [0] NCCL INFO ncclCommSplit comm 0x562dab3ce730 rank 0 nranks 2 cudaDev 0 nvmlDev 0 busId 64000 parent 0x562da1321dc0 childCount 17 color 2130503744 key 0 - Init COMPLETE
pluto-prod-yutengl-dev-202-3-0:2318751:2318751 [0] NCCL INFO Init timings - ncclCommSplit: rank 0 nranks 2 total 0.11 (kernels 0.00, alloc 0.00, bootstrap 0.00, allgathers 0.00, topo 0.02, graphs 0.00, connections 0.08, rest 0.01)
pluto-prod-yutengl-dev-202-3-0:2318751:2318751 [0] NCCL INFO Symmetric VA size=80GB
pluto-prod-yutengl-dev-202-3-0:2318751:2318751 [0] NCCL INFO Channel 00/0 : 0[0] -> 1[1] via P2P/CUMEM
pluto-prod-yutengl-dev-202-3-0:2318751:2318751 [0] NCCL INFO Channel 01/0 : 0[0] -> 1[1] via P2P/CUMEM
pluto-prod-yutengl-dev-202-3-0:2318751:2318751 [0] NCCL INFO Channel 02/0 : 0[0] -> 1[1] via P2P/CUMEM
pluto-prod-yutengl-dev-202-3-0:2318751:2318751 [0] NCCL INFO Channel 03/0 : 0[0] -> 1[1] via P2P/CUMEM
pluto-prod-yutengl-dev-202-3-0:2318751:2318751 [0] NCCL INFO Channel 04/0 : 0[0] -> 1[1] via P2P/CUMEM
pluto-prod-yutengl-dev-202-3-0:2318751:2318751 [0] NCCL INFO Channel 05/0 : 0[0] -> 1[1] via P2P/CUMEM
pluto-prod-yutengl-dev-202-3-0:2318751:2318751 [0] NCCL INFO Channel 06/0 : 0[0] -> 1[1] via P2P/CUMEM
pluto-prod-yutengl-dev-202-3-0:2318751:2318751 [0] NCCL INFO Channel 07/0 : 0[0] -> 1[1] via P2Denoising:  25%|██▌       | 1/4 [00:12<00:37, 12.35s/it]Denoising:  50%|█████     | 2/4 [00:17<00:16,  8.15s/it]Denoising:  75%|███████▌  | 3/4 [00:22<00:06,  6.76s/it]Denoising: 100%|██████████| 4/4 [00:27<00:00,  6.06s/it]Denoising: 100%|██████████| 4/4 [00:27<00:00,  6.91s/it]
[09-15 17:30:10] [Cosmos3DenoisingStage] Denoising complete
[09-15 17:30:10] [Cosmos3DenoisingStage] finished in 27.7769 seconds
[09-15 17:30:10] [Cosmos3DecodingStage] started...
[09-15 17:30:10] [Cosmos3DecodingStage] Decoding latents to image...
[09-15 17:30:10] [Cosmos3DecodingStage] finished in 0.5580 seconds
[09-15 17:30:10] Output saved to [1;36m/home/colligo/sglang-wiki/repos/sglang-omni/results/cosmos3-super/2gpu/smoke-t2i-layerwise-artifacts/test_super_generation_t2i_0/media/request_c083szuf/9a46aca217fe4f5888e03ba27f1c29fe.png[0;0m
[09-15 17:30:10] Pixel data generated successfully in [92m28.45[0;0m seconds
[09-15 17:30:10] Memory usage - Max peak: 9010.00 MB, Avg peak: 9010.00 MB
M
pluto-prod-yutengl-dev-202-3-0:2318752:2318752 [1] NCCL INFO Channel 07/0 : 1[1] -> 0[0] via P2P/CUMEM
pluto-prod-yutengl-dev-202-3-0:2318752:2318752 [1] NCCL INFO Channel 08/0 : 1[1] -> 0[0] via P2P/CUMEM
pluto-prod-yutengl-dev-202-3-0:2318752:2318752 [1] NCCL INFO Channel 09/0 : 1[1] -> 0[0] via P2P/CUMEM
pluto-prod-yutengl-dev-202-3-0:2318752:2318752 [1] NCCL INFO Channel 10/0 : 1[1] -> 0[0] via P2P/CUMEM
pluto-prod-yutengl-dev-202-3-0:2318752:2318752 [1] NCCL INFO Channel 11/0 : 1[1] -> 0[0] via P2P/CUMEM
pluto-prod-yutengl-dev-202-3-0:2318752:2318752 [1] NCCL INFO Channel 12/0 : 1[1] -> 0[0] via P2P/CUMEM
pluto-prod-yutengl-dev-202-3-0:2318752:2318752 [1] NCCL INFO Channel 13/0 : 1[1] -> 0[0] via P2P/CUMEM
pluto-prod-yutengl-dev-202-3-0:2318752:2318752 [1] NCCL INFO Channel 14/0 : 1[1] -> 0[0] via P2P/CUMEM
pluto-prod-yutengl-dev-202-3-0:2318752:2318752 [1] NCCL INFO Channel 15/0 : 1[1] -> 0[0] via P2P/CUMEM
pluto-prod-yutengl-dev-202-3-0:2318752:2318752 [1] NCCL INFO Channel 16/0 : 1[1] -> 0[0] via P2P/CUMEM
pluto-prod-yutengl-dev-202-3-0:2318752:2318752 [1] NCCL INFO Channel 17/0 : 1[1] -> 0[0] via P2P/CUMEM
pluto-prod-yutengl-dev-202-3-0:2318752:2318752 [1] NCCL INFO Channel 18/0 : 1[1] -> 0[0] via P2P/CUMEM
pluto-prod-yutengl-dev-202-3-0:2318752:2318752 [1] NCCL INFO Channel 19/0 : 1[1] -> 0[0] via P2P/CUMEM
pluto-prod-yutengl-dev-202-3-0:2318752:2318752 [1] NCCL INFO Channel 20/0 : 1[1] -> 0[0] via P2P/CUMEM
pluto-prod-yutengl-dev-202-3-0:2318752:2318752 [1] NCCL INFO Channel 21/0 : 1[1] -> 0[0] via P2P/CUMEM
pluto-prod-yutengl-dev-202-3-0:2318752:2318752 [1] NCCL INFO Channel 22/0 : 1[1] -> 0[0] via P2P/CUMEM
pluto-prod-yutengl-dev-202-3-0:2318752:2318752 [1] NCCL INFO Channel 23/0 : 1[1] -> 0[0] via P2P/CUMEM
pluto-prod-yutengl-dev-202-3-0:2318752:2318752 [1] NCCL INFO Connected all rings, use ring PXN 0 GDR 1
pluto-prod-yutengl-dev-202-3-0:2318752:2318752 [1] NCCL INFO comm 0x558f7a8d7a80 rank 1 nranks 2 cudaDev 1 busId 75000 - Destroy COMPLETE
pluto-prod-yutengl-dev-202-3-0:2318752:2318752 [1] NCCL INFO comm 0x558f7b84e800 rank 1 nranks 2 cudaDev 1 busId 75000 - Destroy COMPLETE
pluto-prod-yutengl-dev-202-3-0:2318752:2318752 [1] NCCL INFO comm 0x558f7b0a1690 rank 1 nranks 2 cudaDev 1 busId 75000 - Destroy COMPLETE
pluto-prod-yutengl-dev-202-3-0:2318752:2318752 [1] NCCL INFO comm 0x558f795dbd70 rank 1 nranks 2 cudaDev 1 busId 75000 - Destroy COMPLETE
pluto-prod-yutengl-dev-202-3-0:2318752:2318752 [1] NCCL INFO comm 0x558f717a1fa0 rank 1 nranks 2 cudaDev 1 busId 75000 - Destroy COMPLETE
[09-15 17:30:13] Worker 0: Shutdown complete.
P/CUMEM
pluto-prod-yutengl-dev-202-3-0:2318751:2318751 [0] NCCL INFO Channel 08/0 : 0[0] -> 1[1] via P2P/CUMEM
pluto-prod-yutengl-dev-202-3-0:2318751:2318751 [0] NCCL INFO Channel 09/0 : 0[0] -> 1[1] via P2P/CUMEM
pluto-prod-yutengl-dev-202-3-0:2318751:2318751 [0] NCCL INFO Channel 10/0 : 0[0] -> 1[1] via P2P/CUMEM
pluto-prod-yutengl-dev-202-3-0:2318751:2318751 [0] NCCL INFO Channel 11/0 : 0[0] -> 1[1] via P2P/CUMEM
pluto-prod-yutengl-dev-202-3-0:2318751:2318751 [0] NCCL INFO Channel 12/0 : 0[0] -> 1[1] via P2P/CUMEM
pluto-prod-yutengl-dev-202-3-0:2318751:2318751 [0] NCCL INFO Channel 13/0 : 0[0] -> 1[1] via P2P/CUMEM
pluto-prod-yutengl-dev-202-3-0:2318751:2318751 [0] NCCL INFO Channel 14/0 : 0[0] -> 1[1] via P2P/CUMEM
pluto-prod-yutengl-dev-202-3-0:2318751:2318751 [0] NCCL INFO Channel 15/0 : 0[0] -> 1[1] via P2P/CUMEM
pluto-prod-yutengl-dev-202-3-0:2318751:2318751 [0] NCCL INFO Channel 16/0 : 0[0] -> 1[1] via P2P/CUMEM
pluto-prod-yutengl-dev-202-3-0:2318751:2318751 [0] NCCL INFO Channel 17/0 : 0[0] -> 1[1] via P2P/CUMEM
pluto-prod-yutengl-dev-202-3-0:2318751:2318751 [0] NCCL INFO Channel 18/0 : 0[0] -> 1[1] via P2P/CUMEM
pluto-prod-yutengl-dev-202-3-0:2318751:2318751 [0] NCCL INFO Channel 19/0 : 0[0] -> 1[1] via P2P/CUMEM
pluto-prod-yutengl-dev-202-3-0:2318751:2318751 [0] NCCL INFO Channel 20/0 : 0[0] -> 1[1] via P2P/CUMEM
pluto-prod-yutengl-dev-202-3-0:2318751:2318751 [0] NCCL INFO Channel 21/0 : 0[0] -> 1[1] via P2P/CUMEM
pluto-prod-yutengl-dev-202-3-0:2318751:2318751 [0] NCCL INFO Channel 22/0 : 0[0] -> 1[1] via P2P/CUMEM
pluto-prod-yutengl-dev-202-3-0:2318751:2318751 [0] NCCL INFO Channel 23/0 : 0[0] -> 1[1] via P2P/CUMEM
pluto-prod-yutengl-dev-202-3-0:2318751:2318751 [0] NCCL INFO Connected all rings, use ring PXN 0 GDR 1
pluto-prod-yutengl-dev-202-3-0:2318751:2318751 [0] NCCL INFO comm 0x562daa457720 rank 0 nranks 2 cudaDev 0 busId 64000 - Destroy COMPLETE
pluto-prod-yutengl-dev-202-3-0:2318751:2318751 [0] NCCL INFO comm 0x562dab3ce730 rank 0 nranks 2 cudaDev 0 busId 64000 - Destroy COMPLETE
pluto-prod-yutengl-dev-202-3-0:2318751:2318751 [0] NCCL INFO comm 0x562daac21810 rank 0 nranks 2 cudaDev 0 busId 64000 - Destroy COMPLETE
pluto-prod-yutengl-dev-202-3-0:2318751:2318751 [0] NCCL INFO comm 0x562da915c010 rank 0 nranks 2 cudaDev 0 busId 64000 - Destroy COMPLETE
pluto-prod-yutengl-dev-202-3-0:2318751:2318751 [0] NCCL INFO comm 0x562da1321dc0 rank 0 nranks 2 cudaDev 0 busId 64000 - Destroy COMPLETE
pluto-prod-yutengl-dev-202-3-0:2318752:2318752 [1] NCCL INFO ENV/Plugin: Closing env plugin ncclEnvDefault
pluto-prod-yutengl-dev-202-3-0:2318751:2319451 [0] NCCL INFO [Service thread] Connection closed by localRank 1
pluto-prod-yutengl-dev-202-3-0:2318751:2319367 [0] NCCL INFO [Service thread] Connection closed by localRank 1
pluto-prod-yutengl-dev-202-3-0:2318751:2319319 [0] NCCL INFO [Service thread] Connection closed by localRank 1
pluto-prod-yutengl-dev-202-3-0:2318751:2318751 [0] NCCL INFO ENV/Plugin: Closing env plugin ncclEnvDefault
[09-15 17:30:28] Stage generation stopped
PASSED

- generated xml file: /home/colligo/sglang-wiki/repos/sglang-omni/results/cosmos3-super/2gpu/smoke-t2i-layerwise.xml -
============================== slowest durations ===============================
227.54s call     tests/integration/cosmos3/test_super_gpu.py::test_super_generation[t2i]
1.97s setup    tests/integration/cosmos3/test_super_gpu.py::test_super_generation[t2i]
0.00s teardown tests/integration/cosmos3/test_super_gpu.py::test_super_generation[t2i]
======================== 1 passed in 229.53s (0:03:49) =========================
